5001
3
0
2.000000000000000042e-02
2.000000000000000042e-02
2.000000000000000042e-02
2.000000000000000042e-02
2.000000000000000042e-02
2.000000000000000042e-02
2.000000000000000042e-02
2.000000000000000042e-02
2.000000000000000042e-02
2.000000000000000042e-02
2.000000000000000042e-02
2.000000000000000042e-02
2.000000000000000042e-02
2.000000000000000042e-02
2.000000000000000042e-02
2.000000000000000042e-02
2.000000000000000042e-02
2.000000000000000042e-02
2.000000000000000042e-02
2.000000000000000042e-02
2.000000000000000042e-02
2.000000000000000042e-02
2.000000000000000042e-02
2.000000000000000042e-02
2.000000000000000042e-02
2.000000000000000042e-02
2.000000000000000042e-02
2.000000000000000042e-02
2.000000000000000042e-02
2.000000000000000042e-02
2.000000000000000042e-02
2.000000000000000042e-02
2.000000000000000042e-02
2.000000000000000042e-02
2.000000000000000042e-02
2.000000000000000042e-02
2.000000000000000042e-02
2.000000000000000042e-02
2.000000000000000042e-02
2.000000000000000042e-02
2.000000000000000042e-02
2.000000000000000042e-02
2.000000000000000042e-02
2.000000000000000042e-02
2.000000000000000042e-02
2.000000000000000042e-02
2.000000000000000042e-02
2.000000000000000042e-02
2.000000000000000042e-02
2.000000000000000042e-02
2.000000000000000042e-02
2.000000000000000042e-02
2.000000000000000042e-02
2.000000000000000042e-02
2.000000000000000042e-02
2.000000000000000042e-02
2.000000000000000042e-02
2.000000000000000042e-02
2.000000000000000042e-02
2.000000000000000042e-02
2.000000000000000042e-02
2.000000000000000042e-02
2.000000000000000042e-02
2.000000000000000042e-02
2.000000000000000042e-02
2.000000000000000042e-02
2.000000000000000042e-02
2.000000000000000042e-02
2.000000000000000042e-02
2.000000000000000042e-02
2.000000000000000042e-02
2.000000000000000042e-02
2.000000000000000042e-02
2.000000000000000042e-02
2.000000000000000042e-02
2.000000000000000042e-02
2.000000000000000042e-02
2.000000000000000042e-02
2.000000000000000042e-02
2.000000000000000042e-02
2.000000000000000042e-02
2.000000000000000042e-02
2.000000000000000042e-02
2.000000000000000042e-02
2.000000000000000042e-02
2.000000000000000042e-02
2.000000000000000042e-02
2.000000000000000042e-02
2.000000000000000042e-02
2.000000000000000042e-02
2.000000000000000042e-02
2.000000000000000042e-02
2.000000000000000042e-02
2.000000000000000042e-02
2.000000000000000042e-02
2.000000000000000042e-02
2.000000000000000042e-02
2.000000000000000042e-02
2.000000000000000042e-02
2.000000000000000042e-02
2.000000000000000042e-02
2.000000000000000042e-02
2.000000000000000042e-02
2.000000000000000042e-02
2.000000000000000042e-02
2.000000000000000042e-02
2.000000000000000042e-02
2.000000000000000042e-02
2.000000000000000042e-02
2.000000000000000042e-02
2.000000000000000042e-02
2.000000000000000042e-02
2.000000000000000042e-02
2.000000000000000042e-02
2.000000000000000042e-02
2.000000000000000042e-02
2.000000000000000042e-02
2.000000000000000042e-02
2.000000000000000042e-02
2.000000000000000042e-02
2.000000000000000042e-02
2.000000000000000042e-02
2.000000000000000042e-02
2.000000000000000042e-02
2.000000000000000042e-02
2.000000000000000042e-02
2.000000000000000042e-02
2.000000000000000042e-02
2.000000000000000042e-02
2.000000000000000042e-02
2.000000000000000042e-02
2.000000000000000042e-02
2.000000000000000042e-02
2.000000000000000042e-02
2.000000000000000042e-02
2.000000000000000042e-02
2.000000000000000042e-02
2.000000000000000042e-02
2.000000000000000042e-02
2.000000000000000042e-02
2.000000000000000042e-02
2.000000000000000042e-02
2.000000000000000042e-02
2.000000000000000042e-02
2.000000000000000042e-02
2.000000000000000042e-02
2.000000000000000042e-02
2.000000000000000042e-02
2.000000000000000042e-02
2.000000000000000042e-02
2.000000000000000042e-02
2.000000000000000042e-02
2.000000000000000042e-02
2.000000000000000042e-02
2.000000000000000042e-02
2.000000000000000042e-02
2.000000000000000042e-02
2.000000000000000042e-02
2.000000000000000042e-02
2.000000000000000042e-02
2.000000000000000042e-02
2.000000000000000042e-02
2.000000000000000042e-02
2.000000000000000042e-02
2.000000000000000042e-02
2.000000000000000042e-02
2.000000000000000042e-02
2.000000000000000042e-02
2.000000000000000042e-02
2.000000000000000042e-02
2.000000000000000042e-02
2.000000000000000042e-02
2.000000000000000042e-02
2.000000000000000042e-02
2.000000000000000042e-02
2.000000000000000042e-02
2.000000000000000042e-02
2.000000000000000042e-02
2.000000000000000042e-02
2.000000000000000042e-02
2.000000000000000042e-02
2.000000000000000042e-02
2.000000000000000042e-02
2.000000000000000042e-02
2.000000000000000042e-02
2.000000000000000042e-02
2.000000000000000042e-02
2.000000000000000042e-02
2.000000000000000042e-02
2.000000000000000042e-02
2.000000000000000042e-02
2.000000000000000042e-02
2.000000000000000042e-02
2.000000000000000042e-02
2.000000000000000042e-02
2.000000000000000042e-02
2.000000000000000042e-02
2.000000000000000042e-02
2.000000000000000042e-02
2.000000000000000042e-02
2.000000000000000042e-02
2.000000000000000042e-02
2.000000000000000042e-02
2.000000000000000042e-02
2.000000000000000042e-02
2.000000000000000042e-02
2.000000000000000042e-02
2.000000000000000042e-02
2.000000000000000042e-02
2.000000000000000042e-02
2.000000000000000042e-02
2.000000000000000042e-02
2.000000000000000042e-02
2.000000000000000042e-02
2.000000000000000042e-02
2.000000000000000042e-02
2.000000000000000042e-02
2.000000000000000042e-02
2.000000000000000042e-02
2.000000000000000042e-02
2.000000000000000042e-02
2.000000000000000042e-02
2.000000000000000042e-02
2.000000000000000042e-02
2.000000000000000042e-02
2.000000000000000042e-02
2.000000000000000042e-02
2.000000000000000042e-02
2.000000000000000042e-02
2.000000000000000042e-02
2.000000000000000042e-02
2.000000000000000042e-02
2.000000000000000042e-02
2.000000000000000042e-02
2.000000000000000042e-02
2.000000000000000042e-02
2.000000000000000042e-02
2.000000000000000042e-02
2.000000000000000042e-02
2.000000000000000042e-02
2.000000000000000042e-02
2.000000000000000042e-02
2.000000000000000042e-02
2.000000000000000042e-02
2.000000000000000042e-02
2.000000000000000042e-02
2.000000000000000042e-02
2.000000000000000042e-02
2.000000000000000042e-02
2.000000000000000042e-02
2.000000000000000042e-02
2.000000000000000042e-02
2.000000000000000042e-02
2.000000000000000042e-02
2.000000000000000042e-02
2.000000000000000042e-02
2.000000000000000042e-02
2.000000000000000042e-02
2.000000000000000042e-02
2.000000000000000042e-02
2.000000000000000042e-02
2.000000000000000042e-02
2.000000000000000042e-02
2.000000000000000042e-02
2.000000000000000042e-02
2.000000000000000042e-02
2.000000000000000042e-02
2.000000000000000042e-02
2.000000000000000042e-02
2.000000000000000042e-02
2.000000000000000042e-02
2.000000000000000042e-02
2.000000000000000042e-02
2.000000000000000042e-02
2.000000000000000042e-02
2.000000000000000042e-02
2.000000000000000042e-02
2.000000000000000042e-02
2.000000000000000042e-02
2.000000000000000042e-02
2.000000000000000042e-02
2.000000000000000042e-02
2.000000000000000042e-02
2.000000000000000042e-02
2.000000000000000042e-02
2.000000000000000042e-02
2.000000000000000042e-02
2.000000000000000042e-02
2.000000000000000042e-02
2.000000000000000042e-02
2.000000000000000042e-02
2.000000000000000042e-02
2.000000000000000042e-02
2.000000000000000042e-02
2.000000000000000042e-02
2.000000000000000042e-02
2.000000000000000042e-02
2.000000000000000042e-02
2.000000000000000042e-02
2.000000000000000042e-02
2.000000000000000042e-02
2.000000000000000042e-02
2.000000000000000042e-02
2.000000000000000042e-02
2.000000000000000042e-02
2.000000000000000042e-02
2.000000000000000042e-02
2.000000000000000042e-02
2.000000000000000042e-02
2.000000000000000042e-02
2.000000000000000042e-02
2.000000000000000042e-02
2.000000000000000042e-02
2.000000000000000042e-02
2.000000000000000042e-02
2.000000000000000042e-02
2.000000000000000042e-02
2.000000000000000042e-02
2.000000000000000042e-02
2.000000000000000042e-02
2.000000000000000042e-02
2.000000000000000042e-02
2.000000000000000042e-02
2.000000000000000042e-02
2.000000000000000042e-02
2.000000000000000042e-02
2.000000000000000042e-02
2.000000000000000042e-02
2.000000000000000042e-02
2.000000000000000042e-02
2.000000000000000042e-02
2.000000000000000042e-02
2.000000000000000042e-02
2.000000000000000042e-02
2.000000000000000042e-02
2.000000000000000042e-02
2.000000000000000042e-02
2.000000000000000042e-02
2.000000000000000042e-02
2.000000000000000042e-02
2.000000000000000042e-02
2.000000000000000042e-02
2.000000000000000042e-02
2.000000000000000042e-02
2.000000000000000042e-02
2.000000000000000042e-02
2.000000000000000042e-02
2.000000000000000042e-02
2.000000000000000042e-02
2.000000000000000042e-02
2.000000000000000042e-02
2.000000000000000042e-02
2.000000000000000042e-02
2.000000000000000042e-02
2.000000000000000042e-02
2.000000000000000042e-02
2.000000000000000042e-02
2.000000000000000042e-02
2.000000000000000042e-02
2.000000000000000042e-02
2.000000000000000042e-02
2.000000000000000042e-02
2.000000000000000042e-02
2.000000000000000042e-02
2.000000000000000042e-02
2.000000000000000042e-02
2.000000000000000042e-02
2.000000000000000042e-02
2.000000000000000042e-02
2.000000000000000042e-02
2.000000000000000042e-02
2.000000000000000042e-02
2.000000000000000042e-02
2.000000000000000042e-02
2.000000000000000042e-02
2.000000000000000042e-02
2.000000000000000042e-02
2.000000000000000042e-02
2.000000000000000042e-02
2.000000000000000042e-02
2.000000000000000042e-02
2.000000000000000042e-02
2.000000000000000042e-02
2.000000000000000042e-02
2.000000000000000042e-02
2.000000000000000042e-02
2.000000000000000042e-02
2.000000000000000042e-02
2.000000000000000042e-02
2.000000000000000042e-02
2.000000000000000042e-02
2.000000000000000042e-02
2.000000000000000042e-02
2.000000000000000042e-02
2.000000000000000042e-02
2.000000000000000042e-02
2.000000000000000042e-02
2.000000000000000042e-02
2.000000000000000042e-02
2.000000000000000042e-02
2.000000000000000042e-02
2.000000000000000042e-02
2.000000000000000042e-02
2.000000000000000042e-02
2.000000000000000042e-02
2.000000000000000042e-02
2.000000000000000042e-02
2.000000000000000042e-02
2.000000000000000042e-02
2.000000000000000042e-02
2.000000000000000042e-02
2.000000000000000042e-02
2.000000000000000042e-02
2.000000000000000042e-02
2.000000000000000042e-02
2.000000000000000042e-02
2.000000000000000042e-02
2.000000000000000042e-02
2.000000000000000042e-02
2.000000000000000042e-02
2.000000000000000042e-02
2.000000000000000042e-02
2.000000000000000042e-02
2.000000000000000042e-02
2.000000000000000042e-02
2.000000000000000042e-02
2.000000000000000042e-02
2.000000000000000042e-02
2.000000000000000042e-02
2.000000000000000042e-02
2.000000000000000042e-02
2.000000000000000042e-02
2.000000000000000042e-02
2.000000000000000042e-02
2.000000000000000042e-02
2.000000000000000042e-02
2.000000000000000042e-02
2.000000000000000042e-02
2.000000000000000042e-02
2.000000000000000042e-02
2.000000000000000042e-02
2.000000000000000042e-02
2.000000000000000042e-02
2.000000000000000042e-02
2.000000000000000042e-02
2.000000000000000042e-02
2.000000000000000042e-02
2.000000000000000042e-02
2.000000000000000042e-02
2.000000000000000042e-02
2.000000000000000042e-02
2.000000000000000042e-02
2.000000000000000042e-02
2.000000000000000042e-02
2.000000000000000042e-02
2.000000000000000042e-02
2.000000000000000042e-02
2.000000000000000042e-02
2.000000000000000042e-02
2.000000000000000042e-02
2.000000000000000042e-02
2.000000000000000042e-02
2.000000000000000042e-02
2.000000000000000042e-02
2.000000000000000042e-02
2.000000000000000042e-02
2.000000000000000042e-02
2.000000000000000042e-02
2.000000000000000042e-02
2.000000000000000042e-02
2.000000000000000042e-02
2.000000000000000042e-02
2.000000000000000042e-02
2.000000000000000042e-02
2.000000000000000042e-02
2.000000000000000042e-02
2.000000000000000042e-02
2.000000000000000042e-02
2.000000000000000042e-02
2.000000000000000042e-02
2.000000000000000042e-02
2.000000000000000042e-02
2.000000000000000042e-02
2.000000000000000042e-02
2.000000000000000042e-02
2.000000000000000042e-02
2.000000000000000042e-02
2.000000000000000042e-02
2.000000000000000042e-02
2.000000000000000042e-02
2.000000000000000042e-02
2.000000000000000042e-02
2.000000000000000042e-02
2.000000000000000042e-02
2.000000000000000042e-02
2.000000000000000042e-02
2.000000000000000042e-02
2.000000000000000042e-02
2.000000000000000042e-02
2.000000000000000042e-02
2.000000000000000042e-02
2.000000000000000042e-02
2.000000000000000042e-02
2.000000000000000042e-02
2.000000000000000042e-02
2.000000000000000042e-02
2.000000000000000042e-02
2.000000000000000042e-02
2.000000000000000042e-02
2.000000000000000042e-02
2.000000000000000042e-02
2.000000000000000042e-02
2.000000000000000042e-02
2.000000000000000042e-02
2.000000000000000042e-02
2.000000000000000042e-02
2.000000000000000042e-02
2.000000000000000042e-02
2.000000000000000042e-02
2.000000000000000042e-02
2.000000000000000042e-02
2.000000000000000042e-02
2.000000000000000042e-02
2.000000000000000042e-02
2.000000000000000042e-02
2.000000000000000042e-02
2.000000000000000042e-02
2.000000000000000042e-02
2.000000000000000042e-02
2.000000000000000042e-02
2.000000000000000042e-02
2.000000000000000042e-02
2.000000000000000042e-02
2.000000000000000042e-02
2.000000000000000042e-02
2.000000000000000042e-02
2.000000000000000042e-02
2.000000000000000042e-02
2.000000000000000042e-02
2.000000000000000042e-02
2.000000000000000042e-02
2.000000000000000042e-02
2.000000000000000042e-02
2.000000000000000042e-02
2.000000000000000042e-02
2.000000000000000042e-02
2.000000000000000042e-02
2.000000000000000042e-02
2.000000000000000042e-02
2.000000000000000042e-02
2.000000000000000042e-02
2.000000000000000042e-02
2.000000000000000042e-02
2.000000000000000042e-02
2.000000000000000042e-02
2.000000000000000042e-02
2.000000000000000042e-02
2.000000000000000042e-02
2.000000000000000042e-02
2.000000000000000042e-02
2.000000000000000042e-02
2.000000000000000042e-02
2.000000000000000042e-02
2.000000000000000042e-02
2.000000000000000042e-02
2.000000000000000042e-02
2.000000000000000042e-02
2.000000000000000042e-02
2.000000000000000042e-02
2.000000000000000042e-02
2.000000000000000042e-02
2.000000000000000042e-02
2.000000000000000042e-02
2.000000000000000042e-02
2.000000000000000042e-02
2.000000000000000042e-02
2.000000000000000042e-02
2.000000000000000042e-02
2.000000000000000042e-02
2.000000000000000042e-02
2.000000000000000042e-02
2.000000000000000042e-02
2.000000000000000042e-02
2.000000000000000042e-02
2.000000000000000042e-02
2.000000000000000042e-02
2.000000000000000042e-02
2.000000000000000042e-02
2.000000000000000042e-02
2.000000000000000042e-02
2.000000000000000042e-02
2.000000000000000042e-02
2.000000000000000042e-02
2.000000000000000042e-02
2.000000000000000042e-02
2.000000000000000042e-02
2.000000000000000042e-02
2.000000000000000042e-02
2.000000000000000042e-02
2.000000000000000042e-02
2.000000000000000042e-02
2.000000000000000042e-02
2.000000000000000042e-02
2.000000000000000042e-02
2.000000000000000042e-02
2.000000000000000042e-02
2.000000000000000042e-02
2.000000000000000042e-02
2.000000000000000042e-02
2.000000000000000042e-02
2.000000000000000042e-02
2.000000000000000042e-02
2.000000000000000042e-02
2.000000000000000042e-02
2.000000000000000042e-02
2.000000000000000042e-02
2.000000000000000042e-02
2.000000000000000042e-02
2.000000000000000042e-02
2.000000000000000042e-02
2.000000000000000042e-02
2.000000000000000042e-02
2.000000000000000042e-02
2.000000000000000042e-02
2.000000000000000042e-02
2.000000000000000042e-02
2.000000000000000042e-02
2.000000000000000042e-02
2.000000000000000042e-02
2.000000000000000042e-02
2.000000000000000042e-02
2.000000000000000042e-02
2.000000000000000042e-02
2.000000000000000042e-02
2.000000000000000042e-02
2.000000000000000042e-02
2.000000000000000042e-02
2.000000000000000042e-02
2.000000000000000042e-02
2.000000000000000042e-02
2.000000000000000042e-02
2.000000000000000042e-02
2.000000000000000042e-02
2.000000000000000042e-02
2.000000000000000042e-02
2.000000000000000042e-02
2.000000000000000042e-02
2.000000000000000042e-02
2.000000000000000042e-02
2.000000000000000042e-02
2.000000000000000042e-02
2.000000000000000042e-02
2.000000000000000042e-02
2.000000000000000042e-02
2.000000000000000042e-02
2.000000000000000042e-02
2.000000000000000042e-02
2.000000000000000042e-02
2.000000000000000042e-02
2.000000000000000042e-02
2.000000000000000042e-02
2.000000000000000042e-02
2.000000000000000042e-02
2.000000000000000042e-02
2.000000000000000042e-02
2.000000000000000042e-02
2.000000000000000042e-02
2.000000000000000042e-02
2.000000000000000042e-02
2.000000000000000042e-02
2.000000000000000042e-02
2.000000000000000042e-02
2.000000000000000042e-02
2.000000000000000042e-02
2.000000000000000042e-02
2.000000000000000042e-02
2.000000000000000042e-02
2.000000000000000042e-02
2.000000000000000042e-02
2.000000000000000042e-02
2.000000000000000042e-02
2.000000000000000042e-02
2.000000000000000042e-02
2.000000000000000042e-02
2.000000000000000042e-02
2.000000000000000042e-02
2.000000000000000042e-02
2.000000000000000042e-02
2.000000000000000042e-02
2.000000000000000042e-02
2.000000000000000042e-02
2.000000000000000042e-02
2.000000000000000042e-02
2.000000000000000042e-02
2.000000000000000042e-02
2.000000000000000042e-02
2.000000000000000042e-02
2.000000000000000042e-02
2.000000000000000042e-02
2.000000000000000042e-02
2.000000000000000042e-02
2.000000000000000042e-02
2.000000000000000042e-02
2.000000000000000042e-02
2.000000000000000042e-02
2.000000000000000042e-02
2.000000000000000042e-02
2.000000000000000042e-02
2.000000000000000042e-02
2.000000000000000042e-02
2.000000000000000042e-02
2.000000000000000042e-02
2.000000000000000042e-02
2.000000000000000042e-02
2.000000000000000042e-02
2.000000000000000042e-02
2.000000000000000042e-02
2.000000000000000042e-02
2.000000000000000042e-02
2.000000000000000042e-02
2.000000000000000042e-02
2.000000000000000042e-02
2.000000000000000042e-02
2.000000000000000042e-02
2.000000000000000042e-02
2.000000000000000042e-02
2.000000000000000042e-02
2.000000000000000042e-02
2.000000000000000042e-02
2.000000000000000042e-02
2.000000000000000042e-02
2.000000000000000042e-02
2.000000000000000042e-02
2.000000000000000042e-02
2.000000000000000042e-02
2.000000000000000042e-02
2.000000000000000042e-02
2.000000000000000042e-02
2.000000000000000042e-02
2.000000000000000042e-02
2.000000000000000042e-02
2.000000000000000042e-02
2.000000000000000042e-02
2.000000000000000042e-02
2.000000000000000042e-02
2.000000000000000042e-02
2.000000000000000042e-02
2.000000000000000042e-02
2.000000000000000042e-02
2.000000000000000042e-02
2.000000000000000042e-02
2.000000000000000042e-02
2.000000000000000042e-02
2.000000000000000042e-02
2.000000000000000042e-02
2.000000000000000042e-02
2.000000000000000042e-02
2.000000000000000042e-02
2.000000000000000042e-02
2.000000000000000042e-02
2.000000000000000042e-02
2.000000000000000042e-02
2.000000000000000042e-02
2.000000000000000042e-02
2.000000000000000042e-02
2.000000000000000042e-02
2.000000000000000042e-02
2.000000000000000042e-02
2.000000000000000042e-02
2.000000000000000042e-02
2.000000000000000042e-02
2.000000000000000042e-02
2.000000000000000042e-02
2.000000000000000042e-02
2.000000000000000042e-02
2.000000000000000042e-02
2.000000000000000042e-02
2.000000000000000042e-02
2.000000000000000042e-02
2.000000000000000042e-02
2.000000000000000042e-02
2.000000000000000042e-02
2.000000000000000042e-02
2.000000000000000042e-02
2.000000000000000042e-02
2.000000000000000042e-02
2.000000000000000042e-02
2.000000000000000042e-02
2.000000000000000042e-02
2.000000000000000042e-02
2.000000000000000042e-02
2.000000000000000042e-02
2.000000000000000042e-02
2.000000000000000042e-02
2.000000000000000042e-02
2.000000000000000042e-02
2.000000000000000042e-02
2.000000000000000042e-02
2.000000000000000042e-02
2.000000000000000042e-02
2.000000000000000042e-02
2.000000000000000042e-02
2.000000000000000042e-02
2.000000000000000042e-02
2.000000000000000042e-02
2.000000000000000042e-02
2.000000000000000042e-02
2.000000000000000042e-02
2.000000000000000042e-02
2.000000000000000042e-02
2.000000000000000042e-02
2.000000000000000042e-02
2.000000000000000042e-02
2.000000000000000042e-02
2.000000000000000042e-02
2.000000000000000042e-02
2.000000000000000042e-02
2.000000000000000042e-02
2.000000000000000042e-02
2.000000000000000042e-02
2.000000000000000042e-02
2.000000000000000042e-02
2.000000000000000042e-02
2.000000000000000042e-02
2.000000000000000042e-02
2.000000000000000042e-02
2.000000000000000042e-02
2.000000000000000042e-02
2.000000000000000042e-02
2.000000000000000042e-02
2.000000000000000042e-02
2.000000000000000042e-02
2.000000000000000042e-02
2.000000000000000042e-02
2.000000000000000042e-02
2.000000000000000042e-02
2.000000000000000042e-02
2.000000000000000042e-02
2.000000000000000042e-02
2.000000000000000042e-02
2.000000000000000042e-02
2.000000000000000042e-02
2.000000000000000042e-02
2.000000000000000042e-02
2.000000000000000042e-02
2.000000000000000042e-02
2.000000000000000042e-02
2.000000000000000042e-02
2.000000000000000042e-02
2.000000000000000042e-02
2.000000000000000042e-02
2.000000000000000042e-02
2.000000000000000042e-02
2.000000000000000042e-02
2.000000000000000042e-02
2.000000000000000042e-02
2.000000000000000042e-02
2.000000000000000042e-02
2.000000000000000042e-02
2.000000000000000042e-02
2.000000000000000042e-02
2.000000000000000042e-02
2.000000000000000042e-02
2.000000000000000042e-02
2.000000000000000042e-02
2.000000000000000042e-02
2.000000000000000042e-02
2.000000000000000042e-02
2.000000000000000042e-02
2.000000000000000042e-02
2.000000000000000042e-02
2.000000000000000042e-02
2.000000000000000042e-02
2.000000000000000042e-02
2.000000000000000042e-02
2.000000000000000042e-02
2.000000000000000042e-02
2.000000000000000042e-02
2.000000000000000042e-02
2.000000000000000042e-02
2.000000000000000042e-02
2.000000000000000042e-02
2.000000000000000042e-02
2.000000000000000042e-02
2.000000000000000042e-02
2.000000000000000042e-02
2.000000000000000042e-02
2.000000000000000042e-02
2.000000000000000042e-02
2.000000000000000042e-02
2.000000000000000042e-02
2.000000000000000042e-02
2.000000000000000042e-02
2.000000000000000042e-02
2.000000000000000042e-02
2.000000000000000042e-02
2.000000000000000042e-02
2.000000000000000042e-02
2.000000000000000042e-02
2.000000000000000042e-02
2.000000000000000042e-02
2.000000000000000042e-02
2.000000000000000042e-02
2.000000000000000042e-02
2.000000000000000042e-02
2.000000000000000042e-02
2.000000000000000042e-02
2.000000000000000042e-02
2.000000000000000042e-02
2.000000000000000042e-02
2.000000000000000042e-02
2.000000000000000042e-02
2.000000000000000042e-02
2.000000000000000042e-02
2.000000000000000042e-02
2.000000000000000042e-02
2.000000000000000042e-02
2.000000000000000042e-02
2.000000000000000042e-02
2.000000000000000042e-02
2.000000000000000042e-02
2.000000000000000042e-02
2.000000000000000042e-02
2.000000000000000042e-02
2.000000000000000042e-02
2.000000000000000042e-02
2.000000000000000042e-02
2.000000000000000042e-02
2.000000000000000042e-02
2.000000000000000042e-02
2.000000000000000042e-02
2.000000000000000042e-02
2.000000000000000042e-02
2.000000000000000042e-02
2.000000000000000042e-02
2.000000000000000042e-02
2.000000000000000042e-02
2.000000000000000042e-02
2.000000000000000042e-02
2.000000000000000042e-02
2.000000000000000042e-02
2.000000000000000042e-02
2.000000000000000042e-02
2.000000000000000042e-02
2.000000000000000042e-02
2.000000000000000042e-02
2.000000000000000042e-02
2.000000000000000042e-02
2.000000000000000042e-02
2.000000000000000042e-02
2.000000000000000042e-02
2.000000000000000042e-02
2.000000000000000042e-02
2.000000000000000042e-02
2.000000000000000042e-02
2.000000000000000042e-02
2.000000000000000042e-02
2.000000000000000042e-02
2.000000000000000042e-02
2.000000000000000042e-02
2.000000000000000042e-02
2.000000000000000042e-02
2.000000000000000042e-02
2.000000000000000042e-02
2.000000000000000042e-02
2.000000000000000042e-02
2.000000000000000042e-02
2.000000000000000042e-02
2.000000000000000042e-02
2.000000000000000042e-02
2.000000000000000042e-02
2.000000000000000042e-02
2.000000000000000042e-02
2.000000000000000042e-02
2.000000000000000042e-02
2.000000000000000042e-02
2.000000000000000042e-02
2.000000000000000042e-02
2.000000000000000042e-02
2.000000000000000042e-02
2.000000000000000042e-02
2.000000000000000042e-02
2.000000000000000042e-02
2.000000000000000042e-02
2.000000000000000042e-02
2.000000000000000042e-02
2.000000000000000042e-02
2.000000000000000042e-02
2.000000000000000042e-02
2.000000000000000042e-02
2.000000000000000042e-02
2.000000000000000042e-02
2.000000000000000042e-02
2.000000000000000042e-02
2.000000000000000042e-02
2.000000000000000042e-02
2.000000000000000042e-02
2.000000000000000042e-02
2.000000000000000042e-02
2.000000000000000042e-02
2.000000000000000042e-02
2.000000000000000042e-02
2.000000000000000042e-02
2.000000000000000042e-02
2.000000000000000042e-02
2.000000000000000042e-02
2.000000000000000042e-02
2.000000000000000042e-02
2.000000000000000042e-02
2.000000000000000042e-02
2.000000000000000042e-02
2.000000000000000042e-02
2.000000000000000042e-02
2.000000000000000042e-02
2.000000000000000042e-02
2.000000000000000042e-02
2.000000000000000042e-02
2.000000000000000042e-02
2.000000000000000042e-02
2.000000000000000042e-02
2.000000000000000042e-02
2.000000000000000042e-02
2.000000000000000042e-02
2.000000000000000042e-02
2.000000000000000042e-02
2.000000000000000042e-02
2.000000000000000042e-02
2.000000000000000042e-02
2.000000000000000042e-02
2.000000000000000042e-02
2.000000000000000042e-02
2.000000000000000042e-02
2.000000000000000042e-02
2.000000000000000042e-02
2.000000000000000042e-02
2.000000000000000042e-02
2.000000000000000042e-02
2.000000000000000042e-02
2.000000000000000042e-02
2.000000000000000042e-02
2.000000000000000042e-02
2.000000000000000042e-02
2.000000000000000042e-02
2.000000000000000042e-02
2.000000000000000042e-02
2.000000000000000042e-02
2.000000000000000042e-02
2.000000000000000042e-02
2.000000000000000042e-02
2.000000000000000042e-02
2.000000000000000042e-02
2.000000000000000042e-02
2.000000000000000042e-02
2.000000000000000042e-02
2.000000000000000042e-02
2.000000000000000042e-02
2.000000000000000042e-02
2.000000000000000042e-02
2.000000000000000042e-02
2.000000000000000042e-02
2.000000000000000042e-02
2.000000000000000042e-02
2.000000000000000042e-02
2.000000000000000042e-02
2.000000000000000042e-02
2.000000000000000042e-02
2.000000000000000042e-02
2.000000000000000042e-02
2.000000000000000042e-02
2.000000000000000042e-02
2.000000000000000042e-02
2.000000000000000042e-02
2.000000000000000042e-02
2.000000000000000042e-02
2.000000000000000042e-02
2.000000000000000042e-02
2.000000000000000042e-02
2.000000000000000042e-02
2.000000000000000042e-02
2.000000000000000042e-02
2.000000000000000042e-02
2.000000000000000042e-02
2.000000000000000042e-02
2.000000000000000042e-02
2.000000000000000042e-02
2.000000000000000042e-02
2.000000000000000042e-02
2.000000000000000042e-02
2.000000000000000042e-02
2.000000000000000042e-02
2.000000000000000042e-02
2.000000000000000042e-02
2.000000000000000042e-02
2.000000000000000042e-02
2.000000000000000042e-02
2.000000000000000042e-02
2.000000000000000042e-02
2.000000000000000042e-02
2.000000000000000042e-02
2.000000000000000042e-02
2.000000000000000042e-02
2.000000000000000042e-02
2.000000000000000042e-02
2.000000000000000042e-02
2.000000000000000042e-02
2.000000000000000042e-02
2.000000000000000042e-02
2.000000000000000042e-02
2.000000000000000042e-02
2.000000000000000042e-02
2.000000000000000042e-02
2.000000000000000042e-02
2.000000000000000042e-02
2.000000000000000042e-02
2.000000000000000042e-02
2.000000000000000042e-02
2.000000000000000042e-02
2.000000000000000042e-02
2.000000000000000042e-02
2.000000000000000042e-02
2.000000000000000042e-02
2.000000000000000042e-02
2.000000000000000042e-02
2.000000000000000042e-02
2.000000000000000042e-02
2.000000000000000042e-02
2.000000000000000042e-02
2.000000000000000042e-02
2.000000000000000042e-02
2.000000000000000042e-02
2.000000000000000042e-02
2.000000000000000042e-02
2.000000000000000042e-02
2.000000000000000042e-02
2.000000000000000042e-02
2.000000000000000042e-02
2.000000000000000042e-02
2.000000000000000042e-02
2.000000000000000042e-02
2.000000000000000042e-02
2.000000000000000042e-02
2.000000000000000042e-02
2.000000000000000042e-02
2.000000000000000042e-02
2.000000000000000042e-02
2.000000000000000042e-02
2.000000000000000042e-02
2.000000000000000042e-02
2.000000000000000042e-02
2.000000000000000042e-02
2.000000000000000042e-02
2.000000000000000042e-02
2.000000000000000042e-02
2.000000000000000042e-02
2.000000000000000042e-02
2.000000000000000042e-02
2.000000000000000042e-02
2.000000000000000042e-02
2.000000000000000042e-02
2.000000000000000042e-02
2.000000000000000042e-02
2.000000000000000042e-02
2.000000000000000042e-02
2.000000000000000042e-02
2.000000000000000042e-02
2.000000000000000042e-02
2.000000000000000042e-02
2.000000000000000042e-02
2.000000000000000042e-02
2.000000000000000042e-02
2.000000000000000042e-02
2.000000000000000042e-02
2.000000000000000042e-02
2.000000000000000042e-02
2.000000000000000042e-02
2.000000000000000042e-02
2.000000000000000042e-02
2.000000000000000042e-02
2.000000000000000042e-02
2.000000000000000042e-02
2.000000000000000042e-02
2.000000000000000042e-02
2.000000000000000042e-02
2.000000000000000042e-02
2.000000000000000042e-02
2.000000000000000042e-02
2.000000000000000042e-02
2.000000000000000042e-02
2.000000000000000042e-02
2.000000000000000042e-02
2.000000000000000042e-02
2.000000000000000042e-02
2.000000000000000042e-02
2.000000000000000042e-02
2.000000000000000042e-02
2.000000000000000042e-02
2.000000000000000042e-02
2.000000000000000042e-02
2.000000000000000042e-02
2.000000000000000042e-02
2.000000000000000042e-02
2.000000000000000042e-02
2.000000000000000042e-02
2.000000000000000042e-02
2.000000000000000042e-02
2.000000000000000042e-02
2.000000000000000042e-02
2.000000000000000042e-02
2.000000000000000042e-02
2.000000000000000042e-02
2.000000000000000042e-02
2.000000000000000042e-02
2.000000000000000042e-02
2.000000000000000042e-02
2.000000000000000042e-02
2.000000000000000042e-02
2.000000000000000042e-02
2.000000000000000042e-02
2.000000000000000042e-02
2.000000000000000042e-02
2.000000000000000042e-02
2.000000000000000042e-02
2.000000000000000042e-02
2.000000000000000042e-02
2.000000000000000042e-02
2.000000000000000042e-02
2.000000000000000042e-02
2.000000000000000042e-02
2.000000000000000042e-02
2.000000000000000042e-02
2.000000000000000042e-02
2.000000000000000042e-02
2.000000000000000042e-02
2.000000000000000042e-02
2.000000000000000042e-02
2.000000000000000042e-02
2.000000000000000042e-02
2.000000000000000042e-02
2.000000000000000042e-02
2.000000000000000042e-02
2.000000000000000042e-02
2.000000000000000042e-02
2.000000000000000042e-02
2.000000000000000042e-02
2.000000000000000042e-02
2.000000000000000042e-02
2.000000000000000042e-02
2.000000000000000042e-02
2.000000000000000042e-02
2.000000000000000042e-02
2.000000000000000042e-02
2.000000000000000042e-02
2.000000000000000042e-02
2.000000000000000042e-02
2.000000000000000042e-02
2.000000000000000042e-02
2.000000000000000042e-02
2.000000000000000042e-02
2.000000000000000042e-02
2.000000000000000042e-02
2.000000000000000042e-02
2.000000000000000042e-02
2.000000000000000042e-02
2.000000000000000042e-02
2.000000000000000042e-02
2.000000000000000042e-02
2.000000000000000042e-02
2.000000000000000042e-02
2.000000000000000042e-02
2.000000000000000042e-02
2.000000000000000042e-02
2.000000000000000042e-02
2.000000000000000042e-02
2.000000000000000042e-02
2.000000000000000042e-02
2.000000000000000042e-02
2.000000000000000042e-02
2.000000000000000042e-02
2.000000000000000042e-02
2.000000000000000042e-02
2.000000000000000042e-02
2.000000000000000042e-02
2.000000000000000042e-02
2.000000000000000042e-02
2.000000000000000042e-02
2.000000000000000042e-02
2.000000000000000042e-02
2.000000000000000042e-02
2.000000000000000042e-02
2.000000000000000042e-02
2.000000000000000042e-02
2.000000000000000042e-02
2.000000000000000042e-02
2.000000000000000042e-02
2.000000000000000042e-02
2.000000000000000042e-02
2.000000000000000042e-02
2.000000000000000042e-02
2.000000000000000042e-02
2.000000000000000042e-02
2.000000000000000042e-02
2.000000000000000042e-02
2.000000000000000042e-02
2.000000000000000042e-02
2.000000000000000042e-02
2.000000000000000042e-02
2.000000000000000042e-02
2.000000000000000042e-02
2.000000000000000042e-02
2.000000000000000042e-02
2.000000000000000042e-02
2.000000000000000042e-02
2.000000000000000042e-02
2.000000000000000042e-02
2.000000000000000042e-02
2.000000000000000042e-02
2.000000000000000042e-02
2.000000000000000042e-02
2.000000000000000042e-02
2.000000000000000042e-02
2.000000000000000042e-02
2.000000000000000042e-02
2.000000000000000042e-02
2.000000000000000042e-02
2.000000000000000042e-02
2.000000000000000042e-02
2.000000000000000042e-02
2.000000000000000042e-02
2.000000000000000042e-02
2.000000000000000042e-02
2.000000000000000042e-02
2.000000000000000042e-02
2.000000000000000042e-02
2.000000000000000042e-02
2.000000000000000042e-02
2.000000000000000042e-02
2.000000000000000042e-02
2.000000000000000042e-02
2.000000000000000042e-02
2.000000000000000042e-02
2.000000000000000042e-02
2.000000000000000042e-02
2.000000000000000042e-02
2.000000000000000042e-02
2.000000000000000042e-02
2.000000000000000042e-02
2.000000000000000042e-02
2.000000000000000042e-02
2.000000000000000042e-02
2.000000000000000042e-02
2.000000000000000042e-02
2.000000000000000042e-02
2.000000000000000042e-02
2.000000000000000042e-02
2.000000000000000042e-02
2.000000000000000042e-02
2.000000000000000042e-02
2.000000000000000042e-02
2.000000000000000042e-02
2.000000000000000042e-02
2.000000000000000042e-02
2.000000000000000042e-02
2.000000000000000042e-02
2.000000000000000042e-02
2.000000000000000042e-02
2.000000000000000042e-02
2.000000000000000042e-02
2.000000000000000042e-02
2.000000000000000042e-02
2.000000000000000042e-02
2.000000000000000042e-02
2.000000000000000042e-02
2.000000000000000042e-02
2.000000000000000042e-02
2.000000000000000042e-02
2.000000000000000042e-02
2.000000000000000042e-02
2.000000000000000042e-02
2.000000000000000042e-02
2.000000000000000042e-02
2.000000000000000042e-02
2.000000000000000042e-02
2.000000000000000042e-02
2.000000000000000042e-02
2.000000000000000042e-02
2.000000000000000042e-02
2.000000000000000042e-02
2.000000000000000042e-02
2.000000000000000042e-02
2.000000000000000042e-02
2.000000000000000042e-02
2.000000000000000042e-02
2.000000000000000042e-02
2.000000000000000042e-02
2.000000000000000042e-02
2.000000000000000042e-02
2.000000000000000042e-02
2.000000000000000042e-02
2.000000000000000042e-02
2.000000000000000042e-02
2.000000000000000042e-02
2.000000000000000042e-02
2.000000000000000042e-02
2.000000000000000042e-02
2.000000000000000042e-02
2.000000000000000042e-02
2.000000000000000042e-02
2.000000000000000042e-02
2.000000000000000042e-02
2.000000000000000042e-02
2.000000000000000042e-02
2.000000000000000042e-02
2.000000000000000042e-02
2.000000000000000042e-02
2.000000000000000042e-02
2.000000000000000042e-02
2.000000000000000042e-02
2.000000000000000042e-02
2.000000000000000042e-02
2.000000000000000042e-02
2.000000000000000042e-02
2.000000000000000042e-02
2.000000000000000042e-02
2.000000000000000042e-02
2.000000000000000042e-02
2.000000000000000042e-02
2.000000000000000042e-02
2.000000000000000042e-02
2.000000000000000042e-02
2.000000000000000042e-02
2.000000000000000042e-02
2.000000000000000042e-02
2.000000000000000042e-02
2.000000000000000042e-02
2.000000000000000042e-02
2.000000000000000042e-02
2.000000000000000042e-02
2.000000000000000042e-02
2.000000000000000042e-02
2.000000000000000042e-02
2.000000000000000042e-02
2.000000000000000042e-02
2.000000000000000042e-02
2.000000000000000042e-02
2.000000000000000042e-02
2.000000000000000042e-02
2.000000000000000042e-02
2.000000000000000042e-02
2.000000000000000042e-02
2.000000000000000042e-02
2.000000000000000042e-02
2.000000000000000042e-02
2.000000000000000042e-02
2.000000000000000042e-02
2.000000000000000042e-02
2.000000000000000042e-02
2.000000000000000042e-02
2.000000000000000042e-02
2.000000000000000042e-02
2.000000000000000042e-02
2.000000000000000042e-02
2.000000000000000042e-02
2.000000000000000042e-02
2.000000000000000042e-02
2.000000000000000042e-02
2.000000000000000042e-02
2.000000000000000042e-02
2.000000000000000042e-02
2.000000000000000042e-02
2.000000000000000042e-02
2.000000000000000042e-02
2.000000000000000042e-02
2.000000000000000042e-02
2.000000000000000042e-02
2.000000000000000042e-02
2.000000000000000042e-02
2.000000000000000042e-02
2.000000000000000042e-02
2.000000000000000042e-02
2.000000000000000042e-02
2.000000000000000042e-02
2.000000000000000042e-02
2.000000000000000042e-02
2.000000000000000042e-02
2.000000000000000042e-02
2.000000000000000042e-02
2.000000000000000042e-02
2.000000000000000042e-02
2.000000000000000042e-02
2.000000000000000042e-02
2.000000000000000042e-02
2.000000000000000042e-02
2.000000000000000042e-02
2.000000000000000042e-02
2.000000000000000042e-02
2.000000000000000042e-02
2.000000000000000042e-02
2.000000000000000042e-02
2.000000000000000042e-02
2.000000000000000042e-02
2.000000000000000042e-02
2.000000000000000042e-02
2.000000000000000042e-02
2.000000000000000042e-02
2.000000000000000042e-02
2.000000000000000042e-02
2.000000000000000042e-02
2.000000000000000042e-02
2.000000000000000042e-02
2.000000000000000042e-02
2.000000000000000042e-02
2.000000000000000042e-02
2.000000000000000042e-02
2.000000000000000042e-02
2.000000000000000042e-02
2.000000000000000042e-02
2.000000000000000042e-02
2.000000000000000042e-02
2.000000000000000042e-02
2.000000000000000042e-02
2.000000000000000042e-02
2.000000000000000042e-02
2.000000000000000042e-02
2.000000000000000042e-02
2.000000000000000042e-02
2.000000000000000042e-02
2.000000000000000042e-02
2.000000000000000042e-02
2.000000000000000042e-02
2.000000000000000042e-02
2.000000000000000042e-02
2.000000000000000042e-02
2.000000000000000042e-02
2.000000000000000042e-02
2.000000000000000042e-02
2.000000000000000042e-02
2.000000000000000042e-02
2.000000000000000042e-02
2.000000000000000042e-02
2.000000000000000042e-02
2.000000000000000042e-02
2.000000000000000042e-02
2.000000000000000042e-02
2.000000000000000042e-02
2.000000000000000042e-02
2.000000000000000042e-02
2.000000000000000042e-02
2.000000000000000042e-02
2.000000000000000042e-02
2.000000000000000042e-02
2.000000000000000042e-02
2.000000000000000042e-02
2.000000000000000042e-02
2.000000000000000042e-02
2.000000000000000042e-02
2.000000000000000042e-02
2.000000000000000042e-02
2.000000000000000042e-02
2.000000000000000042e-02
2.000000000000000042e-02
2.000000000000000042e-02
2.000000000000000042e-02
2.000000000000000042e-02
2.000000000000000042e-02
2.000000000000000042e-02
2.000000000000000042e-02
2.000000000000000042e-02
2.000000000000000042e-02
2.000000000000000042e-02
2.000000000000000042e-02
2.000000000000000042e-02
2.000000000000000042e-02
2.000000000000000042e-02
2.000000000000000042e-02
2.000000000000000042e-02
2.000000000000000042e-02
2.000000000000000042e-02
2.000000000000000042e-02
2.000000000000000042e-02
2.000000000000000042e-02
2.000000000000000042e-02
2.000000000000000042e-02
2.000000000000000042e-02
2.000000000000000042e-02
2.000000000000000042e-02
2.000000000000000042e-02
2.000000000000000042e-02
2.000000000000000042e-02
2.000000000000000042e-02
2.000000000000000042e-02
2.000000000000000042e-02
2.000000000000000042e-02
2.000000000000000042e-02
2.000000000000000042e-02
2.000000000000000042e-02
2.000000000000000042e-02
2.000000000000000042e-02
2.000000000000000042e-02
2.000000000000000042e-02
2.000000000000000042e-02
2.000000000000000042e-02
2.000000000000000042e-02
2.000000000000000042e-02
2.000000000000000042e-02
2.000000000000000042e-02
2.000000000000000042e-02
2.000000000000000042e-02
2.000000000000000042e-02
2.000000000000000042e-02
2.000000000000000042e-02
2.000000000000000042e-02
2.000000000000000042e-02
2.000000000000000042e-02
2.000000000000000042e-02
2.000000000000000042e-02
2.000000000000000042e-02
2.000000000000000042e-02
2.000000000000000042e-02
2.000000000000000042e-02
2.000000000000000042e-02
2.000000000000000042e-02
2.000000000000000042e-02
2.000000000000000042e-02
2.000000000000000042e-02
2.000000000000000042e-02
2.000000000000000042e-02
2.000000000000000042e-02
2.000000000000000042e-02
2.000000000000000042e-02
2.000000000000000042e-02
2.000000000000000042e-02
2.000000000000000042e-02
2.000000000000000042e-02
2.000000000000000042e-02
2.000000000000000042e-02
2.000000000000000042e-02
2.000000000000000042e-02
2.000000000000000042e-02
2.000000000000000042e-02
2.000000000000000042e-02
2.000000000000000042e-02
2.000000000000000042e-02
2.000000000000000042e-02
2.000000000000000042e-02
2.000000000000000042e-02
2.000000000000000042e-02
2.000000000000000042e-02
2.000000000000000042e-02
2.000000000000000042e-02
2.000000000000000042e-02
2.000000000000000042e-02
2.000000000000000042e-02
2.000000000000000042e-02
2.000000000000000042e-02
2.000000000000000042e-02
2.000000000000000042e-02
2.000000000000000042e-02
2.000000000000000042e-02
2.000000000000000042e-02
2.000000000000000042e-02
2.000000000000000042e-02
2.000000000000000042e-02
2.000000000000000042e-02
2.000000000000000042e-02
2.000000000000000042e-02
2.000000000000000042e-02
2.000000000000000042e-02
2.000000000000000042e-02
2.000000000000000042e-02
2.000000000000000042e-02
2.000000000000000042e-02
2.000000000000000042e-02
2.000000000000000042e-02
2.000000000000000042e-02
2.000000000000000042e-02
2.000000000000000042e-02
2.000000000000000042e-02
2.000000000000000042e-02
2.000000000000000042e-02
2.000000000000000042e-02
2.000000000000000042e-02
2.000000000000000042e-02
2.000000000000000042e-02
2.000000000000000042e-02
2.000000000000000042e-02
2.000000000000000042e-02
2.000000000000000042e-02
2.000000000000000042e-02
2.000000000000000042e-02
2.000000000000000042e-02
2.000000000000000042e-02
2.000000000000000042e-02
2.000000000000000042e-02
2.000000000000000042e-02
2.000000000000000042e-02
2.000000000000000042e-02
2.000000000000000042e-02
2.000000000000000042e-02
2.000000000000000042e-02
2.000000000000000042e-02
2.000000000000000042e-02
2.000000000000000042e-02
2.000000000000000042e-02
2.000000000000000042e-02
2.000000000000000042e-02
2.000000000000000042e-02
2.000000000000000042e-02
2.000000000000000042e-02
2.000000000000000042e-02
2.000000000000000042e-02
2.000000000000000042e-02
2.000000000000000042e-02
2.000000000000000042e-02
2.000000000000000042e-02
2.000000000000000042e-02
2.000000000000000042e-02
2.000000000000000042e-02
2.000000000000000042e-02
2.000000000000000042e-02
2.000000000000000042e-02
2.000000000000000042e-02
2.000000000000000042e-02
2.000000000000000042e-02
2.000000000000000042e-02
2.000000000000000042e-02
2.000000000000000042e-02
2.000000000000000042e-02
2.000000000000000042e-02
2.000000000000000042e-02
2.000000000000000042e-02
2.000000000000000042e-02
2.000000000000000042e-02
2.000000000000000042e-02
2.000000000000000042e-02
2.000000000000000042e-02
2.000000000000000042e-02
2.000000000000000042e-02
2.000000000000000042e-02
2.000000000000000042e-02
2.000000000000000042e-02
2.000000000000000042e-02
2.000000000000000042e-02
2.000000000000000042e-02
2.000000000000000042e-02
2.000000000000000042e-02
2.000000000000000042e-02
2.000000000000000042e-02
2.000000000000000042e-02
2.000000000000000042e-02
2.000000000000000042e-02
2.000000000000000042e-02
2.000000000000000042e-02
2.000000000000000042e-02
2.000000000000000042e-02
2.000000000000000042e-02
2.000000000000000042e-02
2.000000000000000042e-02
2.000000000000000042e-02
2.000000000000000042e-02
2.000000000000000042e-02
2.000000000000000042e-02
2.000000000000000042e-02
2.000000000000000042e-02
2.000000000000000042e-02
2.000000000000000042e-02
2.000000000000000042e-02
2.000000000000000042e-02
2.000000000000000042e-02
2.000000000000000042e-02
2.000000000000000042e-02
2.000000000000000042e-02
2.000000000000000042e-02
2.000000000000000042e-02
2.000000000000000042e-02
2.000000000000000042e-02
2.000000000000000042e-02
2.000000000000000042e-02
2.000000000000000042e-02
2.000000000000000042e-02
2.000000000000000042e-02
2.000000000000000042e-02
2.000000000000000042e-02
2.000000000000000042e-02
2.000000000000000042e-02
2.000000000000000042e-02
2.000000000000000042e-02
2.000000000000000042e-02
2.000000000000000042e-02
2.000000000000000042e-02
2.000000000000000042e-02
2.000000000000000042e-02
2.000000000000000042e-02
2.000000000000000042e-02
2.000000000000000042e-02
2.000000000000000042e-02
2.000000000000000042e-02
2.000000000000000042e-02
2.000000000000000042e-02
2.000000000000000042e-02
2.000000000000000042e-02
2.000000000000000042e-02
2.000000000000000042e-02
2.000000000000000042e-02
2.000000000000000042e-02
2.000000000000000042e-02
2.000000000000000042e-02
2.000000000000000042e-02
2.000000000000000042e-02
2.000000000000000042e-02
2.000000000000000042e-02
2.000000000000000042e-02
2.000000000000000042e-02
2.000000000000000042e-02
2.000000000000000042e-02
2.000000000000000042e-02
2.000000000000000042e-02
2.000000000000000042e-02
2.000000000000000042e-02
2.000000000000000042e-02
2.000000000000000042e-02
2.000000000000000042e-02
2.000000000000000042e-02
2.000000000000000042e-02
2.000000000000000042e-02
2.000000000000000042e-02
2.000000000000000042e-02
2.000000000000000042e-02
2.000000000000000042e-02
2.000000000000000042e-02
2.000000000000000042e-02
2.000000000000000042e-02
2.000000000000000042e-02
2.000000000000000042e-02
2.000000000000000042e-02
2.000000000000000042e-02
2.000000000000000042e-02
2.000000000000000042e-02
2.000000000000000042e-02
2.000000000000000042e-02
2.000000000000000042e-02
2.000000000000000042e-02
2.000000000000000042e-02
2.000000000000000042e-02
2.000000000000000042e-02
2.000000000000000042e-02
2.000000000000000042e-02
2.000000000000000042e-02
2.000000000000000042e-02
2.000000000000000042e-02
2.000000000000000042e-02
2.000000000000000042e-02
2.000000000000000042e-02
2.000000000000000042e-02
2.000000000000000042e-02
2.000000000000000042e-02
2.000000000000000042e-02
2.000000000000000042e-02
2.000000000000000042e-02
2.000000000000000042e-02
2.000000000000000042e-02
2.000000000000000042e-02
2.000000000000000042e-02
2.000000000000000042e-02
2.000000000000000042e-02
2.000000000000000042e-02
2.000000000000000042e-02
2.000000000000000042e-02
2.000000000000000042e-02
2.000000000000000042e-02
2.000000000000000042e-02
2.000000000000000042e-02
2.000000000000000042e-02
2.000000000000000042e-02
2.000000000000000042e-02
2.000000000000000042e-02
2.000000000000000042e-02
2.000000000000000042e-02
2.000000000000000042e-02
2.000000000000000042e-02
2.000000000000000042e-02
2.000000000000000042e-02
2.000000000000000042e-02
2.000000000000000042e-02
2.000000000000000042e-02
2.000000000000000042e-02
2.000000000000000042e-02
2.000000000000000042e-02
2.000000000000000042e-02
2.000000000000000042e-02
2.000000000000000042e-02
2.000000000000000042e-02
2.000000000000000042e-02
2.000000000000000042e-02
2.000000000000000042e-02
2.000000000000000042e-02
2.000000000000000042e-02
2.000000000000000042e-02
2.000000000000000042e-02
2.000000000000000042e-02
2.000000000000000042e-02
2.000000000000000042e-02
2.000000000000000042e-02
2.000000000000000042e-02
2.000000000000000042e-02
2.000000000000000042e-02
2.000000000000000042e-02
2.000000000000000042e-02
2.000000000000000042e-02
2.000000000000000042e-02
2.000000000000000042e-02
2.000000000000000042e-02
2.000000000000000042e-02
2.000000000000000042e-02
2.000000000000000042e-02
2.000000000000000042e-02
2.000000000000000042e-02
2.000000000000000042e-02
2.000000000000000042e-02
2.000000000000000042e-02
2.000000000000000042e-02
2.000000000000000042e-02
2.000000000000000042e-02
2.000000000000000042e-02
2.000000000000000042e-02
2.000000000000000042e-02
2.000000000000000042e-02
2.000000000000000042e-02
2.000000000000000042e-02
2.000000000000000042e-02
2.000000000000000042e-02
2.000000000000000042e-02
2.000000000000000042e-02
2.000000000000000042e-02
2.000000000000000042e-02
2.000000000000000042e-02
2.000000000000000042e-02
2.000000000000000042e-02
2.000000000000000042e-02
2.000000000000000042e-02
2.000000000000000042e-02
2.000000000000000042e-02
2.000000000000000042e-02
2.000000000000000042e-02
2.000000000000000042e-02
2.000000000000000042e-02
2.000000000000000042e-02
2.000000000000000042e-02
2.000000000000000042e-02
2.000000000000000042e-02
2.000000000000000042e-02
2.000000000000000042e-02
2.000000000000000042e-02
2.000000000000000042e-02
2.000000000000000042e-02
2.000000000000000042e-02
2.000000000000000042e-02
2.000000000000000042e-02
2.000000000000000042e-02
2.000000000000000042e-02
2.000000000000000042e-02
2.000000000000000042e-02
2.000000000000000042e-02
2.000000000000000042e-02
2.000000000000000042e-02
2.000000000000000042e-02
2.000000000000000042e-02
2.000000000000000042e-02
2.000000000000000042e-02
2.000000000000000042e-02
2.000000000000000042e-02
2.000000000000000042e-02
2.000000000000000042e-02
2.000000000000000042e-02
2.000000000000000042e-02
2.000000000000000042e-02
2.000000000000000042e-02
2.000000000000000042e-02
2.000000000000000042e-02
2.000000000000000042e-02
2.000000000000000042e-02
2.000000000000000042e-02
2.000000000000000042e-02
2.000000000000000042e-02
2.000000000000000042e-02
2.000000000000000042e-02
2.000000000000000042e-02
2.000000000000000042e-02
2.000000000000000042e-02
2.000000000000000042e-02
2.000000000000000042e-02
2.000000000000000042e-02
2.000000000000000042e-02
2.000000000000000042e-02
2.000000000000000042e-02
2.000000000000000042e-02
2.000000000000000042e-02
2.000000000000000042e-02
2.000000000000000042e-02
2.000000000000000042e-02
2.000000000000000042e-02
2.000000000000000042e-02
2.000000000000000042e-02
2.000000000000000042e-02
2.000000000000000042e-02
2.000000000000000042e-02
2.000000000000000042e-02
2.000000000000000042e-02
2.000000000000000042e-02
2.000000000000000042e-02
2.000000000000000042e-02
2.000000000000000042e-02
2.000000000000000042e-02
2.000000000000000042e-02
2.000000000000000042e-02
2.000000000000000042e-02
2.000000000000000042e-02
2.000000000000000042e-02
2.000000000000000042e-02
2.000000000000000042e-02
2.000000000000000042e-02
2.000000000000000042e-02
2.000000000000000042e-02
2.000000000000000042e-02
2.000000000000000042e-02
2.000000000000000042e-02
2.000000000000000042e-02
2.000000000000000042e-02
2.000000000000000042e-02
2.000000000000000042e-02
2.000000000000000042e-02
2.000000000000000042e-02
2.000000000000000042e-02
2.000000000000000042e-02
2.000000000000000042e-02
2.000000000000000042e-02
2.000000000000000042e-02
2.000000000000000042e-02
2.000000000000000042e-02
2.000000000000000042e-02
2.000000000000000042e-02
2.000000000000000042e-02
2.000000000000000042e-02
2.000000000000000042e-02
2.000000000000000042e-02
2.000000000000000042e-02
2.000000000000000042e-02
2.000000000000000042e-02
2.000000000000000042e-02
2.000000000000000042e-02
2.000000000000000042e-02
2.000000000000000042e-02
2.000000000000000042e-02
2.000000000000000042e-02
2.000000000000000042e-02
2.000000000000000042e-02
2.000000000000000042e-02
2.000000000000000042e-02
2.000000000000000042e-02
2.000000000000000042e-02
2.000000000000000042e-02
2.000000000000000042e-02
2.000000000000000042e-02
2.000000000000000042e-02
2.000000000000000042e-02
2.000000000000000042e-02
2.000000000000000042e-02
2.000000000000000042e-02
2.000000000000000042e-02
2.000000000000000042e-02
2.000000000000000042e-02
2.000000000000000042e-02
2.000000000000000042e-02
2.000000000000000042e-02
2.000000000000000042e-02
2.000000000000000042e-02
2.000000000000000042e-02
2.000000000000000042e-02
2.000000000000000042e-02
2.000000000000000042e-02
2.000000000000000042e-02
2.000000000000000042e-02
2.000000000000000042e-02
2.000000000000000042e-02
2.000000000000000042e-02
2.000000000000000042e-02
2.000000000000000042e-02
2.000000000000000042e-02
2.000000000000000042e-02
2.000000000000000042e-02
2.000000000000000042e-02
2.000000000000000042e-02
2.000000000000000042e-02
2.000000000000000042e-02
2.000000000000000042e-02
2.000000000000000042e-02
2.000000000000000042e-02
2.000000000000000042e-02
2.000000000000000042e-02
2.000000000000000042e-02
2.000000000000000042e-02
2.000000000000000042e-02
2.000000000000000042e-02
2.000000000000000042e-02
2.000000000000000042e-02
2.000000000000000042e-02
2.000000000000000042e-02
2.000000000000000042e-02
2.000000000000000042e-02
2.000000000000000042e-02
2.000000000000000042e-02
2.000000000000000042e-02
2.000000000000000042e-02
2.000000000000000042e-02
2.000000000000000042e-02
2.000000000000000042e-02
2.000000000000000042e-02
2.000000000000000042e-02
2.000000000000000042e-02
2.000000000000000042e-02
2.000000000000000042e-02
2.000000000000000042e-02
2.000000000000000042e-02
2.000000000000000042e-02
2.000000000000000042e-02
2.000000000000000042e-02
2.000000000000000042e-02
2.000000000000000042e-02
2.000000000000000042e-02
2.000000000000000042e-02
2.000000000000000042e-02
2.000000000000000042e-02
2.000000000000000042e-02
2.000000000000000042e-02
2.000000000000000042e-02
2.000000000000000042e-02
2.000000000000000042e-02
2.000000000000000042e-02
2.000000000000000042e-02
2.000000000000000042e-02
2.000000000000000042e-02
2.000000000000000042e-02
2.000000000000000042e-02
2.000000000000000042e-02
2.000000000000000042e-02
2.000000000000000042e-02
2.000000000000000042e-02
2.000000000000000042e-02
2.000000000000000042e-02
2.000000000000000042e-02
2.000000000000000042e-02
2.000000000000000042e-02
2.000000000000000042e-02
2.000000000000000042e-02
2.000000000000000042e-02
2.000000000000000042e-02
2.000000000000000042e-02
2.000000000000000042e-02
2.000000000000000042e-02
2.000000000000000042e-02
2.000000000000000042e-02
2.000000000000000042e-02
2.000000000000000042e-02
2.000000000000000042e-02
2.000000000000000042e-02
2.000000000000000042e-02
2.000000000000000042e-02
2.000000000000000042e-02
2.000000000000000042e-02
2.000000000000000042e-02
2.000000000000000042e-02
2.000000000000000042e-02
2.000000000000000042e-02
2.000000000000000042e-02
2.000000000000000042e-02
2.000000000000000042e-02
2.000000000000000042e-02
2.000000000000000042e-02
2.000000000000000042e-02
2.000000000000000042e-02
2.000000000000000042e-02
2.000000000000000042e-02
2.000000000000000042e-02
2.000000000000000042e-02
2.000000000000000042e-02
2.000000000000000042e-02
2.000000000000000042e-02
2.000000000000000042e-02
2.000000000000000042e-02
2.000000000000000042e-02
2.000000000000000042e-02
2.000000000000000042e-02
2.000000000000000042e-02
2.000000000000000042e-02
2.000000000000000042e-02
2.000000000000000042e-02
2.000000000000000042e-02
2.000000000000000042e-02
2.000000000000000042e-02
2.000000000000000042e-02
2.000000000000000042e-02
2.000000000000000042e-02
2.000000000000000042e-02
2.000000000000000042e-02
2.000000000000000042e-02
2.000000000000000042e-02
2.000000000000000042e-02
2.000000000000000042e-02
2.000000000000000042e-02
2.000000000000000042e-02
2.000000000000000042e-02
2.000000000000000042e-02
2.000000000000000042e-02
2.000000000000000042e-02
2.000000000000000042e-02
2.000000000000000042e-02
2.000000000000000042e-02
2.000000000000000042e-02
2.000000000000000042e-02
2.000000000000000042e-02
2.000000000000000042e-02
2.000000000000000042e-02
2.000000000000000042e-02
2.000000000000000042e-02
2.000000000000000042e-02
2.000000000000000042e-02
2.000000000000000042e-02
2.000000000000000042e-02
2.000000000000000042e-02
2.000000000000000042e-02
2.000000000000000042e-02
2.000000000000000042e-02
2.000000000000000042e-02
2.000000000000000042e-02
2.000000000000000042e-02
2.000000000000000042e-02
2.000000000000000042e-02
2.000000000000000042e-02
2.000000000000000042e-02
2.000000000000000042e-02
2.000000000000000042e-02
2.000000000000000042e-02
2.000000000000000042e-02
2.000000000000000042e-02
2.000000000000000042e-02
2.000000000000000042e-02
2.000000000000000042e-02
2.000000000000000042e-02
2.000000000000000042e-02
2.000000000000000042e-02
2.000000000000000042e-02
2.000000000000000042e-02
2.000000000000000042e-02
2.000000000000000042e-02
2.000000000000000042e-02
2.000000000000000042e-02
2.000000000000000042e-02
2.000000000000000042e-02
2.000000000000000042e-02
2.000000000000000042e-02
2.000000000000000042e-02
2.000000000000000042e-02
2.000000000000000042e-02
2.000000000000000042e-02
2.000000000000000042e-02
2.000000000000000042e-02
2.000000000000000042e-02
2.000000000000000042e-02
2.000000000000000042e-02
2.000000000000000042e-02
2.000000000000000042e-02
2.000000000000000042e-02
2.000000000000000042e-02
2.000000000000000042e-02
2.000000000000000042e-02
2.000000000000000042e-02
2.000000000000000042e-02
2.000000000000000042e-02
2.000000000000000042e-02
2.000000000000000042e-02
2.000000000000000042e-02
2.000000000000000042e-02
2.000000000000000042e-02
2.000000000000000042e-02
2.000000000000000042e-02
2.000000000000000042e-02
2.000000000000000042e-02
2.000000000000000042e-02
2.000000000000000042e-02
2.000000000000000042e-02
2.000000000000000042e-02
2.000000000000000042e-02
2.000000000000000042e-02
2.000000000000000042e-02
2.000000000000000042e-02
2.000000000000000042e-02
2.000000000000000042e-02
2.000000000000000042e-02
2.000000000000000042e-02
2.000000000000000042e-02
2.000000000000000042e-02
2.000000000000000042e-02
2.000000000000000042e-02
2.000000000000000042e-02
2.000000000000000042e-02
2.000000000000000042e-02
2.000000000000000042e-02
2.000000000000000042e-02
2.000000000000000042e-02
2.000000000000000042e-02
2.000000000000000042e-02
2.000000000000000042e-02
2.000000000000000042e-02
2.000000000000000042e-02
2.000000000000000042e-02
2.000000000000000042e-02
2.000000000000000042e-02
2.000000000000000042e-02
2.000000000000000042e-02
2.000000000000000042e-02
2.000000000000000042e-02
2.000000000000000042e-02
2.000000000000000042e-02
2.000000000000000042e-02
2.000000000000000042e-02
2.000000000000000042e-02
2.000000000000000042e-02
2.000000000000000042e-02
2.000000000000000042e-02
2.000000000000000042e-02
2.000000000000000042e-02
2.000000000000000042e-02
2.000000000000000042e-02
2.000000000000000042e-02
2.000000000000000042e-02
2.000000000000000042e-02
2.000000000000000042e-02
2.000000000000000042e-02
2.000000000000000042e-02
2.000000000000000042e-02
2.000000000000000042e-02
2.000000000000000042e-02
2.000000000000000042e-02
2.000000000000000042e-02
2.000000000000000042e-02
2.000000000000000042e-02
2.000000000000000042e-02
2.000000000000000042e-02
2.000000000000000042e-02
2.000000000000000042e-02
2.000000000000000042e-02
2.000000000000000042e-02
2.000000000000000042e-02
2.000000000000000042e-02
2.000000000000000042e-02
2.000000000000000042e-02
2.000000000000000042e-02
2.000000000000000042e-02
2.000000000000000042e-02
2.000000000000000042e-02
2.000000000000000042e-02
2.000000000000000042e-02
2.000000000000000042e-02
2.000000000000000042e-02
2.000000000000000042e-02
2.000000000000000042e-02
2.000000000000000042e-02
2.000000000000000042e-02
2.000000000000000042e-02
2.000000000000000042e-02
2.000000000000000042e-02
2.000000000000000042e-02
2.000000000000000042e-02
2.000000000000000042e-02
2.000000000000000042e-02
2.000000000000000042e-02
2.000000000000000042e-02
2.000000000000000042e-02
2.000000000000000042e-02
2.000000000000000042e-02
2.000000000000000042e-02
2.000000000000000042e-02
2.000000000000000042e-02
2.000000000000000042e-02
2.000000000000000042e-02
2.000000000000000042e-02
2.000000000000000042e-02
2.000000000000000042e-02
2.000000000000000042e-02
2.000000000000000042e-02
2.000000000000000042e-02
2.000000000000000042e-02
2.000000000000000042e-02
2.000000000000000042e-02
2.000000000000000042e-02
2.000000000000000042e-02
2.000000000000000042e-02
2.000000000000000042e-02
2.000000000000000042e-02
2.000000000000000042e-02
2.000000000000000042e-02
2.000000000000000042e-02
2.000000000000000042e-02
2.000000000000000042e-02
2.000000000000000042e-02
2.000000000000000042e-02
2.000000000000000042e-02
2.000000000000000042e-02
2.000000000000000042e-02
2.000000000000000042e-02
2.000000000000000042e-02
2.000000000000000042e-02
2.000000000000000042e-02
2.000000000000000042e-02
2.000000000000000042e-02
2.000000000000000042e-02
2.000000000000000042e-02
2.000000000000000042e-02
2.000000000000000042e-02
2.000000000000000042e-02
2.000000000000000042e-02
2.000000000000000042e-02
2.000000000000000042e-02
2.000000000000000042e-02
2.000000000000000042e-02
2.000000000000000042e-02
2.000000000000000042e-02
2.000000000000000042e-02
2.000000000000000042e-02
2.000000000000000042e-02
2.000000000000000042e-02
2.000000000000000042e-02
2.000000000000000042e-02
2.000000000000000042e-02
2.000000000000000042e-02
2.000000000000000042e-02
2.000000000000000042e-02
2.000000000000000042e-02
2.000000000000000042e-02
2.000000000000000042e-02
2.000000000000000042e-02
2.000000000000000042e-02
2.000000000000000042e-02
2.000000000000000042e-02
2.000000000000000042e-02
2.000000000000000042e-02
2.000000000000000042e-02
2.000000000000000042e-02
2.000000000000000042e-02
2.000000000000000042e-02
2.000000000000000042e-02
2.000000000000000042e-02
2.000000000000000042e-02
2.000000000000000042e-02
2.000000000000000042e-02
2.000000000000000042e-02
2.000000000000000042e-02
2.000000000000000042e-02
2.000000000000000042e-02
2.000000000000000042e-02
2.000000000000000042e-02
2.000000000000000042e-02
2.000000000000000042e-02
2.000000000000000042e-02
2.000000000000000042e-02
2.000000000000000042e-02
2.000000000000000042e-02
2.000000000000000042e-02
2.000000000000000042e-02
2.000000000000000042e-02
2.000000000000000042e-02
2.000000000000000042e-02
2.000000000000000042e-02
2.000000000000000042e-02
2.000000000000000042e-02
2.000000000000000042e-02
2.000000000000000042e-02
2.000000000000000042e-02
2.000000000000000042e-02
2.000000000000000042e-02
2.000000000000000042e-02
2.000000000000000042e-02
2.000000000000000042e-02
2.000000000000000042e-02
2.000000000000000042e-02
2.000000000000000042e-02
2.000000000000000042e-02
2.000000000000000042e-02
2.000000000000000042e-02
2.000000000000000042e-02
2.000000000000000042e-02
2.000000000000000042e-02
2.000000000000000042e-02
2.000000000000000042e-02
2.000000000000000042e-02
2.000000000000000042e-02
2.000000000000000042e-02
2.000000000000000042e-02
2.000000000000000042e-02
2.000000000000000042e-02
2.000000000000000042e-02
2.000000000000000042e-02
2.000000000000000042e-02
2.000000000000000042e-02
2.000000000000000042e-02
2.000000000000000042e-02
2.000000000000000042e-02
2.000000000000000042e-02
2.000000000000000042e-02
2.000000000000000042e-02
2.000000000000000042e-02
2.000000000000000042e-02
2.000000000000000042e-02
2.000000000000000042e-02
2.000000000000000042e-02
2.000000000000000042e-02
2.000000000000000042e-02
2.000000000000000042e-02
2.000000000000000042e-02
2.000000000000000042e-02
2.000000000000000042e-02
2.000000000000000042e-02
2.000000000000000042e-02
2.000000000000000042e-02
2.000000000000000042e-02
2.000000000000000042e-02
2.000000000000000042e-02
2.000000000000000042e-02
2.000000000000000042e-02
2.000000000000000042e-02
2.000000000000000042e-02
2.000000000000000042e-02
2.000000000000000042e-02
2.000000000000000042e-02
2.000000000000000042e-02
2.000000000000000042e-02
2.000000000000000042e-02
2.000000000000000042e-02
2.000000000000000042e-02
2.000000000000000042e-02
2.000000000000000042e-02
2.000000000000000042e-02
2.000000000000000042e-02
2.000000000000000042e-02
2.000000000000000042e-02
2.000000000000000042e-02
2.000000000000000042e-02
2.000000000000000042e-02
2.000000000000000042e-02
2.000000000000000042e-02
2.000000000000000042e-02
2.000000000000000042e-02
2.000000000000000042e-02
2.000000000000000042e-02
2.000000000000000042e-02
2.000000000000000042e-02
2.000000000000000042e-02
2.000000000000000042e-02
2.000000000000000042e-02
2.000000000000000042e-02
2.000000000000000042e-02
2.000000000000000042e-02
2.000000000000000042e-02
2.000000000000000042e-02
2.000000000000000042e-02
2.000000000000000042e-02
2.000000000000000042e-02
2.000000000000000042e-02
2.000000000000000042e-02
2.000000000000000042e-02
2.000000000000000042e-02
2.000000000000000042e-02
2.000000000000000042e-02
2.000000000000000042e-02
2.000000000000000042e-02
2.000000000000000042e-02
2.000000000000000042e-02
2.000000000000000042e-02
2.000000000000000042e-02
2.000000000000000042e-02
2.000000000000000042e-02
2.000000000000000042e-02
2.000000000000000042e-02
2.000000000000000042e-02
2.000000000000000042e-02
2.000000000000000042e-02
2.000000000000000042e-02
2.000000000000000042e-02
2.000000000000000042e-02
2.000000000000000042e-02
2.000000000000000042e-02
2.000000000000000042e-02
2.000000000000000042e-02
2.000000000000000042e-02
2.000000000000000042e-02
2.000000000000000042e-02
2.000000000000000042e-02
2.000000000000000042e-02
2.000000000000000042e-02
2.000000000000000042e-02
2.000000000000000042e-02
2.000000000000000042e-02
2.000000000000000042e-02
2.000000000000000042e-02
2.000000000000000042e-02
2.000000000000000042e-02
2.000000000000000042e-02
2.000000000000000042e-02
2.000000000000000042e-02
2.000000000000000042e-02
2.000000000000000042e-02
2.000000000000000042e-02
2.000000000000000042e-02
2.000000000000000042e-02
2.000000000000000042e-02
2.000000000000000042e-02
2.000000000000000042e-02
2.000000000000000042e-02
2.000000000000000042e-02
2.000000000000000042e-02
2.000000000000000042e-02
2.000000000000000042e-02
2.000000000000000042e-02
2.000000000000000042e-02
2.000000000000000042e-02
2.000000000000000042e-02
2.000000000000000042e-02
2.000000000000000042e-02
2.000000000000000042e-02
2.000000000000000042e-02
2.000000000000000042e-02
2.000000000000000042e-02
2.000000000000000042e-02
2.000000000000000042e-02
2.000000000000000042e-02
2.000000000000000042e-02
2.000000000000000042e-02
2.000000000000000042e-02
2.000000000000000042e-02
2.000000000000000042e-02
2.000000000000000042e-02
2.000000000000000042e-02
2.000000000000000042e-02
2.000000000000000042e-02
2.000000000000000042e-02
2.000000000000000042e-02
2.000000000000000042e-02
2.000000000000000042e-02
2.000000000000000042e-02
2.000000000000000042e-02
2.000000000000000042e-02
2.000000000000000042e-02
2.000000000000000042e-02
2.000000000000000042e-02
2.000000000000000042e-02
2.000000000000000042e-02
2.000000000000000042e-02
2.000000000000000042e-02
2.000000000000000042e-02
2.000000000000000042e-02
2.000000000000000042e-02
2.000000000000000042e-02
2.000000000000000042e-02
2.000000000000000042e-02
2.000000000000000042e-02
2.000000000000000042e-02
2.000000000000000042e-02
2.000000000000000042e-02
2.000000000000000042e-02
2.000000000000000042e-02
2.000000000000000042e-02
2.000000000000000042e-02
2.000000000000000042e-02
2.000000000000000042e-02
2.000000000000000042e-02
2.000000000000000042e-02
2.000000000000000042e-02
2.000000000000000042e-02
2.000000000000000042e-02
2.000000000000000042e-02
2.000000000000000042e-02
2.000000000000000042e-02
2.000000000000000042e-02
2.000000000000000042e-02
2.000000000000000042e-02
2.000000000000000042e-02
2.000000000000000042e-02
2.000000000000000042e-02
2.000000000000000042e-02
2.000000000000000042e-02
2.000000000000000042e-02
2.000000000000000042e-02
2.000000000000000042e-02
2.000000000000000042e-02
2.000000000000000042e-02
2.000000000000000042e-02
2.000000000000000042e-02
2.000000000000000042e-02
2.000000000000000042e-02
2.000000000000000042e-02
2.000000000000000042e-02
2.000000000000000042e-02
2.000000000000000042e-02
2.000000000000000042e-02
2.000000000000000042e-02
2.000000000000000042e-02
2.000000000000000042e-02
2.000000000000000042e-02
2.000000000000000042e-02
2.000000000000000042e-02
2.000000000000000042e-02
2.000000000000000042e-02
2.000000000000000042e-02
2.000000000000000042e-02
2.000000000000000042e-02
2.000000000000000042e-02
2.000000000000000042e-02
2.000000000000000042e-02
2.000000000000000042e-02
2.000000000000000042e-02
2.000000000000000042e-02
2.000000000000000042e-02
2.000000000000000042e-02
2.000000000000000042e-02
2.000000000000000042e-02
2.000000000000000042e-02
2.000000000000000042e-02
2.000000000000000042e-02
2.000000000000000042e-02
2.000000000000000042e-02
2.000000000000000042e-02
2.000000000000000042e-02
2.000000000000000042e-02
2.000000000000000042e-02
2.000000000000000042e-02
2.000000000000000042e-02
2.000000000000000042e-02
2.000000000000000042e-02
2.000000000000000042e-02
2.000000000000000042e-02
2.000000000000000042e-02
2.000000000000000042e-02
2.000000000000000042e-02
2.000000000000000042e-02
2.000000000000000042e-02
2.000000000000000042e-02
2.000000000000000042e-02
2.000000000000000042e-02
2.000000000000000042e-02
2.000000000000000042e-02
2.000000000000000042e-02
2.000000000000000042e-02
2.000000000000000042e-02
2.000000000000000042e-02
2.000000000000000042e-02
2.000000000000000042e-02
2.000000000000000042e-02
2.000000000000000042e-02
2.000000000000000042e-02
2.000000000000000042e-02
2.000000000000000042e-02
2.000000000000000042e-02
2.000000000000000042e-02
2.000000000000000042e-02
2.000000000000000042e-02
2.000000000000000042e-02
2.000000000000000042e-02
2.000000000000000042e-02
2.000000000000000042e-02
2.000000000000000042e-02
2.000000000000000042e-02
2.000000000000000042e-02
2.000000000000000042e-02
2.000000000000000042e-02
2.000000000000000042e-02
2.000000000000000042e-02
2.000000000000000042e-02
2.000000000000000042e-02
2.000000000000000042e-02
2.000000000000000042e-02
2.000000000000000042e-02
2.000000000000000042e-02
2.000000000000000042e-02
2.000000000000000042e-02
2.000000000000000042e-02
2.000000000000000042e-02
2.000000000000000042e-02
2.000000000000000042e-02
2.000000000000000042e-02
2.000000000000000042e-02
2.000000000000000042e-02
2.000000000000000042e-02
2.000000000000000042e-02
2.000000000000000042e-02
2.000000000000000042e-02
2.000000000000000042e-02
2.000000000000000042e-02
2.000000000000000042e-02
2.000000000000000042e-02
2.000000000000000042e-02
2.000000000000000042e-02
2.000000000000000042e-02
2.000000000000000042e-02
2.000000000000000042e-02
2.000000000000000042e-02
2.000000000000000042e-02
2.000000000000000042e-02
2.000000000000000042e-02
2.000000000000000042e-02
2.000000000000000042e-02
2.000000000000000042e-02
2.000000000000000042e-02
2.000000000000000042e-02
2.000000000000000042e-02
2.000000000000000042e-02
2.000000000000000042e-02
2.000000000000000042e-02
2.000000000000000042e-02
2.000000000000000042e-02
2.000000000000000042e-02
2.000000000000000042e-02
2.000000000000000042e-02
2.000000000000000042e-02
2.000000000000000042e-02
2.000000000000000042e-02
2.000000000000000042e-02
2.000000000000000042e-02
2.000000000000000042e-02
2.000000000000000042e-02
2.000000000000000042e-02
2.000000000000000042e-02
2.000000000000000042e-02
2.000000000000000042e-02
2.000000000000000042e-02
2.000000000000000042e-02
2.000000000000000042e-02
2.000000000000000042e-02
2.000000000000000042e-02
2.000000000000000042e-02
2.000000000000000042e-02
2.000000000000000042e-02
2.000000000000000042e-02
2.000000000000000042e-02
2.000000000000000042e-02
2.000000000000000042e-02
2.000000000000000042e-02
2.000000000000000042e-02
2.000000000000000042e-02
2.000000000000000042e-02
2.000000000000000042e-02
2.000000000000000042e-02
2.000000000000000042e-02
2.000000000000000042e-02
2.000000000000000042e-02
2.000000000000000042e-02
2.000000000000000042e-02
2.000000000000000042e-02
2.000000000000000042e-02
2.000000000000000042e-02
2.000000000000000042e-02
2.000000000000000042e-02
2.000000000000000042e-02
2.000000000000000042e-02
2.000000000000000042e-02
2.000000000000000042e-02
2.000000000000000042e-02
2.000000000000000042e-02
2.000000000000000042e-02
2.000000000000000042e-02
2.000000000000000042e-02
2.000000000000000042e-02
2.000000000000000042e-02
2.000000000000000042e-02
2.000000000000000042e-02
2.000000000000000042e-02
2.000000000000000042e-02
2.000000000000000042e-02
2.000000000000000042e-02
2.000000000000000042e-02
2.000000000000000042e-02
2.000000000000000042e-02
2.000000000000000042e-02
2.000000000000000042e-02
2.000000000000000042e-02
2.000000000000000042e-02
2.000000000000000042e-02
2.000000000000000042e-02
2.000000000000000042e-02
2.000000000000000042e-02
2.000000000000000042e-02
2.000000000000000042e-02
2.000000000000000042e-02
2.000000000000000042e-02
2.000000000000000042e-02
2.000000000000000042e-02
2.000000000000000042e-02
2.000000000000000042e-02
2.000000000000000042e-02
2.000000000000000042e-02
2.000000000000000042e-02
2.000000000000000042e-02
2.000000000000000042e-02
2.000000000000000042e-02
2.000000000000000042e-02
2.000000000000000042e-02
2.000000000000000042e-02
2.000000000000000042e-02
2.000000000000000042e-02
2.000000000000000042e-02
2.000000000000000042e-02
2.000000000000000042e-02
2.000000000000000042e-02
2.000000000000000042e-02
2.000000000000000042e-02
2.000000000000000042e-02
2.000000000000000042e-02
2.000000000000000042e-02
2.000000000000000042e-02
2.000000000000000042e-02
2.000000000000000042e-02
2.000000000000000042e-02
2.000000000000000042e-02
2.000000000000000042e-02
2.000000000000000042e-02
2.000000000000000042e-02
2.000000000000000042e-02
2.000000000000000042e-02
2.000000000000000042e-02
2.000000000000000042e-02
2.000000000000000042e-02
2.000000000000000042e-02
2.000000000000000042e-02
2.000000000000000042e-02
2.000000000000000042e-02
2.000000000000000042e-02
2.000000000000000042e-02
2.000000000000000042e-02
2.000000000000000042e-02
2.000000000000000042e-02
2.000000000000000042e-02
2.000000000000000042e-02
2.000000000000000042e-02
2.000000000000000042e-02
2.000000000000000042e-02
2.000000000000000042e-02
2.000000000000000042e-02
2.000000000000000042e-02
2.000000000000000042e-02
2.000000000000000042e-02
2.000000000000000042e-02
2.000000000000000042e-02
2.000000000000000042e-02
2.000000000000000042e-02
2.000000000000000042e-02
2.000000000000000042e-02
2.000000000000000042e-02
2.000000000000000042e-02
2.000000000000000042e-02
2.000000000000000042e-02
2.000000000000000042e-02
2.000000000000000042e-02
2.000000000000000042e-02
2.000000000000000042e-02
2.000000000000000042e-02
2.000000000000000042e-02
2.000000000000000042e-02
2.000000000000000042e-02
2.000000000000000042e-02
2.000000000000000042e-02
2.000000000000000042e-02
2.000000000000000042e-02
2.000000000000000042e-02
2.000000000000000042e-02
2.000000000000000042e-02
2.000000000000000042e-02
2.000000000000000042e-02
2.000000000000000042e-02
2.000000000000000042e-02
2.000000000000000042e-02
2.000000000000000042e-02
2.000000000000000042e-02
2.000000000000000042e-02
2.000000000000000042e-02
2.000000000000000042e-02
2.000000000000000042e-02
2.000000000000000042e-02
2.000000000000000042e-02
2.000000000000000042e-02
2.000000000000000042e-02
2.000000000000000042e-02
2.000000000000000042e-02
2.000000000000000042e-02
2.000000000000000042e-02
2.000000000000000042e-02
2.000000000000000042e-02
2.000000000000000042e-02
2.000000000000000042e-02
2.000000000000000042e-02
2.000000000000000042e-02
2.000000000000000042e-02
2.000000000000000042e-02
2.000000000000000042e-02
2.000000000000000042e-02
2.000000000000000042e-02
2.000000000000000042e-02
2.000000000000000042e-02
2.000000000000000042e-02
2.000000000000000042e-02
2.000000000000000042e-02
2.000000000000000042e-02
2.000000000000000042e-02
2.000000000000000042e-02
2.000000000000000042e-02
2.000000000000000042e-02
2.000000000000000042e-02
2.000000000000000042e-02
2.000000000000000042e-02
2.000000000000000042e-02
2.000000000000000042e-02
2.000000000000000042e-02
2.000000000000000042e-02
2.000000000000000042e-02
2.000000000000000042e-02
2.000000000000000042e-02
2.000000000000000042e-02
2.000000000000000042e-02
2.000000000000000042e-02
2.000000000000000042e-02
2.000000000000000042e-02
2.000000000000000042e-02
2.000000000000000042e-02
2.000000000000000042e-02
2.000000000000000042e-02
2.000000000000000042e-02
2.000000000000000042e-02
2.000000000000000042e-02
2.000000000000000042e-02
2.000000000000000042e-02
2.000000000000000042e-02
2.000000000000000042e-02
2.000000000000000042e-02
2.000000000000000042e-02
2.000000000000000042e-02
2.000000000000000042e-02
2.000000000000000042e-02
2.000000000000000042e-02
2.000000000000000042e-02
2.000000000000000042e-02
2.000000000000000042e-02
2.000000000000000042e-02
2.000000000000000042e-02
2.000000000000000042e-02
2.000000000000000042e-02
2.000000000000000042e-02
2.000000000000000042e-02
2.000000000000000042e-02
2.000000000000000042e-02
2.000000000000000042e-02
2.000000000000000042e-02
2.000000000000000042e-02
2.000000000000000042e-02
2.000000000000000042e-02
2.000000000000000042e-02
2.000000000000000042e-02
2.000000000000000042e-02
2.000000000000000042e-02
2.000000000000000042e-02
2.000000000000000042e-02
2.000000000000000042e-02
2.000000000000000042e-02
2.000000000000000042e-02
2.000000000000000042e-02
2.000000000000000042e-02
2.000000000000000042e-02
2.000000000000000042e-02
2.000000000000000042e-02
2.000000000000000042e-02
2.000000000000000042e-02
2.000000000000000042e-02
2.000000000000000042e-02
2.000000000000000042e-02
2.000000000000000042e-02
2.000000000000000042e-02
2.000000000000000042e-02
2.000000000000000042e-02
2.000000000000000042e-02
2.000000000000000042e-02
2.000000000000000042e-02
2.000000000000000042e-02
2.000000000000000042e-02
2.000000000000000042e-02
2.000000000000000042e-02
2.000000000000000042e-02
2.000000000000000042e-02
2.000000000000000042e-02
2.000000000000000042e-02
2.000000000000000042e-02
2.000000000000000042e-02
2.000000000000000042e-02
2.000000000000000042e-02
2.000000000000000042e-02
2.000000000000000042e-02
2.000000000000000042e-02
2.000000000000000042e-02
2.000000000000000042e-02
2.000000000000000042e-02
2.000000000000000042e-02
2.000000000000000042e-02
2.000000000000000042e-02
2.000000000000000042e-02
2.000000000000000042e-02
2.000000000000000042e-02
2.000000000000000042e-02
2.000000000000000042e-02
2.000000000000000042e-02
2.000000000000000042e-02
2.000000000000000042e-02
2.000000000000000042e-02
2.000000000000000042e-02
2.000000000000000042e-02
2.000000000000000042e-02
2.000000000000000042e-02
2.000000000000000042e-02
2.000000000000000042e-02
2.000000000000000042e-02
2.000000000000000042e-02
2.000000000000000042e-02
2.000000000000000042e-02
2.000000000000000042e-02
2.000000000000000042e-02
2.000000000000000042e-02
2.000000000000000042e-02
2.000000000000000042e-02
2.000000000000000042e-02
2.000000000000000042e-02
2.000000000000000042e-02
2.000000000000000042e-02
2.000000000000000042e-02
2.000000000000000042e-02
2.000000000000000042e-02
2.000000000000000042e-02
2.000000000000000042e-02
2.000000000000000042e-02
2.000000000000000042e-02
2.000000000000000042e-02
2.000000000000000042e-02
2.000000000000000042e-02
2.000000000000000042e-02
2.000000000000000042e-02
2.000000000000000042e-02
2.000000000000000042e-02
2.000000000000000042e-02
2.000000000000000042e-02
2.000000000000000042e-02
2.000000000000000042e-02
2.000000000000000042e-02
2.000000000000000042e-02
2.000000000000000042e-02
2.000000000000000042e-02
2.000000000000000042e-02
2.000000000000000042e-02
2.000000000000000042e-02
2.000000000000000042e-02
2.000000000000000042e-02
2.000000000000000042e-02
2.000000000000000042e-02
2.000000000000000042e-02
2.000000000000000042e-02
2.000000000000000042e-02
2.000000000000000042e-02
2.000000000000000042e-02
2.000000000000000042e-02
2.000000000000000042e-02
2.000000000000000042e-02
2.000000000000000042e-02
2.000000000000000042e-02
2.000000000000000042e-02
2.000000000000000042e-02
2.000000000000000042e-02
2.000000000000000042e-02
2.000000000000000042e-02
2.000000000000000042e-02
2.000000000000000042e-02
2.000000000000000042e-02
2.000000000000000042e-02
2.000000000000000042e-02
2.000000000000000042e-02
2.000000000000000042e-02
2.000000000000000042e-02
2.000000000000000042e-02
2.000000000000000042e-02
2.000000000000000042e-02
2.000000000000000042e-02
2.000000000000000042e-02
2.000000000000000042e-02
2.000000000000000042e-02
2.000000000000000042e-02
2.000000000000000042e-02
2.000000000000000042e-02
2.000000000000000042e-02
2.000000000000000042e-02
2.000000000000000042e-02
2.000000000000000042e-02
2.000000000000000042e-02
2.000000000000000042e-02
2.000000000000000042e-02
2.000000000000000042e-02
2.000000000000000042e-02
2.000000000000000042e-02
2.000000000000000042e-02
2.000000000000000042e-02
2.000000000000000042e-02
2.000000000000000042e-02
2.000000000000000042e-02
2.000000000000000042e-02
2.000000000000000042e-02
2.000000000000000042e-02
2.000000000000000042e-02
2.000000000000000042e-02
2.000000000000000042e-02
2.000000000000000042e-02
2.000000000000000042e-02
2.000000000000000042e-02
2.000000000000000042e-02
2.000000000000000042e-02
2.000000000000000042e-02
2.000000000000000042e-02
2.000000000000000042e-02
2.000000000000000042e-02
2.000000000000000042e-02
2.000000000000000042e-02
2.000000000000000042e-02
2.000000000000000042e-02
2.000000000000000042e-02
2.000000000000000042e-02
2.000000000000000042e-02
2.000000000000000042e-02
2.000000000000000042e-02
2.000000000000000042e-02
2.000000000000000042e-02
2.000000000000000042e-02
2.000000000000000042e-02
2.000000000000000042e-02
2.000000000000000042e-02
2.000000000000000042e-02
2.000000000000000042e-02
2.000000000000000042e-02
2.000000000000000042e-02
2.000000000000000042e-02
2.000000000000000042e-02
2.000000000000000042e-02
2.000000000000000042e-02
2.000000000000000042e-02
2.000000000000000042e-02
2.000000000000000042e-02
2.000000000000000042e-02
2.000000000000000042e-02
2.000000000000000042e-02
2.000000000000000042e-02
2.000000000000000042e-02
2.000000000000000042e-02
2.000000000000000042e-02
2.000000000000000042e-02
2.000000000000000042e-02
2.000000000000000042e-02
2.000000000000000042e-02
2.000000000000000042e-02
2.000000000000000042e-02
2.000000000000000042e-02
2.000000000000000042e-02
2.000000000000000042e-02
2.000000000000000042e-02
2.000000000000000042e-02
2.000000000000000042e-02
2.000000000000000042e-02
2.000000000000000042e-02
2.000000000000000042e-02
2.000000000000000042e-02
2.000000000000000042e-02
2.000000000000000042e-02
2.000000000000000042e-02
2.000000000000000042e-02
2.000000000000000042e-02
2.000000000000000042e-02
2.000000000000000042e-02
2.000000000000000042e-02
2.000000000000000042e-02
2.000000000000000042e-02
2.000000000000000042e-02
2.000000000000000042e-02
2.000000000000000042e-02
2.000000000000000042e-02
2.000000000000000042e-02
2.000000000000000042e-02
2.000000000000000042e-02
2.000000000000000042e-02
2.000000000000000042e-02
2.000000000000000042e-02
2.000000000000000042e-02
2.000000000000000042e-02
2.000000000000000042e-02
2.000000000000000042e-02
2.000000000000000042e-02
2.000000000000000042e-02
2.000000000000000042e-02
2.000000000000000042e-02
2.000000000000000042e-02
2.000000000000000042e-02
2.000000000000000042e-02
2.000000000000000042e-02
2.000000000000000042e-02
2.000000000000000042e-02
2.000000000000000042e-02
2.000000000000000042e-02
2.000000000000000042e-02
2.000000000000000042e-02
2.000000000000000042e-02
2.000000000000000042e-02
2.000000000000000042e-02
2.000000000000000042e-02
2.000000000000000042e-02
2.000000000000000042e-02
2.000000000000000042e-02
2.000000000000000042e-02
2.000000000000000042e-02
2.000000000000000042e-02
2.000000000000000042e-02
2.000000000000000042e-02
2.000000000000000042e-02
2.000000000000000042e-02
2.000000000000000042e-02
2.000000000000000042e-02
2.000000000000000042e-02
2.000000000000000042e-02
2.000000000000000042e-02
2.000000000000000042e-02
2.000000000000000042e-02
2.000000000000000042e-02
2.000000000000000042e-02
2.000000000000000042e-02
2.000000000000000042e-02
2.000000000000000042e-02
2.000000000000000042e-02
2.000000000000000042e-02
2.000000000000000042e-02
2.000000000000000042e-02
2.000000000000000042e-02
2.000000000000000042e-02
2.000000000000000042e-02
2.000000000000000042e-02
2.000000000000000042e-02
2.000000000000000042e-02
2.000000000000000042e-02
2.000000000000000042e-02
2.000000000000000042e-02
2.000000000000000042e-02
2.000000000000000042e-02
2.000000000000000042e-02
2.000000000000000042e-02
2.000000000000000042e-02
2.000000000000000042e-02
2.000000000000000042e-02
2.000000000000000042e-02
2.000000000000000042e-02
2.000000000000000042e-02
2.000000000000000042e-02
2.000000000000000042e-02
2.000000000000000042e-02
2.000000000000000042e-02
2.000000000000000042e-02
2.000000000000000042e-02
2.000000000000000042e-02
2.000000000000000042e-02
2.000000000000000042e-02
2.000000000000000042e-02
2.000000000000000042e-02
2.000000000000000042e-02
2.000000000000000042e-02
2.000000000000000042e-02
2.000000000000000042e-02
2.000000000000000042e-02
2.000000000000000042e-02
2.000000000000000042e-02
2.000000000000000042e-02
2.000000000000000042e-02
2.000000000000000042e-02
2.000000000000000042e-02
2.000000000000000042e-02
2.000000000000000042e-02
2.000000000000000042e-02
2.000000000000000042e-02
2.000000000000000042e-02
2.000000000000000042e-02
2.000000000000000042e-02
2.000000000000000042e-02
2.000000000000000042e-02
2.000000000000000042e-02
2.000000000000000042e-02
2.000000000000000042e-02
2.000000000000000042e-02
2.000000000000000042e-02
2.000000000000000042e-02
2.000000000000000042e-02
2.000000000000000042e-02
2.000000000000000042e-02
2.000000000000000042e-02
2.000000000000000042e-02
2.000000000000000042e-02
2.000000000000000042e-02
2.000000000000000042e-02
2.000000000000000042e-02
2.000000000000000042e-02
2.000000000000000042e-02
2.000000000000000042e-02
2.000000000000000042e-02
2.000000000000000042e-02
2.000000000000000042e-02
2.000000000000000042e-02
2.000000000000000042e-02
2.000000000000000042e-02
2.000000000000000042e-02
2.000000000000000042e-02
2.000000000000000042e-02
2.000000000000000042e-02
2.000000000000000042e-02
2.000000000000000042e-02
2.000000000000000042e-02
2.000000000000000042e-02
2.000000000000000042e-02
2.000000000000000042e-02
2.000000000000000042e-02
2.000000000000000042e-02
2.000000000000000042e-02
2.000000000000000042e-02
2.000000000000000042e-02
2.000000000000000042e-02
2.000000000000000042e-02
2.000000000000000042e-02
2.000000000000000042e-02
2.000000000000000042e-02
2.000000000000000042e-02
2.000000000000000042e-02
2.000000000000000042e-02
2.000000000000000042e-02
2.000000000000000042e-02
2.000000000000000042e-02
2.000000000000000042e-02
2.000000000000000042e-02
2.000000000000000042e-02
2.000000000000000042e-02
2.000000000000000042e-02
2.000000000000000042e-02
2.000000000000000042e-02
2.000000000000000042e-02
2.000000000000000042e-02
2.000000000000000042e-02
2.000000000000000042e-02
2.000000000000000042e-02
2.000000000000000042e-02
2.000000000000000042e-02
2.000000000000000042e-02
2.000000000000000042e-02
2.000000000000000042e-02
2.000000000000000042e-02
2.000000000000000042e-02
2.000000000000000042e-02
2.000000000000000042e-02
2.000000000000000042e-02
2.000000000000000042e-02
2.000000000000000042e-02
2.000000000000000042e-02
2.000000000000000042e-02
2.000000000000000042e-02
2.000000000000000042e-02
2.000000000000000042e-02
2.000000000000000042e-02
2.000000000000000042e-02
2.000000000000000042e-02
2.000000000000000042e-02
2.000000000000000042e-02
2.000000000000000042e-02
2.000000000000000042e-02
2.000000000000000042e-02
2.000000000000000042e-02
2.000000000000000042e-02
2.000000000000000042e-02
2.000000000000000042e-02
2.000000000000000042e-02
2.000000000000000042e-02
2.000000000000000042e-02
2.000000000000000042e-02
2.000000000000000042e-02
2.000000000000000042e-02
2.000000000000000042e-02
2.000000000000000042e-02
2.000000000000000042e-02
2.000000000000000042e-02
2.000000000000000042e-02
2.000000000000000042e-02
2.000000000000000042e-02
2.000000000000000042e-02
2.000000000000000042e-02
2.000000000000000042e-02
2.000000000000000042e-02
2.000000000000000042e-02
2.000000000000000042e-02
2.000000000000000042e-02
2.000000000000000042e-02
2.000000000000000042e-02
2.000000000000000042e-02
2.000000000000000042e-02
2.000000000000000042e-02
2.000000000000000042e-02
2.000000000000000042e-02
2.000000000000000042e-02
2.000000000000000042e-02
2.000000000000000042e-02
2.000000000000000042e-02
2.000000000000000042e-02
2.000000000000000042e-02
2.000000000000000042e-02
2.000000000000000042e-02
2.000000000000000042e-02
2.000000000000000042e-02
2.000000000000000042e-02
2.000000000000000042e-02
2.000000000000000042e-02
2.000000000000000042e-02
2.000000000000000042e-02
2.000000000000000042e-02
2.000000000000000042e-02
2.000000000000000042e-02
2.000000000000000042e-02
2.000000000000000042e-02
2.000000000000000042e-02
2.000000000000000042e-02
2.000000000000000042e-02
2.000000000000000042e-02
2.000000000000000042e-02
2.000000000000000042e-02
2.000000000000000042e-02
2.000000000000000042e-02
2.000000000000000042e-02
2.000000000000000042e-02
2.000000000000000042e-02
2.000000000000000042e-02
2.000000000000000042e-02
2.000000000000000042e-02
2.000000000000000042e-02
2.000000000000000042e-02
2.000000000000000042e-02
2.000000000000000042e-02
2.000000000000000042e-02
2.000000000000000042e-02
2.000000000000000042e-02
2.000000000000000042e-02
2.000000000000000042e-02
2.000000000000000042e-02
2.000000000000000042e-02
2.000000000000000042e-02
2.000000000000000042e-02
2.000000000000000042e-02
2.000000000000000042e-02
2.000000000000000042e-02
2.000000000000000042e-02
2.000000000000000042e-02
2.000000000000000042e-02
2.000000000000000042e-02
2.000000000000000042e-02
2.000000000000000042e-02
2.000000000000000042e-02
2.000000000000000042e-02
2.000000000000000042e-02
2.000000000000000042e-02
2.000000000000000042e-02
2.000000000000000042e-02
2.000000000000000042e-02
2.000000000000000042e-02
2.000000000000000042e-02
2.000000000000000042e-02
2.000000000000000042e-02
2.000000000000000042e-02
2.000000000000000042e-02
2.000000000000000042e-02
2.000000000000000042e-02
2.000000000000000042e-02
2.000000000000000042e-02
2.000000000000000042e-02
2.000000000000000042e-02
2.000000000000000042e-02
2.000000000000000042e-02
2.000000000000000042e-02
2.000000000000000042e-02
2.000000000000000042e-02
2.000000000000000042e-02
2.000000000000000042e-02
2.000000000000000042e-02
2.000000000000000042e-02
2.000000000000000042e-02
2.000000000000000042e-02
2.000000000000000042e-02
2.000000000000000042e-02
2.000000000000000042e-02
2.000000000000000042e-02
2.000000000000000042e-02
2.000000000000000042e-02
2.000000000000000042e-02
2.000000000000000042e-02
2.000000000000000042e-02
2.000000000000000042e-02
2.000000000000000042e-02
2.000000000000000042e-02
2.000000000000000042e-02
2.000000000000000042e-02
2.000000000000000042e-02
2.000000000000000042e-02
2.000000000000000042e-02
2.000000000000000042e-02
2.000000000000000042e-02
2.000000000000000042e-02
2.000000000000000042e-02
2.000000000000000042e-02
2.000000000000000042e-02
2.000000000000000042e-02
2.000000000000000042e-02
2.000000000000000042e-02
2.000000000000000042e-02
2.000000000000000042e-02
2.000000000000000042e-02
2.000000000000000042e-02
2.000000000000000042e-02
2.000000000000000042e-02
2.000000000000000042e-02
2.000000000000000042e-02
2.000000000000000042e-02
2.000000000000000042e-02
2.000000000000000042e-02
2.000000000000000042e-02
2.000000000000000042e-02
2.000000000000000042e-02
2.000000000000000042e-02
2.000000000000000042e-02
2.000000000000000042e-02
2.000000000000000042e-02
2.000000000000000042e-02
2.000000000000000042e-02
2.000000000000000042e-02
2.000000000000000042e-02
2.000000000000000042e-02
2.000000000000000042e-02
2.000000000000000042e-02
2.000000000000000042e-02
2.000000000000000042e-02
2.000000000000000042e-02
2.000000000000000042e-02
2.000000000000000042e-02
2.000000000000000042e-02
2.000000000000000042e-02
2.000000000000000042e-02
2.000000000000000042e-02
2.000000000000000042e-02
2.000000000000000042e-02
2.000000000000000042e-02
2.000000000000000042e-02
2.000000000000000042e-02
2.000000000000000042e-02
2.000000000000000042e-02
2.000000000000000042e-02
2.000000000000000042e-02
2.000000000000000042e-02
2.000000000000000042e-02
2.000000000000000042e-02
2.000000000000000042e-02
2.000000000000000042e-02
2.000000000000000042e-02
2.000000000000000042e-02
2.000000000000000042e-02
2.000000000000000042e-02
2.000000000000000042e-02
2.000000000000000042e-02
2.000000000000000042e-02
2.000000000000000042e-02
2.000000000000000042e-02
2.000000000000000042e-02
2.000000000000000042e-02
2.000000000000000042e-02
2.000000000000000042e-02
2.000000000000000042e-02
2.000000000000000042e-02
2.000000000000000042e-02
2.000000000000000042e-02
2.000000000000000042e-02
2.000000000000000042e-02
2.000000000000000042e-02
2.000000000000000042e-02
2.000000000000000042e-02
2.000000000000000042e-02
2.000000000000000042e-02
2.000000000000000042e-02
2.000000000000000042e-02
2.000000000000000042e-02
2.000000000000000042e-02
2.000000000000000042e-02
2.000000000000000042e-02
2.000000000000000042e-02
2.000000000000000042e-02
2.000000000000000042e-02
2.000000000000000042e-02
2.000000000000000042e-02
2.000000000000000042e-02
2.000000000000000042e-02
2.000000000000000042e-02
2.000000000000000042e-02
2.000000000000000042e-02
2.000000000000000042e-02
2.000000000000000042e-02
2.000000000000000042e-02
2.000000000000000042e-02
2.000000000000000042e-02
2.000000000000000042e-02
2.000000000000000042e-02
2.000000000000000042e-02
2.000000000000000042e-02
2.000000000000000042e-02
2.000000000000000042e-02
2.000000000000000042e-02
2.000000000000000042e-02
2.000000000000000042e-02
2.000000000000000042e-02
2.000000000000000042e-02
2.000000000000000042e-02
2.000000000000000042e-02
2.000000000000000042e-02
2.000000000000000042e-02
2.000000000000000042e-02
2.000000000000000042e-02
2.000000000000000042e-02
2.000000000000000042e-02
2.000000000000000042e-02
2.000000000000000042e-02
2.000000000000000042e-02
2.000000000000000042e-02
2.000000000000000042e-02
2.000000000000000042e-02
2.000000000000000042e-02
2.000000000000000042e-02
2.000000000000000042e-02
2.000000000000000042e-02
2.000000000000000042e-02
2.000000000000000042e-02
2.000000000000000042e-02
2.000000000000000042e-02
2.000000000000000042e-02
2.000000000000000042e-02
2.000000000000000042e-02
2.000000000000000042e-02
2.000000000000000042e-02
2.000000000000000042e-02
2.000000000000000042e-02
2.000000000000000042e-02
2.000000000000000042e-02
2.000000000000000042e-02
2.000000000000000042e-02
2.000000000000000042e-02
2.000000000000000042e-02
2.000000000000000042e-02
2.000000000000000042e-02
2.000000000000000042e-02
2.000000000000000042e-02
2.000000000000000042e-02
2.000000000000000042e-02
2.000000000000000042e-02
2.000000000000000042e-02
2.000000000000000042e-02
2.000000000000000042e-02
2.000000000000000042e-02
2.000000000000000042e-02
2.000000000000000042e-02
2.000000000000000042e-02
2.000000000000000042e-02
2.000000000000000042e-02
2.000000000000000042e-02
2.000000000000000042e-02
2.000000000000000042e-02
2.000000000000000042e-02
2.000000000000000042e-02
2.000000000000000042e-02
2.000000000000000042e-02
2.000000000000000042e-02
2.000000000000000042e-02
2.000000000000000042e-02
2.000000000000000042e-02
2.000000000000000042e-02
2.000000000000000042e-02
2.000000000000000042e-02
2.000000000000000042e-02
2.000000000000000042e-02
2.000000000000000042e-02
2.000000000000000042e-02
2.000000000000000042e-02
2.000000000000000042e-02
2.000000000000000042e-02
2.000000000000000042e-02
2.000000000000000042e-02
2.000000000000000042e-02
2.000000000000000042e-02
2.000000000000000042e-02
2.000000000000000042e-02
2.000000000000000042e-02
2.000000000000000042e-02
2.000000000000000042e-02
2.000000000000000042e-02
2.000000000000000042e-02
2.000000000000000042e-02
2.000000000000000042e-02
2.000000000000000042e-02
2.000000000000000042e-02
2.000000000000000042e-02
2.000000000000000042e-02
2.000000000000000042e-02
2.000000000000000042e-02
2.000000000000000042e-02
2.000000000000000042e-02
2.000000000000000042e-02
2.000000000000000042e-02
2.000000000000000042e-02
2.000000000000000042e-02
2.000000000000000042e-02
2.000000000000000042e-02
2.000000000000000042e-02
2.000000000000000042e-02
2.000000000000000042e-02
2.000000000000000042e-02
2.000000000000000042e-02
2.000000000000000042e-02
2.000000000000000042e-02
2.000000000000000042e-02
2.000000000000000042e-02
2.000000000000000042e-02
2.000000000000000042e-02
2.000000000000000042e-02
2.000000000000000042e-02
2.000000000000000042e-02
2.000000000000000042e-02
2.000000000000000042e-02
2.000000000000000042e-02
2.000000000000000042e-02
2.000000000000000042e-02
2.000000000000000042e-02
2.000000000000000042e-02
2.000000000000000042e-02
2.000000000000000042e-02
2.000000000000000042e-02
2.000000000000000042e-02
2.000000000000000042e-02
2.000000000000000042e-02
2.000000000000000042e-02
2.000000000000000042e-02
2.000000000000000042e-02
2.000000000000000042e-02
2.000000000000000042e-02
2.000000000000000042e-02
2.000000000000000042e-02
2.000000000000000042e-02
2.000000000000000042e-02
2.000000000000000042e-02
2.000000000000000042e-02
2.000000000000000042e-02
2.000000000000000042e-02
2.000000000000000042e-02
2.000000000000000042e-02
2.000000000000000042e-02
2.000000000000000042e-02
2.000000000000000042e-02
2.000000000000000042e-02
2.000000000000000042e-02
2.000000000000000042e-02
2.000000000000000042e-02
2.000000000000000042e-02
2.000000000000000042e-02
2.000000000000000042e-02
2.000000000000000042e-02
2.000000000000000042e-02
2.000000000000000042e-02
2.000000000000000042e-02
2.000000000000000042e-02
2.000000000000000042e-02
2.000000000000000042e-02
2.000000000000000042e-02
2.000000000000000042e-02
2.000000000000000042e-02
2.000000000000000042e-02
2.000000000000000042e-02
2.000000000000000042e-02
2.000000000000000042e-02
2.000000000000000042e-02
2.000000000000000042e-02
2.000000000000000042e-02
2.000000000000000042e-02
2.000000000000000042e-02
2.000000000000000042e-02
2.000000000000000042e-02
2.000000000000000042e-02
2.000000000000000042e-02
2.000000000000000042e-02
2.000000000000000042e-02
2.000000000000000042e-02
2.000000000000000042e-02
2.000000000000000042e-02
2.000000000000000042e-02
2.000000000000000042e-02
2.000000000000000042e-02
2.000000000000000042e-02
2.000000000000000042e-02
2.000000000000000042e-02
2.000000000000000042e-02
2.000000000000000042e-02
2.000000000000000042e-02
2.000000000000000042e-02
2.000000000000000042e-02
2.000000000000000042e-02
2.000000000000000042e-02
2.000000000000000042e-02
2.000000000000000042e-02
2.000000000000000042e-02
2.000000000000000042e-02
2.000000000000000042e-02
2.000000000000000042e-02
2.000000000000000042e-02
2.000000000000000042e-02
2.000000000000000042e-02
2.000000000000000042e-02
2.000000000000000042e-02
2.000000000000000042e-02
2.000000000000000042e-02
2.000000000000000042e-02
2.000000000000000042e-02
2.000000000000000042e-02
2.000000000000000042e-02
2.000000000000000042e-02
2.000000000000000042e-02
2.000000000000000042e-02
2.000000000000000042e-02
2.000000000000000042e-02
2.000000000000000042e-02
2.000000000000000042e-02
2.000000000000000042e-02
2.000000000000000042e-02
2.000000000000000042e-02
2.000000000000000042e-02
2.000000000000000042e-02
2.000000000000000042e-02
2.000000000000000042e-02
2.000000000000000042e-02
2.000000000000000042e-02
2.000000000000000042e-02
2.000000000000000042e-02
2.000000000000000042e-02
2.000000000000000042e-02
2.000000000000000042e-02
2.000000000000000042e-02
2.000000000000000042e-02
2.000000000000000042e-02
2.000000000000000042e-02
2.000000000000000042e-02
2.000000000000000042e-02
2.000000000000000042e-02
2.000000000000000042e-02
2.000000000000000042e-02
2.000000000000000042e-02
2.000000000000000042e-02
2.000000000000000042e-02
2.000000000000000042e-02
2.000000000000000042e-02
2.000000000000000042e-02
2.000000000000000042e-02
2.000000000000000042e-02
2.000000000000000042e-02
2.000000000000000042e-02
2.000000000000000042e-02
2.000000000000000042e-02
2.000000000000000042e-02
2.000000000000000042e-02
2.000000000000000042e-02
2.000000000000000042e-02
2.000000000000000042e-02
2.000000000000000042e-02
2.000000000000000042e-02
2.000000000000000042e-02
2.000000000000000042e-02
2.000000000000000042e-02
2.000000000000000042e-02
2.000000000000000042e-02
2.000000000000000042e-02
2.000000000000000042e-02
2.000000000000000042e-02
2.000000000000000042e-02
2.000000000000000042e-02
2.000000000000000042e-02
2.000000000000000042e-02
2.000000000000000042e-02
2.000000000000000042e-02
2.000000000000000042e-02
2.000000000000000042e-02
2.000000000000000042e-02
2.000000000000000042e-02
2.000000000000000042e-02
2.000000000000000042e-02
2.000000000000000042e-02
2.000000000000000042e-02
2.000000000000000042e-02
2.000000000000000042e-02
2.000000000000000042e-02
2.000000000000000042e-02
2.000000000000000042e-02
2.000000000000000042e-02
2.000000000000000042e-02
2.000000000000000042e-02
2.000000000000000042e-02
2.000000000000000042e-02
2.000000000000000042e-02
2.000000000000000042e-02
2.000000000000000042e-02
2.000000000000000042e-02
2.000000000000000042e-02
2.000000000000000042e-02
2.000000000000000042e-02
2.000000000000000042e-02
2.000000000000000042e-02
2.000000000000000042e-02
2.000000000000000042e-02
2.000000000000000042e-02
2.000000000000000042e-02
2.000000000000000042e-02
2.000000000000000042e-02
2.000000000000000042e-02
2.000000000000000042e-02
2.000000000000000042e-02
2.000000000000000042e-02
2.000000000000000042e-02
2.000000000000000042e-02
2.000000000000000042e-02
2.000000000000000042e-02
2.000000000000000042e-02
2.000000000000000042e-02
2.000000000000000042e-02
2.000000000000000042e-02
2.000000000000000042e-02
2.000000000000000042e-02
2.000000000000000042e-02
2.000000000000000042e-02
2.000000000000000042e-02
2.000000000000000042e-02
2.000000000000000042e-02
2.000000000000000042e-02
2.000000000000000042e-02
2.000000000000000042e-02
2.000000000000000042e-02
2.000000000000000042e-02
2.000000000000000042e-02
2.000000000000000042e-02
2.000000000000000042e-02
2.000000000000000042e-02
2.000000000000000042e-02
2.000000000000000042e-02
2.000000000000000042e-02
2.000000000000000042e-02
2.000000000000000042e-02
2.000000000000000042e-02
2.000000000000000042e-02
2.000000000000000042e-02
2.000000000000000042e-02
2.000000000000000042e-02
2.000000000000000042e-02
2.000000000000000042e-02
2.000000000000000042e-02
2.000000000000000042e-02
2.000000000000000042e-02
2.000000000000000042e-02
2.000000000000000042e-02
2.000000000000000042e-02
2.000000000000000042e-02
2.000000000000000042e-02
2.000000000000000042e-02
2.000000000000000042e-02
2.000000000000000042e-02
2.000000000000000042e-02
2.000000000000000042e-02
2.000000000000000042e-02
2.000000000000000042e-02
2.000000000000000042e-02
2.000000000000000042e-02
2.000000000000000042e-02
2.000000000000000042e-02
2.000000000000000042e-02
2.000000000000000042e-02
2.000000000000000042e-02
2.000000000000000042e-02
2.000000000000000042e-02
2.000000000000000042e-02
2.000000000000000042e-02
2.000000000000000042e-02
2.000000000000000042e-02
2.000000000000000042e-02
2.000000000000000042e-02
2.000000000000000042e-02
2.000000000000000042e-02
2.000000000000000042e-02
2.000000000000000042e-02
2.000000000000000042e-02
2.000000000000000042e-02
2.000000000000000042e-02
2.000000000000000042e-02
2.000000000000000042e-02
2.000000000000000042e-02
2.000000000000000042e-02
2.000000000000000042e-02
2.000000000000000042e-02
2.000000000000000042e-02
2.000000000000000042e-02
2.000000000000000042e-02
2.000000000000000042e-02
2.000000000000000042e-02
2.000000000000000042e-02
2.000000000000000042e-02
2.000000000000000042e-02
2.000000000000000042e-02
2.000000000000000042e-02
2.000000000000000042e-02
2.000000000000000042e-02
2.000000000000000042e-02
2.000000000000000042e-02
2.000000000000000042e-02
2.000000000000000042e-02
2.000000000000000042e-02
2.000000000000000042e-02
2.000000000000000042e-02
2.000000000000000042e-02
2.000000000000000042e-02
2.000000000000000042e-02
2.000000000000000042e-02
2.000000000000000042e-02
2.000000000000000042e-02
2.000000000000000042e-02
2.000000000000000042e-02
2.000000000000000042e-02
2.000000000000000042e-02
2.000000000000000042e-02
2.000000000000000042e-02
2.000000000000000042e-02
2.000000000000000042e-02
2.000000000000000042e-02
2.000000000000000042e-02
2.000000000000000042e-02
2.000000000000000042e-02
2.000000000000000042e-02
2.000000000000000042e-02
2.000000000000000042e-02
2.000000000000000042e-02
2.000000000000000042e-02
2.000000000000000042e-02
2.000000000000000042e-02
2.000000000000000042e-02
2.000000000000000042e-02
2.000000000000000042e-02
2.000000000000000042e-02
2.000000000000000042e-02
2.000000000000000042e-02
2.000000000000000042e-02
2.000000000000000042e-02
2.000000000000000042e-02
2.000000000000000042e-02
2.000000000000000042e-02
2.000000000000000042e-02
2.000000000000000042e-02
2.000000000000000042e-02
2.000000000000000042e-02
2.000000000000000042e-02
2.000000000000000042e-02
2.000000000000000042e-02
2.000000000000000042e-02
2.000000000000000042e-02
2.000000000000000042e-02
2.000000000000000042e-02
2.000000000000000042e-02
2.000000000000000042e-02
2.000000000000000042e-02
2.000000000000000042e-02
2.000000000000000042e-02
2.000000000000000042e-02
2.000000000000000042e-02
2.000000000000000042e-02
2.000000000000000042e-02
2.000000000000000042e-02
2.000000000000000042e-02
2.000000000000000042e-02
2.000000000000000042e-02
2.000000000000000042e-02
2.000000000000000042e-02
2.000000000000000042e-02
2.000000000000000042e-02
2.000000000000000042e-02
2.000000000000000042e-02
2.000000000000000042e-02
2.000000000000000042e-02
2.000000000000000042e-02
2.000000000000000042e-02
2.000000000000000042e-02
2.000000000000000042e-02
2.000000000000000042e-02
2.000000000000000042e-02
2.000000000000000042e-02
2.000000000000000042e-02
2.000000000000000042e-02
2.000000000000000042e-02
2.000000000000000042e-02
2.000000000000000042e-02
2.000000000000000042e-02
2.000000000000000042e-02
2.000000000000000042e-02
2.000000000000000042e-02
2.000000000000000042e-02
2.000000000000000042e-02
2.000000000000000042e-02
2.000000000000000042e-02
2.000000000000000042e-02
2.000000000000000042e-02
2.000000000000000042e-02
2.000000000000000042e-02
2.000000000000000042e-02
2.000000000000000042e-02
2.000000000000000042e-02
2.000000000000000042e-02
2.000000000000000042e-02
2.000000000000000042e-02
2.000000000000000042e-02
2.000000000000000042e-02
2.000000000000000042e-02
2.000000000000000042e-02
2.000000000000000042e-02
2.000000000000000042e-02
2.000000000000000042e-02
2.000000000000000042e-02
2.000000000000000042e-02
2.000000000000000042e-02
2.000000000000000042e-02
2.000000000000000042e-02
2.000000000000000042e-02
2.000000000000000042e-02
2.000000000000000042e-02
2.000000000000000042e-02
2.000000000000000042e-02
2.000000000000000042e-02
2.000000000000000042e-02
2.000000000000000042e-02
2.000000000000000042e-02
2.000000000000000042e-02
2.000000000000000042e-02
2.000000000000000042e-02
2.000000000000000042e-02
2.000000000000000042e-02
2.000000000000000042e-02
2.000000000000000042e-02
2.000000000000000042e-02
2.000000000000000042e-02
2.000000000000000042e-02
2.000000000000000042e-02
2.000000000000000042e-02
2.000000000000000042e-02
2.000000000000000042e-02
2.000000000000000042e-02
2.000000000000000042e-02
2.000000000000000042e-02
2.000000000000000042e-02
2.000000000000000042e-02
2.000000000000000042e-02
2.000000000000000042e-02
2.000000000000000042e-02
2.000000000000000042e-02
2.000000000000000042e-02
2.000000000000000042e-02
2.000000000000000042e-02
2.000000000000000042e-02
2.000000000000000042e-02
2.000000000000000042e-02
2.000000000000000042e-02
2.000000000000000042e-02
2.000000000000000042e-02
2.000000000000000042e-02
2.000000000000000042e-02
2.000000000000000042e-02
2.000000000000000042e-02
2.000000000000000042e-02
2.000000000000000042e-02
2.000000000000000042e-02
2.000000000000000042e-02
2.000000000000000042e-02
2.000000000000000042e-02
2.000000000000000042e-02
2.000000000000000042e-02
2.000000000000000042e-02
2.000000000000000042e-02
2.000000000000000042e-02
2.000000000000000042e-02
2.000000000000000042e-02
2.000000000000000042e-02
2.000000000000000042e-02
2.000000000000000042e-02
2.000000000000000042e-02
2.000000000000000042e-02
2.000000000000000042e-02
2.000000000000000042e-02
2.000000000000000042e-02
2.000000000000000042e-02
2.000000000000000042e-02
2.000000000000000042e-02
2.000000000000000042e-02
2.000000000000000042e-02
2.000000000000000042e-02
2.000000000000000042e-02
2.000000000000000042e-02
2.000000000000000042e-02
2.000000000000000042e-02
2.000000000000000042e-02
2.000000000000000042e-02
2.000000000000000042e-02
2.000000000000000042e-02
2.000000000000000042e-02
2.000000000000000042e-02
2.000000000000000042e-02
2.000000000000000042e-02
2.000000000000000042e-02
2.000000000000000042e-02
2.000000000000000042e-02
2.000000000000000042e-02
2.000000000000000042e-02
2.000000000000000042e-02
2.000000000000000042e-02
2.000000000000000042e-02
2.000000000000000042e-02
2.000000000000000042e-02
2.000000000000000042e-02
2.000000000000000042e-02
2.000000000000000042e-02
2.000000000000000042e-02
2.000000000000000042e-02
2.000000000000000042e-02
2.000000000000000042e-02
2.000000000000000042e-02
2.000000000000000042e-02
2.000000000000000042e-02
2.000000000000000042e-02
2.000000000000000042e-02
2.000000000000000042e-02
2.000000000000000042e-02
2.000000000000000042e-02
2.000000000000000042e-02
2.000000000000000042e-02
2.000000000000000042e-02
2.000000000000000042e-02
2.000000000000000042e-02
2.000000000000000042e-02
2.000000000000000042e-02
2.000000000000000042e-02
2.000000000000000042e-02
2.000000000000000042e-02
2.000000000000000042e-02
2.000000000000000042e-02
2.000000000000000042e-02
2.000000000000000042e-02
2.000000000000000042e-02
2.000000000000000042e-02
2.000000000000000042e-02
2.000000000000000042e-02
2.000000000000000042e-02
2.000000000000000042e-02
2.000000000000000042e-02
2.000000000000000042e-02
2.000000000000000042e-02
2.000000000000000042e-02
2.000000000000000042e-02
2.000000000000000042e-02
2.000000000000000042e-02
2.000000000000000042e-02
2.000000000000000042e-02
2.000000000000000042e-02
2.000000000000000042e-02
2.000000000000000042e-02
2.000000000000000042e-02
2.000000000000000042e-02
2.000000000000000042e-02
2.000000000000000042e-02
2.000000000000000042e-02
2.000000000000000042e-02
2.000000000000000042e-02
2.000000000000000042e-02
2.000000000000000042e-02
2.000000000000000042e-02
2.000000000000000042e-02
2.000000000000000042e-02
2.000000000000000042e-02
2.000000000000000042e-02
2.000000000000000042e-02
2.000000000000000042e-02
2.000000000000000042e-02
2.000000000000000042e-02
2.000000000000000042e-02
2.000000000000000042e-02
2.000000000000000042e-02
2.000000000000000042e-02
2.000000000000000042e-02
2.000000000000000042e-02
2.000000000000000042e-02
2.000000000000000042e-02
2.000000000000000042e-02
2.000000000000000042e-02
2.000000000000000042e-02
2.000000000000000042e-02
2.000000000000000042e-02
2.000000000000000042e-02
2.000000000000000042e-02
2.000000000000000042e-02
2.000000000000000042e-02
2.000000000000000042e-02
2.000000000000000042e-02
2.000000000000000042e-02
2.000000000000000042e-02
2.000000000000000042e-02
2.000000000000000042e-02
2.000000000000000042e-02
2.000000000000000042e-02
2.000000000000000042e-02
2.000000000000000042e-02
2.000000000000000042e-02
2.000000000000000042e-02
2.000000000000000042e-02
2.000000000000000042e-02
2.000000000000000042e-02
2.000000000000000042e-02
2.000000000000000042e-02
2.000000000000000042e-02
2.000000000000000042e-02
2.000000000000000042e-02
2.000000000000000042e-02
2.000000000000000042e-02
2.000000000000000042e-02
2.000000000000000042e-02
2.000000000000000042e-02
2.000000000000000042e-02
2.000000000000000042e-02
2.000000000000000042e-02
2.000000000000000042e-02
2.000000000000000042e-02
2.000000000000000042e-02
2.000000000000000042e-02
2.000000000000000042e-02
2.000000000000000042e-02
2.000000000000000042e-02
2.000000000000000042e-02
2.000000000000000042e-02
2.000000000000000042e-02
2.000000000000000042e-02
2.000000000000000042e-02
2.000000000000000042e-02
2.000000000000000042e-02
2.000000000000000042e-02
2.000000000000000042e-02
2.000000000000000042e-02
2.000000000000000042e-02
2.000000000000000042e-02
2.000000000000000042e-02
2.000000000000000042e-02
2.000000000000000042e-02
2.000000000000000042e-02
2.000000000000000042e-02
2.000000000000000042e-02
2.000000000000000042e-02
2.000000000000000042e-02
2.000000000000000042e-02
2.000000000000000042e-02
2.000000000000000042e-02
2.000000000000000042e-02
2.000000000000000042e-02
2.000000000000000042e-02
2.000000000000000042e-02
2.000000000000000042e-02
2.000000000000000042e-02
2.000000000000000042e-02
2.000000000000000042e-02
2.000000000000000042e-02
2.000000000000000042e-02
2.000000000000000042e-02
2.000000000000000042e-02
2.000000000000000042e-02
2.000000000000000042e-02
2.000000000000000042e-02
2.000000000000000042e-02
2.000000000000000042e-02
2.000000000000000042e-02
2.000000000000000042e-02
2.000000000000000042e-02
2.000000000000000042e-02
2.000000000000000042e-02
2.000000000000000042e-02
2.000000000000000042e-02
2.000000000000000042e-02
2.000000000000000042e-02
2.000000000000000042e-02
2.000000000000000042e-02
2.000000000000000042e-02
2.000000000000000042e-02
2.000000000000000042e-02
2.000000000000000042e-02
2.000000000000000042e-02
2.000000000000000042e-02
2.000000000000000042e-02
2.000000000000000042e-02
2.000000000000000042e-02
2.000000000000000042e-02
2.000000000000000042e-02
2.000000000000000042e-02
2.000000000000000042e-02
2.000000000000000042e-02
2.000000000000000042e-02
2.000000000000000042e-02
2.000000000000000042e-02
2.000000000000000042e-02
2.000000000000000042e-02
2.000000000000000042e-02
2.000000000000000042e-02
2.000000000000000042e-02
2.000000000000000042e-02
2.000000000000000042e-02
2.000000000000000042e-02
2.000000000000000042e-02
2.000000000000000042e-02
2.000000000000000042e-02
2.000000000000000042e-02
2.000000000000000042e-02
2.000000000000000042e-02
2.000000000000000042e-02
2.000000000000000042e-02
2.000000000000000042e-02
2.000000000000000042e-02
2.000000000000000042e-02
2.000000000000000042e-02
2.000000000000000042e-02
2.000000000000000042e-02
2.000000000000000042e-02
2.000000000000000042e-02
2.000000000000000042e-02
2.000000000000000042e-02
2.000000000000000042e-02
2.000000000000000042e-02
2.000000000000000042e-02
2.000000000000000042e-02
2.000000000000000042e-02
2.000000000000000042e-02
2.000000000000000042e-02
2.000000000000000042e-02
2.000000000000000042e-02
2.000000000000000042e-02
2.000000000000000042e-02
2.000000000000000042e-02
2.000000000000000042e-02
2.000000000000000042e-02
2.000000000000000042e-02
2.000000000000000042e-02
2.000000000000000042e-02
2.000000000000000042e-02
2.000000000000000042e-02
2.000000000000000042e-02
2.000000000000000042e-02
2.000000000000000042e-02
2.000000000000000042e-02
2.000000000000000042e-02
2.000000000000000042e-02
2.000000000000000042e-02
2.000000000000000042e-02
2.000000000000000042e-02
2.000000000000000042e-02
2.000000000000000042e-02
2.000000000000000042e-02
2.000000000000000042e-02
2.000000000000000042e-02
2.000000000000000042e-02
2.000000000000000042e-02
2.000000000000000042e-02
2.000000000000000042e-02
2.000000000000000042e-02
2.000000000000000042e-02
2.000000000000000042e-02
2.000000000000000042e-02
2.000000000000000042e-02
2.000000000000000042e-02
2.000000000000000042e-02
2.000000000000000042e-02
2.000000000000000042e-02
2.000000000000000042e-02
2.000000000000000042e-02
2.000000000000000042e-02
2.000000000000000042e-02
2.000000000000000042e-02
2.000000000000000042e-02
2.000000000000000042e-02
2.000000000000000042e-02
2.000000000000000042e-02
2.000000000000000042e-02
2.000000000000000042e-02
2.000000000000000042e-02
2.000000000000000042e-02
2.000000000000000042e-02
2.000000000000000042e-02
2.000000000000000042e-02
2.000000000000000042e-02
2.000000000000000042e-02
2.000000000000000042e-02
2.000000000000000042e-02
2.000000000000000042e-02
2.000000000000000042e-02
2.000000000000000042e-02
2.000000000000000042e-02
2.000000000000000042e-02
2.000000000000000042e-02
2.000000000000000042e-02
2.000000000000000042e-02
2.000000000000000042e-02
2.000000000000000042e-02
2.000000000000000042e-02
2.000000000000000042e-02
2.000000000000000042e-02
2.000000000000000042e-02
2.000000000000000042e-02
2.000000000000000042e-02
2.000000000000000042e-02
2.000000000000000042e-02
2.000000000000000042e-02
2.000000000000000042e-02
2.000000000000000042e-02
2.000000000000000042e-02
2.000000000000000042e-02
2.000000000000000042e-02
2.000000000000000042e-02
2.000000000000000042e-02
2.000000000000000042e-02
2.000000000000000042e-02
2.000000000000000042e-02
2.000000000000000042e-02
2.000000000000000042e-02
2.000000000000000042e-02
2.000000000000000042e-02
2.000000000000000042e-02
2.000000000000000042e-02
2.000000000000000042e-02
2.000000000000000042e-02
2.000000000000000042e-02
2.000000000000000042e-02
2.000000000000000042e-02
2.000000000000000042e-02
2.000000000000000042e-02
2.000000000000000042e-02
2.000000000000000042e-02
2.000000000000000042e-02
2.000000000000000042e-02
2.000000000000000042e-02
2.000000000000000042e-02
2.000000000000000042e-02
2.000000000000000042e-02
2.000000000000000042e-02
2.000000000000000042e-02
2.000000000000000042e-02
2.000000000000000042e-02
2.000000000000000042e-02
2.000000000000000042e-02
2.000000000000000042e-02
2.000000000000000042e-02
2.000000000000000042e-02
2.000000000000000042e-02
2.000000000000000042e-02
2.000000000000000042e-02
2.000000000000000042e-02
2.000000000000000042e-02
2.000000000000000042e-02
2.000000000000000042e-02
2.000000000000000042e-02
2.000000000000000042e-02
2.000000000000000042e-02
2.000000000000000042e-02
2.000000000000000042e-02
2.000000000000000042e-02
2.000000000000000042e-02
2.000000000000000042e-02
2.000000000000000042e-02
2.000000000000000042e-02
2.000000000000000042e-02
2.000000000000000042e-02
2.000000000000000042e-02
2.000000000000000042e-02
2.000000000000000042e-02
2.000000000000000042e-02
2.000000000000000042e-02
2.000000000000000042e-02
2.000000000000000042e-02
2.000000000000000042e-02
2.000000000000000042e-02
2.000000000000000042e-02
2.000000000000000042e-02
2.000000000000000042e-02
2.000000000000000042e-02
2.000000000000000042e-02
2.000000000000000042e-02
2.000000000000000042e-02
2.000000000000000042e-02
2.000000000000000042e-02
2.000000000000000042e-02
2.000000000000000042e-02
2.000000000000000042e-02
2.000000000000000042e-02
2.000000000000000042e-02
2.000000000000000042e-02
2.000000000000000042e-02
2.000000000000000042e-02
2.000000000000000042e-02
2.000000000000000042e-02
2.000000000000000042e-02
2.000000000000000042e-02
2.000000000000000042e-02
2.000000000000000042e-02
2.000000000000000042e-02
2.000000000000000042e-02
2.000000000000000042e-02
2.000000000000000042e-02
2.000000000000000042e-02
2.000000000000000042e-02
2.000000000000000042e-02
2.000000000000000042e-02
2.000000000000000042e-02
2.000000000000000042e-02
2.000000000000000042e-02
2.000000000000000042e-02
2.000000000000000042e-02
2.000000000000000042e-02
2.000000000000000042e-02
2.000000000000000042e-02
2.000000000000000042e-02
2.000000000000000042e-02
2.000000000000000042e-02
2.000000000000000042e-02
2.000000000000000042e-02
2.000000000000000042e-02
2.000000000000000042e-02
2.000000000000000042e-02
2.000000000000000042e-02
2.000000000000000042e-02
2.000000000000000042e-02
2.000000000000000042e-02
2.000000000000000042e-02
2.000000000000000042e-02
2.000000000000000042e-02
2.000000000000000042e-02
2.000000000000000042e-02
2.000000000000000042e-02
2.000000000000000042e-02
2.000000000000000042e-02
2.000000000000000042e-02
2.000000000000000042e-02
2.000000000000000042e-02
2.000000000000000042e-02
2.000000000000000042e-02
2.000000000000000042e-02
2.000000000000000042e-02
2.000000000000000042e-02
2.000000000000000042e-02
2.000000000000000042e-02
2.000000000000000042e-02
2.000000000000000042e-02
2.000000000000000042e-02
2.000000000000000042e-02
2.000000000000000042e-02
2.000000000000000042e-02
2.000000000000000042e-02
2.000000000000000042e-02
2.000000000000000042e-02
2.000000000000000042e-02
2.000000000000000042e-02
2.000000000000000042e-02
2.000000000000000042e-02
2.000000000000000042e-02
2.000000000000000042e-02
2.000000000000000042e-02
2.000000000000000042e-02
2.000000000000000042e-02
2.000000000000000042e-02
2.000000000000000042e-02
2.000000000000000042e-02
2.000000000000000042e-02
2.000000000000000042e-02
2.000000000000000042e-02
2.000000000000000042e-02
2.000000000000000042e-02
2.000000000000000042e-02
2.000000000000000042e-02
2.000000000000000042e-02
2.000000000000000042e-02
2.000000000000000042e-02
2.000000000000000042e-02
2.000000000000000042e-02
2.000000000000000042e-02
2.000000000000000042e-02
2.000000000000000042e-02
2.000000000000000042e-02
2.000000000000000042e-02
2.000000000000000042e-02
2.000000000000000042e-02
2.000000000000000042e-02
2.000000000000000042e-02
2.000000000000000042e-02
2.000000000000000042e-02
2.000000000000000042e-02
2.000000000000000042e-02
2.000000000000000042e-02
2.000000000000000042e-02
2.000000000000000042e-02
2.000000000000000042e-02
2.000000000000000042e-02
2.000000000000000042e-02
2.000000000000000042e-02
2.000000000000000042e-02
2.000000000000000042e-02
2.000000000000000042e-02
2.000000000000000042e-02
2.000000000000000042e-02
2.000000000000000042e-02
2.000000000000000042e-02
2.000000000000000042e-02
2.000000000000000042e-02
2.000000000000000042e-02
2.000000000000000042e-02
2.000000000000000042e-02
2.000000000000000042e-02
2.000000000000000042e-02
2.000000000000000042e-02
2.000000000000000042e-02
2.000000000000000042e-02
2.000000000000000042e-02
2.000000000000000042e-02
2.000000000000000042e-02
2.000000000000000042e-02
2.000000000000000042e-02
2.000000000000000042e-02
2.000000000000000042e-02
2.000000000000000042e-02
2.000000000000000042e-02
2.000000000000000042e-02
2.000000000000000042e-02
2.000000000000000042e-02
2.000000000000000042e-02
2.000000000000000042e-02
2.000000000000000042e-02
2.000000000000000042e-02
2.000000000000000042e-02
2.000000000000000042e-02
2.000000000000000042e-02
2.000000000000000042e-02
2.000000000000000042e-02
2.000000000000000042e-02
2.000000000000000042e-02
2.000000000000000042e-02
2.000000000000000042e-02
2.000000000000000042e-02
2.000000000000000042e-02
2.000000000000000042e-02
2.000000000000000042e-02
2.000000000000000042e-02
2.000000000000000042e-02
2.000000000000000042e-02
2.000000000000000042e-02
2.000000000000000042e-02
2.000000000000000042e-02
2.000000000000000042e-02
2.000000000000000042e-02
2.000000000000000042e-02
2.000000000000000042e-02
2.000000000000000042e-02
2.000000000000000042e-02
2.000000000000000042e-02
2.000000000000000042e-02
2.000000000000000042e-02
2.000000000000000042e-02
2.000000000000000042e-02
2.000000000000000042e-02
2.000000000000000042e-02
2.000000000000000042e-02
2.000000000000000042e-02
2.000000000000000042e-02
2.000000000000000042e-02
2.000000000000000042e-02
2.000000000000000042e-02
2.000000000000000042e-02
2.000000000000000042e-02
2.000000000000000042e-02
2.000000000000000042e-02
2.000000000000000042e-02
2.000000000000000042e-02
2.000000000000000042e-02
2.000000000000000042e-02
2.000000000000000042e-02
2.000000000000000042e-02
2.000000000000000042e-02
2.000000000000000042e-02
2.000000000000000042e-02
2.000000000000000042e-02
2.000000000000000042e-02
2.000000000000000042e-02
2.000000000000000042e-02
2.000000000000000042e-02
2.000000000000000042e-02
2.000000000000000042e-02
2.000000000000000042e-02
2.000000000000000042e-02
2.000000000000000042e-02
2.000000000000000042e-02
2.000000000000000042e-02
2.000000000000000042e-02
2.000000000000000042e-02
2.000000000000000042e-02
2.000000000000000042e-02
2.000000000000000042e-02
2.000000000000000042e-02
2.000000000000000042e-02
2.000000000000000042e-02
2.000000000000000042e-02
2.000000000000000042e-02
2.000000000000000042e-02
2.000000000000000042e-02
2.000000000000000042e-02
2.000000000000000042e-02
2.000000000000000042e-02
2.000000000000000042e-02
2.000000000000000042e-02
2.000000000000000042e-02
2.000000000000000042e-02
2.000000000000000042e-02
2.000000000000000042e-02
2.000000000000000042e-02
2.000000000000000042e-02
2.000000000000000042e-02
2.000000000000000042e-02
2.000000000000000042e-02
2.000000000000000042e-02
2.000000000000000042e-02
2.000000000000000042e-02
2.000000000000000042e-02
2.000000000000000042e-02
2.000000000000000042e-02
2.000000000000000042e-02
2.000000000000000042e-02
2.000000000000000042e-02
2.000000000000000042e-02
2.000000000000000042e-02
2.000000000000000042e-02
2.000000000000000042e-02
2.000000000000000042e-02
2.000000000000000042e-02
2.000000000000000042e-02
2.000000000000000042e-02
2.000000000000000042e-02
2.000000000000000042e-02
2.000000000000000042e-02
2.000000000000000042e-02
2.000000000000000042e-02
2.000000000000000042e-02
2.000000000000000042e-02
2.000000000000000042e-02
2.000000000000000042e-02
2.000000000000000042e-02
2.000000000000000042e-02
2.000000000000000042e-02
2.000000000000000042e-02
2.000000000000000042e-02
2.000000000000000042e-02
2.000000000000000042e-02
2.000000000000000042e-02
2.000000000000000042e-02
2.000000000000000042e-02
2.000000000000000042e-02
2.000000000000000042e-02
2.000000000000000042e-02
2.000000000000000042e-02
2.000000000000000042e-02
2.000000000000000042e-02
2.000000000000000042e-02
2.000000000000000042e-02
2.000000000000000042e-02
2.000000000000000042e-02
2.000000000000000042e-02
2.000000000000000042e-02
2.000000000000000042e-02
2.000000000000000042e-02
2.000000000000000042e-02
2.000000000000000042e-02
2.500000000000000000e+02
2.330509247635951020e+00 -2.184311294564104777e+00 -1.271036336326155647e+00
2.967981553793334726e+00 4.751845961111825112e+00 -4.998951007429345950e+00
-3.974275799173814239e-01 1.396198197287691567e+00 1.105150534136860152e+00
-1.068310493092507407e+01 8.636217753300594602e-01 -1.237764300137184303e+00
-5.594648041582124698e+00 4.833532252248218697e+00 -2.262814263254036895e+00
-6.192200164647621193e-03 6.846635415951054515e-01 1.523738690856911937e+00
-1.345844296596149459e+00 -8.876897063740856186e-01 -2.678595837001147562e-01
-1.357490280296523366e+01 -6.471525711066070663e+00 -4.928495415417341263e+00
-1.244051675096197407e+00 -1.614917440753567135e+00 -1.429726264305384520e+00
6.478451017951595503e+00 -3.394519775994546684e-01 7.749595136930048644e-01
-4.966053598380928413e-01 -7.218396114372492567e-02 -6.377452619641348353e-01
-1.403707950259126314e+00 -1.906321725745667273e+00 4.756824607253913317e-01
-2.373910625721157963e+00 -1.609064603237237226e-02 -6.153793630536581460e-01
2.526637177281173763e+00 -1.087137670710364296e-01 -5.454238654703720268e-01
-3.564869320817589671e-01 -2.992615144130232330e-01 -1.298465074179298906e+00
-2.725119048861137205e+00 -3.146203034973763746e+00 1.022227195356874674e+00
-4.014448153550880805e-01 4.981058839612366285e+00 -9.898732430585769348e-01
-1.536217417503446647e+00 1.030270544553270717e+00 1.181544677351910266e+00
1.650132808855654387e-01 1.673276977978840341e+00 1.113166870486615556e+00
-1.439560944318148072e+00 -9.746308137844235109e-01 -2.767961643553647821e+00
-2.437767559337780110e+00 -3.257637530050283114e+00 -2.268577748961352558e+00
-6.433071183741154719e+00 -5.273743006159760327e+00 -3.267877736745276041e-01
4.413180490786708710e+00 4.167113466261549881e+00 -5.787129609581425527e+00
4.736179173050392710e-01 -1.390912911088022230e-01 -3.631351894082434639e-01
-5.371962117843078310e+00 -3.786477674543763161e+00 -2.245268094616378551e+00
1.706851529569575643e+00 2.010676291882810052e+00 6.097041073021283175e-01
1.507463195114341570e+00 -1.844928387169389783e+00 -4.213506477412463092e+00
-5.738866844778457654e+00 -1.486031588858612862e+00 -1.791841704846331318e+00
6.441460974143112805e-01 1.259615712573186830e+00 -2.563680943458664263e+00
-7.347876911013134560e+00 -1.920942716018968044e+00 -1.766648901798961724e+00
1.066185822160162333e+00 4.312419870636579944e+00 3.437734822134093093e-01
3.547807110964421029e-02 1.701363478458381762e+00 -1.893983614255034587e+00
5.798758704288941246e+00 6.420835329050051499e+00 2.654716116257554326e+00
4.992863955464580172e+00 1.873183422608422966e+00 -3.676267671257718583e-01
3.148219384272417543e+00 -3.198407290979615514e+00 5.462585520542823092e-01
-1.784429614304213985e+01 -6.087753760309267959e-01 8.413959451136163281e+00
9.238139685569516146e+00 -6.093657703037005824e+00 -3.666170967031929795e+00
7.542795520075485927e-01 -1.081909059754749602e+00 -4.502507389208362909e+00
3.158745839291428048e+00 1.348771662340830568e+00 1.331450089633910983e+00
-9.033866615668886269e-01 1.723184810727377947e+00 -2.058821250239412759e+00
-1.730610633583932190e+00 -4.622143689335350691e-01 -2.017527413435139305e+00
6.475281320937317453e+00 -1.101363805563335907e+00 1.348146582954939721e+00
5.492685124435638944e-01 2.442714573794727839e-01 -4.509550864324399555e+00
-1.748947585148056927e+00 1.547409965705476731e+00 2.127208964591439599e+00
-1.071284963607160856e+00 -2.758035142839346587e+00 -2.115184378561695056e+00
-6.636697490093810270e-01 1.757740279410451301e+00 -3.679184832855008747e+00
7.162315869214276320e-01 -2.146482155647605694e+00 -2.664564606080046527e+00
-7.541458745795889262e-01 -8.979859591660055429e-01 1.004663831684868835e+00
-6.978972162668701351e+00 9.998186515748018977e+00 -7.622990157001940936e-01
-1.200092945151558788e-01 -6.222393242117911782e-01 6.637337495129088660e-01
4.797040862692975338e+01 2.592351849525509877e+01 2.699657848117748227e+00
7.265189003450918115e-01 1.169734804484263480e+00 -6.737579474120378720e-01
-2.287119540119927130e+00 4.259323199415715466e-01 1.518189482349770192e-01
8.637034905035528842e-01 2.096760378073352804e+00 -3.217443379996659525e-01
3.865016513906125439e+00 3.668122755711696659e+00 5.631323845415670881e+00
7.866639490687376002e-01 -1.912834134512311213e+00 -2.518432401445957591e+00
-2.620115012514980801e-01 -2.201079304129889280e+00 -1.345725365459931933e+00
1.908801006672340428e+00 6.049134650274312186e+00 3.814732796657382963e+00
-4.244904062657975374e-02 2.195651389622829797e+00 -6.897515553690483081e-01
-3.206153850736510602e+00 -6.818250522222813359e+00 -8.375508712558629165e-01
4.684420077923415748e-01 -1.228575736534422536e+00 4.524014285873175778e-01
-4.690042455912620589e+00 1.925930071609566474e-01 1.187483484699643554e+01
5.407062294264347813e+00 1.631209594888392189e+01 -1.048899517849338636e+01
-2.370836727776640396e-01 -5.044461770571910808e-01 -4.638063091198836307e-01
-1.791145236987589984e+00 4.860018039617973740e-01 1.061574557905267335e+00
5.331823202547972151e+00 9.845033911264811088e-01 1.182341556087732037e+01
5.832354499454386332e-01 5.035820241658847785e+00 -6.559785683870212658e+00
4.271983323964598234e-01 -5.730208880157644513e-01 -1.576345047239267050e+00
2.030918418202275255e+00 -2.947303722462480735e+00 -1.224129619294402671e+00
3.587743184284820863e+00 2.486464338346006553e+00 -8.098376384051483301e-01
-2.077539178267948650e+00 2.776792843501272756e+00 -1.725627090848101730e+00
1.303238849074329586e+01 -1.482134085409082580e+01 -1.178561480326049882e+01
7.560550022718131480e+00 -2.640696295806015392e+00 3.254198631625009774e+00
-1.618445859158997857e+00 1.310590838753999732e+00 8.232748211845072106e+00
3.382937397243125144e+00 3.972554802677374486e+00 -1.218531542813393376e+00
-1.596306267825609915e+00 -1.005061192542349380e+00 -1.578890540366342465e+00
-2.126189523679929139e-01 -1.377990826255766521e+00 6.905785447161432167e-01
4.855276855158797922e+00 2.584117640308660313e+00 -2.566765584720460236e+00
-2.908935114206716133e+00 -2.168732932712596484e-01 7.555665032067200304e-01
-1.029059707507072652e+00 3.276868519118504852e-01 -2.935401787965377540e+00
-2.125312807770913803e+00 -7.552394518403472701e-02 -1.036715662282791106e+00
-1.545629094349516841e-01 1.820001984684789909e+00 -1.855170932230813530e-01
4.572815501497871971e+00 -2.162647688399333745e+00 -1.420330211667011122e+00
-3.763643858742781401e+00 4.670218097711274829e+00 -1.861366417634730430e+00
1.573146792681153761e+00 2.321729569804033666e+00 4.824679692095737771e+00
1.962646609574603573e+00 -5.212157155865989822e+00 8.167212622640889208e+00
9.736022946163519487e-01 -9.999033791643803237e-01 -2.520990375724278199e+00
-1.836999015527397416e+00 1.956433112268478158e+00 5.207681859284660320e+00
-9.264732413352261275e-01 1.145775522422992410e+00 -1.485380228312572215e-01
-4.793291619782888091e+00 -1.073544716260149690e+00 4.891490342707520700e-01
-5.639140981557125461e-03 -9.003329129748609272e-02 -5.994697052162615281e-01
-3.294615290050395995e+00 1.648795670850944362e+01 -1.155690227154787530e+00
-9.685979771502492008e-01 1.246893832718440454e+00 -9.412351792158432096e-01
-3.939314799256858013e+00 5.530870487150135517e+00 1.103489628185480687e+00
1.149382860617720326e+00 1.705476393176606820e+00 2.806677444570848112e-01
8.042789953299878114e-01 2.131980086484579762e-01 -1.830492771417481679e+00
3.689113715853709063e-02 -2.378930629682795006e-01 1.162375978135803400e+00
-4.127297806431710625e-01 2.662189744596266672e-01 -2.824567375460355745e+00
1.194052982882247427e-02 7.500663286711563016e-01 -1.702938594827957397e+00
-3.731304818898935949e+00 -1.644056957173754885e+00 6.848017667683911069e-01
1.701068339379107730e+00 1.912316936958507796e+00 1.985532559301409705e+00
-9.155289540285617422e-02 -3.661480727727515649e+00 1.445867160894281689e+01
3.185838428171116732e+00 3.456727084159716412e+00 2.373267993149313693e+00
3.739893657363008828e+00 1.725844054405822003e+00 -4.027344941449591542e-01
1.848513574880865651e+00 -4.285319194962829314e+00 3.057910630352246528e+00
-4.528001430471630395e-01 1.906422927932078570e+00 -5.434475079677931753e+00
-1.213661459678841759e+01 1.843923975396177539e+01 -6.979581358631847365e+00
-5.111665787083043533e+00 6.826705306154748243e+00 -4.200100273791869121e-01
-2.475695188079910736e+00 1.452536964903760053e-01 -1.391388936522412356e+00
1.005323014524361236e+00 -1.095480362588681533e+00 6.014128513750741645e-01
1.015435861804762974e+00 -2.817853146489520011e+00 -2.009120023168117442e+00
-8.171638155825178274e-01 -4.443464634707144256e+00 -9.842794063858136155e+00
-3.406387517843799007e+00 -2.298283768354639101e+00 -4.727579278515690042e+00
-8.018387624332229402e-01 8.872482515514950041e-01 5.148193170025038290e-01
-1.502138191869765382e+00 -8.480096457008422517e-01 -6.134412117893056626e-01
-4.835083858449261918e+00 1.927961351707993654e+00 -3.313639905040110523e-01
-3.118079337430313291e+00 2.718569772397662021e+01 -5.851178302546487409e+00
9.143831762016600695e-02 2.752262640639011049e-01 6.587552714290856315e+00
-2.027807053373246460e-01 5.451120867972250039e-01 -7.344180042717952439e+00
1.849880908249123213e+00 -1.561893229628828594e+00 -3.343833513820241077e+00
-3.780876587559907631e-01 -6.248036464593782924e+00 -8.303877850137134642e-01
-1.562384020149855957e+01 -9.928184948661847642e+00 -1.770670444224124784e+00
-1.368484635176099973e+00 -7.709791842615322244e-01 -1.954667212016730105e+00
-1.380788212962987260e-01 4.197598677154197766e+00 3.493489136491372271e+00
2.359103605880743082e+00 7.611256287076545446e-01 -2.846997311484096738e+00
9.540719289497809896e+00 -2.280665296212483995e+01 1.112015562935690127e+01
-2.462685309000785416e+00 -3.042718306207825574e+00 -6.007402482143539224e+00
-3.487741892602317512e-02 -2.405906408743800073e-01 5.520602379834449458e-01
2.346507195543262814e+00 -2.793370176962794549e+00 -6.218208779230587069e-02
-2.556160557046879234e+01 -3.757327989999193818e+01 7.096461397291086826e+01
9.582307933484101037e-01 -2.701024317603543334e+00 3.136301047393856400e+00
-1.056741799442885466e+01 1.576990384439581894e-01 3.819133807349168741e+00
1.160829977396417245e+00 -1.345368852574212015e+00 1.262863361083509828e+00
-1.193687640986021564e-01 -8.665196285681352473e-01 -1.382731330767497546e+00
-7.055714353037179087e-01 1.118774911185104193e+00 -3.040741357311535609e+00
-2.093527337407160349e+00 2.867319794656118859e+00 -7.651416295851014571e-01
-3.118041012546787782e-01 -2.694199590735670835e+00 2.122709509633670333e+00
-4.647990240178727084e-01 -5.381523887806341833e+00 2.348162333226085363e-01
-2.311156492211231317e+00 -1.118942024808312841e+00 -2.314002510961062686e+00
-1.423994042428276541e-01 -6.273072330854992940e-01 8.579426119626265557e-01
-5.499951015267944499e+00 -6.222291815419966454e+00 -6.459126041142977392e+00
1.909769860860265567e+00 -4.580763928434167798e-01 4.555931352982088178e+00
-2.098577015060323347e+00 3.144170206406640578e+00 1.314201829157649382e+00
6.776541814060428770e+00 -3.147974617848981804e+00 -2.283862469345357749e+00
8.433796642042015179e-01 2.354513563431472445e+00 1.207783493124194196e+00
2.637953541378775579e+00 3.148666588340524708e+00 7.726779838926355337e-01
2.956923291868082670e-01 -1.624253678049796257e+00 5.371508768468459927e+00
5.000425612366021788e-01 -5.971786988533981377e-01 -1.473174533584860280e+00
-2.491187196768545054e+00 2.743133896485709489e+00 2.231586798487557477e+00
1.435452121464046771e+00 2.643988452589239646e+00 5.763105143773402661e-01
1.499119490204826377e+01 -5.230283457598469132e-01 -2.552310247454850689e+00
4.048834488942006260e+00 -9.988010451436825365e-02 1.327456228517891468e+00
-4.685351280747060088e+00 7.410791928075371793e+00 2.382681851915391391e+00
5.707935537705010276e+00 -7.755008163376542196e-01 -3.410154967817273231e-01
8.235383636149735676e-01 -8.394427290859024504e-01 2.854825979168947203e+00
1.676069344541993855e+00 -1.636562871481272996e+00 -9.377092683605842138e-01
-1.170826938068048717e+00 -1.745125353521491007e+00 -7.447467891203436441e-01
-1.755855712070142793e+00 3.317800568266449177e-03 -3.078904850568283891e+00
3.684646604801794290e+00 1.589632665433339698e+00 -9.855289136108553727e-01
7.593961686721931947e+00 3.803852337753539370e-01 2.926204469336160852e+00
-1.482185589070289078e+00 -4.793648606306244453e-01 2.351811647226439206e+00
2.400210218100420345e+00 5.841387543311583608e-01 -3.543199716088381468e+00
-1.686384850618204700e-01 -2.745525459774925903e+00 -1.476822425535173622e+00
-3.411339388141315432e+00 -2.324949872026899733e+00 1.211015453008552845e+00
1.703899121872014177e+01 5.301435965476810175e+00 -1.035883211172150986e+01
1.468221921253141105e+00 3.419596985928494148e-01 -1.578024675619974726e+00
-1.099946688376974846e+00 1.119521091895164577e+00 9.440761070509430253e-01
-4.427680185067579544e+00 6.645773003249461297e+00 1.815538278232971647e+00
3.748711822656050074e-01 3.144303780070368148e+00 -1.549405641699886926e+00
-1.122082371777362031e+00 1.062409807183160249e+00 3.291911903499696646e+00
2.311984728421205393e+00 -3.556743021083762502e-01 -1.986641508364368480e+00
-1.554147953486099576e+00 1.630536044461393441e+00 -2.297156028624620372e-01
-8.130423815462664017e-01 -1.696192130273113330e+00 1.496451917910681384e-01
-3.333905229040470708e+00 2.322057580924181241e+00 -2.735890423865787291e+00
-3.529614276735475453e+00 -3.597884391846610352e+00 2.251493683055645789e+00
8.594574757407379195e+00 7.782812763395490663e+00 3.626954868457865189e+00
3.461578816216795307e+00 3.516659778475871967e+00 -8.656247722734968786e-01
-7.668804255242361867e-01 -1.227342263991355820e+00 1.372141640854811273e+00
-2.972832640943315896e-01 -2.305666257826303855e+00 -4.527847633238856195e-01
-1.186376335308361868e-01 -1.377561342780749376e+00 1.767381278000607292e+00
1.090968613064417780e-02 2.504520389984567164e+00 -3.582593720571193852e-01
9.259743951232742853e-01 -2.301496323950929845e+00 6.310395497429255318e-02
-1.499123914597699780e+00 1.814980904260213190e+00 -2.989337137280311474e+00
2.620588212939762407e+00 4.509393507628836950e+00 -2.170512948915863660e+00
-8.566205227712427872e-01 -7.633219020380895614e+00 4.844719722483329605e+00
-6.313463897343675191e-01 -2.004810018861604426e-01 1.427938817494840862e+00
-1.538260776740268732e+00 -1.063218452079917054e+00 1.219403531018611764e+00
1.064485018900933472e-01 -2.476969683259666155e+00 -5.380588535073006495e-01
-9.664205770162435094e-01 -2.467491807992129083e+00 -3.213594251268003799e+00
-1.942703526175896300e+01 1.026288296676817424e+01 -6.126611332884779770e+00
1.297963871390120705e+00 9.399012919523349607e-01 -1.764281153953982662e+00
-7.891323292500463937e-01 3.464069645863355751e-01 -1.802643467901774210e+00
-1.374138369029712869e+00 -5.788630196418006690e+00 1.721556780448442625e+00
-3.814788296495255082e-01 -3.305691257882763523e-01 6.571630565080303077e-01
1.779446918120361820e+00 -5.107438000429017855e+00 6.115958241349414570e-02
-1.266059835922582977e+00 8.331282920258071822e-01 3.685491012537628897e-01
-4.189104250900627768e+00 1.270307074870048325e+01 -2.693608138958506260e+00
-2.615788632757211296e+00 -1.638969772857618246e+00 3.219966440975563948e+00
1.121519582298392326e+00 2.011675641512312929e+00 4.411432558471151816e-02
7.930267292724902939e-01 -5.601297171095886984e-01 1.163399891689774091e+00
-2.559629636328187852e-01 -1.038305736636275789e+00 2.358283417825501535e-02
1.741666859019480151e+00 1.959715691909333479e+00 -1.649353422139698822e+00
-2.571691133002819152e-01 -1.965503765275090631e+00 5.196087863642764176e-02
-2.595816042767981724e+00 4.122729515585526472e-01 -1.567268763769716688e+00
8.418158235421506319e+00 -1.581803478083827263e+00 2.111112792255662285e+00
7.394441157320469360e-01 4.821564513818798581e+00 1.236651740930635235e+00
3.592249270730738964e+00 2.451493926080759334e+00 1.583669848558053594e-01
1.812098081506398506e+00 -1.462500594312142965e+00 -2.829272620018079110e+00
5.128375378516786043e+00 6.045671722541766435e+00 2.141510261323176234e+00
-4.123510494603142146e-02 4.162822597975301964e-01 -3.602210965779559793e-01
4.043438034988313667e+00 -4.122893414995322248e-01 -4.083563648312877464e-02
3.865566396842321062e+00 -2.106764879970528526e+00 1.947735889212786287e+00
5.164278627739781413e+00 1.955372068208067970e+00 -2.113883040545924796e+00
1.365430048459054246e+00 -5.826275101470236528e+00 1.831932529557707134e+00
7.849012665345469486e+00 -3.038968647823077518e+00 1.261501310969627143e+00
1.145666996762110479e+01 1.682423526130952141e+00 1.279389795932642215e+01
-1.060769326906056076e+00 3.358662323205241940e+00 1.158992090378441642e+00
6.475209576361939945e-01 1.416867377092253300e+00 2.637979604292021163e-01
-2.639935819600944811e-01 -8.936053219679909176e-01 -1.042752566039781170e+00
1.062327718608009341e+01 6.404325204190032261e-01 -1.362698798549154588e+01
1.119983787121343610e-01 -2.579152156954407804e+00 5.596643081109998974e+00
-3.889413083773622493e+00 -1.508842119872447896e+01 -2.821678635273900948e+00
-4.612046644215194391e+00 -8.395017378063029945e-01 -6.126068565279060074e+00
6.986651504810227342e-01 -1.034915293879482556e+00 -1.115326721927707654e+00
2.505232115954731054e+00 1.700760178633552444e+00 -1.481171775451039618e+00
-4.394610432209978268e-01 -2.628831342936849502e+00 -2.754400645353568322e+00
-2.701847342170211164e+00 2.683055218694628152e+00 -1.751371434751442413e+00
2.341679378539071266e+00 2.519123291968440870e-01 4.591115578497999117e+00
3.689929791992771158e+00 4.402768552409797920e+00 -1.568005111233199189e+00
1.129201377524937655e+01 -6.817265702223605395e+00 -5.873702583601955185e-01
-1.554234929973228319e+00 -3.603537921899091057e+00 -4.090755037026638230e-01
2.861369576413732574e+00 -1.860163709960990230e+00 3.084253806450827362e+00
1.742190079655024704e+01 -3.029330002252814125e-01 3.882734751290220832e+00
-3.827455201859081058e+00 1.955817273768876374e+00 -1.357840191261014517e+00
1.884605437606640399e-01 2.040277283809320163e+00 2.899370813679363224e+00
-2.228091152741711323e+00 -2.703281658693883927e+00 -3.760682139861165840e+00
4.400418415273474437e+00 6.125115190472543603e+00 8.314576005191954167e+00
-5.577151435476570107e+00 -8.497732874911870127e+00 9.917269975790675929e+00
6.535181422581893829e-01 2.825426544718560029e-01 2.239000090109347862e+00
1.308278603371504589e+00 -2.548254970622889637e+00 -1.743642538865908920e+00
-5.451221245751454170e-01 -3.055161409133924533e+00 -1.471992314183097283e+00
1.761954798193897886e+00 -5.566106263855186143e-01 -1.211473059417316644e+00
-1.006092348953698812e+00 1.563557166108516583e+00 -3.060011740331517238e+00
1.419669421825713908e-02 1.973155665744849019e+00 -5.037490619345031950e-01
1.908740807037265508e-01 -1.731661861976573569e+00 -3.332491351589601969e+00
-7.865991307580459946e-01 -1.467762302645522432e+00 5.097290173724098317e+00
-4.522995520082294441e+00 -3.124008514172581297e+00 -1.392138148836613132e+00
-7.870030223813141435e-01 -5.925280660142125955e-01 -3.994736033163199806e-01
2.299444065707475782e-01 5.222973109292215810e+00 1.361736033821448588e+00
-3.486682563453195716e+00 -6.042348709950648433e-02 8.854320059282939637e-01
-6.236296097086883039e-01 -2.542459244478580072e+00 4.431838609600442069e+00
-1.034888224600285689e+01 -1.399858823685263687e+01 -9.871284033395749447e+00
2.861227141463116297e+00 2.764738498453083726e-01 -1.765226085278782442e+00
-4.382382177889735608e+00 -9.256512227108778523e-01 -2.949981901635797321e+00
3.458548852134506912e+00 -3.149992868042799543e+00 7.334999841553779820e-02
-1.037014281384959880e+00 -1.503345881596245548e-01 1.216511123623709612e+00
7.368143832581264263e-01 -2.217993486500388078e-01 5.446391499362998045e-01
-1.197848144680110583e+00 1.292698699880984181e+00 1.092856652860795696e+00
-1.798287515929301916e+00 -5.804655032408888582e-01 -1.115880467119006347e+00
-2.566748265999430956e+00 2.242038489430158599e+00 3.277269580941650329e+00
-9.169825294797047111e-01 1.447960887287962350e+00 4.506119248473297922e+00
9.218292639909874353e+00 -4.626817470781346975e-01 -1.017912987002420167e+01
-1.103219720784607283e+01 2.012395262841886634e+00 4.813679024083569402e+00
-1.030195418007285424e+00 1.261556132373148120e+00 -1.324576835169617217e+00
1.162605143205958536e+00 -1.569678204423782697e+00 -2.730784656881199535e+00
-3.183700902530779420e-01 2.576769525535175465e+00 -1.564832641865859353e+00
-1.947907073353928542e+00 2.223377242825124167e+00 -9.436228985518431145e-01
-8.819060090958333320e-02 -3.853190041359867424e-01 7.623855235325702751e-01
3.607854713947399983e+00 -4.544119185252690762e+00 -7.778718888973624068e+00
-1.084381428462112495e+01 -4.964543207660066848e+00 1.040885642224585794e+00
-3.848326057289951363e-01 1.043701662695449173e+00 6.220693230954075226e-01
2.720265880177390017e+00 -2.307553005703590066e-01 -1.579334490122179246e-01
2.485889087812394926e+00 8.481834652246460493e-01 8.171267699918546290e-01
-6.544991155984265507e-01 -2.169362769684748837e+00 2.651002627454183802e+00
1.729632073997526165e+00 2.359895934738815218e-02 9.926767212571774301e-01
8.838664030536081739e+00 5.415965063923503742e+00 -9.295308803381295837e-01
2.433282059899533945e+00 3.191495536015760970e-01 -1.879963023280432299e+00
-1.276411260311298701e+00 -5.932831973246736723e+00 -4.798344818970926795e+00
2.070953426429888111e+00 -2.407561403471561778e+00 -2.263507962059590817e+00
-4.347505816955271385e+00 2.187755091910087213e+00 -3.544251362855314724e+00
-1.128752209397264394e+00 1.762488684064289712e+00 1.682170549768198464e+00
-4.119614555779336218e-01 2.917994145813317175e+00 3.159122601832573540e+00
1.792163448500903655e+01 -2.172621054366265625e+00 -1.730637179212257593e+01
-3.902462824279632203e-01 6.319928917053863948e+00 -8.140175173514251128e+00
-1.229479897368380037e+00 1.924301424641768232e+00 2.485170367561132798e-01
-1.010043029147095162e+01 -1.040583250302154994e+01 -5.658976502747164794e+00
4.401285871823091278e-01 7.168583811262965177e-01 -1.081888810468277784e+00
-1.361740592608237099e+00 1.073223674186259524e+00 1.377664116168281494e-01
2.654458866622874336e+00 5.100369369336265057e-01 -6.944783583332597710e-01
4.877132706768845249e-01 -8.904249732641665860e-01 2.225733339652520015e-01
3.682948750437625929e+00 -5.171422119952469920e+00 9.428291960504917579e-01
-3.955971151744994141e-01 -1.122244352600910489e+00 1.360338615435552789e+00
7.301177984567043255e-01 -1.121584286451947188e+00 1.819471124119416972e-01
-2.905879305272197843e+00 -3.283790842871927129e+00 -1.231618710000025319e+00
3.553713170863703308e+00 -4.364466188748793662e+00 3.188590143603949323e-01
-5.646855934649881448e+00 -1.152557434586067053e+01 4.810137543205362382e-02
8.203081702427782673e+00 2.328794287094448912e+00 -1.174726071147175199e+00
1.374830516306090544e+00 6.250982875730604071e-01 -2.236083798440356762e+00
-2.899668376063360142e+00 -2.849360382561288318e+00 1.989673685457090224e+00
-5.055686974160917835e-01 1.511918021122845290e-01 -5.108488420989903966e-01
1.009047030807532330e+00 -7.419871421670268141e+00 -1.679096035191645342e+01
6.865413893438303106e+00 7.566458766109085410e-02 -3.319063586566114665e+00
-7.933010034686130751e+00 3.881344597214785863e-01 -4.898037933474956307e-01
2.710966505300219185e-03 6.085409294212539288e-01 -1.005024278094180712e+00
9.557891722014659752e-01 -1.280634486942164862e+00 2.531947405409923912e-01
3.828784874035894958e+00 2.333664154758698039e+00 -2.810868037247054918e+00
1.073929379360010428e+00 4.239501800099202411e-01 4.460357845832097490e-01
1.335110702074982392e+01 -3.594877464110697307e-01 -2.324357961484361912e+00
1.103408653094549052e+00 -2.497354879706419895e-01 -2.930701953124255521e+00
3.412991835493994763e+00 -1.183313204590545231e+00 -2.498873080006333236e+00
1.016965786460805710e+01 -3.394711816375045377e+00 2.849240768799966794e+00
-1.578496691474441604e+00 3.149476494785957148e-01 2.137148808604325545e+00
5.618968524607187431e-01 1.782208698312163442e+00 2.020284244829063436e+00
-2.020618084934119096e+00 -2.826745038559829837e+00 -9.636374431694249010e-01
-9.511092598820991562e-01 1.010485183729493919e+00 7.033822756098588869e-01
4.348445918249481679e+00 -7.504903447977127051e+00 2.405223563264566433e+00
3.837383059319454670e-01 -1.799068900645122815e+00 1.277376914154171539e+00
-4.987640937723536894e+00 2.437937791601519910e-01 3.774809915131175919e-01
-1.579618383363815104e+00 -3.464327128900920871e-01 4.117403477654488775e+00
9.223449943738401657e+00 -8.630574040961572990e+00 8.969950525848064515e+00
8.400626386286039748e-01 1.002737719830528729e+00 -1.398429390879815548e+00
3.001930817313414490e+00 2.140064220349318980e+00 1.796324797452216959e+00
9.641342422889858099e+00 -1.187120442473603354e+01 -1.175701651663340996e+01
-8.516547182511838843e-01 -1.197365690119407411e-01 8.025947733081855162e-01
1.246550389300884465e+00 -1.017617491069614521e+00 1.583021630653472789e+00
6.840271899027802860e+00 4.956703501339545070e+00 -4.747777291776959174e+00
-3.215931283771294602e+01 -1.025476010820531414e+01 6.652361349138137925e+00
-2.740011033902796544e+00 8.670638379312824995e-01 -1.518046084832367915e-01
4.680078480573675037e+00 3.060340168485695234e+00 -4.413800621983501316e+00
3.010657735065184859e+00 3.107599021250032401e+00 -1.020518653223832617e+00
-2.158003575418228515e+00 -8.303851892971155779e-01 -1.350318152785668913e+00
2.553491584302500783e+00 4.022105120213619739e-02 -2.696361690160269386e-01
1.295311335686230692e+00 1.186665482775216773e+00 1.158726481916934281e+00
1.901354946717884464e-01 -1.726361580412641761e+00 1.000590025656089010e-01
-4.565146470932221590e+00 3.800788328797622961e-01 3.266591007829797721e+00
-1.121185226525658774e+00 4.392537962533247797e-01 1.011087943988365323e+00
1.871154049781573736e+00 1.581908335656693199e+00 -4.564686369594990190e+00
-2.072253088843756430e+01 9.964233777624317279e-01 -1.600837067930246960e+01
-3.618892866183843982e+00 -9.414710472038383127e-02 1.153622448358798902e+00
2.780223321866106406e-02 -4.089953090477197684e+00 -3.778048232717054145e+00
-4.176519471262524519e+01 -1.405273372441097877e+02 -9.106000409504437698e+01
-1.441496045015351113e+00 -9.421968144413776614e+00 -1.266048206358473482e+00
-4.246454077615450906e+00 -1.995900959653994278e+00 -9.880333667208300863e-01
1.429759340364814779e+00 7.676601705046823820e-01 2.481312829635426098e+00
3.330090939590107713e+00 -1.690746586824405651e-01 -2.975750855055222299e+00
4.561988984650549916e+00 -1.665562452179983444e+00 -1.437757253665821744e-01
4.218301023712013875e-01 -5.218387426886531344e+00 -6.840014465514911102e+00
1.433983636804059936e+00 2.951897609278687495e-01 1.488303003646126887e+00
-1.862311465226463980e+01 8.750329250359258992e+01 -2.099049148915063512e+01
3.417020120359079427e-01 1.438344642242982641e+00 1.275392517545132609e+00
1.570191744081899987e+00 -6.864966724048508162e+00 1.163179453890065940e+00
-2.034201247753882669e+00 6.971158596401091367e-01 1.926251190801216318e+00
1.823078913740471041e+00 -2.340083621839518013e+00 -5.565449430226836469e-01
-3.821731330566546098e-02 -4.680045459194713819e-01 2.791628857581254231e+00
1.251747740506802709e+00 -1.138912872667731779e+00 2.526143273030681535e-01
-3.353807028417068459e+00 -3.153315730090624491e+00 2.583904331574858215e+00
-1.650943178367617392e+00 -3.695860009527532908e-01 1.799247737465848207e+00
1.062711902387649454e+00 1.489040452583095142e+00 -5.619201683848162876e-01
-6.298429782988027581e-01 1.682502821108289082e+00 7.677391165428342212e-01
3.897233616343912299e+00 3.142991146381650669e+00 5.466868290015436394e+00
5.142929023002877464e+00 -2.049280540866605271e+00 -2.784366012323316042e-01
-3.413172596606086184e+00 -3.024226526916079738e+00 -6.429815526001295467e+00
-3.682178510405040295e-01 5.492661163953601600e-01 -1.435785034799112347e+00
2.112422892480505521e+00 -2.411653552008420132e+00 1.563895329824541713e+00
-1.174618666578459258e+00 -1.841604461540534698e+00 -1.889597635522173746e+00
-6.392810971410244347e-01 3.629414548764291926e+00 4.562829483850874279e-01
4.348152233756313656e+00 -6.513872128077069501e-01 2.204824772819596213e+00
6.117033048504858961e+00 3.034563152364156746e+00 2.378359230568305449e+00
5.084768691011509745e-01 -2.061066181946230369e+00 1.006634385884903393e+00
-8.278989324080654910e+00 -1.766337625997345340e+00 -1.189979913100090103e+00
-1.536001913326396995e+01 -1.461571871965658076e+01 1.899520534078896006e+01
-6.750010348331084709e-01 -6.680285708933483835e-02 7.087815831000403299e-02
-3.153741492984015859e-03 -4.837928250929443563e-01 6.916721537171877099e-02
-2.220734180401066737e+00 -2.119463145179318886e+00 7.574942698184046197e-01
2.483250136370046268e-01 2.731114726017181304e+00 4.452369057767056049e-01
-1.534785739328454190e-01 2.077253231817281165e+00 -1.311380429337773101e+00
-1.853037925657273322e+00 -1.334123241353126765e+00 -2.982722792133517542e-01
-1.941467176860470767e+00 2.803732774864604593e-01 -2.454719610184632916e+00
2.379838172203926128e+00 4.016123643583683345e-01 -8.236326515438350260e-01
-2.414156288667248962e+00 -2.150138255170273016e+00 -5.163038117779441549e-01
2.672697473335776674e+00 -2.650243834665325871e+00 4.915817734219015023e+00
3.572764652746366121e+00 -2.996211274331576035e+01 -2.163885636074809327e+01
1.342669305028549642e+00 -2.968269109694393060e-01 1.654384116511511182e+00
1.179924942759682294e+00 1.906121941593822866e+00 4.448841367869607488e+00
-2.642876279614050361e+00 2.831753491162068315e+00 -5.545192795711586520e-01
2.557298780750039580e+00 -1.939610930577237324e+00 1.397860830713424596e+00
2.078285454925241194e+00 3.816808298983215275e-02 3.669985120051034944e+00
6.490859929441882059e+00 -2.246030102911667825e+00 4.418842606721076760e-01
3.148344767123977483e+00 4.612421524739679590e+00 4.551481872584167476e+00
3.135402974065394144e+00 3.776206818094606010e+00 -1.743453075477620295e+00
-9.019620924081571900e+00 1.335085411791189181e+01 -1.281821117205605631e+01
-8.960834991988880782e-01 5.234893797564500462e-01 -1.224724194408549405e+00
3.067281951596577405e-02 -2.965714302774669076e-01 -1.661142658293266683e+00
-1.821028659985476805e+00 1.114474063024702666e+01 1.119412571133777590e+01
-3.358075423570647366e+00 -2.400522006254041329e+00 2.094487604795435554e-01
-3.974437384013143060e+00 4.427775991466115002e+00 -1.156814338265896414e+00
-1.217951369104974901e+01 -6.901281867152520455e+00 -6.687899378279068552e-01
2.996763951577103402e+00 1.128026569907364607e+00 4.326208408960469320e+00
1.873547456519706556e+00 -1.518596766303061285e+00 1.760637019057577302e+00
1.048801151420052147e+00 -4.408332886418116381e+00 -8.013811825068493100e-01
-6.616070566127638664e-01 1.627253867876972571e+00 -6.431448517211191707e+00
-1.937155949146013967e+00 1.502012966399496774e+00 7.279066196272961919e-01
3.916178541526071921e+00 5.906298315693359058e-01 1.288283565905232964e+00
-1.033130078520021256e+00 8.199139567525454142e-01 -1.402348049600420810e+00
-2.408829513065787076e+00 -2.417081766138491794e+00 6.427616910521401217e-02
7.833038978052009327e-01 5.020411206012006522e-01 -2.626976754905096634e+00
-7.962724087882661061e-01 1.318536498035507432e+00 -2.060621777449763048e+00
7.590273040921067249e-01 -4.527162074289641236e-01 -1.290445404777724292e+00
1.435415453138876973e+00 1.921143181001066846e+00 3.897744708397433921e+00
9.396788109335032502e+00 -2.141506189957777906e+01 -4.371636859398559394e-01
-6.368380729119488493e+00 1.584200125652234226e+00 3.072823070056454942e+00
-4.567082524342533922e+00 1.586632743534531320e+00 -7.991792903300669604e-01
1.095733938170850408e+00 1.666950783895122301e+00 -2.197907199821328428e-01
-3.339811947819934623e+00 7.891122642278251220e+00 9.292009503044711405e-01
-4.559616295310830125e+00 1.161202284604430091e+00 2.159532040401693997e+00
-4.583571862030082489e-01 1.632397889380120537e+00 4.116292406933131365e-01
7.120108376089168134e-01 2.545054996206402631e+00 -4.268294763287272531e+00
-9.083198156462681805e-01 -3.007669963600077878e+00 3.658008350664285313e+00
-4.676296668053497307e-01 -4.108284438858791354e+00 4.059897228974597816e+00
-8.429730958325176715e-01 -1.315944976700229307e-01 3.295634311492510626e+00
6.166119773519013192e-01 -9.796140815366667365e-01 -1.848886085385195166e+00
-2.410733089878631219e+00 1.218420839594641869e+00 -7.879580043704089709e-01
1.532732308836300517e+00 5.048096519138498550e+00 -1.192642117700570825e-01
-1.062023984134407684e+01 3.636852222486822050e+00 -4.035795994564006506e+00
-6.232776785271659570e+00 -1.485318470154962878e+00 -1.428916353752327284e+00
-2.832536647698843169e+00 -2.243849776065010460e+00 3.427563381571670842e+00
-5.184458083786514848e+00 4.470346923086530921e+00 1.336670964425593855e+00
-4.860177270857859444e-01 1.009948310078096601e+00 9.055977272087023522e-02
-2.511838573965153310e-01 6.373385920330671972e-01 -2.784923076235434891e-01
-1.090751290354647463e+00 2.010602061243976224e-01 5.365740115987569642e-02
1.224797739111035622e+00 3.894161311296148398e+00 3.908126189742314072e+00
-4.689365987413852466e+00 7.057264312652732130e+00 -4.125465376853321708e-01
-3.722226543471808924e+00 1.313898509724409358e-01 -1.426092181181544793e+00
-9.833567158820909482e-01 4.151280412819944449e-02 1.600223558601519436e+00
-3.265824773017557359e+00 -4.487576755651315197e-01 1.319482924432680226e+00
-2.981767602558928587e+00 -6.435391314399416807e-01 2.338717462215757603e+00
1.920669760763839828e-01 -2.597377260171275459e+00 -1.550501639314429969e+00
-4.107659385122219398e+00 -1.175499077371577217e+00 2.446721897087629660e+00
-6.029267775486055747e+00 9.765394401192111218e-01 -3.097840994053205899e-01
1.201257985817377083e+00 1.969493530572914430e+00 3.580539116004392675e+00
9.972241781694433094e-01 9.369184024490087026e+00 -2.484936536156125975e+00
-8.510289457677935321e-01 -9.886944613138101134e-01 4.135928040007059714e-01
-1.813450830614403708e+00 -2.479414062628058080e+00 -2.077451548206131982e+00
-8.057243873328355788e-01 2.323409210670584368e+00 1.483092031574082537e+00
1.155143722024172481e+00 8.748920673989933616e-02 7.317469336469242247e-01
4.057062643587207695e+00 -2.766064439284462217e+00 1.217137584987457277e+00
-1.142146496416947654e+00 1.799978219956951841e+00 3.019836514440878084e+00
-4.696185723023900138e+00 -3.664915799936749874e+00 2.089701474223079725e+00
-4.334116368039167000e-01 3.025123421182599470e-01 1.608078000249695050e+00
7.759483737575187057e+00 -1.615642282106274571e-02 -5.710202705311448135e+00
1.415674601917628506e+00 2.261295340757966343e+00 2.068612469584385494e+00
6.569000675926792709e-01 -2.716828928779314367e+00 2.157759193153858668e+00
-7.889447785046592720e-01 3.222357767963460740e-01 -1.743461221106398673e+00
5.277950151014797475e-01 8.387640872470795150e-01 -2.299390512269067433e+00
1.169986910395376833e+00 3.792140037050544699e+00 1.013763954842470394e+00
2.823093257384656329e+00 9.621141117681973887e-01 1.527316824401564022e+00
-1.099761172165490519e+00 -2.170323087659744132e+00 -8.078717049314052545e+00
6.818253795403599327e-01 1.231913587417623690e+00 5.520996927644205021e-01
1.198819850311677371e+00 2.938121607167402116e-01 1.618330779460904534e+00
9.557993221993013044e-01 2.631081420638980095e+00 -1.266081681369571887e+00
2.955863032191488493e+00 -9.671432466548455231e-01 2.294664800019415196e+00
-4.379523163956786647e+00 -3.044556430787144219e+00 -3.134704398809565529e+00
-1.454044497503740985e+00 -1.197201309301299532e-01 -4.121488740878455070e-01
1.887102262294656940e+00 2.022761038696760050e+00 -3.499862733237599222e-01
7.866326057871186883e+00 4.432178650928327635e+00 -2.996612797165554287e-01
2.404981537896808241e+00 -9.078076404540898203e-02 -1.620409246371921630e-01
-4.789451010404905396e-01 2.561328779973119918e-01 4.839372663867227864e+00
-8.659247058800784158e-01 9.662881151195082952e-01 -1.518952814868543166e+00
3.249659224734022245e-01 1.029138827496378361e-01 -1.046555215766063751e-01
-2.734953952097544327e+00 4.006904741581673868e-02 3.533132136858948780e+00
3.702783480906777780e-01 1.750974675732889008e+00 -2.389492691630968668e+00
3.105726407517164223e+00 5.208311312605800047e+00 1.819388478360147721e-01
2.610716240481884221e+00 6.916682090996779941e-03 1.199275132887884787e+00
-1.881879746136569664e-01 -2.452208329854551838e+00 1.261428500468935399e+00
-1.096479211145742205e+00 -8.541343257322533411e-01 1.614006702068199850e+00
-8.602470550962621587e+01 4.108056870959928375e+01 3.757084242801652607e+01
-8.225973882652072300e-01 -2.494067706327959044e+00 -2.243552642529312191e+00
5.255648167898677059e+00 9.754575741566346991e+00 6.955226157292005995e-01
-3.491683346835284252e-01 1.129071824345224684e+00 -7.740447211514204229e-01
-2.217982743332247153e-01 -2.759589481075619410e-01 -1.822953826225967022e-01
8.833388821535073099e-01 -3.693862942812497607e+00 6.270653770033374208e-01
-3.182238851362799159e-01 -9.209538744105076891e-01 -3.298591182926588594e+00
1.852091074327636200e+00 1.757496607989595283e+00 3.871150341660817951e+00
-5.160702625206249339e-01 1.267473959150050788e+00 7.385755112796060784e-01
5.200926152176501560e+00 -4.386484609180103522e-01 -1.174995667403630817e+00
-8.624879978409564218e-01 2.520932722777517121e+00 -1.864347041642652414e+00
4.887787709522407598e-01 2.618639290749138038e+00 2.434363777148577379e-01
4.003585976505035227e-01 -2.607788702683943693e+00 6.506000743928241903e-02
2.896328990121321834e+00 8.762645861413880244e-01 -6.229598182103587289e-01
-3.854356276417804095e-01 1.341018025033475336e+00 6.853201563017435882e-02
-1.692589423907927548e-01 2.487629841818261855e+00 1.273748872499321116e+00
1.892672467314280293e+00 -4.932905775449200725e+00 4.565223826369074089e+00
6.697547005467854309e-01 -2.286399745639895731e-01 -1.677707600713159275e+00
-1.001862112165727225e+01 4.112585899250801091e+00 3.110963075118997612e-01
3.256140316420387482e+00 3.714800156633443429e+00 1.333238978725024282e+00
-3.980034350558229406e+00 -9.200598815819990284e-01 -6.324230929554983463e-04
-3.953655254146589471e+01 -1.158565314138808411e+01 -5.906215877937511038e+01
-2.211611767885290014e+00 -9.417096980432283493e-01 -1.305849382297062267e+00
1.301630921983571776e+00 -2.003809511030994361e+00 1.412354526934648691e+00
6.218730878867869682e-01 3.480746274750766034e+00 3.210864339870858952e+00
3.035821025945442120e+00 -2.270594862839415917e+00 2.302230192592175317e+00
-9.082836918282771066e+00 2.053071971709737653e+00 6.535893692239520547e+00
2.688512300730296456e+00 -2.252938507538572832e+00 1.204968501571622996e-01
4.285396824786549708e+00 -2.433445078633597325e-01 -9.216842658209977168e-01
-7.746062398005097993e-01 -1.489006543954008777e+00 -2.425760921764152922e+00
-7.757217976569686924e-01 -5.524722577831603365e-02 -2.651883753047457937e+00
3.048358797614955762e+00 -6.222770614590026561e+00 -4.953903368967196741e+00
-4.530447160934683581e-01 -1.447813962677775956e+00 2.412113417581577046e+00
-4.754645411430844959e+00 3.512395356024941240e+00 5.339190417576745951e+00
-9.750064232293849997e+00 -5.174559408473863087e+00 3.654854288314009825e+00
-1.082119703277552691e+00 2.477416769913324046e+00 1.016327398992054265e+00
-3.281669879321793548e-01 3.517039583564057992e+00 8.369109693150522666e-03
-1.459978302787146909e+00 1.631219488632777104e+00 3.582582688794223591e-01
1.856788948398012951e-01 1.852170666788315101e+00 1.156693461832324354e+00
-7.116160534739111032e-01 -6.177643383756509232e-01 -5.295285041937988213e-01
4.795201696076832332e-01 -6.088695736644250900e+00 -8.513547725306453984e+00
-2.080604492025282859e+00 7.279925321158577933e-01 -2.541595189556479228e-01
-1.533868849051025052e+00 2.586309725764158074e+00 2.142929974523702263e+00
-5.908470188528748279e-01 -3.932776525713014504e+00 5.506826996999016011e+00
-7.050534102368007927e-01 1.306123596947361909e+00 2.380157395195158010e+00
3.378745899235380268e-02 -7.053958557120266759e-01 -1.237145125150120040e-01
2.663268462893794819e+00 9.587981626010016356e+00 -5.860404972735630658e+00
-1.788427245045465463e+00 -5.195775762996355240e-01 1.208947737033865710e+00
1.562867956951973225e+00 1.774502358691125048e+00 -1.471855452111176632e+00
-2.756059226171756915e+00 -9.822663418114073730e-01 -1.491894633441960050e+00
-1.054455868547316877e+00 -3.531775155881982986e+00 -3.860233258696676106e+00
-7.761581994434935128e-01 1.775912739342941471e+00 6.937753801324535452e-01
-5.239962691149843366e+00 3.837140103960739318e-02 -2.281669141477164153e+00
-1.252953472871243257e+00 -1.271174058420669439e+00 -7.166702764145078675e-01
2.931144178585582516e+00 -5.826795437836073122e-01 2.752155622260286982e+00
-3.980678182067569182e+00 8.749422234734250958e-01 1.496578505759423638e+00
-2.836755486412944727e+00 6.482145056062600386e-01 4.071908035294487527e-01
2.166860010881295651e+00 1.249619707951099556e+00 -3.128502467100660045e+00
2.066138693533726700e-01 -6.645562062052172703e-01 1.739104447282773913e+00
-3.795584984957015018e-01 -2.618013244443070597e+00 -2.120299228845536899e+00
6.117119589398601676e+00 3.034410421313866735e+00 1.282726056339421827e+00
-4.715640277196793129e+00 1.777348722414016313e+00 -1.309483849194194693e+00
1.503835195065129859e+00 3.381631200660657477e+00 -2.885047579277705054e+00
7.352248315607938345e+00 3.676697320330715169e+00 1.977998790088297820e+00
-6.195522009366246863e+00 -2.507721824793022414e+00 -2.577829850418743574e-01
1.013300368237514126e+00 5.790405626443634324e-01 -6.274090566302346905e-02
-1.582521267455247349e+00 -3.078392092238557143e-01 2.996248971741264366e+00
-1.386157698303833063e+00 -1.429111506053620140e+00 -1.537979307968799336e+00
-7.224332186235222775e-01 5.989762873548151179e-01 -9.140380175643657568e-01
2.173539348562185114e-01 -2.743405182110632445e+00 1.383215262848124905e+00
-4.674270218311962211e+00 -6.557330643470649534e+00 1.022337045474278616e+00
-2.756124965951568750e+00 -6.377301668169360616e-01 3.538593506569633895e+00
3.450510370868105525e+00 -9.600933160978557979e+00 7.114320542327219776e+00
-4.472187306251206529e+00 3.125167816557469003e+00 8.712570213581874445e-02
4.265588657427069608e-01 1.839277656594009436e+00 -1.294805973009707012e+00
-2.515055706311624117e+00 2.247677981194684982e+00 1.081048913728084981e+00
-3.456595230814289987e-01 -8.910256797228708336e-01 2.197938142058684541e+00
-5.203194074184828155e-01 2.397953607508171547e+00 2.104619375568051176e-01
6.508808479505416855e+00 -3.077250440618080418e+01 2.055432623152767135e+01
1.022156053400269604e+00 2.321398985085027622e+00 -7.513591730832678728e+00
-3.395742453579362774e+00 -9.892874133643001500e-01 -1.581052466514994315e+00
3.266941339869315897e+00 -6.325312199717731509e+00 -2.030105038736079059e+00
-2.908657484989781050e+00 -1.997679863226038688e-01 -6.211164939868771828e-01
-4.815408911630489008e+00 -3.845406445498017689e+00 -8.248756535421198910e-01
9.611375702735860393e-01 6.886101474716013193e-01 1.582728288798203931e+00
1.179843704060562937e+00 -5.968608918758350201e-01 -7.318444174335935193e-01
6.309771175945332322e-01 1.297149290410294142e+00 2.992546250980543943e-01
-4.804671733310016180e+00 3.073680816577408284e-02 -2.659821741945661344e+00
-1.716628742030447574e+00 -3.914563142599193579e+00 -4.879516105668998627e+00
2.901366311471756720e+00 -3.335831793862307215e-01 8.244305329297069163e-01
3.049153827773601222e+00 2.135295332096385668e+00 -4.096847201430905416e-01
5.909428894173820446e+00 1.858685293025345242e+00 -8.531516674218296847e-01
4.472071430878664877e+00 9.224519506558368498e-01 -3.859226002483134188e+00
-2.652310973619238510e+00 -4.397562184768717408e+00 -9.691675054993565963e-01
4.973644699946948577e+00 6.380383101509701227e+00 1.895943282926059847e+00
-1.679847688926275229e+00 -1.160221036953079432e+00 2.652399615587946347e+00
1.445232355028381599e-01 -1.552824765751176228e+00 -1.466956330595436064e+00
3.493254398403709438e+00 6.819130779597598391e+00 8.811261965254500339e+00
-1.934238871261613424e+00 9.451532477654362580e-03 -1.506441807186788794e-02
8.881226224362822608e-01 6.547166329410266883e+00 -3.255363488753414192e+00
4.575063272172889661e+00 6.750098646583294837e+00 -1.666708649354776917e+00
3.357529425668204226e+00 1.185958177601788011e+00 8.408353965545015685e-01
8.229377856142820136e+00 -2.745098379200266447e-01 3.094821922935683922e+00
1.937166461175063414e+00 1.866390301506185789e+00 -2.501987988439454469e+00
1.527584368956811822e+00 1.986870657408096541e+00 2.088291296452081447e+00
4.942377537911001317e-01 2.276221667010211558e+00 1.925551745117900504e+00
4.181888183443124851e-01 -1.136934023198691079e+00 5.386839916931305261e-01
-6.972485115595863370e-01 -1.350871643767002361e-01 8.874291457323667531e-01
2.376909466808952709e-01 7.307723242963976018e-01 -6.931498414265059305e-01
-4.001774654756917293e+00 -3.549760578982962933e+00 3.073329390812987061e+00
2.450618624758741149e+00 8.282771297843490865e-01 -7.301662895981508861e-01
2.150051501410572830e-01 -1.862011465330415616e+00 2.270049257699287448e+00
9.867267095886621320e+00 4.369003059628262520e+00 -8.764268982557974041e+00
-4.195075483764691526e+00 -2.280885893910870266e+00 2.779716274071442950e+00
2.073852980488791520e+00 -1.173961563482915915e+00 -1.280536184652000919e+00
-4.864466846931062349e+00 8.706901867552353735e+00 -5.771640085588781943e+00
4.600788666344386435e+00 6.415554486968418901e-01 3.467774368819792064e-01
1.348602929080690016e+00 5.230851318479506240e+00 -1.390602103944629908e+00
-9.656721516237304570e+00 -1.464429288245599370e+00 7.130560899109371853e+00
-6.545289254586293959e-01 1.369150168813698798e+01 4.042571094794442210e+00
1.018921508413998467e+01 5.837764613001360736e+00 -2.462721969174380465e+00
1.237989816203440618e+00 1.249968698981890114e+00 -1.527680902542208452e+00
-4.061278206946338898e+00 3.994348633068128596e+00 -2.067059953859034849e+00
1.997173831250558321e-02 -3.444909528529094267e+00 -8.673997839053116943e-01
-3.695367460250384095e+00 3.179430133584183249e+00 2.525125854526056646e+00
-1.850612932291907931e-01 -2.458308932277814662e+00 1.539496496830023098e+00
2.718024324608260489e+00 1.016573936805028389e+00 1.043445153566327610e+00
2.074298418411170353e+00 4.110019915599506524e-01 5.946886005502984018e-02
-3.078205732279378104e+00 -2.985856024320034940e+00 9.435512591245857061e-01
1.594026509091667210e+00 2.210042633803093626e+00 -2.061331481634599339e+00
-2.775038932837399663e+00 1.725404445454191249e+00 2.027900626042491439e+00
-5.442462118176121244e+00 -3.358161955285382305e+00 -5.882723643171533290e+00
-5.675890250737947174e-01 5.642800881790223100e-01 1.967413889621257017e-01
-6.290070711372155454e-01 -4.626426950333101473e+00 -1.573136382794858568e+00
-1.823662805341900173e+00 1.828818374743419906e+00 -1.706557692634146806e+00
-1.335096008327782968e+00 -3.343781555483097190e+00 -8.344465267197069380e+00
-7.246579125962487211e+00 1.097292201660216682e+00 -1.719732195475295544e+00
-1.321198354926697238e+00 2.124733013048002661e+00 -3.099397521300020664e+00
5.337576501022935460e+00 -5.159813545896054787e-01 1.035026008021414867e+00
-1.517624289045576003e+00 -3.532045078681542272e+00 4.167359484226421884e+00
-2.646799561150965818e+00 -2.053824700593988251e+00 -5.567777720000258723e-01
-2.096232949612465202e+00 -1.076436795831999804e+00 2.448116649238945453e+00
6.486547132561883977e+00 1.627851715374687869e+00 7.150711228122418994e+00
-7.263890853163530448e-01 -1.331644885637673692e+00 -1.224805591222848156e+00
3.058764877580993691e+00 -3.674224822240283128e+00 4.639722442742948871e+00
6.197825385408813226e+00 -4.639791729873205206e+00 1.578523390328928144e+01
1.267406396694033255e+01 -6.129494256902110472e+00 9.125164210279386623e+00
-1.002651683808004845e+00 5.139044364488102312e-01 1.075933158866439143e+00
-1.440304454696708980e+00 1.549386310713138482e+00 2.648985386448170942e+00
1.108081271801469647e+00 2.383629288659549061e+01 1.095696807197956346e+01
-1.453262463233401025e+00 3.786647112981372132e+00 -6.605605443861576331e-01
4.192331093565458744e+00 7.381461015683757232e+00 2.935171099871809020e+00
-1.929547008981671974e+00 -5.935248392618486246e-01 -5.773980895802240942e-01
3.279966045308380651e-01 -1.315413253340115718e+00 -2.274844106747033745e+00
-5.894075363391415578e-01 -4.554744544570717979e-01 1.043383888576995711e+00
-1.919883880884186045e+00 1.089635118363831756e+00 -9.419017474092626907e-01
-3.693380016647841657e+00 4.770856954404002259e+00 -9.992394727639565488e+00
-3.365221065690584101e+00 -1.790062427898794661e+00 1.169423031438248328e+00
2.111404065543782682e+00 4.518258770930123069e-01 -1.753851255063817227e+00
-9.063893462860062034e-01 8.638620514616118795e-01 -1.798257306343886031e+00
-3.035246501598082847e-01 5.252420779632136494e+00 1.923636361403131545e+00
-9.512572069514153572e-01 -5.022539082463254978e+00 -3.825231205190306571e+00
-2.078188543815609801e+00 4.300305578935626372e+00 -1.947516813347430320e+00
1.748516899435789362e+00 -2.361750732049317236e-01 2.806434392286485835e+00
-1.924509362254341882e-01 -1.422244898914969635e+00 -6.885055685608352238e-01
-1.237989582412978740e+00 -1.781809625920710571e+00 1.287000870210226910e+00
-3.848720234399550799e-01 -4.387387713836288228e-01 -1.697932817390411131e+00
-3.126729751624040432e+00 -1.795500568899373262e+00 -8.662629278115129283e-01
-1.393482191828693539e-01 1.752359503012611119e+00 -1.303962898223173905e+00
-1.913781597402770096e+00 -3.450710925242233884e+00 -1.454183901754657393e+00
-1.446918541716237794e+00 -1.471958450855726630e+00 -5.830121109112234024e+00
2.171626986973406837e+00 1.067749690162771437e+00 6.874629017595637048e-01
3.784528770207012727e+00 -4.482050363497161349e+00 -3.789507616046944971e+00
8.493158682989594421e-01 9.375884570925246964e-01 2.777991748059142202e-02
-4.495859455518050218e+00 6.294912849996181947e+00 -6.319172388960655695e+00
1.294107009688339138e+00 1.231167599537050350e+00 5.440893961168340454e-01
1.318019505348082809e+01 1.372390132057118572e-01 3.784615216746169519e+00
3.359775089071690957e+01 9.752447147652386406e+00 -9.395536175875051077e-01
5.192767840615440278e+00 6.077221585754115640e-01 1.899504005143347607e+00
-3.047995608592078742e+00 1.483895058003997569e+00 1.950168490923294695e-01
1.463309267330138885e+00 8.838776250118629108e+00 7.646229871703556391e+00
-1.368575620213912769e+00 -1.449077522681936792e+00 -1.848554037378555170e+00
1.011874856925388810e+00 -2.019757692770337565e-01 1.011117935630762021e+00
2.632502657060677986e+00 4.442488300937230683e+00 -2.976869783615540666e+00
8.319867445178001919e-01 -8.108893939402866735e+00 -1.439972616568185204e+00
-4.714486925648290416e+00 2.821056964575415993e+00 -1.819666816893670713e+00
-4.977741347761694080e+00 -3.419002898099096743e+00 -2.201582382831961393e+00
-1.027541232549519679e+00 -6.024227578756141677e-01 2.160787221550943826e+00
-3.824687865612274251e+00 -9.907286530257117807e-01 8.623659163180792397e-01
-1.034734709718937884e+00 -1.527830991954739037e+00 1.600632823173687436e-01
-7.684350732864503541e+00 1.464684674603696557e+01 -1.177392857360417189e+01
1.876325562322547436e+00 -1.618971470844541849e-01 -1.847766221764947758e+00
-9.813626400373142156e-01 -4.377861584948449902e+00 4.072903783965775126e+00
-6.264476061675689600e+00 1.814327898885556678e+00 7.182743940177202191e+00
6.029279136762890623e+00 2.337794386139959713e+00 -3.346427631181827511e+00
4.570910240552499282e+00 -1.196572462985774798e+00 9.204820288500251690e-01
3.303213697737486410e+00 7.325812104794151569e-01 -5.258535826191925722e+00
-9.154086034106820868e-01 1.160973319999257125e+00 2.506171811033258923e+00
-2.053967009868336913e+00 7.096891402368280310e+00 1.263007134208048665e+00
-5.547453281499821198e-01 -1.949985958985636980e+00 -3.201875847746443182e-01
6.047535405233089856e-01 -2.411360267798433821e+00 -2.661890445079116430e-01
6.746406039038042479e+00 -5.458779794995063384e+00 4.215086764111934947e+00
-5.636253097948674684e-01 6.918900476217850759e-01 -1.144261157056569861e-01
3.823937367942064736e+00 2.536288841025775564e+00 1.606744822028395303e+00
-3.364873793933371715e-01 3.338633664373825694e-01 -9.906437143330357742e-01
-1.268886730131389307e+00 2.037495743294528427e+00 -2.889833290070656258e+00
-2.139757337169842177e+00 -3.881733662960368814e-01 1.980508455529402578e+00
-1.143064278985219451e+00 7.409704677864673572e-01 -1.024802441473594561e+00
8.474608098189905903e+00 -1.942913951274258144e+00 1.391099976443917541e+01
4.346296112072560724e+00 -4.311275852031505096e+00 1.467058354612948534e+00
-1.338047152505086990e+00 3.963288013302452839e-01 8.867821688847581096e-02
2.611453337609863201e+00 1.340339449030726326e+00 2.091352753377891727e+00
4.029429065433820512e+00 1.987054865238670809e+00 2.776736401959714495e+00
-5.599682805957848508e-01 2.587874148690135989e+00 4.350418221028499316e-03
4.586366641422927604e-01 3.607227393128149107e+00 2.204438155887770812e+00
-4.582146188754043337e+00 5.254150290301069504e-01 -8.063618257099657072e+00
-3.827582299354794770e+00 1.998710539697570454e-01 2.678156544269927331e+00
2.180644124222715252e+00 -6.596311107680700170e-01 -1.156730746479085470e+00
-1.734722852570002027e+00 -1.549703593060836937e+00 -4.174228524378868599e+00
1.751328997563421197e+00 -2.259221462669045721e-01 1.208181208777457272e+00
2.358859979684686969e+00 5.244208523849097858e+00 2.859343479856600312e-01
1.107718987207756633e+00 2.431131045364811616e+00 2.940357561163842726e-01
-1.133785007377509579e+01 2.957699226033940754e+00 1.419997282486419543e+00
2.017041285042362020e+00 1.110691933227258898e+00 -2.711827829127971157e+00
1.003043720351876278e+00 1.164037024899386541e+00 4.796035467517368867e-01
-7.868136865064371266e-01 -1.072141157877636974e+00 1.721894477813276647e-01
5.404593425219723635e-01 -4.604152313939567365e-01 6.071790303753718199e+00
-1.618960607918900063e+00 2.952043814335121308e+00 -3.428168680003802482e+00
-8.060131270930716241e+00 -5.631739306607383533e+00 8.386740038139116393e+00
-5.393609954920135230e-02 3.320311491503137535e+00 -1.544538076192169651e+00
3.406572390074789514e+00 -1.630494562847732420e-01 -5.278938409782578667e-01
-4.401615425780211588e+00 7.106699189639837932e-01 3.991003382185617454e+00
-1.207631364441235089e+00 -2.461101087083692018e+00 5.095756488248540883e+00
-2.853415767278086435e+00 -1.556616400009420254e+00 1.811442015740929001e+00
-4.142922403294341249e-02 3.749883594239368789e-01 -2.606670759754974309e-01
-4.654706123411850527e+00 -2.725577771967935270e+00 1.177233589393364088e+00
-6.219881705531761895e+00 -1.436739078657368607e+00 1.085595640038133780e+01
-6.766704520688584523e+01 -2.236136521246015718e+01 3.510693767567293122e+01
-2.518707484572573208e-01 -3.321417593275103552e+00 5.169686764296258730e+00
1.790797666746927863e+00 -2.735192994282808154e+00 -6.611996982111316701e-01
6.399234843134918860e-01 3.084408764912012768e-01 -1.244612995669826194e+00
2.720719837561310639e-01 1.611672779837898029e+00 -3.498641304826196397e+00
3.171138758306773497e-01 1.044563853785584362e+00 1.205762962657095594e+00
-5.386285191865486155e+00 3.333852639650109584e+00 -4.345777788781457041e+00
-2.832460824760447693e+00 -5.053565222772299359e-01 1.662584039564979799e+00
-1.658728488589013839e-01 2.119151036448261027e-01 1.230200557233007475e+00
1.502545327156568522e+00 -5.918210018969057851e-01 1.946097111715171080e+00
-1.663676705277564061e+00 -6.048328603110733503e+00 2.705397593868553052e+00
9.029444705357672074e-01 2.379786203924415311e+00 2.794686273101213647e+00
2.600764629315637677e+00 -2.714023643773793459e+00 3.736183089502517873e+00
6.876805417331945114e-02 -2.195208255260550967e+00 -1.801293285974991054e+00
-1.319594085905700709e+00 -1.898299843411705989e+00 1.137070290583122034e+00
-1.965119702498486376e+01 4.474766110040776823e+01 -4.356284854325451050e+01
-5.383496688795605944e-01 1.329661256097895983e+00 2.174059642807754655e-01
3.249577493576127463e+00 -3.113815227902888338e+00 8.576477174526363489e-01
-4.373010870382977977e+00 -4.679690782458950871e+00 -5.644907224763031195e+00
3.632664412103090990e-01 6.373849129822380943e-01 -6.417090879587943331e-01
-3.272805429198256122e-01 1.398627051647390207e+00 2.755707069532349340e+00
1.070300718946950003e+00 9.621978534073451217e-02 -2.117805460911196480e+00
-4.699588338794897235e-01 7.975107804214004448e-01 -9.339105354844809970e-01
-1.766134019664650667e+00 -1.320706855577155281e+00 -2.282039970554664343e+00
-7.961936887903210414e-01 3.415203574157205102e-01 -4.931429061636677602e+00
-1.359608972790597115e+00 1.299472063630785212e-01 -4.068236368449353435e+00
-1.643298019746645799e+00 -1.822064336996552347e+00 5.117680234290082453e+00
3.158637656791943193e+00 2.771080347446663872e+00 8.876301229953026395e-01
3.130478812219670837e-01 -3.626285830555344702e+00 -6.851206316869050683e-01
1.258953623766942531e+00 -1.841081842547277247e+00 1.267777521260020190e+00
-1.502723753364128001e+00 -1.133783079409912631e+00 -1.954547004305292379e+00
-2.489162201180004974e+00 3.854159438524631831e+00 1.357726162347109966e+00
2.377033941634809355e-01 5.220233236159462775e-01 -4.636432404164261278e+00
-1.828832286650318606e+00 4.310853580449164113e+00 1.067846665204889689e+01
-2.035645890852229911e+00 -5.684008298525888847e-01 -1.390923222468468889e+00
-1.224996396219295791e+00 -2.077805984689053975e+00 9.045057418553060780e-01
-1.646019339360230260e+00 2.118196267014072209e-01 1.057845938415174769e-01
-2.421345930808340263e+00 -1.577296109246648648e+00 6.448232908029257970e+00
3.819288986999449076e+00 -1.116140193867786401e+00 2.237379191459214045e+00
-1.299483778843001369e+00 -1.213700524821324844e+00 -7.088435143218156931e-01
-2.339424346604194849e+00 1.529394794707884087e+00 -1.362839531894959766e+00
2.035789646991261748e+00 3.230804023992182472e+00 3.430853128501692773e+00
-1.095182727097874675e+00 6.776544986093395728e-01 1.725886163430254139e-02
2.765935695169349007e+00 -4.456899945707355037e+00 -5.193897437149550989e+00
-1.039991794991794727e+00 -3.288495371933646716e+00 4.980257915075666730e+00
-8.068353904439292679e-01 -4.740356964695635056e-01 1.952437438187000773e-01
-4.776777164919605134e+00 -6.644384322191786652e+00 -1.095582488240541164e+00
1.924924053272379920e+00 1.181693179245608460e+00 1.929161406915743671e+00
-3.704190205632178046e+00 1.261557683298021315e+00 3.224528475017965690e+00
1.140796682922766259e+00 1.513804086999771759e+00 -3.152936463309411241e+00
7.863678812039788524e-02 2.419995688745018303e-01 2.509352454482893346e+00
-4.943198973377894712e-01 2.643099759828328454e-01 1.246444341653716759e+00
2.659501088672839408e+00 -1.601005395120604913e+00 1.464923012660327428e+00
4.271105653708765493e-01 -4.934233590511296619e-01 -1.075958859660987255e+00
1.378862402485433458e+00 -2.429770590275953435e+00 2.704731628998522819e+00
4.003293478547004902e+00 -4.044248612818830968e-01 -2.716628982403577197e+00
4.568292900505290799e-01 1.962171093769439489e-01 4.892463488269910066e+00
-1.921951623702534251e+00 7.414056048465863524e-01 9.394140687768983700e-01
5.124843447467419821e+00 1.160888670105408860e+00 8.249992889628291692e+00
2.117286648217384215e+00 -6.356528505256032746e-01 -1.833718031795674053e+00
-1.313336327694505812e+00 -4.419537544105651972e-02 -1.666288325553657135e+00
-4.127855894777809453e+00 1.287157298908691849e-01 2.627458057097221467e+00
1.010358976140530940e+00 2.081994511790202562e+00 -3.244690262282088900e-01
3.365449827780118280e-02 8.181210606888535963e+00 7.686789576531531942e+00
-3.232464426001822044e-01 3.622687308415918128e+00 3.096775106782772014e+00
-2.385236922199149401e+00 3.346284687181447737e+01 -3.039993125537833052e+01
1.117100160862696034e+00 -5.872876691622105350e-01 -4.003965279349794293e-01
-4.433783246762220465e+00 1.931294884404421097e+00 -1.737098223849045109e-01
-2.855885078352232931e+00 3.514317318961340586e+00 4.508523627589402949e+00
6.720559995386278906e+00 -1.478669032047261078e+00 4.721029097360812443e+00
-4.188968784579677695e+00 -1.586921507130285347e+00 3.812842256307563904e+00
-2.427156550460302098e-01 -7.308285686176846374e-01 3.641498766831921530e-01
-1.902882062827398746e-01 -8.903976763344492174e-01 -3.042936080905753182e-01
6.106328164180356843e+00 6.211760714255001758e+00 2.221901414774803740e+01
3.801252591179238749e+00 9.198969910162716701e+00 1.716713365838498095e+00
4.009468829205603768e+00 2.187784849041269020e+00 4.687523436780686725e-01
1.485866775358811509e+00 1.354009198681137782e+01 1.044850668931965565e+01
-2.191895792766905604e+00 5.445614395783169748e+00 2.459001439582250814e+00
-1.562147524571215751e-01 1.967665880201581841e+00 -3.620128065376412296e-01
6.084811983125883866e-02 -2.213570015377320510e-01 -4.769811946636720590e-01
4.114793421376842453e+00 1.785208055197976762e+00 3.329689724366516668e+00
-2.331309626561551163e+00 -5.066306178474894173e-01 7.416108138494245106e-01
1.521709040465024199e+00 2.294330858214008451e-01 -2.481537907605807725e+00
-5.702461852721180113e-01 -4.100619017221226237e+00 -2.967294908523960828e+00
-3.349755527266359278e-01 4.209597535607787044e+00 -4.402504513170807598e+00
1.734467557724124476e-01 -2.440844880945690409e+00 -6.830205308831373001e-01
4.788284191239725374e+00 -1.896675893218402242e+00 1.535492401453842470e+00
-9.643111770773275637e+00 1.960906235499513173e+01 8.946315611646008747e+00
2.903783581571129258e+00 -1.827175503143052104e+00 -1.717139124762784297e-01
9.341436198548149772e-01 7.029773319095588668e+00 -2.238075672848699238e+00
3.712169129587266081e+00 2.699797039647063190e+00 -5.341544177349251576e+00
-7.414183566267852354e-01 8.359536966349124798e-01 -2.202850438245348152e-01
1.161372071505181847e+00 -3.115383666583099398e+00 1.805290395638782908e+00
-4.351962535286448830e-01 6.537842108989641021e-01 -1.187402104947762993e+00
-2.937737578992094978e+00 5.853863295623555452e+00 1.534867836346242465e+00
-2.894778887779992260e+00 2.745360808439344158e+00 5.094466599505267368e-01
-2.224014894430511369e+00 1.880840718453589133e+00 -3.527273663739093762e-02
1.231388372714757873e+00 -1.068223551070923483e+00 5.668465854217322741e-01
1.823792000538304814e+00 -7.028618901204275460e-01 7.626321191575383684e-01
-2.332324460445924785e+00 2.475231610884099265e+00 5.180647455950249114e-01
5.273297715119356077e-01 -1.555827429928596572e+00 -1.549701785305079849e+00
-2.113264238254730365e-01 -8.142169354862582864e-01 1.012043285808963550e-01
1.606582703200265971e+00 1.909553154610050152e+00 5.233907227688771452e-02
3.179960924764611563e-01 9.140919068543514048e-02 -1.334869427294715249e+00
1.125212697364262215e+00 -1.449496121904671142e+00 9.763415846237556428e-01
2.835806707624484446e-02 2.771813808359385956e+00 4.082046299565674219e-01
8.636758832302110500e-01 9.352724168908095326e-01 2.687292997364640001e+00
1.788140870434988816e+00 -4.976188065810131511e-01 -7.331877852837732634e-01
1.799400837882045412e+00 1.813751450514179853e+00 -9.604486343507370738e-03
1.918873508478639245e+00 1.366849327877664999e+00 -8.252231320980022433e-01
-1.594991520538860064e+00 -5.460376003836587167e+00 4.540248851132586139e-01
4.417176025216857482e+00 -1.515022342352890572e+00 1.761025569499069965e+00
4.710078167130465898e-01 2.619144247091093614e-01 2.992618847459271869e-01
-4.478204179654549644e-01 5.303089721362248543e-01 1.653182225061260446e+00
2.560027493008343757e+00 -7.957559324824898361e+00 3.295440946266911642e+00
1.859024756098823561e+00 9.350913431008324173e-01 -1.369505642924290445e+00
-1.564026901986742324e+00 1.537417271211428238e+00 -1.203982511872726979e+00
-8.582183307362932778e-01 1.045002553535276046e+00 6.615129303550915107e-01
-4.487153094549514720e-02 9.612799570959538326e-03 -3.757984450638628182e+00
-1.149020610863792369e+00 -1.218126162236662813e+00 5.729859240863854453e+00
2.074526797577451731e+00 1.743104668638725263e+00 -1.635443425742121593e-01
7.636216856032301825e-01 2.876494342867589316e-01 -1.474481994684097019e+00
2.525774534281513883e+00 -4.548565425881535340e+00 1.354121467637675380e+00
2.038964401387717285e+00 -4.626254435578447954e-01 -1.427315275358957747e+00
-6.761005388179166520e-01 5.439274039866935917e-01 6.620042407865951439e-01
5.926129545397100351e+00 5.018640747677010516e+00 -2.861335028217147425e+01
2.616910240737523985e+00 -1.748200479248155581e+00 -3.845854127608009376e-01
3.818122247801295291e-03 4.509135820639202485e+00 4.080107741192298687e-01
-2.921293059782964496e-01 1.945235265223373533e+00 2.096562818926721583e+00
4.941561824858171192e+00 1.040107940560715072e+01 3.740604925641467737e+00
-5.284419984480119403e+00 1.111431817965221569e+01 2.758238147925505590e+00
1.961032250235634100e+00 1.131662465509253979e+00 2.306432729155198091e-01
-2.452692955717441059e+00 9.831534806609690258e-02 1.058546996859753087e+01
-1.100814029616027589e+01 -1.106519461532331228e+01 2.831556080601062675e+00
-6.027215046941121201e+00 9.676381936807164408e+00 -5.720460536398141116e+00
-2.294786888710462769e+00 8.290829254532627868e-01 1.716451294272782979e+00
-2.130130357756583603e-01 -1.426698638056592472e+00 1.451646448920598242e+00
2.721592960833105757e+00 -4.962380728605659819e+00 6.391984729007954336e+00
-6.668085598516275692e-01 -4.250120013987713996e+00 9.414815153959220639e-01
6.659213492629660613e-02 2.874673726373213611e+00 2.911431038344856059e-01
2.855946760085986913e+00 -3.880113448863226733e+00 -1.136251783997367149e+00
-2.978551730789182006e+00 -2.754455271965697616e+00 1.427879286181660046e+00
-2.486608634337392765e+00 4.290137058916999813e+00 7.155838189016461293e+00
-8.671019567905831060e-01 1.230044820062749089e+01 1.226216598571190097e+01
2.976269893666280097e+01 1.411551190541625811e+00 -1.942470857930650041e+01
1.026992856666964604e+00 -8.772891821479277263e-01 -2.159442718766601654e+00
8.802074091270602807e+00 -2.973181740639592618e+00 8.192823604731897191e+00
1.552549294288168014e+00 -2.425489248183087532e-01 1.705528401316146025e+00
-1.800748244090036865e+00 -1.858487736625002995e-01 1.681675252470565818e-01
2.524402372050253973e+00 1.146483307534366558e+00 -4.099284113442350552e+00
-1.839454333044318879e-01 -6.059695797325004740e+00 3.577294430568187078e+00
-1.055695322363467081e+00 -7.534629193571132921e-01 1.228840974824987775e+00
-3.111057987520216894e+00 1.544824166300280632e+00 2.462155817129978441e+00
-7.551067109203524197e-01 -1.607535155870228882e-01 -1.080933074190436605e+00
2.301457345323572934e+00 1.900376647133351637e+00 -1.379191234498994723e+00
-3.612322411671081146e-01 -4.137632111126809953e-01 -1.296265714882584019e+00
1.844251827520620113e+00 -1.431877514659791073e+00 -6.219400237092522765e-01
1.511619396363844681e+00 2.145655202096507619e+00 -3.190476136963014131e+00
2.464481131459768104e+00 -3.982391941873937302e+00 6.914382660970638916e+00
-3.009109878340562871e-01 4.099989079489598787e+00 -3.817994126889063367e+00
-6.736601583909633817e-01 -1.215495576684301637e+00 3.626807686040430578e+00
4.496966564422063550e-01 -2.731690291918563940e+00 -3.385103662647861000e+00
-5.966153114510762412e-02 2.851656276630068820e+00 6.652529995400003671e+00
3.980724649039363960e+00 7.322774251533358481e+00 2.859119569822202167e-01
2.118998588239587200e+00 4.059966606210323903e+00 7.141221556025086903e-01
6.589897998764328024e-01 -8.585419361213972866e-01 -1.013583804864310656e+00
1.211196321457056690e+00 1.004177604378588828e+00 -1.035344512145764284e+00
-5.596083165298775253e-01 -1.522610054424114734e-01 4.425176914641638648e-01
-1.351653773123719038e+00 -1.705608300703954860e+00 1.750880161010968661e-01
3.391680418269616415e-01 8.138359991569305008e-01 -1.510470206383630165e+00
5.829635639900211608e+00 6.937248953822867659e-01 -7.410527924714420678e-01
2.782298332237295835e+00 4.700869674405431020e+00 -6.598876046016759478e-01
1.461292854336543101e+00 5.047812255906507062e+00 6.579955175670879619e+00
-2.410279073883306644e+00 -5.036675907618601844e-01 6.510872677626321492e-01
1.440526102594553315e+01 -3.360501429128618600e+00 -1.293970574114688965e+01
-2.788421145260232770e+00 5.182474447129881590e+00 -6.143747009871060705e+00
2.737632011784346009e+00 -1.648098175576732549e+00 -1.755774092392685948e-01
2.155606917062375671e-01 2.577641950297091533e-01 -1.425081730668836810e+00
1.265432390718456424e-01 3.283783792803856016e+00 1.613000147767992054e+00
4.706719225639088844e-01 -3.422163928806562172e+00 1.677904898480054197e+00
2.876332069182902185e+00 4.230199916852437347e+00 -3.491522827007079943e+00
-1.288759583347726334e+01 -1.805836860691542478e+00 6.544127614870498988e+00
7.903044699380585847e-01 -7.303608142052679941e-01 3.634364246213532379e+00
-5.334573693686143203e-01 1.953199810965732475e+00 -9.083319296983191293e+00
-2.772277674438932582e+00 3.144770265622694461e-01 -5.915615914279998222e+00
7.197342227802270287e-01 -1.879930609439702804e-01 -4.137590627619447403e-01
-9.810187981843032645e-01 9.595303512763364573e-01 1.167638001235243195e+00
2.417381503956683275e+00 1.563350221499678394e+00 -2.544288681029811983e+00
-1.183050073026148619e+00 1.367746337765803899e+00 4.763538068620430943e-01
-7.509520196902244038e-01 -7.142922223236058965e-02 -5.359622993457635154e+00
-6.134791578067330109e-01 -9.148587772175778565e-02 -1.463636551101458405e+00
-1.997977570937899294e+00 -1.645653907790251669e+00 1.129438626213929098e+00
6.225130274156643884e-01 6.278139105876546777e-01 -4.181560658182828516e-01
4.558482678024438073e+00 3.002494912824733575e-01 1.867787314409089072e+00
-3.024155249135032530e+00 1.211575917285809645e+01 -5.618298884690130279e+00
-1.768218327803845913e+00 -3.289745501971626407e+00 -1.262186901593758348e+00
1.285346131942262660e-01 -6.477057308201337182e-01 -1.189982685538872209e+00
7.702081028796330109e-02 8.127832860842426621e-01 -2.290255313647533431e-01
3.060770274182250006e+00 1.266172548698912159e+00 2.616790164317714495e+00
2.867048234502077353e+00 -1.233462845776175376e+00 -7.780929371489492929e+00
-2.482950378364845889e+00 -3.945806416020128715e+00 -6.666840657580305196e-01
-8.652882570014803321e+00 1.269220524801122529e+01 2.975712043610061919e+00
1.141143654814796848e+00 2.310411884157186069e-01 1.296354276761231050e+00
2.703176525535556429e+00 4.141724831813325403e-01 -2.643944990134770023e+00
5.230316718625811490e+00 1.931125635897658288e+00 2.227035649204915480e+00
-6.564167545231408551e-01 -1.467124447904190054e+00 -1.556359960449962720e+00
1.624677922324268220e+00 -3.826269560127525615e+00 3.835020513953927290e-01
9.929419265852423848e-01 2.784140511498758297e+00 1.505985192819587981e+00
4.139446651273426703e+00 1.224595673167146570e+00 -7.157583230624643633e+00
4.996373485202470377e+00 1.139912142405876239e+00 -2.722468832091307966e+00
3.150389290361138350e+00 5.205787247157000586e+00 2.497747070537866598e+00
7.927868488883468956e+00 4.525836985351049613e+00 5.228863982772022467e+00
-4.562219536544804832e+00 5.049500234359012296e-01 1.750660408655694278e+00
-4.185181690712052927e+00 1.147898616657856863e+00 -6.854534124568814057e+00
-3.051823184732073813e+00 1.840517837213685892e+00 -8.071298324422709669e+00
9.547796192301538643e-01 -1.845698975196067959e+00 -1.545540397147482592e+00
-2.384020705195546874e+00 1.104969092746464820e+00 1.802950699805196400e-01
-8.632593208426637688e+00 -3.244568328760809806e+00 3.671884248151404240e+00
1.624889900464588643e-01 5.013508317337644904e-01 5.393516634275158372e-01
-3.678516428247699199e+00 -4.375304209761667895e-01 -6.103144912673137412e-01
2.877478782991568451e+00 -2.314261251573470624e+00 -1.832158108983555911e+00
-1.406267713670402153e-01 7.613706866483965774e-02 -1.810103609052001516e+00
2.094047401468576985e-01 5.175520240685617779e+00 5.658319667235953254e+00
1.549111756893053027e+00 2.748077889324920253e-01 3.375169404030824438e+00
3.334834575293746184e+01 -4.951932037023361488e+00 -3.596156216521577242e+00
-1.073001650479288971e+00 -4.146259974642583779e-01 2.190756881141969981e+00
-1.083917177181655672e-01 -3.915957757440830633e+00 -3.187841518611009839e+00
5.052084899381039662e+00 -1.265602282008458257e+00 6.450696891350538920e+00
4.670061152117099268e-01 -2.588267735562987060e+00 -6.013509071664373540e-01
5.691391217101255506e+00 1.044138756451708616e+01 -2.211248125019058541e+00
3.972827156836556406e-01 2.184674558510513176e+00 2.932969190271863535e-01
-1.953634650430988440e-01 1.532902882934011224e+01 3.282742865310827085e+01
-1.225378975735717013e+01 -7.232375466413215825e+00 1.008882488781012832e+01
-6.053346760223917572e-02 2.825738520390431496e+00 3.801149720371352903e+00
1.302581898833225837e+00 1.615358141169398465e+00 9.262493003533636693e-02
2.210459524413438182e+00 -1.963224277842483101e+00 2.827249117267370604e+00
1.850596207686573624e+00 -3.364657007235625219e+00 -6.580306668020542427e-01
-1.497397528552208146e-01 -6.850939317055405597e-01 3.418752638857672221e-01
-1.297031246544917346e-02 -3.175675792083127114e+00 1.669432476183053238e+00
-4.460148408113268736e+00 -1.806807993208552343e+00 2.399175577587474351e+00
-6.475411058510496254e-01 5.356918696271605329e-01 1.434863206915644618e+00
-2.119692626916916289e+00 1.162808768824144634e+00 -1.087670355253190557e+00
2.849198728211953524e-01 -2.397903336798583862e-01 1.886834121386933849e-01
1.986726221741663412e-01 2.315693664089980564e-01 -1.608101162483798641e+00
-1.475006650101486239e+00 -6.965631670978558176e+00 -5.133155202573525422e+00
-8.105322189011053835e-01 -2.747939457369551697e+00 -1.809530388290971237e+00
7.079145187191338007e-01 1.726177285045796594e+00 -1.750066182413682281e+00
-9.372555508288279436e-01 -2.071873964419085112e+00 1.495696728231792338e-01
-1.760158143831176858e+00 3.511538971892908534e-01 5.321762799955461753e-01
7.293457270066348030e-01 -1.234264409894301417e+00 2.881614360676972630e+00
-2.042577471993338445e-01 -1.420146455545791886e+00 1.957387125868824462e+00
1.385675580392863315e+00 3.607360849236292411e-01 -2.898022368226614187e+00
-1.856055232928595755e+00 3.189196682719323661e+00 1.508413263408724614e+00
3.779829544787247197e+00 1.604023330299590988e+00 -8.192148174498212754e+00
7.309665743628084300e-01 8.497911736846184283e-01 1.042341839642179080e+00
-1.535231714074093645e+01 3.717951089063481263e+00 -2.775527813787148634e+00
4.494807409022143041e+00 -3.382695879679321893e-02 -3.745962670963660646e-01
-3.144990586050868231e+00 -1.229997750827242831e+00 5.090446403454115254e-01
7.237813410168238148e-02 1.194039604202198568e+00 -1.522796978507969801e-01
-3.633029611054111818e+00 -3.749181284010953075e+00 1.353197772477604977e+00
1.085779717318758886e+00 1.341656597812908913e+00 3.830255632199940363e-01
-3.089530756125747235e+00 -6.728291244064346088e-01 4.431162494874892888e-01
-1.510580647534013110e+00 -1.300617027119218116e+00 -2.499278499414040455e-01
3.470976535402487073e+00 -2.542443639479276651e+00 -2.195234853379478768e+00
-6.720413516505495677e-01 -4.639946060009943807e+00 9.190275708336027805e+00
1.096334660948059536e+01 8.563806331075827671e+00 1.619641017101417280e+00
-1.403932814321372513e+00 8.665034019201829363e-01 1.615208010088521773e+00
-4.834863547550514618e+00 -3.017013699133948457e+00 -5.592301542851900287e+00
3.469309909085536159e-01 -1.314225082129705680e+00 -1.147375082791107337e+00
5.305717866477339673e-01 1.198375711912264441e+00 6.845335862911918756e-01
2.757750296644301713e+00 -1.902222698967546977e-01 -5.154947593209997514e+00
-3.212785421961754206e+00 1.259339517057206770e+01 -9.273220823345302843e-01
-8.986276123090932710e-01 -4.563357080953503342e+00 1.379226798052538561e+00
-2.696090469674965531e-02 -1.560916038152326379e+00 -7.207394988355070309e-01
-3.104739874058263460e+00 1.290331946976762900e+00 1.914451916142878574e+00
1.216451769431793117e+00 -6.020466552621549505e-01 1.646251850677915352e+00
-2.058118648782830462e+00 -4.035420217557337708e+00 -1.295417589021637950e+00
-4.315850309740307256e-01 -6.723768249191355295e-01 -3.021283545724528175e+00
2.317272969713456199e+00 1.314438899859636356e+00 -1.682165996460809332e+00
2.245524514604582134e+00 -2.477034810738200754e+00 -1.615370009622181469e+00
5.863669410194909393e-01 -1.330941312985724823e+00 1.296137919472979405e+00
2.256734629998026875e+00 -1.870013402899032506e+00 2.316573256241143408e+00
-3.508981998093851917e+00 4.243395719787610432e+00 -4.842105923050079141e+00
3.898459316065497227e+00 2.416885629723084961e+00 -5.085807197155603809e+00
-1.169835834073604364e+00 4.326473077030780878e+00 5.099492783007300023e-01
2.451898037927988216e+00 -9.220181365769213322e-01 -5.041827920196841895e+00
-2.249611196540283409e+00 4.181005484348004342e-01 1.176704554829228755e+00
4.822071637350939244e-01 -8.922023313619570350e-01 1.898689519960775840e+00
2.659522157693805955e+00 -3.844993743652712848e+00 1.563235565950233275e+00
-6.037971419077835522e-01 -1.432756185689080697e+00 1.116176235580942588e+00
-1.100131641034542085e+00 1.465185223198433029e+00 -3.149184105450265059e-01
1.486538972716452411e+00 -1.409895626364936261e+00 -1.770629534115276682e+00
1.591437669021040113e+00 -1.208460059952755516e+00 1.046925457882115218e+00
2.890800747591467879e+00 -5.305033405419223858e-01 5.176617483346091397e+00
-2.086526668611735857e+00 -7.857205442978684395e+00 -1.572579346779683640e-01
4.413928690266838428e-01 -3.960579927009427181e-01 1.370304311004966413e+00
-4.705952482771074558e-02 1.309078483674585902e+00 -3.358573721981057414e-01
-1.431222771973790886e+00 -1.071380489468358066e+00 -4.633988975729589482e-02
1.133052071761232460e+00 1.855920742386102384e-01 6.969163764754775503e-01
-1.288525544202506090e+00 1.733743935147285198e+00 -7.959101548706245532e-01
1.116597894578652550e+00 3.421654247097742907e+00 2.181230018061900644e+00
2.166641953937603393e+00 -1.194136694162550194e+00 -4.357977334613110543e+00
1.092099229230114377e+00 -2.887209862160954099e+00 -5.266007820710190579e+00
-1.529357722524233854e+00 -3.631940756799252323e+00 1.638406970145701136e+00
9.695345530844448056e-01 2.082992966663214651e-01 1.865242188416061708e+00
-2.378639980542249510e-01 -1.000196700353587875e+00 -1.291599991953008120e+00
-3.382723686532026264e+00 7.170816915644501854e+00 5.841936717635376475e-01
-2.561246384007297205e+00 4.613040490632965840e-01 5.591773863647000464e-01
3.682070823329368192e+00 -4.679444234109804701e-01 5.611137076122928669e+00
-8.521109856155394402e-01 1.964069766129163952e+00 -1.677544131368556568e-01
2.917860326293930218e+00 2.706722086525922499e+00 -4.857609385223518039e+00
2.249638126260200544e-01 -1.490315453582736982e+00 2.829807799414039149e+00
-1.955172423934967263e+00 -2.547777424875079078e+00 -2.853584266167214500e-01
1.169416219162276338e+00 -4.353528894148724682e+00 2.067769911830644958e+00
9.901032217003524760e-01 1.073843104495507239e+00 -1.983554022247584703e+00
-6.785295417032184417e+00 -1.133707579434237367e+01 -5.654701297584160180e+00
-1.308863650083482710e+00 3.218182672065564187e+00 1.596694511885469181e+00
-8.828730986775592982e+00 -1.238063207614424854e+01 -5.309045387206745126e+00
1.048445954191330021e+00 -8.670494672019916749e+00 -2.875850457346177436e+01
2.081064057463394290e-02 5.141834088613120857e-01 -7.076407380325028251e-01
1.122113319115364494e+00 -1.754158279952133581e+00 1.630907406904897883e+00
-8.273465123696890355e-01 8.873283911519310729e-01 -1.110643137040153716e+00
-1.853193069084675848e+00 -1.407039332523481345e+00 1.924334437009828536e+00
-4.142824261985318834e+00 2.461827359023366135e+00 1.645793419715902317e+00
-2.687709143601664241e+00 6.812658709840873072e-01 -8.350497020460728725e-01
4.549322027905713384e-01 2.100223784453190967e-01 -7.912271417873654178e-01
5.430547578989184387e+00 -1.522521467974114140e+00 -5.645599286466984168e+00
-2.151867745961800082e+00 8.552272691901059432e-01 1.235358186214135623e+00
3.296680798024103964e+00 -7.521205038399727538e-01 4.549828521892795408e+00
8.228662057583017164e-01 -2.100971718493152562e-01 1.329763005724656555e+00
-3.146268085929847746e+00 3.666480421176807614e+00 -6.153622291443621162e-01
-9.444466572137959481e-01 -2.821886543396268987e+00 -3.766268264111767294e-01
-8.178972500863984862e+00 2.465316217953429589e+00 5.708354191496011865e+00
-1.357209748898961177e+00 1.006125572578490779e+00 6.576858028642516452e+00
1.057471894612810281e+01 9.154474997201155873e+00 -1.213503241656512799e+01
1.596892578974088650e+00 -5.098797021436766386e+00 9.031560512395103046e+00
-2.093873998285467941e+00 1.344312490090463941e+00 2.678286060118952872e+00
-2.424387580975531975e+00 7.779215914224629991e+00 -2.773088224137717717e+00
2.848855851926267668e+00 4.591118000614621830e-01 -9.850673965939559240e-01
1.234555618850240677e+01 -8.623077188916719038e+00 -7.234839780361904005e+00
1.377375611465359584e-01 5.792228294008733291e-02 -1.533978500408623491e+00
2.072697604364134305e-01 -1.363195554602167903e+00 6.307390637302613401e-01
-4.174423521968137152e+00 -1.046234117672804054e+00 1.283504808183998147e+00
1.026462001412838720e+00 3.027552305993551407e+00 -2.355027683159455210e-01
-3.497997757659342621e+00 5.332926925866592338e-01 -5.533315218131487967e+00
2.320576771848897657e+00 -6.172349245486723479e-01 1.636562032294321067e+00
8.834787033166547898e-01 1.434959486670486895e+00 5.818149586449188337e-01
2.048096269983888384e-01 -8.448182549170042410e-01 -4.146265389954523900e-02
6.562701035785942771e+00 1.095184672936438552e+01 -3.971997877340961214e+00
-1.021153161237756013e+00 1.112033646567612388e+00 -4.963487600674306166e-01
3.993896868774478914e+00 3.900223876644299814e+00 -1.524646926613705045e+00
9.673247583407402761e-01 1.840025037598792546e+00 2.407582077267445275e-01
-5.300338757788810362e+00 -3.699603878840894922e+00 7.180129432311122883e+00
2.514483770719431188e+00 3.914250111605240612e+00 -5.815008439881301783e-01
-2.921462724555878854e-01 -9.601931205581494544e-02 2.614797160854947844e+00
2.109684370820539279e+00 -2.270755168786838585e+00 2.426736996898214205e+00
-1.036716658643471956e+00 2.657280809666496824e-01 -1.103839500222006498e+00
-3.142988880597285650e+00 -7.396126766129322405e+00 -1.354383452893948236e+00
2.793668644348613839e+00 5.228456866203065267e+00 -1.286559740168040733e+01
-2.475648557439023900e+00 2.487096378609751635e-01 -2.722952877442962993e+00
-7.845379394508076309e-01 8.050275107858482215e-01 3.232886867524837893e+00
-5.313810906279271828e-02 2.304923748472559875e-01 3.951495676999359774e-01
-4.615397437143419768e-01 1.435166423523996371e-01 2.386401155750503378e+00
-2.051138698661171933e+00 7.712231841209710170e-01 1.921542978632032606e+00
2.873373695501723724e+00 1.057468534353142697e+00 3.491698192448041471e+00
2.969783797981291773e+00 1.453621243211952851e+00 -2.381188966259059292e+00
1.563587697798239085e-01 7.320694521333792615e+00 2.528430279812456050e+00
-4.654192171065524519e+00 -3.085417845927703073e+00 -7.619662753257638865e-01
-3.057638378631044151e+00 -6.934613043826792778e-01 3.956439055253490045e-01
2.038173729326067107e+00 -3.147740404033013917e+00 4.685565500022295105e+00
-2.627776387063745389e+00 3.547832311074360589e+00 -1.204092849748535698e+00
6.867585393928121729e-02 -1.742702386054280295e+00 1.227632977773648770e+00
2.146229789989031467e+00 3.641627521714126736e+00 1.593064988030778117e+00
-8.419652839805779720e+00 4.158394390142273522e+00 -8.297985569549197749e-01
-4.823528926157417906e+00 -3.349721213362563243e-03 -1.017459862374221924e+00
7.866712919202007992e-01 1.137692338562671379e+00 -1.856014643392193131e+00
-7.081161098411273613e+00 3.911295302725868783e+00 1.235378300348899394e+00
-1.366519986801345010e-01 8.129970536800479319e-01 9.636623496943083067e-01
1.104045555414633784e+00 -4.960653918964593956e+00 -4.427625342949118581e-01
-1.515746532266311286e+00 -2.100222040105063748e+00 1.994342619563611141e+00
2.802566390435923260e+00 8.474119582769122916e-01 -1.047714259888793853e+00
3.589114101863785766e+00 -4.923087433306148952e+00 5.059896128965235995e+00
5.670590037138170558e+00 -6.587017280430705890e-01 5.277545638376420989e+00
-2.620092842017372470e-01 -1.176344713803812558e+00 -2.407462458781409520e+00
-1.123334793916856311e+00 2.389076241223964114e+00 3.074792778567259965e+00
-1.367153114936509262e+00 -7.578992098528659627e-01 1.637276719992731389e+00
-1.128762087508911494e+00 -2.495958494202782596e+00 -1.130313597484095878e+00
-1.070207849957061086e+00 1.383418271041920056e+00 3.663813211585645213e+00
-1.043029295741517259e+01 1.162586091580252834e+01 -2.843852378409759130e+00
1.015929136566308788e+00 4.179609055268846407e-01 3.052856288540861662e-01
-4.926804677225059770e+00 3.454751115105455295e+00 -3.464339001954199193e-01
2.507759844803272298e+00 -2.900517203691490131e+00 5.154886650292794803e-01
-4.889416380839164411e+00 -2.032664983603579500e+00 1.298383463755630407e+00
-3.466851835029395534e+00 -9.270135330811596575e+00 -6.235983666003501291e+00
-8.503959432922699735e-01 -7.147587554437725421e-01 3.600581460012178270e-01
-2.600130473499274064e+00 2.592500280691798054e+00 1.725670101366571396e+00
-3.110903290684998712e+00 -2.637057870081719102e+00 -1.128570848166998530e+01
1.810248899999614469e+00 8.519751870683137662e-01 -3.197380403645537328e+00
-5.362268120911793723e+00 3.751666764541750521e+00 4.592677836581276374e+00
8.262052561996043210e+00 -1.599118404221696288e+01 1.274579321092310735e+01
-1.334305331184674870e+00 2.805432795479652075e+00 1.191185737446238457e+00
-3.159700989560469964e+00 -2.556796397098597851e+00 6.256435680207006023e+00
-8.841744842911367641e-01 -6.856717643363892112e-01 -1.287927901668948216e+00
-8.276269302267655448e+00 1.595312466057124734e+00 -9.234265951140562478e+00
-1.214185562826382458e+00 -1.317956583052932729e+00 -8.889529648985319277e-01
-3.896274400775314284e+00 1.819760168112181553e+00 -4.682146360251302930e+00
-1.954369101065006331e-01 -2.207951882041367053e+00 6.791930216448768473e-03
3.382176614603281672e-01 -3.533749557880098147e-01 2.904062842946396383e+00
-2.434493141074112466e-01 -2.119799709107198782e-01 2.164633694067004566e+00
1.244668697080411057e+00 5.865138349773548754e-01 -1.418912087684351730e+00
1.760369620986565464e-01 -1.700094802835415697e+00 -2.534543595304293628e+00
-4.854806367090829661e-02 3.924680187949101118e-01 2.711706473172008192e+00
5.666583878450886402e+00 -3.190606632144938448e+00 1.074228027129771723e+00
3.701183343001012149e-01 6.069895091724827330e-01 -1.498318270239233030e+00
-5.956350053382959420e-01 -1.220401256215480457e+00 5.954582580743572606e-01
2.271310157845364053e+00 -7.035153262695271748e-01 -1.935154299326323102e+00
7.607048646961683813e-01 1.282432265701259455e+00 3.088422713086320215e+00
-5.383885825500542843e-01 -1.102303113032302662e+00 1.865426269557494687e-01
9.315156873053673792e-01 2.212282117826734340e-01 -2.088646060113817260e+00
-2.682753702407210561e+00 -3.241415729759439035e+00 -7.792021083778688517e-01
3.539660222362899678e+00 -3.286082446622605735e-01 1.817936234484162084e+00
-4.195933277865770972e-01 1.774391403482455387e-01 1.672417574233981741e+00
-1.907112411146649533e+00 -1.406433729604466887e+00 9.301315204868578768e-01
4.987786789715038971e+00 -1.071618403577418022e+01 5.907559529280944410e+00
2.026030872790832937e+00 7.370893296226110891e-01 7.133125398718291876e-01
-8.094672332246899416e+00 1.059434724509775050e+00 1.606054615506347716e+01
-6.767504337006324810e-01 1.293854500818469866e+00 7.813965190909949454e-01
-7.354665929893699605e+00 -8.377190428713811032e-01 -2.812186231233214373e-02
-1.391082314016797827e+00 2.724672192729011400e+00 -8.953260961621982705e-01
2.009023736385771031e-01 -6.418404361560076099e-01 -6.168110649482029251e-01
1.307120460866531353e+01 -7.886180561545349299e+00 -1.492742796980573772e+00
-2.396522370019154913e+00 1.886719895096365951e+00 -5.384074059419933889e+00
1.643731281503408637e+00 8.574089083640996645e-01 -1.411305278763941962e+00
2.240032683635883703e+00 2.623182149183320266e+00 -9.024695940284883644e-01
-5.880393507931819252e-01 3.279803441864748148e+00 3.793174676748126917e+00
-8.247767703504190751e-01 -1.902597407430499210e+00 -1.189045146849142753e+00
-7.024350479824971183e-01 1.946023739692804622e+00 6.105738141055883084e-01
-2.740780838016661392e+00 4.897550806681714164e+00 -1.087330783964755376e+01
1.704962856812039185e+00 -2.040655383890873364e-01 -2.454374836627936762e+00
5.183211132239681218e-01 9.984004700262377741e-01 -1.027524528020020478e+00
-7.225791397210935552e-01 -8.891794818848334003e+00 8.363884863856693386e+00
-7.566371680572877567e-01 -7.764674855059269243e-01 1.578193000146746572e+00
2.404522387608754030e+00 1.981756376946075315e+00 -1.131941860937152544e+00
-1.931245939269448930e-01 -2.136965179165487783e+00 -1.828187472475544473e+00
-2.233656946181660885e+00 -8.632594540601826183e-02 1.895705810822962079e+00
-5.736449621228694618e+00 -5.450652403681722546e+00 -4.970891056410646769e+00
1.931525423161665866e+00 1.841588550144399317e-01 1.403533462420212041e+00
-4.022135019673359402e+00 -1.652718399090841395e+00 -1.228014078742984960e+00
-4.328249385041441855e+00 -1.347465229846220025e-01 9.211745759231801944e-01
-3.923667531827431887e+00 7.345150173617573941e-01 1.017629092960383064e+00
6.542708280059129633e-01 2.658151304530618764e-01 -1.730400637529643904e+00
2.167460318766175842e+00 3.411660532786993549e+00 2.679180443802214318e-01
2.707185457831070341e+00 -4.157949434674290679e-01 4.215451496189097022e-03
-3.665320421067352008e+00 6.043824418633498397e+00 4.190102330421640708e+00
-1.086580553887010581e+00 -2.555358633049482631e+00 2.227786013931941866e+00
-2.776344689787163311e+00 1.546141044979710000e-01 3.116324238666488444e+00
1.902434886044251483e+00 6.930460906338421490e-01 -2.566729289808024728e+00
-1.906659257853032585e+00 -4.445257565905649799e-02 -1.439079045826653358e+00
-6.503411738076797510e-02 7.260231844637121679e-01 -9.582960992227352870e-01
2.871492731678676691e+00 -1.630432848320178874e+00 -1.978664985097594142e+00
-2.092474471991325746e+00 -7.263849979684799951e-01 -9.425974071742124760e-01
2.971612439213587198e+00 5.190606664959198646e-01 2.622700206077452023e+00
-6.302811214847003463e+00 -4.597333275595610225e+00 -9.919586570502098022e-01
2.442411460685609270e-01 -9.002485173111383077e-01 1.684397886911990216e+00
-7.367739417471903529e-01 1.514942306047715626e+00 1.613533744647614565e+00
-1.145837869236394857e+00 -8.357326541178092816e-01 3.403079959712772773e+00
-1.776135272879799221e+00 1.908383167657925483e-01 2.946759985438883733e-01
6.898439757342966772e-01 -3.961785934463504244e-01 2.362656175277129122e+00
-4.218835433958212366e-01 1.656200573833621847e+00 7.320626992543315392e-01
2.017026698584102551e+00 -4.950749457691307476e-01 9.058981581284724083e-01
-5.351840499756721492e+00 2.107012068199455967e+00 -4.857427243281187579e+00
1.504557525445209487e+00 -5.643744727687880491e+00 2.850717143414406296e-01
9.042345762510005658e-01 1.161833437078804376e+00 -1.879705421619313199e+00
5.827395412617152104e+00 2.237161042931720134e-01 -1.531860097173464164e+00
-7.241405386288112256e-01 7.420182850357480708e-01 6.214618350461587060e-01
-2.452497725574899423e+00 1.596842321590687952e+00 -2.830918510441049918e+00
-1.973278131849613981e+00 -4.494971120023437128e-01 5.922205294126644537e-01
1.168097644524786816e+00 -1.099943409182293719e+00 4.664624310181293865e+00
9.470109138196418641e-01 1.591841899654912851e+00 -2.192381298564398673e+00
-1.677222437523339327e+00 -2.754249082304717433e+00 -8.755879964820244554e-01
-7.137910281729039852e+00 -2.306553939506533535e+00 3.001866773358539131e+00
-2.394435407059221643e-01 -3.234534348762439837e+00 -6.036211975206566827e-01
5.235978721024258320e+00 2.179412566164574017e+00 -1.372182045060181821e+01
2.139709872951299108e+00 -9.687638658721606788e-01 -6.521490268861623862e-01
4.466079595278158898e+00 1.616792698477517165e+00 -6.718377744879190594e+00
1.472181108786615678e+00 1.636114779234974503e-01 8.338360904449632072e-01
-8.559150479892209118e-01 1.795418824539454894e+00 1.475407081340892601e+00
-3.996021380189153760e+00 -1.920282529743474687e+00 9.882181212755081212e-02
5.305929792993810068e+00 1.207884552852472737e+01 1.637125204808025458e+01
-5.732362991732672247e-02 -2.882286779019873180e+00 -2.954182784325389832e-01
-1.687517045047708208e+01 -1.232254415341220977e+01 2.458371559363369485e+01
-1.236037996818990514e+00 4.280171756259085747e-01 -2.457161445784042719e+00
-4.050133030879362828e+00 2.477845768196025311e+00 9.167462079049956136e-01
-5.683701319658426288e-01 -3.111946822259225587e-01 -1.749224338970827020e-01
8.259323764481969476e-01 5.794243354155836023e+00 -3.401300959959835168e+00
7.496394458943478334e-01 5.941254470912714636e-01 -2.337485691472121763e-01
4.011766127715941543e+00 8.666667273409759398e-01 -1.273196322395335089e+00
-4.283055711365833851e+00 2.555846477815514994e+00 -2.729929790860754490e+00
-1.818469775724537829e+00 -2.476635269311449061e+00 8.245868831485195227e-02
-9.149472876967064128e-01 -6.872123042826464356e+00 3.615091722151237530e+00
3.927297640023974967e+00 2.460577552709855009e+00 -2.162382301932804562e+00
3.728928594816358189e+00 1.695541684750187184e+00 -9.397773915069301820e-01
1.717861981109640279e+00 3.415510578938046660e+00 -5.269914987786773253e+00
3.740342502237471667e+00 -1.732612617496356311e+00 2.643388615105109363e+00
9.370089877246740029e-01 -4.119940008467700920e+00 -3.452523638317518406e-01
-2.116053392295621782e-01 1.705104093536091048e+00 -6.539395986552122508e+00
2.339891683958172486e+00 -2.204490578241146803e+00 -3.919870016982310856e-01
1.430577433209675009e+00 3.358119151760440707e-02 2.137316293398495937e+00
-7.412030813683939678e-01 -6.721737149906008568e-01 5.526560653598358019e-01
-4.735375355866966451e-01 -1.295640870340473816e+00 -8.219353240357956114e-01
-1.885093031981009748e+00 1.811935606870500592e+00 1.617110403209255365e+00
3.869628265147818658e-01 1.586213359679907731e+00 -1.651161815409898148e+00
-1.838633237071415794e+00 1.384053617040483131e+00 -6.060802362509628560e-01
-4.578425930028893337e-02 -1.500525216930582673e+01 -3.471535808504143450e+00
3.218893356307663378e+00 -5.807122155217344428e+00 -9.458874273873471239e+00
5.920976017688031057e-01 5.306146140354275786e+00 -8.092479904397268387e-01
5.541741043504210928e+00 -2.823283453374417995e+00 3.485044382954211262e+00
1.369429394037942416e+01 3.888039834783378890e-01 4.327836308626603845e+00
-3.019721121737296343e+00 3.238289883348286935e+00 -2.297913585481740073e-01
3.260155234063747187e+00 -3.944206794022831808e+00 -1.162496954762525014e+00
-1.023298669937635186e+00 8.081285915783216200e-01 -1.499645684859003625e+00
-1.404894255480442222e+00 -7.771665943119645537e-01 2.900449390856332688e+00
9.195070464169478042e-01 -1.291898272703212447e+00 8.538644017770309347e-01
-9.479178187581931425e-01 -1.154612550628294043e+00 1.801940622249633694e+00
-1.679856305763715696e+00 7.101240992578903288e-01 2.740062625964394538e-01
-1.224579281913626749e+00 -4.710703430009627546e+00 -1.522770655876101387e+00
-1.482416920456292786e+01 -7.275458172955672431e+00 9.295788527968761983e+00
-3.568211605319457913e-01 -8.721211925359424466e-01 -1.868120503643756036e+00
3.162480472940212284e+00 -7.880358150101037795e-01 4.130675902101472730e+00
3.522773565023988862e+00 5.872407238355977777e-01 3.019515745467736267e-01
-1.197768923756107995e+00 -2.482056819070290299e+00 -1.421012614531519669e-01
1.321096007213882650e+00 -6.024190450593847501e+00 8.065302978012644175e+00
-1.675335656774556270e+01 3.013901520009278556e+01 1.024260005931717465e+01
1.898457534139174285e+00 -8.015895798498873237e-01 2.955620708387388440e+00
-7.973726569990828850e+00 4.502533534083952849e-01 7.985229079315319112e+00
1.642205478901906712e+00 -4.879572001977572904e-01 1.808077788208183323e+00
8.828575459142593007e-02 -9.469695967448790719e-02 1.669266723432858646e+00
1.979126799094146572e+00 2.217987717496741062e+00 -3.454543377410455918e+00
5.308629381465602703e-01 -2.228836023867205363e+00 -1.680387661837817292e+00
-1.971618407508635817e+00 -1.206537482307739495e+00 -2.431533210950379331e+00
-4.233970052418946639e-01 -1.401140597210464911e+00 1.812138707705776008e+00
-1.763412493839402906e+00 3.581780180493912558e-01 -4.093065684001251370e+00
8.014366687851218529e+00 -5.989251042227186517e+00 7.583801298456496198e+00
3.285053795862652670e+00 4.791935437740319159e+00 2.568111617163426175e+00
4.993577588296613246e-01 7.554556694395205829e-01 9.702876517288422376e-01
1.979250354636596265e+00 8.097877606666001427e+00 -1.768057556209199355e+00
1.788353431219582346e+00 1.038408595970687687e+00 -4.480275971624131937e-01
1.079040489715194617e+00 -1.963279264404265367e+00 -1.691415215732388733e+00
4.524579124502745020e-01 4.408182721999642228e-01 -3.145898801817263446e-01
1.598754316595905056e+00 -2.441408140101323010e+00 1.532544858784999464e+00
2.905399192000860609e+00 6.499914239738260768e+00 3.525306523140086856e+00
-1.253845770535714221e+00 1.698287197036880913e+00 -1.484546948491028084e+00
1.426068367497643541e+00 -1.594412504914727968e+00 6.564555946267811581e-01
-1.130840323154372190e-01 9.508046561216305648e-01 1.043428242866229372e+00
1.574614791156613292e+00 9.217903044456682293e-01 -1.177227285799125278e+00
-1.216002659938540953e+00 1.799063002872161032e+00 2.818269026182869119e+00
-4.470200701090369932e+00 -1.546342386642751698e+01 9.643231606415689328e+00
4.181350221622558649e+01 -2.113908673618252365e+01 -4.997010365540369747e+01
2.369618722389379428e+00 -3.148524416362400657e+00 -4.236979074866202843e-01
-3.640446436861912716e+00 -7.681801736618377952e+00 5.197298308429235014e+00
2.826748155300653931e+00 3.920412066670135420e+00 -7.561405707619677230e+00
-1.139595254073461916e+01 3.413757724021916129e+00 4.767806964352245380e+00
-1.194856582190981786e+00 4.232617761451956007e+00 -3.630809280820169960e+00
2.149334525825964182e+00 -3.665813049956007652e-01 1.335395908699982925e+00
2.146515334221748075e-02 5.826000547834544324e-02 1.996828444050634255e-01
7.616481808404188314e+00 -7.433307673425309403e+00 -4.769546182315010263e+00
-1.332474006675987610e+01 -1.831719535619444894e+00 -1.561165165717783232e+01
-2.034486692172447597e+00 -9.562801762068748879e-01 -3.455116523951562435e+00
5.660208118133493865e-02 7.477151085210524684e-02 -1.949662052473842833e+00
1.246321399478904191e+00 -2.241639666686560783e+00 -3.480109671695446494e+00
-6.590209803008293399e-01 -1.731738672959164171e+00 1.528900392369242078e-01
-7.766940169016668394e-01 1.373550413072115867e-02 3.001238657254340136e+00
-1.122346533924114320e+00 -2.768397073053072699e+00 7.574822758631426289e+00
-6.476852745758145957e-01 3.503786439783596607e-01 1.512425930227881521e+00
6.583143952357508155e+00 9.201936979231135627e-01 -5.252352906076757755e+00
-6.029292753300758978e-01 2.835292546026633165e-01 -2.353808555915687606e+00
-4.146384533803939565e-01 6.568350288323965280e-01 2.006585924774933805e+00
7.745540129497284765e-01 -1.325592894486132378e+00 3.922771054847550953e+00
-2.489068496797378849e+00 -1.609722801913736179e+00 9.735771329708950983e-01
7.610862287526401815e+00 5.234337048609361887e+00 2.547267768676281907e+00
7.868071695011052968e-01 -1.787355635721615377e+00 9.393678140442954572e+00
-2.320646019392499149e+00 -5.246032598477472497e-01 1.680620343169523245e-01
2.080754989494460805e+00 -5.230754652140799266e+00 -1.024762056379145525e+00
1.030589230757047225e+00 -3.436556395454370971e+00 -7.457717984395895172e-01
3.003923507055540121e+00 -1.684971241902039729e+00 1.081430907775578820e+00
-5.098350371368050027e-01 2.058565975691579661e-02 -6.420001655170220367e+00
-1.225390384515649522e+00 4.852810676136253693e-02 -4.398545672466370737e-01
1.747332492214556332e+00 -3.891249375609611150e-01 6.639933013641261539e-01
-3.070130182676227282e+00 4.774419100172647701e-01 -9.280141962486117002e-01
1.631792417458813316e-01 -3.627004401973324743e+00 -5.872209521960964018e+00
-5.463947950503327267e-01 7.922992757582109746e+00 5.851027343623164956e-02
-4.366663308053784931e+01 9.079211597543744006e+01 -1.149646825839148931e+02
3.837231345156787432e-01 -1.270329915049227765e+00 1.169463738878794956e+00
2.691980536593845841e+00 -5.550679335316711871e+00 -1.657679234237040555e+00
-1.397645136299621837e+00 -1.360060517488807408e+00 2.245293382526836190e+00
-4.052567965615267553e+00 -2.399957666969030257e+01 8.523327415600480350e+00
-2.275783048324791391e+00 2.142211181796844333e+00 -6.528173703570288033e-01
-4.917510338122326630e+00 3.545465604511157665e+00 1.197624908628834639e+00
-1.299238219466648658e+01 -5.610161082008717770e+00 -7.708845935454427867e+00
1.074066571885113452e+00 -2.444221680538014585e+00 7.374453748162326794e-02
5.350195095408374346e-01 1.468259000040973650e+00 5.000814448982521254e-01
-3.052568449505005166e+00 -3.834357583981919060e+00 -5.746763516166659258e+00
4.052355454841522153e+00 -4.013899155598651958e-01 -8.299067719340622595e-01
-2.383594273208592629e+00 -1.669375963513615613e+00 2.602983837466437897e-02
2.621715563620805600e-01 2.496719059157475940e+00 1.690547428546255837e+00
-6.681810102442231614e-01 3.927625762623829786e-01 -1.461926604681567765e+00
-2.190843467086467378e+00 3.662017685771992159e-01 1.852238276959380592e+00
-6.155930098292704544e-01 -2.420367784687436519e+00 9.461476957354656436e-01
6.246127153451602743e-01 -8.455841659652596931e+00 -2.054573394570637923e+00
-7.181631316901381235e-01 -2.942373346367754827e+00 2.219736368664209980e+00
-1.909900332300486170e+00 -3.754204189072903736e-02 2.516298955803140558e+00
1.472261577522885334e+00 -1.386870587217523099e+00 -2.365818442792695098e-01
-2.640326881689595062e+00 -4.692965873134421706e+00 -7.405417215315706514e+00
1.382868246858211059e+01 8.235244983496122773e-01 -1.653265682259773106e+00
-1.978217017479832140e+00 -6.052416388377465317e+00 1.752804691157349826e+00
-2.465281155889351705e+00 -1.631752620066266646e+00 1.328706968870219329e+00
3.640508171965845530e-01 -1.103582059278560568e+00 -1.319080714718868785e+00
-1.358597093784194687e+00 1.340512704017029044e+00 9.484778946777256969e-01
-1.474043223939453195e+00 1.273531436208517609e-01 4.803939732427782161e+00
1.151353615477185843e-01 1.936847691005694871e+00 -5.399840344096968892e+00
-9.519820865979546909e-01 1.259423316731535625e+00 -2.780862601547446911e-01
-2.504594859544023500e+00 2.499961303397542078e+00 4.473570312576715224e+00
-4.157073390762278109e+00 1.524876292261487354e+00 1.272001082454093268e+00
-1.346667525357132966e+01 -2.103924744887063714e+00 -7.165051616345236019e-01
-7.145651739885457987e-01 -1.474095618548010578e-01 -3.213781818361108877e-01
2.152969709009286081e+00 6.087704064281268534e-01 1.120192578908639325e+00
1.702808112961987197e+00 -5.082930270073051648e-01 -2.075233387120818840e+00
7.401166257838725393e+00 9.200166594006578435e+00 4.394473801187735340e+00
1.094982249267214058e+01 -5.315765863442768052e-02 -7.200300675742019152e+00
4.750525920744069097e+00 -4.042538209851564979e+00 -1.899146624725362331e+00
3.479726710737709894e+00 -2.072835568534739270e+00 5.349322712216233455e-01
4.595156549349404540e-01 5.262327868578341672e+00 2.514043195370546657e-01
-4.542647271725775759e+00 -4.384259795698259410e+00 -1.814671776876176867e+00
-9.467517230680162044e+00 -1.078276543427739753e+01 -4.353520517902351727e+00
5.907983574457579268e-01 2.616850540288318872e+00 3.142233197793392385e+00
-1.971881119899901558e+00 -5.178412562207146408e+00 2.932835892164820990e+00
-1.558580583350528403e-01 -1.273694559123372816e+00 2.666772824680361698e+00
4.757121957974393744e+00 -3.508497590616044531e-03 2.358419595312026829e+00
8.657938756462500995e-01 1.403553539635956193e+00 -3.366942185353498207e+00
-1.791266758709215479e+00 4.975528127373902265e+00 -4.750186357642244284e-02
6.666019768935144141e-02 -3.134380323327338846e+00 8.660802352387479974e-01
-2.550528509637351249e+01 -1.668311350318753883e+00 1.982951091192766313e+01
9.279233048507725456e+00 2.146713406153341275e+00 -7.225943123861983786e+00
2.339837192409709665e+00 7.124452977007752486e-01 5.670922503902882994e+00
5.678934712412472274e-01 -9.541692331510578384e+00 -7.489040913133027999e+00
-4.205940813909423426e+00 -2.618902847042416937e+00 1.548271283027557566e+01
-1.167595915315814636e+00 1.886572830924468036e+00 6.284820221305696952e-01
3.545826848380188578e-01 -1.277823198884021849e+00 -9.345883076810852785e-02
7.295643100278447202e-01 -1.021849671491664724e-02 1.130632445382407925e+00
-2.606032625068540831e+00 2.897973094906125535e-01 -1.642871011078121668e-01
1.698614371424989611e-01 -2.215991414061790454e+00 -1.748583214264597174e+00
-1.289003865021743689e+00 -1.950241493120870917e+00 4.727403764038949907e-01
-3.201815539506172592e-02 4.690178049384330805e+00 -3.243248132346794321e+00
2.897329428555152742e+00 -2.480129467271322330e+00 2.677636165825315384e+00
-2.865483139073957908e+00 -2.036633462364106251e+00 2.097262700225679843e+00
6.448725997681946431e+00 -1.226824268808958118e-01 2.788124551818983998e-01
-1.029110350745340519e+00 6.008475705442108072e+00 -7.168184340416606126e+00
-3.623119325758237252e+00 -1.243694067743665421e+01 -2.871787787060730679e+01
1.264431245655749603e+00 -2.923436148863722384e+00 -6.090510678220264040e+00
-3.948926930083836773e+00 4.254510429034431773e+00 -3.792561872245553634e+00
-6.417287452696351480e+00 2.816834040588215959e+00 6.228299663110059115e+00
1.680241602085551511e+00 2.939470005929272656e+00 2.601184040878171455e+00
-1.107704088757894167e+00 3.289314439776674259e+00 1.114376077163626189e+00
-1.545306690320964238e+00 7.944345072206792091e-01 2.793859811413204053e+00
-3.031896946723511732e+00 1.892634126337879419e+00 6.759690994168382483e-02
4.942055551460805773e+00 -4.723577943350194985e+00 2.232946887829651561e-01
-6.257538155675374192e+00 -1.073964380839238952e+00 8.654654982438128030e+00
-3.994215069904172299e+00 -5.544124289069116251e+00 -3.434032707721375588e-01
1.080524388853827400e+00 -1.441681445762241554e+00 -1.505074195135460924e+00
2.793409235858935080e+00 -2.648799090309490456e+00 -4.195783846090942681e+00
-7.845775300842903199e-01 -2.220082653342522860e+00 5.048750778787858273e-02
1.371078847539248180e+01 3.534969956866056973e-01 -1.213901488601748113e+01
4.884429620541207662e+00 3.020138708924331450e+00 5.309386823618772233e+00
-1.428023879485162295e+00 -8.926624732392168804e-01 -1.838504148240343472e+00
2.174116010012655253e-01 -8.614147437059610501e-01 5.161985879757915452e-01
1.966526214480514012e+00 -6.593805278065552500e+00 5.877913265548506683e-01
9.703843834135389423e-01 1.069719784065589607e+01 4.142211084204317828e+00
-1.011736070863752668e-01 1.058345317136037300e+00 1.235759083614862697e-01
-2.422156942006374436e+00 1.915008919196524495e+00 -6.081760167860562616e-01
-2.336669640927750091e+00 -6.642279305653641108e-01 -9.181494834420067530e-01
-1.589891850055836109e+00 2.689512166562277873e+00 2.078131605033861351e-01
-1.485698647094450875e+00 1.605047886947292002e-01 -4.158631408920324124e-01
-8.344829580470861430e+00 2.448811652367695046e+00 -3.751174697139554759e+00
-2.013746693949679756e+00 -3.077118679416141478e-01 -1.631919969295500650e+00
-8.488323602537951595e-01 5.386383927270127492e-01 2.167362955463773222e+00
-2.264577458745440919e-01 2.965173623288529736e+00 9.112183488283071009e-02
9.224032596965362485e-01 -8.797220241700507426e-01 4.313237067028662608e+00
7.955550307470287547e-03 -2.150910162769392731e+00 -2.217249803760595217e+00
-4.970259053052008547e+00 7.617574576314452450e+00 3.714149064370135811e-01
-7.686810553128411438e-01 3.200354598716637522e+00 3.563601218862884945e+00
8.172064171807544852e+00 3.112978842043995442e+00 2.606048454545364823e+00
-2.029031279705620694e+00 1.773268408605143120e+00 -1.806575148698787547e+00
4.440122404245578913e+00 -1.359983746380836678e+01 -4.186544097210648019e+00
-1.326134451688677940e+00 -3.570333713421189326e-02 1.326365000997165033e-01
-1.021505013922060723e+00 -2.311328574122182011e-01 -9.650977670680364051e-01
8.055572663123464761e-01 8.419284496004509899e-01 -2.589565598546972769e+00
5.707121943747325288e-01 2.483157270125051497e+00 -2.617220922074940503e+00
-3.631617316308586751e+00 1.087637869026391035e+00 2.651918903090908497e+00
-9.541797877745336720e+00 -7.692229671980602701e-01 -2.302997701035234712e+00
7.323595373213087178e+00 -1.174367938748092755e+01 5.041129579066161881e+00
3.089553982611725313e+00 5.521215422487644187e-01 -2.730487309228946113e+00
-1.820443639121027690e+00 -1.652387807807033093e+00 1.305173657224336370e-01
8.570359712483882619e-01 -3.689006675924583756e-01 4.099466936763543901e-01
-6.914662192957746756e-01 2.045039723911844742e+00 2.645063106493936722e+00
7.254559580079541492e-01 1.298822694602011774e-01 -3.533491806347109243e+00
4.025051721814734584e+00 6.008228371010610580e+00 -3.618099896407304339e+00
-8.024941101228024731e-01 -1.739974113774332309e+00 -1.888379032492559562e+00
3.697341590990058879e+00 3.006679247577404901e+00 1.491152587495764736e+00
-2.994847635717955203e+00 -2.360115548540466346e+00 -3.957546997760635676e+00
1.348387503632435314e+00 -1.847001597550186558e+00 -4.013704795915422063e-01
6.864426926462354750e-01 4.374015245608575131e-01 -2.234115997311718171e+00
1.955740626200944687e-01 -1.160841831652437373e+00 1.594921094347732327e+00
4.071653150813834721e+00 1.929249218987925604e-02 -4.402356748271974318e+00
-3.564604794921049646e-01 1.897011080321452825e+00 1.705939142929748797e+00
5.201887769920725546e-01 -8.146243598179347956e-01 -1.932035936154670619e+00
1.215873811617030897e+00 3.564573935794340009e+00 4.366168116624307149e-01
-3.389822938544663433e+00 4.824931759739322645e-01 -3.734866118207814445e+00
5.370332080415175291e+00 -2.109086995888506344e+00 2.631769844585776230e+00
-1.342323925987137789e+00 -5.011622506763824259e-01 -3.151259254445552660e+00
-1.557491503841009539e+01 1.196839575650183640e+01 -6.943443379145760375e+00
-3.598300256713354628e+00 -3.281977564547614801e+00 4.691605079161977887e-01
7.515631540882334871e-01 2.413023367155319399e+00 -8.673816871688490693e+00
-2.395229342804884531e+00 -2.465880220307103965e+00 5.300016105552306511e-01
4.791214990336589707e+00 -1.737553241840229079e+00 8.966903629264085795e-01
1.431284702964198408e+00 -3.036218185641755163e+00 -6.595250599883921705e-01
-5.415545755430154484e-01 2.366336538683422586e-01 -6.062440142728500181e-01
2.390848282131082581e+00 -5.388307367899146882e+00 5.252234524295551488e+00
-2.601611468647399228e+00 1.360069195716579582e+00 2.391225314888126174e+00
1.719410211826458423e-01 -2.272960432467826752e+00 -6.625844488932868259e-01
-1.322047872377515976e+00 3.348405394896468157e-01 4.117862358807813372e+00
-9.814592499066446152e+00 1.540377195290750123e+01 1.296560384207680272e+01
2.960490182109400070e+00 1.623705707106493534e+00 8.861491262809181535e+00
-8.661739886488990792e-02 -1.728858889560201062e+00 3.303393874135398089e+00
-4.938319384523491284e-01 1.576100953474768307e-02 3.261031543019639045e+00
-8.091456300896985310e-01 3.461734679170874074e+00 2.945409960784710068e-01
3.366961041391534515e+00 -7.375530071941742705e-01 -3.831241884687371257e+00
-7.893532971490230921e+00 -1.240921041814734727e+00 -7.433434542332015837e-01
8.658109517795864463e+00 4.876871170447778958e+00 6.310566741425239989e+00
-4.137941918405559250e+00 -5.646675882774092603e-01 1.530720606732645317e+00
1.459250476445650202e+00 -2.137625078201258744e-01 1.399122401728811749e+00
8.307227276718448516e-01 -1.628528000361137540e+00 7.511464884074642967e+00
1.438128123230408395e+00 -1.253864948507909860e+00 4.546758776645583033e+00
-3.848626470969409574e+00 1.977303623585351611e+00 2.168669557736393472e+00
-5.388798385734623331e+00 -4.240603127321429966e+00 -2.514783181302852721e+00
1.810889072603199645e+00 -1.305926848111400806e+00 -1.253515712867284693e+00
7.840746581833069051e-01 -1.269217207306851725e+00 -1.217323686403864125e+00
-1.001567425555497515e+01 2.080965405706650007e+00 3.430261037554728443e+00
-2.002885239053848299e+00 1.182261820896227178e+01 1.567292689328938060e+01
1.074376869082293240e+00 -9.022035519504971290e+00 -1.637772771268711480e+01
-1.947100040581218050e-01 -1.215434362986806072e+00 9.063559154869401668e-01
2.579845199034370637e-02 2.037830097980859012e+00 1.073349371343926162e+00
4.094395039114380630e+00 -2.193321452369010327e+00 -3.461876457904589088e-01
4.469444008607317831e-01 1.036404204890184477e+00 2.400166527348197576e+00
5.266867051728338467e+00 6.433235116492187766e-02 -7.957267413696690994e+00
2.158234897624345283e+00 3.287559280439782849e+00 1.036590207481263848e+00
-2.092813186999597619e+00 -2.813361729415576606e-01 -8.822790464630536622e-01
-1.407604006501046001e+00 1.737115938336283971e+00 7.162729863188013191e-01
-3.923299185882280771e+00 -6.154223040370593978e+00 -7.367388215014905040e-01
6.831291456521250360e+00 9.166313056955617711e+00 1.220950914710468815e+01
-3.334800985802577333e+00 -7.810041161683395572e+00 -2.456066212763014178e+00
7.103829851379274141e-01 6.663107484548000947e-01 -3.036513691810422078e+00
-2.374451216777101248e+00 -2.390852073837729797e-01 -6.054911118931896041e-01
3.098748700035601100e+00 2.749762964454824932e+00 2.346495180115872436e+00
5.384553255750788914e+00 -1.417721493023223145e+00 -3.283530886538952864e-01
2.885821490048585236e+00 -2.295581795293209382e+00 -3.029765193541788193e+00
-5.727359120411747995e-01 -3.871132502279795773e+00 -1.226183903822869459e+00
-6.057782810027447784e-01 -4.618613123675345378e+00 -2.503720395447400104e+00
-1.968696876773892823e+00 2.891399779231552447e+00 4.637882768370429898e-02
-3.764177165581057416e-01 -1.362071572395512353e+00 -1.676559724469331991e+00
-1.769389928949569812e+00 3.986752997652883046e+00 3.735580458321717257e-01
1.606552555143174077e+00 3.823724238676279308e-01 -2.016437866213302676e+00
-2.579628645715202673e+00 2.112050876995300364e+00 2.845137344317268280e+00
1.214386453029438817e+00 2.978683314750636968e-01 -1.522519309554362099e-01
8.055626811501474194e+00 3.631270693093837099e-01 1.219243997466301366e+01
1.283931383726380160e+00 -3.453745739550204141e-02 1.730885150661063410e+00
-9.944907729636277560e-01 4.007380901449316468e+00 1.663601802742700864e+00
-1.693941334274168264e+00 7.359467743482090984e-01 2.349217156436402831e+00
2.351833954740641719e+00 -1.696415196136063397e+00 -6.133096036919430949e-01
8.533804374029823947e+00 -4.708008520086333526e+00 -2.007408711897169962e+00
-3.147117176545898065e+00 2.205637308378618933e+00 -4.518137742455840211e+00
5.124434730741095345e-01 2.129610508262218094e+00 -7.621699902455185693e-01
3.507527192765947932e-01 -5.209461967443662633e-01 8.940866607175842473e-01
1.986309644635581018e-01 3.954541706905469578e+00 3.097896350313649183e-01
4.482736942683818865e-02 -4.076743638575653361e-01 -3.934734697140461201e-01
2.398034639005513835e+00 -1.455345073134955092e+00 1.183040983630295084e+00
5.614058330399880781e+00 7.852433947596773933e+00 -2.986717066783483698e+00
-1.356414628241019216e+00 4.495772845411135643e-01 2.296650964095400482e+00
-1.042623503960234732e+00 -1.927856545195504867e-01 -2.753588045547555652e+00
-2.607768185742575184e+00 -5.345515766244113287e-01 -1.270897888381802732e+00
9.109504931579912590e-01 9.226492765365726934e-01 -1.193641751161764741e+00
3.183700336347815574e-01 1.382168004840250930e+00 2.873760772544775577e+00
9.508397648541542235e-01 -8.242282769198331360e-01 2.048222815670986297e+00
-9.783626926462460349e-02 -2.367120517319524886e+00 1.624106002448063801e+00
2.981905298638322765e+00 1.982861906314473677e-01 4.338226470972974091e+00
1.182266836368282975e-01 -9.943155770478072641e-01 1.306228158510271076e+00
4.460775687276107071e+00 6.648800413764359263e+00 2.834807277306405915e+00
-1.001979674125449860e+00 4.420801867133682395e-01 2.987431134830703106e-01
5.608694179516342082e+00 -1.763363690027669151e+01 -2.766682585164829788e+01
1.448022773982853506e+00 -1.267215419814565758e+00 -9.350536248176236631e-01
1.797241655428424512e+00 -2.356216557975844506e+00 -8.954875284187846063e+00
6.430349175326842470e+00 -4.339826909854194170e+00 9.691563626738126658e+00
1.219350584679810279e+00 2.831239569137416368e+00 -2.295700112334624343e+00
-9.187904225749205622e+00 7.333554224130460319e+00 -4.433957364647524990e+00
4.077090381725963830e+00 1.556430856933919138e+00 -3.944273297855626303e+00
1.549979883680420611e+00 -3.519858282951719541e+00 -1.822928067695560372e+00
-6.549467092139233060e+00 4.108010001067002648e+00 -1.949414409872115117e+00
-8.313998568883844698e-01 -6.120961461030815370e-02 1.603234815815799130e-01
2.934988541130367334e+00 -3.901618055849917610e+00 6.436715801605545906e-01
-7.237674855533304807e-02 -8.296532797721781760e-01 -8.981149010581100933e-01
-4.742237936035841983e+00 -2.193663902737104543e+00 4.072033590161035832e+00
3.287203276340326941e+00 -3.477747275656797310e-01 3.245435976173228099e+00
-6.770716344443624024e+00 9.112483951703026719e+00 -6.765177849446006864e-01
-1.865669385138617187e-01 1.333385553720561001e+00 -1.523382611545135212e+00
-2.413614702756545771e+00 9.666597069208410220e-01 -5.341065048232399581e-01
-6.135590295919510773e+00 4.388250103008601855e+00 1.733575547907264536e+00
-2.211267205103582434e+00 6.266062767631882524e-01 -1.862720969154516348e+00
-1.197912074788268999e+00 1.026925039834065551e-01 1.530367123512232030e+00
-4.350826456130731046e+00 2.081585497685698005e+00 1.873876208375121921e+00
1.504648460442981950e+00 -3.900298627691884512e+00 -3.352604983542328831e+00
-1.237638529943813737e+00 8.703299146026247657e-01 2.915169229339437784e+00
-5.785242252241165950e+00 2.278156130227032783e+00 -3.193724969148293624e+00
2.941802741043920477e+00 5.619738052302559517e+00 1.476546718875074715e+00
3.388982522522234753e+00 2.066141765998850133e+00 -3.463368342904448394e+00
-8.517870153304346603e-01 2.122839624479042897e-01 -7.430285129055530513e-02
7.990754079675801980e-02 -1.701182878330261383e+00 4.512143321616031710e-01
1.899845863287664027e+00 1.522596842299903663e+00 -1.057514017009283380e+00
-2.414673747370653878e+00 -4.177620023508024083e+00 7.703686095188930771e-01
2.893153053045240064e+00 5.565345010814811921e+00 -9.371798155209882797e-01
-7.054394643657539987e-01 5.381735731425616898e+00 -2.128803941835622826e+00
1.787637388383902071e+00 -1.090016204123561483e+00 -3.081174183805302835e+00
4.897518561449448526e+00 -7.007309433363840157e+00 4.643420583231241849e+00
-3.377525313288220588e+00 -4.701093473027110337e-01 -1.567550033255616926e-01
1.032411847314820008e+01 3.195892190833800606e-01 -1.410934610640493325e+01
-5.449919452192814040e-01 4.004154217379529257e+00 -1.055960280080514346e+00
-9.969845287199079475e-01 1.324410039790633098e+00 -1.341222884703995311e+00
4.895869712239433902e+00 1.378470145117317536e+01 -1.080196462405901414e+01
-2.256881000563084605e+00 5.404155237421794933e-01 -6.923387177959782868e+00
1.796104973360316714e+00 -7.189606543040355513e-01 -1.174923024025022605e-01
9.540649437912305242e-01 -2.022761779214512501e+00 1.940172015193939892e+00
-9.698421476735685776e-01 3.480041646665911759e-01 -1.418629206198143700e-01
2.156934299253119025e-01 3.778349649901640017e-01 1.291239824108718182e+00
-5.006626890305379440e+00 -7.393106953075972321e+00 -1.906370819423235830e+00
1.580391017355543326e+00 2.266315829540106908e+00 2.537274408953749116e+00
-4.169271688075880888e+00 3.599127560972803064e+00 1.393413281788051239e-01
9.435083523041505771e+00 6.653392770446987292e+00 1.279564912667455623e+01
-3.468917114876780783e+00 -2.870264299117067264e+00 -2.418040642358100012e+00
4.380913407715806840e-01 4.236717872368908067e-01 4.583987999168729899e-01
-1.616614195774286555e+00 -4.790463863600256111e+00 -4.108257146348638145e+00
2.403443717882816522e+00 1.016708862069060970e+00 1.266968553891125948e+00
-4.341682593771635901e+00 -2.109148491639889766e-01 3.911610000886408312e+00
1.725089732110585139e+00 -1.494674342129905797e-01 1.703256055003685709e-01
-3.404106042747128580e+00 -5.722907975338053177e+00 -7.201557769782149787e-01
-1.759270296844153147e-01 1.747533713541713940e+00 -8.441398213530135752e-01
4.051038894848522642e-01 -3.327446161417348947e-01 -1.217174200637535897e+00
1.758405312080805860e+00 -1.542681438196494170e+00 9.101229257014727958e-01
5.963700618113817242e+00 2.137410680064569801e-01 2.541952359664735095e+00
9.224936827675779272e-01 -3.041574732023047956e-01 2.125806398659061180e+00
1.730370870162939445e+00 -7.464205010754179082e-01 -8.420776946432857735e-02
1.327505962217091051e+00 -2.545530977876465095e-01 -2.702372166549052088e-02
9.732037477421227878e-02 1.671629757615262557e+00 -8.244367353928947484e-01
3.197231093284706116e+00 -3.162766811016941571e+00 -6.074948617917108606e+00
1.363695610306682848e+00 -1.336298027753511697e+00 2.922312502256458444e+00
-1.282182676945944877e+01 -1.616364764847742497e-01 -2.603141913724727985e+01
3.630868600337570640e-01 8.603306159486835414e-01 -1.493862358561125703e+00
-1.040491175706698357e+00 3.583979475435025153e-01 1.144670655885081878e+00
-1.394867825203511602e+00 -9.281049277562926358e-02 5.336039554767679771e-01
4.906274825923554600e-02 -2.422539933849532812e+00 3.376629690598369482e+00
-2.074446335999797331e+00 -1.733896904037052433e+00 -2.424191460379185314e-01
-1.811968655352505231e-01 6.954670538050260475e-01 -3.688046364137220201e-01
-1.154360763474624285e+01 1.014008283912137642e+01 4.707693449217401627e-01
6.953121203302236708e+00 -1.418535657286925211e+00 2.744329685631329063e+00
3.088002083825930111e+00 5.913853042908433721e+00 2.038860566332827418e+00
-2.584523801869446302e+00 -9.096533933255933624e-01 -2.264635991791650038e-01
-8.838223522572279389e-01 -1.776227861635980843e-01 -9.807144036811878962e-01
-4.223272346471671490e+00 5.195268756106331764e+00 6.532309096511373703e+00
1.882854418019483944e+00 4.924091022815000329e+00 3.483280555796938405e+00
2.531442671807038192e+00 3.529910441437045243e+00 4.281420383415174058e+00
-9.834006633655558716e-01 -1.278743279361509222e+00 2.235386160720731041e+00
2.815903027257621982e+00 -1.212893406891814685e+01 1.860049906027508415e+00
6.726297912335448270e-01 -1.689728962294654968e+00 -7.684947648675115595e-01
-1.843951620432882299e+00 6.861729603789195941e+00 3.620336671590423716e+00
-8.294683635533207644e-01 -6.709419837922679930e-01 -2.833787989383038108e-01
-1.310058789420500025e+00 3.881736182309311278e+00 -1.243277957769749476e+00
1.625878744988356883e-01 3.792159956266831777e+00 4.421708168900352898e-01
-2.015947485339780521e+00 -4.163338003074418814e-01 -3.416251514053666671e+00
1.099730932802396310e+00 2.993270360897906546e+00 1.374188307236665352e-01
7.509715758482908843e-01 -1.737861597152240867e+00 -4.595590516237993306e+00
1.437005061506299253e+00 4.145894788810956300e+00 -1.420775863632106395e+00
-4.800373287787922938e-01 -3.674332757254349935e-01 3.915433474956137250e+00
-3.862672006327344532e-01 3.839220830131184758e-01 9.579418036592914909e-01
-2.444150159422988633e+00 3.657422941486458967e+00 1.083828774073162693e+00
-2.469922645136739814e-01 1.702639414994854272e+00 -1.390973594765825549e-01
-2.082728866355483266e+00 -1.790245487301702909e-01 2.387529208380869239e+00
1.567950815136793130e+00 1.737259479190322642e+00 -5.541939123423882396e-01
-3.391366067705274823e+00 4.483152611929974718e+00 -3.174303083981496076e+00
1.820552195194260925e+00 -3.755868079849058461e-01 -6.820069746928343335e-01
-3.032828156631186101e+00 1.053106415975846755e+00 -3.940571288996917776e+00
-1.306348845178411988e+00 2.767713508918282980e-02 -1.607645219001579306e+00
4.370108590664690262e-01 -4.145837398025690734e-01 -3.521966175622284201e-01
-1.397141381863589826e+00 -1.469212101039373719e+00 -2.004938727704321799e+00
-1.125134898488759561e+01 4.070049849669542752e+00 -1.857655983613298423e+00
-4.133183117494006353e+00 -2.133657426411992297e+00 -3.237370774662764461e+00
-2.467905766548949664e+00 1.127135717888019606e+01 -1.007394876027590769e+01
-1.021218591656689867e+01 2.013214195857635858e+01 1.367278405531940599e+01
2.325320714826075927e-02 8.357923820646641744e+00 6.483459155097659021e+00
4.272690521920210482e-01 8.567360772715190143e-01 -5.848460067650176203e-02
8.239888012510283133e+00 2.315016555975750290e+00 -2.791948670937472343e+00
-5.317281110963617330e+00 -1.677437482530457658e+00 3.372198320301706964e+00
-1.493034178112125243e+00 1.190463294713952180e+00 1.593562005836201889e+00
-6.410915620385483571e+00 3.907038564712978967e+01 1.239041029400466520e+01
1.494628432573798404e+00 -8.825603274567245249e-02 -3.243246578145136394e-01
-7.304445266703556150e-02 1.130710590601696319e+00 7.643780571266192148e-01
6.210213400667180750e+00 1.629055948272889154e+01 -8.628300703264571325e+00
-1.079511250919137133e+01 3.186070270097690615e-02 3.196691292185575239e+00
6.412999435214621347e-01 2.692188863240948749e+00 1.890329401215633975e+00
6.919585971081306575e+00 1.179417030499078756e+01 2.669720973982712131e+00
1.496460529957319929e+00 2.955190949021890834e-01 3.575345024513579162e+00
1.368411134058815648e+00 -4.252978707631215549e+00 -1.272076993363595032e-01
-2.968403426649183441e+00 -2.947947615642670716e+00 -1.679719668498005913e-02
-5.560395121606234170e-01 5.779376888952947322e-01 -2.476148235426632205e+00
1.472947545639279099e+00 -8.800322328254367443e-01 4.488108360196200741e-01
2.737234116283020491e+00 1.024581218034027241e+00 4.601281112750263969e-01
-3.404143009328912228e+00 4.539965567727371365e+00 3.763659685787597908e+00
-1.997702024543592358e+00 -2.872621420682718307e-01 1.735558735802819275e+00
1.935346020378927001e+00 8.207799599499240317e-01 -5.253575971930338762e-01
1.044360597662073731e-01 -1.532997288115505619e+00 -3.480630879611991690e-01
-1.917353516222257914e+00 7.597780328090329993e-01 -1.742346815765017487e+00
-2.582018473033438788e+00 5.035725513606051917e-01 -7.520631561986863112e+00
-2.602089430364737388e-01 -4.157512168304853262e+00 -1.401111462356750659e+00
-1.075120724975304615e-01 2.052965658000128979e+00 1.430264354860448339e+00
-8.468159825487190373e-01 -5.432940405836427011e+00 7.549069527477383801e+00
-2.155813451969854633e+00 1.139565176342652641e+00 1.365384887349827103e+00
-2.446442313842531302e+00 1.815936738202993617e+00 -1.254871447255530459e+00
-6.175734598064477332e+00 -4.873329965697301702e-01 1.521672650031360208e+00
-2.968896104818956605e+00 -2.434441419881852475e+00 4.982524103051924613e-01
9.467379899050750724e-01 -2.751235074129908309e+00 -1.278321855522701167e+00
9.781252395217574502e+00 3.413426205043826878e-01 -4.020799882268820680e-01
-2.219032666956672062e-01 6.544856470253757053e-01 1.768997785077395524e-01
-1.522055075145299696e+00 -2.942779637690700056e+00 3.936768831476451513e+00
-6.580011675232407820e-01 -1.630401017784040452e+00 -2.999722091173047112e-01
-3.341570747380340767e-01 -1.199142100279415146e+00 1.993218608465189279e-01
6.967508436641206560e-01 1.109668907027631768e+01 -6.726869919230687778e+00
-6.056509490258891404e+00 2.620474476332486091e+00 -9.394833902351416854e-02
-4.023118640474860008e+00 -6.223145428383547895e+00 -2.831828794269600214e-02
-2.421902181694948641e+00 1.768884892978732637e+00 -8.720099138992304377e-01
1.420806725508640289e+00 -1.752464018915591559e+00 2.925681632605586113e+00
5.739833997270398669e+00 4.960053753918550079e+00 -6.930698890641225240e+00
-9.815552563400683495e-01 1.535322301604965967e+00 -6.942052121905428752e-01
3.834164434207124605e-01 7.186856994474531968e-01 4.526763185315256344e+00
-2.313389949093443754e+00 1.209328255451581180e+00 8.068450873156917114e-01
-4.362358129350085711e+00 -2.100422728610554124e+00 -2.204695755738003360e+00
-5.159376285291326081e-01 1.743839401523668897e+00 -1.469207775134541427e-01
6.992210496942999898e-01 -3.244185400366639271e-01 -2.690968173320628321e+00
6.180364620281393329e-01 -2.752409815484462730e+00 5.192313957416569981e-01
1.771289487589113865e+00 9.933155762681849410e+00 1.849162149908243569e+00
4.348127838412257695e+00 4.057200375393055225e+00 -3.144645059881286286e+00
4.585317810846122555e+00 -2.776228632874035984e-01 2.840491870766042037e+00
7.160298496654318612e+00 -2.545050545036944278e+00 1.182182039420009101e+00
2.746147676513774005e+00 -2.759396912115217315e+00 2.105443441397681248e+00
-1.235235996793836444e+00 -2.454229186183495059e+00 -2.610978786410764307e+00
5.943464181413500746e+00 1.676076436897397715e+00 -4.743851785827307488e+00
-3.400752367951750399e-01 7.708299802381689547e-01 2.384250699798412310e+00
-2.457051719729690387e+00 -4.122247772812859257e-01 9.887234216824211108e-01
3.397499920439885912e+00 2.070481145010934498e-01 1.050406194503785784e+01
3.673429987498136873e-01 -1.083696964559189624e+00 5.016354859151245016e+00
1.949568974977405889e+00 6.517166045318590228e+00 -1.390414481637544108e+00
4.693789503084595083e+00 3.599598970786730856e+00 -1.175943087406216225e+00
-2.206912534888545441e+00 -5.305134985079599907e+00 5.651584489665700595e+00
3.082813518662085861e-01 5.913645977165309375e-01 -1.641062935444429938e+00
-1.421782179857469908e+00 1.094538290795647661e+01 -1.252802979658485327e+01
1.507696600022938327e+01 4.954990601709371667e+00 5.383298222567495905e+00
4.203550637511573040e-02 2.764882839059040531e+00 3.749144645941043130e+00
2.817656749505772940e+00 6.739964752553261329e-01 4.067554067172285848e+00
-1.233580051647445330e+01 4.915949171770280124e+00 -1.568610202407007437e+00
-4.389788134207211812e+00 1.254551654061365262e+00 -1.925361855836280833e+00
4.738492113384359383e-01 -2.427630497573337633e-03 9.015745029360843210e-01
1.556911538231519510e+00 -7.606251328720871063e-01 8.308809824248357678e-01
6.128846106820026840e+00 5.519022927346804330e+00 1.246192051984260196e+00
-1.685635118835762780e+00 5.402763339072299331e+00 2.725941522955949381e+00
-1.569666017336017516e+00 -3.928967748167932594e+00 2.269661570665969741e+00
2.468267669001806386e+00 1.411286462872822334e+00 -1.747183062483938842e+00
-3.772685233800477533e+01 -1.894383965312960427e+01 2.310341929877542455e+01
-3.852655858861318006e+00 -9.124880095652484480e-01 -2.321932308432200498e-01
-8.488574944130609978e+00 -6.574087006321097881e+00 6.214894034796323297e-01
4.619521562058229058e+00 6.722680720321155157e+00 2.993795557506381044e+00
3.846434758396647613e+00 2.176350987783107094e+00 -1.858762440950854522e+00
4.538443975933746266e+00 -9.111611599475739620e-01 -2.924894020941859019e+00
4.122317837810693497e+00 2.725889976589840114e+00 -3.010277012582243561e+00
9.098176541159581632e-01 1.970727434286018820e+00 1.865772819944112371e+00
2.542596510205309635e+00 -1.687162350851717729e+00 3.857224081839072949e-01
-1.682667333407299737e-01 -2.882186147979940660e+00 -7.988573454049203715e-01
-4.930552868384743825e-02 -1.003812693465393036e+00 1.265563206708847588e+00
-7.759226302690838684e-02 -2.203897868951215921e-01 2.976263338622348043e-01
-3.735274916910581222e+00 -1.512694125480085416e+00 -2.480588484106323044e+00
1.769487287711621093e+01 1.774242914368759827e+01 -1.055216169857096098e+01
2.515332810381558648e+00 5.283544758601234292e+00 1.098801752264490394e+00
-5.502636022881860489e-01 1.460170341427860619e+00 9.884457888555261418e-01
-3.856690156299695804e+00 1.275968247507135667e+00 -2.958339555051936021e+00
-2.018779575051200759e+00 -1.590102937719941156e+00 1.248440791831169072e+00
-6.661776902509265463e-01 1.476393344162801435e+00 -2.525356963211408678e-01
-2.814259526789527843e+00 -3.435049967719326358e-01 2.242872225593174562e+00
2.040845466411361553e+00 2.245250676648609556e+00 -1.357384194149310108e+00
1.363144581751748907e+00 -1.936594908474262189e+00 7.735367269294081138e-01
1.573878924254126677e+00 1.683340083987227898e+00 -2.391685856291499324e+00
1.254152640666471186e+01 -2.228286484449455429e+01 4.524624670214141986e+01
-1.455304796811479173e+00 -6.864742217128320112e-01 -1.761389666903634188e+00
7.374980004887495832e-01 -5.192381417961821066e-01 4.339142254567079221e-02
-6.703021035398144811e-02 2.059539552191371192e-01 -1.527271769616326491e+00
-6.026227043049259180e+01 -2.479567200182872355e+01 -6.821548266266010785e+01
8.167026879797183447e-01 -1.120499120207303356e+00 4.957112232094366355e+00
7.128243520009109879e-01 3.266575957804737751e+00 9.201099566690862375e-02
9.494412553065696425e-01 -1.007803149443933011e+00 1.861498542366802011e+00
-1.787837800070729566e+00 3.283800152702748498e+00 -5.481701775407955557e-01
-4.294722978405113856e-01 -6.404550444848553514e-01 3.048167221198922472e-01
-1.340906974663243822e+00 -1.398673263346724926e+00 9.147268682773766757e-02
-4.669180825975420279e-01 3.936280703478830301e+00 2.154792010615357967e+00
-1.620103206179811517e+00 2.422855503824683510e+00 -1.691215776041790075e+00
5.483385769443467339e+00 1.194929344991086273e+00 -6.951360181504303570e-01
1.266728326155415474e-01 -1.494558234426061949e+00 -7.267429937117532157e-01
5.892208848027314261e+00 1.283410239224968485e+01 1.634974618877059171e+01
-5.250986710211939190e+00 -4.161461479648231432e+00 4.221897639842719929e-02
-1.601724434240482109e-01 -2.338916830471533537e-01 1.134749242600189001e-01
5.323388561532057528e-01 1.199251524396388602e+00 8.310441158943429940e+00
-6.870835574310518723e+00 -4.237746428475370308e+00 3.456350843664798056e+00
-1.386307144981380368e+01 -1.030720408375472452e+01 9.468311778534923562e+00
-2.661646182550154283e+00 -8.027878848985290361e+00 -1.468703721297271336e+00
1.403123956766042735e+00 3.126600560917184524e+00 -1.801465910469434384e+00
7.730201226195920761e-01 5.019889214334856131e-01 1.565864455497969931e+00
-1.439170034780180574e+00 -6.326758306536761189e+00 -1.426332860013194015e+01
-5.347924323117015710e+00 2.918251977511727269e+00 -5.137255361017674993e+00
7.774324462748589681e-01 1.148713299792803344e+00 1.365431663901522263e+00
-1.494861060555080456e+01 -6.045233053989267358e-01 -6.438880461066211147e+00
1.850399772397224585e-01 9.155154858334593193e-01 -3.180399050902419505e-02
7.473893606205453954e-01 -4.567539946438028409e-01 -7.581157838116038272e-01
-1.043710899646075330e+00 4.702793453546460611e+00 8.332796368989474345e-02
7.661052881004333237e-01 -1.050921828988302886e+00 -4.600447401527367752e-01
2.804844122500209203e+00 4.314733909498125186e+00 3.469183952905718016e+00
1.795908970024666096e-01 1.716194977622233386e+00 3.986033357430182611e-01
1.992141899011233397e+00 1.486632246206404662e-01 9.002777573594216154e-01
9.320510533788567420e-01 4.399718609966385974e-01 1.503985694533957196e-01
-1.787435360911781457e+00 2.055772163643496409e-01 -2.083440152235848775e+00
2.100953640136741241e-01 2.140961664147266852e+00 4.331037187087376950e+00
1.247830876610314554e+00 4.746606449121752114e+00 -4.208989337690309362e+00
-8.698620882344714644e+00 -2.173524736865504625e+00 2.310310412456034967e+00
-4.360758466764109720e-01 -1.631358222055629970e+00 -2.367728299349820986e+00
5.627195234109656496e-01 -7.367253976873244348e+00 8.520216052744611357e-01
1.562117332766087108e+00 6.489539618131019427e-01 6.321363064730975978e-01
5.562866107227016910e-01 -5.344525548827623318e-01 1.093845155795067026e+00
-2.358022139410536511e+00 4.795380285110766749e+00 5.754622643786680314e+00
-2.353188487733061662e-01 -6.648516733250818822e-01 3.809778014586684858e+00
-6.061427219443082937e-01 -5.758138495137091750e-01 -6.720832204604076932e-01
9.187992078430017306e-01 4.838966246364855728e+00 6.176066731892207784e+00
-1.102262810944373062e+00 -1.729843149244859379e+00 -1.012645604619272666e+00
-4.361042766566676221e+00 -8.398633155085539759e-01 -2.125704188549080165e+00
-7.609898052186823136e-01 -7.280453099352841129e+00 1.627399220540405977e+00
2.029368519684132011e+00 -1.357563813833345331e-02 -2.232079796677090833e-01
-1.685055486462037511e+00 1.213780540155114496e+00 7.661911313020158820e-01
9.690444950460271878e-01 2.092903710185243682e+00 2.905065515611551241e-01
-1.146669218293201231e+00 1.635253223880735574e+00 -1.970279438276767880e+00
-4.305691395254564457e-01 -5.933226723061033603e-01 -1.276329744192017168e+00
7.233377253429704723e-01 -1.016334283721626042e+00 3.229058956044183137e+00
7.556250956972793809e+00 7.757588532140911042e-01 -3.020370733042674782e+00
-1.128052739947208005e+00 -3.116521763971706327e-01 4.855154430852243408e+00
-2.532060062655116628e+00 -2.805650059520894413e+00 -1.555477334963058178e+00
3.224400990223255103e+00 2.705461459235800170e+00 -4.484792835237797703e+00
1.915882101916381863e+00 -2.248021860122397797e+00 1.218669772544901830e+00
4.484295055846728578e-02 2.383014950950537170e+00 1.111813411502204030e+00
-3.652620334897934029e+00 -2.603769969577474530e+00 1.022855729779836631e+00
1.405039186890163494e+00 2.994797461706038000e+00 -6.081792885044403629e-01
2.247159874382690159e+00 2.155897608000414412e+00 3.960254975080477746e-01
5.794899078227034650e+00 -2.537536636981486904e+00 -8.632103277537891417e-01
7.642029436769822714e-01 1.552537867313511233e-01 1.072971930051493938e+00
-8.299356217742003272e-01 2.464831994623977174e+00 6.519756452061979957e-01
4.885320121904621754e-02 -1.562290840131945746e+00 1.673819501460453552e+00
2.517542170306887872e+00 -1.861552064799490147e-01 -5.278268967781678533e-01
2.135645277480786586e+00 4.110735988450653910e-01 4.445304373620569294e+00
3.773399806480395857e-01 3.622668339480596522e+00 -7.284059510243661162e-01
6.841307368975867220e+00 3.072398083062425123e+00 9.633635549747042504e+00
2.603968759560745028e+00 3.345432414312826896e+00 3.235752339126679589e-01
3.537310492502579451e-01 4.693793380013292271e+00 9.317991184270242311e-01
-9.090175626153268462e-01 -6.238352290467594763e-01 -1.856522091706969413e-01
-2.567523650718868677e-01 1.098712945523275586e+00 5.589387315843326043e-01
9.350837849414070924e-01 -1.108075204985548012e-01 -4.272176903413592797e+00
-5.456363095873516533e-01 -3.122905424653502626e-01 -1.922204866096734577e+00
1.869613708057873191e+00 -2.690371972880338802e-01 7.647087250037200024e-01
-7.478911673578859443e+00 4.387633657212686167e+00 4.471935270648910721e-02
1.261969379557999593e+00 1.076650990362726157e+00 1.601996634301732003e+00
-2.368315723375326698e+00 -1.348629181112767528e+00 1.439403593065885723e+00
-3.194341239268724042e+00 -3.327590367031876134e-02 -6.186670559513557599e+00
1.144154230681251860e+01 1.800899655657117515e+00 -3.695009184591153684e+00
-4.149896587244888968e-01 -1.317542581906634869e+00 4.660035161633228618e-01
-9.931753426937603990e-01 4.005380030423911997e+00 -3.413638034326166082e+00
5.676186815731888657e+00 2.945099578588810996e+00 9.833459553010933663e-01
-9.572428671553160351e-01 -3.557859902158060805e+00 6.339628417895233348e+00
7.147461063786042512e-01 2.106242544895029933e+00 -1.139262588043952418e+00
2.331867716328332174e-01 -1.387364239828962065e+00 -1.327696421038353503e+00
1.876799711116184266e+00 2.149649592858889235e+00 -7.601581050913481796e-01
-7.973805112490878200e-01 -2.634966142481403484e+00 1.367920874618257177e+00
-2.720334281415783262e-01 -3.667677797314369048e+00 2.254299647823943431e+00
1.760509472139719367e-01 2.209468864126821863e+00 -1.690804179090955150e+00
-1.633772086471453777e+00 3.409479543442733296e-01 -1.535306872510178833e+00
-8.608130866833874073e-01 4.868165123865442645e+00 -5.779616544345058671e-01
-2.434060979447486339e+00 2.588710422499247432e+00 -9.720474333394080180e-01
-2.829473045925632313e+00 -1.483779447752966218e+00 3.574873701698858763e+00
-3.453150868467893542e+00 3.621246973164012672e+00 -4.638675003811107977e+00
-6.333181210086827662e+00 2.821772805502094528e+00 -5.767783955788479133e+00
-2.024472609271029955e-01 -1.558087460769311150e+00 -1.418891882708893215e+00
-7.713251676859020911e-01 -1.370083135991183587e+00 -2.807806228925873615e+00
1.733917728501372713e+00 1.587712359732941669e+00 9.429998310026910247e-01
-3.152760716769093197e+00 2.900438786860080942e+00 2.597950819563072944e+00
1.920129888013900388e+00 2.621683232144515596e+00 -4.502327982722158950e+00
6.322921778367819989e+00 -9.367829266286626932e+00 2.897341103136194196e+00
5.914240878533060908e+00 1.814000493150924376e+00 -1.256525842310209251e+00
1.967952375651465191e+00 -1.734745671663452393e+00 -2.096278982167600002e+00
8.632566487879151929e-01 8.028959384810756550e-01 5.162944831452712657e-01
4.010287544871121490e+00 -5.067628738344017725e-01 1.164166786579762025e+00
-5.137385184026581619e+00 6.061051367337634943e+00 -2.181097953312258309e+00
4.031239083501944043e-01 2.658133470437562096e+00 4.507610002530145210e-01
-1.353931299186001136e-01 2.361368290800071601e-01 -9.320440759600470138e-01
-5.049747931645506283e-01 -4.111437257212886998e+00 -4.835919340555594026e+00
4.585170161765859120e-01 -5.700620628247784261e+00 -9.731202248969211821e-01
1.918494171727778141e+00 -3.982631551095096034e-01 -1.889657289910788296e-01
2.458242963218198324e-02 1.306643373072247760e+00 -4.684941439464517243e-01
2.234386744514428091e+00 -9.068063722457291309e-01 -2.652641008296096725e+00
2.261357783231296992e+00 1.258317229224922951e+00 6.977436796491967019e-01
-1.705529109790257625e+00 -2.940908155485127740e+00 6.041107036891163462e-01
-4.108956267156466113e-01 -2.477868706210125449e+00 -1.919591940282644460e+00
4.497883006402683570e+00 -1.349888438166242599e+00 5.023997897172589600e-01
1.137554593099553202e+00 1.029986304698433663e+00 4.594281684681703060e-01
6.665935035008390130e-01 2.825156680119640384e+00 1.167080010731224915e+00
5.091258947097911047e+00 7.098817706972131436e-01 -6.856282659586306893e-01
-1.041459587215953109e+00 -2.275483544678466696e+00 -2.295571019407848912e+00
1.212644941908387342e+00 3.920700901987900777e-01 3.840586751341284466e-01
1.280553603813244790e+00 -1.740271817621353856e-01 -6.207675690658370771e-01
-3.734419738950489065e-01 1.778221239053247471e+00 -2.469911046556276177e-02
1.439604049181664847e+00 6.602459675435844444e-01 -1.256624904197664261e+00
2.314173999272012239e+01 -2.622760193060885481e+00 1.017081326072450942e+01
6.648404619177415986e-01 5.413838517118153559e-01 3.252729647441691796e+00
-6.360777925479552231e+00 -8.515481217884651954e+00 -7.654458013260882154e+00
4.178593349289416725e-02 -6.624489954010921444e-01 8.189480760167425766e-01
-2.721289282837962897e+00 9.757016576988471190e-02 -1.450006784466996823e+00
-1.165216976314928043e+00 1.894816595930614023e+00 -6.495589252928364310e+00
1.019162997911443824e+01 3.228843459342615851e+00 1.111877523654090716e+01
-1.608722324321492314e+00 3.311601794849535541e+00 -1.438523291035861407e+00
2.948966316130500337e-02 5.620905471662442032e+00 -4.051130251542200966e+00
3.618992147561739259e+00 7.307571994520709602e-01 -1.189637135141828672e+00
-1.881644629732396989e+00 3.599522250424693759e-01 -1.998348110438545211e+00
-2.668049630477136613e+00 5.715634450172003556e-01 1.649214172182127180e+00
-6.016620137777595190e-01 -7.176278742044404080e-01 -5.202512664663170305e-01
-3.553313653411921180e+00 2.965925425080143452e+00 2.149496898628542763e+00
4.306080649237378766e-01 1.929286663096767995e+00 1.756432637669398389e+00
2.839436351245160584e+00 3.199426850269406319e+00 9.068170751882472791e-01
-3.609986783048680370e-01 -1.249596936544918435e+00 1.024345709331766274e+00
-1.770744886811761176e-01 -4.145280549750704147e+00 1.698120083491606369e+00
4.193151007039398692e+00 7.741131358551977648e+00 -1.046356702541952677e+00
-1.032273064120947437e+00 3.724770486196979369e-01 -8.597168263758760975e-01
3.837291043814325064e+00 1.684409305254980005e+00 1.037515322878799928e+01
-1.559111671633882423e+00 1.829252740681589939e+00 5.764220701420770254e+00
1.055490959481379054e+00 7.741099807361918883e-02 -8.807256389182022138e-01
-4.215044150720426153e+00 3.194140680725235715e+00 -5.023621594374912819e-02
5.141975807225652062e+00 3.595351681438412772e+00 -1.800020879285648912e+00
1.464772202774104748e-01 6.936721077915037892e-01 -2.487981400358080797e-01
-1.816691060253202261e+00 -3.531554549809674537e+00 6.355416611222371337e+00
3.251860252219116898e+00 -1.581296794101806347e+00 -7.150738912149554594e-01
2.251940797234298630e-01 3.324978399850004318e-01 9.521020475466492883e-01
-3.667859016576987541e-01 1.567968045014691780e+00 2.821982129515933635e-01
2.774460443907716289e+00 -1.347477405163460817e+00 -9.385383814252871160e-01
-3.263754951229836387e-01 -1.206616228140032776e+00 5.119545325465328922e-01
1.225914767027189711e+00 -2.890046304412841494e+00 -1.529954585884526708e+00
-1.352913138320267628e+01 -1.142695908040831121e+01 1.669154830592375793e+00
-2.697940230297783404e-01 5.383034660842699104e+00 -5.609652611214824836e-01
-5.661408957870889047e+00 -6.465106356134655563e-01 5.972145798462006994e+00
-2.648664973408307866e+00 -2.977997991163733316e-02 3.789413052713462182e+00
1.538802877360380128e-01 -9.733566626223542073e-01 -3.751044312169613981e+00
-1.873350409680439865e+00 8.879827387539137584e-01 1.335002902938589031e-01
9.664372340955363905e-01 -8.322708413925063553e+00 8.214872642442103690e-01
9.820108836392660301e-01 3.655271404557776549e+00 1.183198027555577347e+00
7.225363856425908544e-04 1.281953939910256635e+00 1.419909331889525061e-01
-1.428725304371546878e+00 1.889847028665880835e+00 -1.188088139425842904e+00
9.772955900391420148e-01 -2.382122843807721768e+00 2.049132094950238958e+00
2.561966641963590696e+00 -7.804669072244482253e-01 -4.647551387780325394e-01
1.350784283119103479e+00 7.438767435020785079e+00 -1.003038380233964055e+01
2.979653491407479593e-01 5.755941698063208989e+00 3.448438414518355533e+00
1.691582193929947131e+00 -1.670756511633483932e+00 -1.351014846908657141e+00
-5.988701774115428478e+00 6.609046427505043120e+00 1.721376987319993290e+01
-9.624947898482435482e-01 2.763937981700305357e+00 -1.567338871775132425e+00
-3.011500446734014069e+00 -2.368016004678709052e+01 2.833629943274810437e+00
-3.772009718505402454e+00 1.332703327900734980e-01 -2.802709576450564954e-01
1.160758769077903985e+00 -5.261551581932282229e-01 -2.204526354906229724e+00
-4.351653990190458288e+00 -2.466249691716311698e+00 8.651837172618800365e-01
3.743345884586022354e+00 -2.820880493169277692e+00 1.955988170431589568e+00
1.560521213835815102e+00 3.307377319777489166e+00 -6.648026274509623024e-01
1.667641013554193918e+00 5.504728018469597917e-01 6.938504691954539894e+00
2.002591449811923940e+00 7.442753036338742856e-01 -2.159959388893593069e+00
-4.379604925246511904e+00 1.015839802481633081e+00 -3.468034272574918919e+00
1.388006307632136060e+00 -1.272904071434528328e+00 -8.640223535924157483e-01
-3.972262135144832840e+00 1.652528669268344741e+00 -1.619332980216060758e+00
1.056133401073795941e+00 5.054115941349723862e+00 3.365006639021333790e+00
-3.078839975423945496e+00 2.233398338862601751e+00 1.659851505248916226e+00
-2.090453487005903277e+00 -8.198942804824553843e-01 2.655767330843912255e+00
2.246789014987526922e+00 3.762335313303145856e+00 -5.622392914056885793e+00
1.533235648423444619e+00 3.042867129987210983e+00 -1.516805296031129568e-01
4.929448347963164778e+00 -1.271873499247976547e+00 -4.894900646309652714e+00
-1.354899675753812316e+00 -2.791930933889509525e+00 -3.646978803270311875e+00
6.990158023408326038e-01 2.324540113678585374e-01 8.669296533612106392e-01
3.679263987339735476e+00 3.710867332045264977e+00 -3.067679242620952706e+00
-3.362884848109493063e-01 3.845642363846029976e+00 2.952648922902174622e-01
-1.027122680661303189e+00 -1.615651680856382333e+00 1.146974038793188821e+00
-4.548120545989681851e+00 -6.833357221169631401e+00 -4.462426884595386056e+00
-2.063318494211698328e-01 -1.096166689167654029e+00 -2.514701340901789539e+00
1.281912553128179200e+00 -7.045239391798279627e+00 1.791822291870255324e+00
8.727339392609967383e-01 5.019896020482057519e-01 5.505603752336399870e-01
3.488528813257256722e+00 3.085435353205350673e+00 -5.708217399488636490e-01
3.428604206598118154e-01 2.570318729065526941e+00 -2.026565946601846413e+00
1.812929232930230894e+00 1.094755124465667917e+00 -2.893164573223206304e+00
1.705636039653384950e+00 4.813219109319539335e+00 9.059715076323358041e-01
-2.532075215644111754e-01 5.292469597787802016e+00 1.111447262051020290e+00
1.084335442978103359e+00 -3.804457671463687962e+00 3.557811193146809825e-01
-7.200946758801366476e-01 -4.570636432712975039e-01 -3.236750611965426128e+00
-7.940760836984816606e+00 5.237172528212235001e+00 -5.555247393744329187e+00
6.158271157571051369e+00 1.110424471452836848e+00 4.815595997774265058e+00
1.887880358745409881e-01 -2.110051964896733523e+00 5.696833577342342858e-01
-4.253990121367066557e+00 2.221619168128949884e+00 -1.627445217423434842e+00
-8.618186377540603127e-01 1.001117395386564635e+00 9.441741410767346965e-01
2.341695885177769387e+00 2.891811357793018900e+00 -5.050135704929702429e-01
6.675412978686281917e+00 -3.546836590075991502e+00 7.406975357652608949e+00
1.200203623526241214e+00 -1.915986212599039451e+00 -6.064168939574495765e-01
-5.201643328271953193e-01 4.796354579320204481e-01 -1.356542226360001879e-01
3.217931646052430761e+00 -9.846145057947263135e-01 -3.479429926311175869e+00
-1.670045599540046499e-01 -1.819209959944238397e+00 4.855236649000754801e-01
1.482402344215663970e+00 -3.594438723243313372e-01 1.765705849459977994e+00
-9.277215477670202048e-01 -5.457489639144783578e-01 -1.895772479464853388e+00
-3.677042454362403401e+00 -3.815575440008008190e+00 3.109639666881269360e+00
-6.478619776447809286e-01 -2.852314359422051027e+00 -2.734149659372055563e+00
5.775662392802979994e+00 3.149903982801196101e+00 -3.039347713337016366e+00
-6.992093601922968027e+00 4.650018133704619139e+00 1.587830493018066447e+00
2.870279936010163180e+00 1.324789833364833136e+00 -2.960368276909050245e+00
-9.860574571888006679e-01 -2.292642279289700991e+00 -2.218237647582324001e+00
2.442136895801876040e-01 -3.467270375958048767e+00 -9.387575093144620020e-01
7.766128034958226165e-03 4.698238199238792490e+00 1.177641930935831027e+01
1.949280834900767090e+00 -3.565794360443442224e-01 7.882905435349197854e-01
-1.284917122848710791e-01 7.938054328334575027e-01 2.323237899993078948e+00
5.385842948971719224e+00 -1.385827850308969156e+00 8.980760038642923160e-01
4.801139194810076560e+00 -3.182972085670014994e+00 -1.948876345143626176e+00
3.349191456124327004e+00 1.195194061959227172e-01 8.647354686610790875e-01
-3.040904426243341785e+00 1.699343550398384917e+00 -9.668093736169222074e-01
4.180299288705199956e+00 -4.021644011146558562e+00 6.448641571957065999e+00
8.783351283955022071e-01 4.585182292810154436e+00 -9.901881244275254623e-01
7.576681114324181066e-02 -1.173983637667507685e+00 -9.104865406928944083e+00
3.391230026672976017e+00 -1.556873620535210723e-01 5.522518624955828903e-01
-4.066965707251855022e+00 5.135794598018149415e+00 3.634721598861701874e+00
-2.183637728983123694e+00 8.940164536263656148e-01 1.698116762267607882e+00
-1.848851564862802332e+00 2.932173212753362290e-01 2.844157175578043151e-01
1.934160713251632080e+00 -2.102507186068100165e+00 -1.416279139503278994e+00
-1.821593770020246972e-01 1.154340126069614225e+00 -3.000266439111181516e+00
1.783857659370292614e-01 -1.107355001381655768e+00 -1.728891317754449597e-01
7.653929903522909139e-01 8.243071332312281285e+00 5.712682006563976067e-01
-1.096950198185190489e-01 1.800676649587709788e+00 -1.644199419952675489e+00
4.184368671468420509e+00 5.084890588914969811e+00 4.847351966275343926e+00
-5.260887684846886181e+00 9.212819700740833895e+00 -3.771922198589368946e+00
-5.272387223871166650e-01 -7.067163452396533430e+00 -4.680964770006765363e+00
9.631170557962148715e-01 -1.822557080141780528e+00 -9.458834411288504773e-01
3.622221784352670504e-01 -2.359742390853210914e+00 1.428650557448821301e+00
2.633144382146149765e-01 -4.106592466818331566e+00 4.193753205188359701e+00
-1.528446370548772304e+00 -6.384532074093336451e-01 1.099101410849517624e+00
2.691125992490908558e+00 -4.844200120716161684e-01 5.531677980294551489e-01
-1.109379598227097086e+00 -4.986546546585322481e+00 7.015390947373155939e+00
1.185358965628065642e+00 2.462249885471301247e-01 -3.106660654501219171e-02
2.115944296280089620e+00 2.054367126450819203e+00 -8.747683718959043953e-01
-1.077495651952159683e+00 7.774312609298528187e-01 -1.409273702138082174e-01
2.772222310182228533e+00 -5.981977000742300987e+00 -1.483812389144129273e+00
3.015931652899487281e-01 4.018448078193562756e-01 2.198201015166212080e-01
2.556818011372343769e+00 1.837342873644672026e-01 6.754250635784215806e-01
-1.470230946435033603e+00 -1.379305728934637321e+00 4.459688608312582514e-01
-4.919468524787678376e+00 -2.269639873761101767e-01 3.271500057241075066e+00
-7.494108382347699493e-01 -2.693828214328596982e+00 4.891576959791416740e-02
-7.293763521966286634e-01 -3.664924074316744385e+00 -2.440819148544669304e+00
-2.285491242966175118e+00 -1.702716345203393766e+00 2.013710443713285336e+00
-2.533797117394424259e+00 5.551013829097398933e+00 -2.289859549678379125e+00
-1.463436241900951229e+00 9.181890178006807401e-01 -5.666898256494632413e-01
3.982112105988296680e+00 -3.383303293699136960e-01 -3.681106861977932354e+00
-5.418314847477667673e-01 5.749901686775113596e+00 5.928790124256524408e+00
-1.517780685712937006e+00 -4.092813077108040098e-01 4.497320033068633371e+00
-1.039198094949793649e+00 1.221693822565902421e-01 1.408790403827259174e+00
3.974638536563180891e-01 -2.492326043400539259e-01 -1.888551311935288135e-01
-1.476924477020676640e+00 9.341195710246829043e-01 -2.116445000453751835e+00
4.857312039705074191e+00 -3.657677144552785808e+00 -3.479872233061020559e+00
5.377579266447328754e-01 -6.974565582037381972e-01 -1.507105524258343654e-01
-5.705264603352818042e+00 -4.914062702074903366e-02 -1.054227087043872135e+00
1.126032852147195173e+00 2.532934091290618639e+00 3.008381059603590035e+00
9.626168507368426663e-01 4.486111681298623033e+00 2.050572935519830331e+00
4.196204707614391571e-01 -9.301105449814157655e-01 -8.860635487737584803e-01
-1.816039720100649291e+00 5.347103870963871408e+00 9.774897708479343139e-01
1.605935219240070266e-01 -1.082840933259799465e+00 2.439137722146901499e+00
-2.020496723174059372e+00 -6.588806367135407349e+00 6.979403257247398074e+00
-2.377098549406721606e+00 -1.362010717603682863e+00 2.603299901818153739e+00
-6.372743047578398601e-01 -1.666060073173743161e+00 1.912882317850265190e+00
1.695527379982709193e-01 -4.717915056237016458e-01 -7.736762641226735404e-01
-3.195379944276555140e+00 1.001736780734120424e+00 3.066082098012364199e+00
1.717593660567549252e+00 2.644559730604176373e+00 2.318609693493814294e+00
-3.033206427275030759e+00 1.896640529528404562e+00 3.365459070146491483e-01
2.297194364527105126e+00 -3.174743549162181822e+00 -2.005979729805355827e-01
-1.372405939881728321e+00 -3.828901424717058966e+00 -2.952952032193963738e+00
1.028861390157502553e+00 3.172342914026324290e-01 1.038631434633082856e-01
-3.942572647949244002e-01 -1.391391507425551177e-01 5.870287608345152730e-01
-9.128473566597444799e-01 -9.926372654062988188e-01 -8.125626339765856798e+00
4.565334544042190856e+00 2.019114533008353085e+00 -6.137649421260938709e+00
3.218907575424252432e-01 7.255368377125862800e+00 1.450561641719931849e+00
-2.502733869328303395e-03 8.000059075644965212e-01 -4.505096565691770749e-01
1.001757101780380488e+01 5.181303311208013795e+00 -4.873114328316351163e+00
9.657602097485426640e+00 2.355357638742944104e+01 -2.885968921092834982e+00
-6.569398139309522433e-01 1.222249280261432647e+00 1.547750589014613931e+00
9.229842731046118409e-01 1.769556699082779794e+00 3.866437401541665597e+00
3.431768786334418841e+00 -3.895062546702768635e+00 1.462137615414863534e+00
-3.475217985622469641e-01 4.680589531179191631e+00 7.182518758471413411e-01
-1.571844353430551733e+00 -5.634759586043673885e+00 -8.725295125067271229e+00
-1.643897340096347692e+00 -1.567431650281087219e+00 -6.204526181288577691e-01
-3.398564393698223718e+00 1.427816205961845719e-01 1.859999184642670889e+00
4.213972502121497987e-01 -1.179862806575241896e+00 -5.134833312697866248e-01
4.936070637019414065e+00 -1.044894151512000313e+01 -4.622501174037977556e+00
5.454859000193689411e+00 9.060509641839179507e-01 -2.670052239633899482e+00
1.586665489164693632e+00 2.007687922684549431e+00 -1.564148126337540079e+00
-4.424281796943568601e+00 5.901820473848792048e+00 1.232053437816244212e+00
4.642595507624707629e+00 -3.753002480867229096e+00 -8.516092044433911212e+00
-3.056934874468201890e+00 -2.033814073767370001e+00 -2.283445983388420419e+00
4.760422168118715547e+00 -2.267705824801047765e+00 -1.558824289923888218e+00
-1.609986355358970611e+00 -2.355794142547835701e+00 -1.372636606344456833e+00
-5.297156261225456353e-01 -5.388156429649857415e+00 -3.553415191470314927e+00
-2.891648531908284081e-01 1.178769214304826951e+00 -1.336379589232422838e+00
-4.583587459669424269e-01 -3.473369119997589127e+00 4.506904385607284347e+00
-4.596795051248723368e-02 2.912931268403568641e+00 -1.809336787228154053e+00
-2.000432136194604915e+00 -4.491098201915547428e+00 2.938451563102998154e+00
1.012395543842271595e+00 -1.741118893841226534e+00 8.102904192101250125e-01
-2.828613912358360238e+00 4.639569653382539016e+00 -4.115181444981110381e+00
2.574365652553401329e+00 -8.307155795179241409e+00 -1.426541688393934804e+00
3.853574665237483043e-02 1.030702693715543461e+00 1.978004485371921417e+00
7.534039545149526340e+00 -1.420377827773959156e+00 1.750880021327191338e+00
-2.820022337628411147e-01 -1.251208865382799518e+00 1.761732229669426664e+00
1.387163930329704975e+00 6.609503632780807658e-01 -1.363975994089711152e-01
1.552234168304008932e+01 -2.358063358467983317e+00 2.010570513028225648e+01
9.348901709362557044e-01 7.012148402868262353e-01 2.795778979548757981e+00
6.373743696641680501e+00 -3.757248889255578206e+00 -3.584395599070511196e+00
9.234022423324173001e-01 1.916282473619534965e+00 3.531722745589862544e-01
-2.029595250769613557e+00 -3.063127933204660369e+00 -3.202888001111271699e+00
-2.752032655918699611e+00 -5.028122419808049859e-01 -1.570304697269451211e+00
-1.260722664852236496e+00 -2.269322191224939722e+00 5.999086042510898942e+00
-2.512027942703167316e+00 -3.809554307274368945e+00 -5.846403112428385285e+00
5.890700739919404461e-01 -6.273892647569588865e-01 -2.270647532121921497e+00
6.295508213009719967e+00 2.234169110072978359e+00 3.558141840255705901e+00
2.601669959614274497e+00 3.776322216536774690e+00 6.488698137279870437e+00
-8.029960498264253621e-01 -3.246928135884117883e-01 -3.027337933379341539e+00
-1.675812375664343490e+00 -7.177123260933598869e-01 9.331518747356493115e-01
-7.944339401562739988e-01 -1.595857585186022165e+00 1.755640278639420071e+00
3.028921680292581797e+00 3.728039038965372587e+00 -2.955029576551498227e+00
-9.604614466135465989e-01 4.147169588471105506e+00 6.659074279995769174e-01
2.422673254148816735e+00 3.307618942208750301e+00 1.106760258746957826e+00
-3.164304139946161776e+00 -2.317522935803185413e-01 1.041648572352703361e+00
-2.594525325880479016e-01 -3.217796697883232859e+00 3.193602935432316769e+00
1.546738652669924718e+00 4.721888176137207238e-01 1.033583894074801446e+00
-9.302413580279268457e-01 -6.846521367261076962e-01 -1.907772580762659986e+00
7.989801041082861266e-02 2.491916853397522225e+00 -3.771969637164757749e+00
5.866252579684329227e+00 -7.082629519237586990e+00 5.807125729977201445e+00
-3.748078136752728273e+00 -9.038760328084486373e-01 2.698959904390862974e-02
-3.407560676327691329e+00 -9.861026124659572289e+00 -2.395965368428893072e+00
1.668148577330146987e+00 -5.493102670279186306e+00 -1.429332588360776146e+00
1.852463749240952362e+00 -2.349468568846906358e+00 2.227145257542226364e+00
8.533776079904785705e-01 3.430803984265285322e+00 -8.357560165610282421e-02
-5.739946716720446318e+00 -6.587337324254322724e+00 6.697889362160692528e+00
1.728373167882740535e+00 2.612534226466069143e+00 -2.358650226474223288e+00
-8.890931972533309136e-01 -4.208105774163076185e-02 2.398998643093048777e+00
1.467130473994864293e+00 -9.114645188950430688e-02 1.765865670319498593e+00
-2.474625154704397367e+00 -1.712656430629570792e-01 -1.578742191323336153e+00
1.927093276652552367e+00 -1.411327794258343316e+00 3.612316423964801793e+00
-2.151099108517775527e+00 -4.077682950433487719e+00 -5.286737719495270937e+00
2.036060097554790005e+00 8.095678565128996418e-01 1.198147278940381977e+00
1.486740923193780928e+00 8.934532302789947034e-01 6.037591499144592255e+00
1.287864378806631827e+01 8.879602466772032798e+00 1.820040584635482261e+01
2.668682513456376970e+00 2.316877389780213736e+00 -1.950275798192674603e+00
-2.354517354641618709e-01 5.616466944290590124e-01 1.985736627131285958e+00
-2.155332552450087036e+00 4.271020109270180498e+00 7.312370390661768305e+00
3.914742932722407032e-01 6.807839695040317496e-01 8.727816709924800520e-01
6.832363083402317461e-01 -3.520317903857136166e+00 2.305287719124552215e+00
1.338531377058952199e+00 -4.430759489248140004e-01 -7.840276800851146977e-01
1.745629410548476201e+00 -3.200305174459528335e+00 1.900687526761664525e+00
2.030926831744726879e+00 -4.912740786191159281e-01 -1.079036255751051110e+00
-5.105831628801971167e-01 1.182304889327621789e+00 -2.799791175009117339e+00
-1.431068998929375891e+00 5.816600774540504615e-01 4.005668822685570264e-03
8.386938161604966524e+00 -8.951514305727695131e+00 -2.542068333558031412e+00
5.810772086399892400e-01 2.003595911756094861e+00 -1.050516110099082523e+00
-1.409804265295681036e+00 -1.647173544320504224e+00 -7.430812994223954249e-01
-6.149649705001945854e+00 -4.048757209953292246e+00 1.582853933388278955e+00
-8.437901294756638748e+00 1.812073909282472917e+00 -1.323495482697727654e+00
-2.559640133575200593e+00 7.374413028665389724e+00 7.654114115097972793e+00
1.194658603818374853e+00 4.776598515793841204e-01 -7.213293514272994145e+00
-4.417484363022742500e+00 1.810568282646281002e+00 2.284431409922000444e+00
-1.844633624107574477e+00 1.223615791674202091e+00 1.994743505637792458e+00
-1.659600777909726599e+00 2.955200690797571417e-01 -1.155233640415182350e+01
-7.753689192358519833e+00 -6.775632310051781459e+00 5.294203604332010649e+00
-4.552866614592520622e-01 -1.204364922998686804e+00 8.034233488209072682e-01
-4.569089187409139385e-01 1.431349785911283812e+00 2.133779131639742310e+00
1.067904306054638264e+00 9.005381226687024787e-01 -9.828617235342476111e-01
-3.437544220013250551e-01 9.589921747133203223e-01 -2.076708137010364830e+00
-2.999790476291502639e+00 -4.542770291044924136e+00 -1.715380928635387159e+00
-1.681572526558954284e+00 -3.335966869717396088e-01 -3.376466607464015390e-01
-7.696754203745356904e+00 -4.018814560280464798e-01 3.351428498970810299e+00
-5.274153789549881205e-02 1.613616174544209692e+00 2.516400189783247310e+00
-1.864180940615501658e+00 3.836111746469787587e+00 -1.610204630245902990e+00
3.434375984885230437e+00 3.330399978041999276e+00 8.009942081921458401e-01
-2.514776477111076436e-01 -1.574230129481115625e-01 -1.260707589068924828e-01
1.117834770617448070e+00 -2.520141701479865048e+00 2.286865251609337069e+00
1.822488483271223592e+00 2.116049143039393954e+00 -1.628412508159993832e+00
-6.447797045648720804e+00 -2.978867091065632522e+00 1.207918289833366909e+00
-4.695558306401653503e+00 5.527156475962336835e+00 -5.906013732493406998e-01
-4.439454501440492606e+01 -2.458953627073992365e+01 -7.528623336667958910e+00
1.715905347166995831e+00 1.176632609671841756e+01 -3.461498208311204028e+00
4.428185374420718495e-02 2.222445716851673136e+00 1.510869782387644911e+00
6.391905474484406824e+00 5.197097902524702384e+00 1.545350477958292279e+00
-4.232953959083417539e-01 -1.582084502266889681e+00 2.644648498969073280e+00
1.037049501635599214e+01 1.494224065267425416e+01 9.957404749743192340e+00
-4.037888653310037768e+00 -2.415017456444016553e+00 -2.126143394477499060e-01
-1.554431537048579504e+00 -6.578237273277966146e+00 4.895367537803842595e+00
4.166207505690774915e-01 -1.010646576149040327e-01 5.195070313635189230e+00
-7.635456758177246783e+00 -2.387833005911277895e-01 2.300386715246971026e+00
-3.737666915581997262e+00 -6.105311880157272775e+00 1.395076307692871165e+00
8.443120767893832479e-01 2.890408889520103553e-01 1.816899432138642245e+00
2.168834695337580332e+00 -2.992497873374415640e+00 2.888710692699401061e-01
-1.997531513801581893e+00 -7.174463191267689034e-03 2.362867319906139518e-01
1.506791425403240625e+00 -4.859256897656223373e-01 -2.622055391697911020e+00
1.091847873056560170e+00 -4.902037429514227718e+00 6.280150323887087049e-01
-3.955775990826704835e-01 -5.100889123817685666e-01 -9.240440837716780154e-01
4.659254307684163265e+00 6.184242178830839931e-01 -4.035985277572871510e+00
-2.736902623538080559e-01 -1.371554840629733318e+00 2.578802151969930900e+00
5.877761567659529618e-01 -6.585411763587268874e-01 -2.790923164576468718e+00
3.694893967809365631e-01 -2.094812888465873435e+00 -2.656634700353514678e+00
-2.734436772034227303e+00 -1.197672434793063623e+00 8.167393884329505749e-01
-4.555100332805761099e+00 -1.314345006766452162e+00 -5.220270820277016499e-01
-5.560007544267464574e+00 -2.617829409307915967e+00 3.689874411899921047e-02
-3.981471552960268667e+00 8.459237249210771026e+00 -1.514179004650695992e+00
-1.426363648812947471e-01 -4.285361806503033222e+00 -4.718974925648634633e-01
2.965121582066280181e-01 3.797054353724409026e+00 3.280023968880116492e+00
-1.797722069946158907e+00 2.981733478304969598e+00 1.118398787758613233e+00
-2.153530512495774119e+01 3.601033431687022390e-01 1.324662313844654804e+01
1.155684260426355525e+00 1.723699445145237652e+00 7.726206193082749696e-01
-1.913777327916718463e+01 -3.909025551650573416e+00 7.727561450225527651e+00
-5.624236131714947184e+00 -5.751836370388558883e+00 -5.701588445625908719e+00
6.332959608311208299e+00 -9.315811082096850271e+00 -1.594195959001753415e+01
3.451229203718211291e+00 4.962800864277360446e+00 3.046698534419821858e+00
-1.136965022857322927e+00 -5.918076583646572075e-01 1.272746804867463721e+00
1.630851891407693488e+00 -9.606244210166135777e-02 6.616457749937285637e-01
2.409042313587628215e+00 1.903814887354870145e+00 1.862171617783656974e-01
2.614161620418283816e-01 -1.017100003099131955e+00 -7.410102114408066987e-01
-2.919704724685380892e+00 1.564355899230914915e+01 5.180158610985807766e-01
1.421365702690186472e+00 -1.809220080489674309e+00 4.706217688479150674e+00
3.388815707553741063e+00 -1.351009016672112262e+00 1.828771033234836807e+00
-2.674047163086571643e+00 2.299526259687420637e+00 -6.361062397602223584e+00
3.549703130049516320e-01 -5.112697338009337678e-01 -3.335389155609007616e+00
1.182289886000360779e+00 -5.712587898963632504e-01 5.963797905363690983e-03
-1.072558008280076081e+01 -1.237702061477750348e+01 -1.590964093055130979e+00
5.630513834112298444e-01 1.555359457969969217e+00 -8.047495742421938436e-01
1.885436945326214864e-01 -2.558551907702223183e+00 2.085028494140852562e+00
-2.052543383742975180e+00 -3.736034015357651228e+00 1.773352851753619674e+00
4.254605248865698464e+00 -5.865059201059481531e-01 1.629149404353718689e+00
-1.249303670753171724e+00 -2.483695758248256613e+00 1.000459576003271955e+00
3.438550113501093630e+00 -1.063502113166368668e+00 4.265870533326922676e+00
-4.213976966345878594e+00 1.481928761619512924e+00 -5.545787502047623718e+00
3.786417853006466272e-01 2.332875966872416829e+00 -7.220775782152542011e-01
4.714423327458933666e-01 2.514145604171942328e+00 1.591324737837179204e-01
1.767009713964949658e+00 -3.891973071287085251e+00 -7.474307779724618683e+00
2.040497113554969877e-01 -1.927209624647121311e+00 -7.379979662428313159e-01
3.959419530713435442e+00 -1.059745367324167242e+00 1.921494538588892631e+00
-5.591749463371692208e+00 -4.362283426171028822e+00 -2.407588843756466090e+01
1.070847880331645685e+00 2.132926873165418513e+00 1.179963897228288650e+00
-2.173592787071200405e+00 1.955773969059067419e+00 -1.014865333847183804e+00
3.588833426398904680e-01 3.786252073922651284e-01 1.199956152693842926e+00
4.471311275979149569e-01 -2.526084567998025054e+00 -3.090773977771597458e+00
1.266867984843950135e+00 3.481225895872736231e+00 5.887839061038830923e-01
-2.130391875706443017e+01 1.586188918816454496e+01 -8.156449394816263521e+00
1.217870825671998558e+00 1.894738448019440136e-01 -5.946388948157983023e+00
-9.521401142358287828e+00 -2.943231266999591922e-01 5.304286012894575464e+00
1.272765880492233936e+00 9.455002592258953120e-01 -5.945342702610290075e+00
8.210486117040219911e-01 7.624938638069236330e-01 2.844255153184840346e-01
8.591881059815348332e-01 8.547224370244129732e-01 -7.469101518699141629e-01
-5.874654766503432768e+00 -5.732947106166151663e+00 -4.081034100564139067e+00
3.156952264414834897e+00 -3.546285143482612146e+00 -1.456971464443944875e+00
2.589914434049240405e-02 4.660478997904541898e-01 -2.374464152085909996e-01
2.055424341179743486e+00 1.688298946933462830e+00 -1.536324132945887377e-01
2.808224743785069144e+00 9.691800922671177654e-01 -2.136352398821145471e+00
-3.206997330907004340e+00 2.379920109509713999e+00 -2.708396159858769803e+00
-1.050550000501317305e+00 9.158826977437947159e-01 4.478672891259967148e-01
-3.477957703430508474e+00 4.480915516980344404e-01 -3.872812269180829325e+00
1.008086671768690795e-01 3.010752985097811862e+00 -1.098622761477067028e-01
7.345487568066031425e-01 5.346584675910468043e+00 1.561021617783136736e-02
2.805656380511017733e+00 4.056975046048076017e+00 -8.770505689559879858e-01
-2.560083493708450453e-01 -3.981537257647623784e-01 -1.673473780099000163e-01
-1.808071700208478738e+00 8.543935740171593185e-01 1.012816033303898067e+01
3.672741047408151771e-01 -1.588611838875031657e+00 -3.708284581842017147e+00
-1.931267066755643969e+00 -7.166740773994019209e-01 -2.084205092056818032e+00
6.501075763108661587e-02 -1.409100572573593668e+00 3.172116358117138990e+00
-1.888742139726882874e+00 -2.060369860231662287e+01 -5.873734211495962754e+00
-9.494362288705227026e-01 -7.995377700662467113e-01 2.302770302009375492e+00
7.165171018751005372e-01 3.356725064719041640e-01 -2.021757124518579030e+00
-2.597442911229444817e+00 -2.734645108416770221e+00 3.928599115052343826e+00
1.823426320464997530e-01 -6.645288889167739299e+00 -3.824529311782313812e+00
1.515482372338670336e+00 -5.489376707581880011e-01 -1.170387803851524605e-01
-3.116849936231369522e-01 4.377499597441212309e-01 2.464197888669387382e+00
-3.648043222424952048e-01 4.257738187250402540e+00 2.960358842575191662e+00
5.355199422296018419e+00 -5.499693546106404485e-01 3.709764897376609305e+00
-1.504148609049001495e+00 -2.317585500994850278e+00 -2.567736749158131992e+00
-4.947525540458554971e+00 1.620308125211584738e+01 9.680057463081915614e+00
-3.422254360089319741e-02 1.486978347917739807e-01 2.133099201720737526e+00
1.943140450734166302e+00 -4.375713910248885119e-01 1.085682348402382535e+00
6.106786709471140995e+00 3.754024643648336657e+00 -2.868850304938569451e+01
2.040204472178746009e+00 2.353308630015768177e+00 -5.978134536813841660e-01
2.432198459931561807e+00 -5.499998830983334308e+00 -8.338412214283227542e+00
-1.617218157569623393e+00 -3.681778779232250276e+00 2.147358003366461876e+00
-4.325983229567724742e+00 -2.483624336369331331e+00 1.366392661700984767e+01
-2.603592408750637688e+00 1.257409119568573819e-01 2.477423182293428727e+00
2.125278583520506359e+00 -3.114178943478933537e-01 8.689981735667181573e-01
-2.971732587958636262e+00 -1.775257812809980518e+00 6.935271112700636120e-01
-1.490690595051835654e+00 2.340279375163912601e+00 5.090134198246160757e+00
-1.070735800369327639e-01 7.765711589792936853e-02 3.972308135942457241e+00
-4.442637985046840932e+00 3.859470879046737579e+00 -6.883683712993340365e+00
2.082476580257961896e+00 -2.138187047673441588e-01 -1.098571022043253187e-01
-1.866887661911863061e+00 5.664448984268663168e+00 -6.323362271075476659e-01
1.042517307792330650e+00 2.770704162532867443e+00 3.713327533366567401e+00
1.615753800529223572e+00 1.327548885310358417e-01 1.182026605876324438e-01
-2.371357883509829456e+00 -5.892957036902458645e-01 8.050599189010547718e-01
1.700192901594774486e-01 -1.802014340298152106e+00 -1.405535297871283174e+00
8.027445793153175080e-01 3.216415855028760706e+00 3.018958434650505840e+00
4.448407088168196744e+00 8.131136944031919223e-02 -6.105699165713585508e+00
3.520613927356959216e-01 -3.024298472815143413e-01 -7.296616303351138866e-02
1.002771614211955820e+00 -1.020201422737023966e+00 6.086197901929666365e+00
-1.187348476888856696e+00 1.138640526479973492e+00 -4.689642680203923164e-01
3.560076566433907352e+00 6.407758796842187854e-01 -7.145465852853431776e-02
-6.426467834227744813e-01 -1.253904549325189688e+00 3.111361936364985592e+00
-9.898702331173335978e+00 -1.621398122981071310e+01 7.614412274730646857e+00
2.341911463954211847e-01 -4.188891244408852188e+00 2.597269978846152849e-01
6.544205750953734080e-02 -1.523244054555536131e+00 -6.799100851651850297e-01
7.191882210314252122e-01 7.179365505116055424e-01 -8.207818815238256960e-01
2.014864775766999294e+00 3.059115372149351586e+00 6.111983595334913311e+00
-2.256179813375843057e+00 4.588361521337687710e-01 8.591488985006644485e-01
4.669057435649426324e+00 -1.933443780553588676e+00 3.214695808303729141e+00
3.840779934301386866e+00 3.108694602944552798e+00 2.208169411118628744e+00
-6.350082598450118354e+00 -5.531556557314615041e+00 6.409540312428665954e-02
-1.791074315383064164e+00 -2.318913912164897617e+00 -2.975872943383556457e+00
1.517006521991980383e+00 -2.342119811200110924e+00 3.934501676820201688e+00
5.811019213423655218e-03 -2.953728568653581465e+00 -6.971462524843125008e-02
2.078250985110084770e+00 3.357036449687560875e+00 2.949337876076051579e+00
-9.909793251261488078e-02 4.427898230648893652e+00 -8.584412566699530345e+00
1.158772564146288531e+01 1.380409133401170996e+00 5.681710762063310938e+00
-8.794511677899773616e+00 1.790292004780027701e+00 -2.970476183436014939e+00
4.654826644072138642e+00 5.052419859587369694e-02 -4.915787330037330705e+00
7.900114029735971322e+00 2.084936781996422628e+00 1.408490026416838514e+00
4.042763861042007467e-01 2.700985763647240301e+00 -1.238363092819964928e+00
-8.451392991622063144e-01 -1.448354136204004217e+00 -1.677260550166680853e+00
1.923390307997436377e+00 2.955387480502306818e+00 -3.511562066806795279e+00
-7.594965189560188179e+00 2.256441071324988279e+00 -5.047427635601298840e-02
1.857663944275822265e+00 2.727730648022616222e+00 -3.275555400353118873e+00
1.607277843313987375e+00 -4.009115858880462291e+00 8.019240899568162995e-01
4.075706587949247783e+00 2.745870586014772519e-01 1.549020256235230875e+00
1.592059178550538245e+00 2.358304855303523961e+00 1.087479386742018717e+00
8.349217648587211604e-01 2.399634379495453107e+00 -5.905202499787887582e+00
-1.556769684747136839e+00 6.252560455890239233e-01 1.473461065789407609e+00
-1.212491155516348895e+00 2.179872490322605216e+00 -3.275327751963528655e+00
8.263555805537459165e-02 -1.996919382279822575e-01 2.253468357306967484e-01
-3.249423144080965553e+00 -5.408642896409708634e+00 1.419029899125010541e+00
2.916589327629415695e+00 -3.174854459738002621e+00 -1.736802834220156466e+00
-3.522498720580294340e-01 5.792154869772100589e+00 5.141378929257871988e+00
-3.318916219187655753e-02 -4.210335866235192626e+00 -1.096417249178745612e+00
1.249880855940734614e+00 6.639317982246829841e-02 1.154450650245546356e-01
3.721574831595066968e+00 -5.450789640777225387e+00 -3.204926911376668297e+00
1.594679186446025521e-01 4.641930065941441086e+00 -2.946271539714156340e+00
-4.138550554163934692e+00 3.662360546666961758e-01 -2.199817848159181910e+00
4.964181761820368050e-02 -3.956618849396706494e+00 7.315336706557445723e+00
1.201396758180132629e+01 -8.329529576531347956e+00 5.443231009120518493e+00
-6.714696539041938861e-01 2.138715307293160561e-01 1.681169326107196937e+00
-9.920036110447721711e+00 2.804672435619925963e+00 -5.810308827562954193e+00
-3.933916307950383384e+00 5.703610592392430512e+00 5.019101376500836320e-01
-1.440005368606528668e-01 -1.509985553438299988e+00 2.705745333363693272e-01
-2.105147866783730226e+00 3.475857951228851661e+00 2.617906078320000329e+00
-2.174514311807025813e+00 -1.590795593859001489e+00 -2.692418704572894228e+00
1.358467869374204717e+00 -6.199253281868334353e-01 -3.245829166346505534e-01
-2.160739382651346574e+00 -9.489315671940143915e+00 3.102889549115541712e+01
-2.828954218467001791e+00 -7.311962030822146685e-01 3.323962601026351216e+00
-1.957293070983781469e+00 4.382870268231358057e-01 9.063975635870540337e-01
-2.535632030778783186e+00 2.504468970680003848e-01 1.577948809932523400e+00
-6.479419474420240743e-02 -2.969548168041759251e+00 3.231406483344291480e+00
-6.361542488197495793e-01 2.533023138179918976e-01 2.600287720397307378e+00
1.424697847652069083e+00 -5.574963730627671143e-01 -2.202664249641752559e+00
-1.302696924680005752e+00 1.112123746695153459e+00 3.525414157142885863e+00
-1.991970294228824656e+00 -5.111018778595035617e-01 2.884421673548394516e+00
2.426955271216203747e-03 -4.353699951175717509e+00 1.491897520303700597e+00
1.246125183343405496e+00 -1.783677891896837009e+00 -1.066396517085148599e+00
7.792385158666961686e+00 1.869244805651912600e+01 1.003907929999792437e+01
-2.829391140571363428e-01 -5.391392405272055210e-01 1.225557215118945775e+00
-8.297866723419827784e-01 1.648746325486661224e+00 -2.734874670261120966e-01
-8.389611611670015900e-01 1.013429241901358857e+00 -1.568749585672891689e-01
4.176235383678380542e-01 6.165533997295160468e-02 -5.567890561557292450e+00
-8.669902552025539055e-01 2.685672327323087138e+00 -1.538174296054602541e+00
4.425076651720676324e+00 -3.214855237779271402e+00 1.064697103238857601e+01
1.915503991061500599e+00 3.910485353445970480e-01 1.174690059926550845e+00
1.869306802450429794e+00 1.706611981106217923e+00 -1.553751212362086909e+00
-3.342908496920249384e-02 7.866106632462744885e-01 2.443409858719314820e-01
-4.932868175943747047e-01 -2.310178534899217873e+00 -1.159737477885591117e+00
4.960359067622148288e+00 -7.182164223567227834e-01 -5.651818411496162264e-01
-3.625011646725275316e+00 -2.835419577372934596e-01 4.692553600626463428e-01
1.933233852150390675e+00 -1.415447109163966211e+00 -6.522478168343144311e-01
-6.356009428302529241e-01 -2.437327704980627452e+00 8.729635937619036890e-01
6.707535888286441095e-01 1.758418752585411804e+00 5.345810186627906330e-02
-2.892620946397518988e+00 5.503620003055398335e-01 2.360661274773020735e-01
-4.048172815628584331e+00 3.144007575478467320e+00 -5.823663041729553846e+00
3.591048621681607877e-01 -1.916403145804871810e+00 3.987158794137760087e-02
-7.639664171620670352e+00 -2.783555554930532860e+00 5.780506457059277459e+00
-2.758729493492978246e+00 1.930776426210272900e+00 7.654548849508455710e-01
-2.898793148010653242e-01 2.823643345425291162e+00 -8.895824085833774486e-01
2.626860690011665778e+00 5.595724610936055221e+00 6.907839134244553314e-01
1.724957837178064057e+00 3.476481256901691630e+00 2.296187202298245023e+00
1.047359436512766084e+00 -8.193879154370995010e+00 2.561473879747895754e+00
-2.105774694299106242e-01 -1.431930850427372004e+00 7.705125874747026371e-01
3.422499424248067190e-01 -9.923400421039087149e+00 7.593322504914805648e+00
1.048954105175911478e+00 8.395447956756815211e-01 -9.769296226835958441e-01
3.439455952441150544e+00 -2.079940685811738188e+00 -5.343723610994716156e-01
3.078863451499406434e+00 1.476601775657485227e+01 1.140847924180557094e+01
-4.064840835758290472e-01 -2.141181683739779906e+00 -1.259689859072446350e+00
9.291112988136680517e-01 1.230266752853347523e+00 2.091483552164580928e+00
-4.562198952271286245e+00 -4.981723764975699353e+00 2.903503032695670338e+00
-3.813325618733613975e-01 3.690599880571743707e+00 -2.622210784501933789e-01
3.561410496184292951e-01 -6.353756558755667694e-01 1.595926575691213101e+00
1.417307882856167600e+00 -1.847469655378573661e+00 -2.397079327287559014e+00
1.183651944659210198e+00 5.549623255449086301e+00 2.296589007021268003e+00
-2.394377981719664206e+00 -3.529981552282439594e+00 -7.407061034585397330e+00
2.716115290349327971e+00 2.210265256924970778e+00 1.204210248380832349e+00
-3.646224171934883795e+00 -3.546511022835867166e+00 -1.565906890956902497e+00
-1.225016043082147510e+00 -1.018953640932262816e+00 -2.447985390690659013e+00
6.261328119539976145e-01 1.051328390875191920e-01 2.520266453769152371e+00
1.081848981180256741e+00 2.709900799290767104e+00 1.916408863609851299e+00
-1.572315083447139994e+00 4.022441954807405295e+00 -3.373012039030878650e+00
1.113261665691338997e+00 6.793031474310072815e-01 8.999070505978566947e-01
-7.033794250616366428e-01 6.975534788648174445e-01 5.220256899233267411e+00
2.952434559491820890e-02 3.053305567296435541e+00 1.005223488107969132e+00
5.256486236358386410e-01 -1.920862715951081670e-02 9.856018083295859933e-01
-7.449224706477546754e+00 -8.602870202787391563e+00 -2.676900443988972533e+00
-5.117950043107746261e+00 7.017424297818453560e+00 -2.454169330224592882e-01
-1.410596542529615638e+00 1.446727702627093270e+00 7.351134666648505289e-02
4.602162064109976414e-01 1.610177823568256450e+00 -3.761592529922187289e+00
4.418945079719263092e+00 5.270177132561533639e+00 -5.322244040077751315e+00
1.919376084053054654e-01 -1.781634495772743909e+00 1.509334892664648820e-01
-3.604394012079764065e-01 4.892138069856939442e-01 4.491116172912267501e+00
-1.258820907154922120e+00 -8.602100612023577675e-01 4.355868060260927876e-01
-4.035102324742370627e-01 1.810336117965258396e+00 -1.081506142727094999e-01
-1.355683200814638223e+00 -1.729852768642411220e+00 -3.410873899052972558e+00
1.720960949701691556e+00 -1.794363774777361309e+00 2.145030034771556959e+00
1.931713397546451549e+00 1.826561167135668073e+00 2.962495740728940397e-02
4.526499935634946681e+00 4.695915393836981089e+00 -4.189965550546225437e+00
-2.917446274416923835e+00 -4.229595091122830830e+00 -2.544190381005132728e+00
-2.977590548389617564e-01 1.521143497175188486e+00 2.906360280506279925e-01
-1.541772772740693132e+00 3.855638914038308052e+00 -9.554433882098638253e-02
-2.017064250144293247e+00 3.467904256722915690e-01 1.049928156432522686e+00
1.930680692581885438e+01 -1.021056594415636454e+01 7.603437129579254661e-01
-1.034724345924531441e+00 -2.269751530416919960e-01 -6.963444110856376046e-01
3.587035089494536422e+00 -1.267148143179112507e+00 -1.189447005531108381e+00
-5.600294645024872509e+00 6.873754072685552829e-01 6.394161848895099531e+00
6.312985379209309578e+00 4.352721683147184883e+00 -1.872128777096784047e+00
1.830391754379061542e+00 3.166164505811761565e-01 -3.258817603527643381e-01
1.078360793002449136e-01 9.797277383455897937e-01 7.523543381952764175e-01
4.378079007760489194e-01 -3.386047800706393773e-01 -2.070596084333173437e+00
-1.796828146375250901e+00 -5.190857168102462005e+00 5.881421779940552597e+00
1.280436346311105922e+00 8.395380932486422587e-01 -6.225981734097785214e-02
-2.589780178362688812e+00 -1.940971415338929251e+00 5.934942812543943930e-02
-2.017002385485648475e+00 -3.334895387793948895e+00 -2.480764117816169456e+00
-3.510405664945057680e+00 -4.141649107091653015e+00 -8.198683691320388434e+00
4.533087707450930703e-02 2.972736898525659477e+00 1.045133681178089136e+00
3.870171456928885867e-01 -2.198806796805066188e+00 -5.184732799452790530e+00
-5.925270176186556714e-01 -1.722233076899498672e-01 3.069316065454515297e+00
2.785408313722676499e-01 1.478405371952422831e+00 -3.840879410054176546e+00
-2.695510910966367746e+00 3.557380153823528901e-01 3.498544722153682507e+00
-1.560534355568764298e+00 -1.848699171226839244e+00 1.803332629860443292e+00
-3.376329564732110544e+00 -1.336160194032020465e+00 2.307011765684442162e-01
-8.009753758587473627e+00 -2.360615038069854066e+00 1.738270748666888021e+00
-2.178231057010916238e+00 6.798819490226695184e-01 -4.073779912321279784e-01
-1.775675546903235258e+00 -3.076898817324967172e+00 1.856172563420859456e+00
2.213824518868506008e-01 -1.225755633396694133e+00 4.366084589645382041e-01
-1.510910334243073194e+00 9.239696971610006360e-01 -4.598348242121874208e+00
2.685571994780995730e+00 -5.623047510958216755e-01 -1.559679387291820873e+00
-5.509454027766467199e-01 3.721045460501627988e-01 -1.032610306198545214e+00
9.845505775116225600e-01 1.740808164973496108e+00 -3.550077420019043806e-01
1.491211207284819151e+00 6.249898313534741900e-01 7.948964839932578519e-01
3.162019178701594768e+00 1.489606906006827547e+00 1.549750383799798570e+00
-7.494333486728026461e-01 1.449321267953163517e+00 3.730264327660280932e-01
-2.990976662927868013e+00 2.541568465587904502e+00 -2.093926065502638600e+00
-2.069544850593421081e+00 6.805362851258615065e-01 -3.054065502518276798e+00
-1.640882308309650428e+00 1.345647557255845506e+00 -1.027668220786381426e+00
2.483875510331038150e+00 1.783628856576295885e+00 4.014017085118009476e+00
7.316996859648964291e-01 -1.966245743559415615e+00 4.950027450330199419e-01
1.447133641471998536e-02 2.758901820695611740e+00 -3.367444474432105483e+00
2.164697347957932116e+00 2.206010407307681831e+00 2.266403176508604567e+00
-1.263532379457490329e+01 3.321896761936909570e+01 2.907819415221435833e+00
-2.781791427319413867e-01 2.668739877147065176e+00 -7.265262570246758811e-01
2.221986277260206144e+00 -3.134353663818450347e-02 2.575951045663564809e+00
-1.737243912400664003e+00 2.228748234204544210e-01 -2.166701967078300761e+00
-3.666289789304287616e+00 -4.110393901484402784e-02 -3.536390508759761353e+00
7.273002950847652637e-02 -3.374707254283254576e-01 -4.982268804905934267e+00
-2.178083822831279048e-01 -2.306253652700537948e+00 -2.069601027759059964e+00
-1.394102394521379962e+00 3.614240999560713874e-01 5.845719311483136948e+00
1.588407492096238771e+00 6.336809970458247010e-01 -2.068288132072568342e+00
-2.816774432227934777e-01 7.339618292769041652e+00 -4.477848195196732495e-01
7.123427501124380834e-01 2.123730504906955474e+00 -4.689373459143159062e-01
1.883360707753425123e+00 4.725556720758332108e-01 3.335560612121203583e+00
2.001543502321507795e-01 7.922133114211541427e-01 3.160213896384011178e+00
-1.643295570869655942e+00 -5.934014693345149999e-02 -1.579550039826273622e+00
9.196926301549211757e+00 -1.561681776979336078e+00 2.871722790871128250e+00
-3.038650580620790298e-01 8.598689693329626405e-01 -1.135020896223776221e+00
-1.081417884218611070e+00 -5.464631437089108035e-01 9.321965797820080946e-01
-7.407154587391168166e-01 -1.712102366471747406e+00 4.232764925235976694e-01
-5.887639525750961722e-01 9.368576508316502904e-01 8.362852422087561910e-02
3.582751223193152867e+00 -5.542371551286949583e+00 -2.035361171629711308e+00
8.100575944145840257e-01 3.116080841817585600e+00 -3.359833928743027442e+00
-9.978913619989508987e-01 2.108526088084545336e+00 3.189421057916140168e+00
4.541621353100777192e+00 -1.097572222907101436e+00 4.273994885729366366e-01
-3.598849773407788177e+01 2.632862819884774552e+01 1.570883407171320911e+01
-4.573544226750440700e+00 -1.374294016359452586e+00 1.731330501408315348e+00
7.040206116916328805e-01 -1.032612195513717879e+01 1.285142437638349344e+00
-3.269838065945919858e+00 -4.359081860137147164e-03 2.287120809701888913e+00
-9.039810404611950956e-01 -5.527513011430873480e-01 3.502281871430478866e+00
2.071924674143470479e+00 1.474599608190485966e+00 -1.322334100279622282e+00
1.030134190669374172e+00 5.996901827054793577e-01 1.293331663392262021e+00
1.412388289942681618e+00 2.957869541620852250e-01 -4.315517870155112234e+00
1.350154808886894209e+00 -4.487499182689172805e+00 9.632182035763363626e-01
1.296427336588974910e+01 -8.246070230944976487e+00 1.159849811157937793e+01
-9.002341690033728305e-01 3.566774280153074406e-01 -1.153840679505881983e+00
2.157229504717468604e-02 5.753962588414062163e-01 2.394265844605279359e+00
-1.821947091482952752e+00 -4.258835075218885824e-01 -3.392752444614345109e+00
-2.349658850325699877e+00 -7.287659507049355057e+00 -1.078323868327240298e+01
2.555061539792429226e+00 -2.871116837309318992e+00 1.281465525006403539e+00
-2.253809709845281617e+00 -5.471258540050608410e+00 2.166240518160460926e+00
-3.557260227979319733e+00 -3.503897732689570610e+00 -5.453380783802936449e+00
-3.387941053039712713e+00 -1.729561881340754725e+00 8.780812831922814032e-01
-6.461530969971785998e-01 7.628245013122522122e-01 -4.646735785553388620e-01
-9.124617792291207508e-01 2.692214789064329317e+00 -2.243168477084886536e+00
3.092524735718641393e-01 8.902405262890136228e-01 -5.705501038058876651e-01
-1.309989382720743611e+00 1.702551265730188002e+00 2.318876601947718330e-01
1.008068217211481610e+01 6.976842554631154103e-01 -1.047329221123889376e+00
-1.038791868533914808e+00 3.594763109240413090e+00 -3.644122873368554227e+00
1.377374551716852302e+00 -9.526534704920198715e-01 4.112059891620405416e-01
1.372475732842819207e+00 2.048554331606088574e+00 2.422984765140147267e+00
2.460528419406862621e+00 4.854293667781247046e-01 2.424359810026326389e+00
-5.236061036327341434e+00 -2.861603747120209817e+00 -8.880072261817227641e+00
-3.154404241538002474e+00 1.688586100183667282e+00 -1.495548006516980166e-01
9.712554728274167104e+00 1.046189989088689565e+01 -3.567233245588902868e+00
1.309873935076475870e+00 6.036930606643925445e-01 -1.638499973289951894e+00
9.115951895450216114e-01 -3.363321932983649010e+00 -1.910849427401934530e+00
7.192795935552863007e+00 1.193025052025428323e+01 -4.283078575402889498e+00
-1.339155062653663020e+00 -4.671602327829150331e-02 -1.220468789663456288e+00
1.980847563027931413e+00 -1.103494018039451241e+00 1.857452385448518983e+00
2.051675887765241679e+00 2.338485753799110167e+00 -8.535258170452595383e-01
1.716094708696234150e+00 7.690455494132433234e-01 -4.870689777325940106e+00
-3.965946863558824642e+00 8.568071146893727175e+00 1.535325552069993105e+00
-2.954383142178042654e+00 -3.312530472532198456e+00 -1.523245271198863937e-01
2.765462196832044195e-01 5.149258042396288593e-01 3.325141027784715764e+00
2.031211129527240367e+00 1.112460009957600304e+00 -2.753041884662017047e+00
-6.374145892431795080e-01 8.560739460459843367e-03 8.498339575156130810e-01
4.329794786745795321e+00 2.412607897113288491e+00 1.946175856170698548e+00
8.846778728794216562e+00 9.925572375170819583e+00 -9.247111231680420929e+00
-2.196091306510847385e+00 -2.030286857530893219e+00 -1.358683990418109833e+00
-2.457263301025661040e+00 -8.148744503676141449e+00 1.525808284220081967e+00
4.993339060326371787e-02 2.244450303985114026e+00 2.540899863451651086e+00
-7.747529611189075460e+00 8.166172485258089253e+00 3.870752234094827493e+00
2.747249615914268972e+00 -1.299435535477349912e+00 -5.673134265363115603e-01
-4.165999337758517385e+00 2.298968416724386898e+00 6.966376867563838227e-01
-5.910600403172145079e+00 -5.666965917158571564e+00 -5.063627558927843886e+00
-4.345027666379330356e+00 3.804496545047105993e+00 -3.476798489755696053e+00
1.629969178578151157e+00 1.942791390637077509e+00 2.168419885133337499e-01
7.732730775054029726e-01 4.956181948667635895e-02 1.278460209699499306e-01
5.600150465116660037e-01 -2.422784244699669465e-01 1.362914220371031826e+00
-1.061154802339946635e+00 2.688765930394267922e+00 1.001337418391158085e+00
-3.703604747383428819e-01 4.478773362297474581e-01 -9.114700040950127757e-01
-6.444077587041142918e-02 2.228262734286072799e+00 -2.171219234324516911e+00
-2.718525685689527349e-01 1.451945713757866407e+00 -7.434065359146146100e-03
2.722441388110509841e+00 3.999019191908745441e+00 1.461696133361716665e+00
-7.623847648223924800e-01 -6.791485395177873086e-01 -3.185344489045761840e+00
-8.804349596894919250e-01 -5.135264408351686294e-01 5.153475848721438268e-01
6.477019232159062501e-01 3.114891984170489181e+00 -2.915482030352363196e-01
-1.390250941241658156e+00 -3.410849223450012069e-01 1.611910631750290701e+00
1.123796076507401986e+00 3.190887822804636675e-01 2.218795199127491458e+00
9.193216251069983302e-01 1.978385281409101304e-01 -1.368692747976562929e+00
2.052120312777233058e-01 -4.327538262453688667e+00 1.150618145209970189e+00
5.819042837784865974e+00 9.369026251283081308e+00 9.015854379400736196e-01
1.249508843584729689e+00 2.471684559563332328e+00 4.780183647913244238e-01
5.336639848528557106e-01 5.052853006014563775e-01 3.241858700293530404e+00
-2.881757706683843789e+00 -3.066357282489358127e+00 -4.248436595371268609e+00
2.144643674503306841e+00 -1.775040217900596407e+00 3.772760694376032786e-01
-1.447273214990776991e+00 3.859186937382979021e+00 2.735457139568561180e-01
2.198266443499785894e-01 -1.031847647744462554e-01 -1.107284769898714272e+00
8.869621837004633413e-02 2.438123081344765630e+00 -2.732213549095719785e+00
4.212374127031030646e+00 9.648731262427354682e-01 3.642822926409289286e-01
-1.328070884485630598e+00 9.077080151146892373e-01 7.138121364750400488e-01
-2.910932204522107014e+01 -3.422286778445778221e+00 3.934761517745527293e+00
2.124409621109635182e+01 -2.562434411545641222e+00 2.422297779694220310e+01
-1.961667780572679681e-02 -1.456215306696080791e+00 2.443127723522504180e+00
-1.263666629035577138e+01 -1.262809291717116267e+01 -2.932830670712812671e-01
4.615111239074128346e-01 4.088111988230347937e-01 -9.036350853199620614e-03
1.598926828521189281e+00 -4.344041176112285463e+00 4.574661645934564591e-01
-7.198364995155898782e+00 4.441284259790665878e+00 2.272397670746252274e+01
2.166284081216152568e+00 3.528631644732473926e-01 -1.431548786730479250e+00
7.920489937030758654e+00 -3.028748742715830833e+00 1.461015855634503480e-01
-1.720432979110775529e+00 -1.843365138565301820e+00 4.814948323249327089e+00
1.851471114358090864e+00 5.320539518695500902e+00 -2.237435648610378358e+00
1.938151892460549197e+00 -9.935324948504399289e-01 2.431701317906266091e+00
-2.884599005486252921e+00 2.443886115872418996e-01 2.832330895059523179e+00
1.509805483992068709e+00 1.883500740275613428e+00 -6.290125328730451493e-01
-4.634942735742153097e+00 3.080452530641236031e+00 6.736625142007639511e+00
9.353073670887363633e+00 6.122711008778256137e+00 2.166067160207134190e+00
2.388379139565616871e+00 2.528253678943228167e+00 2.905048436511766252e-01
-2.538236810521472986e+00 3.853663713560627091e+00 4.157661715793207868e+00
-2.398650588182425214e-01 1.160662798541172602e+00 2.378450486875937742e+00
-4.804110438563365726e+00 -3.696742044938816640e+00 -2.122258667333461357e+00
-6.939195411263638924e-01 -1.211558695515373207e+00 -2.575968925430226264e+00
-1.602651928073416610e+00 -8.810997707064068818e-01 2.514816592341518664e+00
-1.474725702370572211e+00 -1.488475917750054167e+00 -5.116739162283442943e-02
-3.625086298070474111e+00 5.819081397762930763e+00 -1.775622346351503733e+00
-4.844728541650992426e+00 8.250005806572671574e+00 -2.027535399966318597e+00
1.115787614209001077e+00 -9.366477824468106839e-01 5.852812654236500656e+00
-7.104590012679699917e+00 3.538831429934607975e+00 2.424027861866820732e+00
-3.489406331443423603e+00 2.548269715352216469e+00 1.062696300476688060e+00
2.867369849474485477e+00 -1.233280629349150725e+00 -7.103515646608393741e-01
8.980776055486936471e-01 3.154638335824868633e-01 1.806434103865652396e+00
-3.357083189133636569e+00 -4.975633365887051074e-01 -6.895376997348712234e-01
-2.738521826722309704e+00 -1.459552884401801265e+01 -4.082629689354212665e+00
-2.047515716345951198e+00 5.449823881400662762e-01 -3.204461607555800562e+00
-4.914225284684226835e+01 3.819768738162056820e+01 -8.292122833540135574e+00
-1.620169844161175154e+00 -2.057913555794042448e+00 1.605245641099605658e+00
-4.438942648382171008e+00 4.644384788255427665e+00 1.033597414731655784e+00
-3.974829590721808081e+00 -4.071997364717359069e+00 -1.808463603165436084e-01
-1.421877960178936418e+00 -4.229454418505701696e+00 4.508970038358762977e+00
3.630320739681453523e-01 -2.227060260039286810e+00 -5.297506360562640459e-01
-6.181497738694938793e-01 -1.023681075773880345e+00 7.876473143928502951e-01
-5.455196270524890423e+00 -5.692130255724619836e+00 -8.359881659324601699e+00
9.189216903356907107e-01 3.354878460126823114e+00 -6.837820813681800836e-01
6.689068834648158601e-01 1.300286700044868349e+00 4.354412584771320538e-01
2.626170181571474860e+00 -8.289058462332182797e-01 -9.305826832307113605e-01
3.477553150849205466e+00 -9.052298421031661491e-01 3.450664819689376994e+00
-6.378598019474199798e-01 2.482449548884412494e+00 1.028544856851000278e+00
-2.702078458734404443e+00 1.138436721176408373e+00 8.078879705603350114e-01
1.280828154612073666e+00 1.870488276287645968e-01 5.336897298025292891e+00
-7.593851562290009127e+00 4.970376351637787460e-01 8.738674296351026882e+00
6.269408779120240194e-01 3.812847939171841172e-01 -5.092548235561399350e-01
5.060594552956847458e-01 1.675387464988415509e+00 -2.270982217664996750e+00
-1.534990614117253571e+00 -8.573849982945592751e-01 -4.170309130044209667e+00
-6.340780206405681740e-01 -7.111216836042218992e-01 1.465483801725432578e+00
-2.728489003405191848e+00 -8.386341605686086220e-01 -5.867871357148110034e-01
2.689071732348875976e+00 -1.403236544591730706e+01 1.256598518485079019e+01
-9.556894577468547425e+00 -5.738294835926841531e-01 -8.895504126668276612e+00
-8.403574652642332721e-01 6.154481026578361158e-01 6.423080201543395207e-01
3.550437711390836526e+00 2.100386285273345255e+00 -2.214575014032075906e+00
-5.494836297632531563e-01 1.021047228547276253e+00 1.542186058434050766e+00
1.258638793889441665e+00 1.681637011857709396e+01 1.754497650929781827e+01
4.326143568299000819e+00 2.680805525453775970e-02 5.491885250361780102e+00
6.568262377800979657e-01 5.851843153556685051e-01 3.886706798440908273e+00
-4.175257504350828874e+00 -3.314171061554899711e-01 1.659984265067579567e+00
-1.785754967682374295e+00 -6.531240565995829472e-01 -1.178180929332586446e+00
1.999837578689205975e+00 9.945826237607633402e-01 7.322463783406110704e-02
-3.308512848039324883e+00 -6.078974079105563533e+00 3.863919032146211130e+00
-1.177401104443501323e+00 3.388278738008455582e-01 -1.560414128751060225e+00
1.913919286269128550e+00 1.866398559422865810e+00 1.918444677175163093e+00
6.704408607601276548e-01 3.867645994796093945e+00 -7.835269000154594654e-02
-7.891230962803691407e-01 1.396916168568818062e-02 -6.141619152542693527e+00
4.193730099211180895e-01 3.239201518658233248e+00 -2.835668478621040656e+00
-4.273750961666599180e-01 8.977772350328689921e-01 1.105343626281775737e+00
-5.548429230467795126e-01 9.325172418704049671e-01 -3.706477008170320886e+00
-8.036637081905466218e+00 3.961166409664654164e+00 6.193030907635675986e-01
2.078026830678506798e+00 2.418842170407318193e-01 -2.455533779488535018e+00
-1.671330060790006400e-01 -1.490187948686716446e+00 1.622960483654614539e+00
-3.480565908229885874e+00 1.174961077495957085e+01 8.892768390550493507e+00
-3.025768907938978791e-01 1.067206214834037770e+00 9.126626708695445345e+00
2.236251722696112054e+00 -2.018116166150503599e+00 -4.194385986403557531e+00
2.377830146619363816e-01 -1.436296119020748607e+00 -3.590159433679973588e+00
-7.146013503903277275e+00 -1.392439679046999945e+00 2.604512186043616229e+00
-7.506901191439030008e+00 5.766523861356747993e+00 -2.898213613874801364e+00
-2.289758207929340816e+00 8.303414738492287395e-01 -2.450824320947773138e+00
-2.234469526386776206e+00 7.126869854426509221e+00 -3.310783663497501639e+00
1.250414937600769427e+01 3.883159458482265958e+00 3.494524087590113126e+00
1.104581590041869621e+00 -1.426351537073426157e-01 2.955375897591662859e+00
6.109010789857617141e+00 -4.244974201609919895e+00 5.015536888136479909e+00
-1.058290205170886011e+00 2.690632951014277463e+00 -9.872300307945028330e-02
5.700193036465675434e+00 -1.043447395681427858e+00 3.589199572632240098e+00
-5.350601245593209487e-01 9.945515077406448246e-01 1.782147351953033532e+00
2.358057473358188716e+00 4.026681761295013651e+00 2.194437517826207440e+00
-1.559401050131882904e+01 7.928364423003051442e+00 7.604337390484946724e+00
1.325053263570410644e+00 2.273501719347610805e+00 6.133497225065919212e-01
1.340100903258248266e+00 -5.367046254969267682e-01 -1.155734277112075326e+00
2.337257412263990641e+00 2.281024500791830611e+00 -1.928425002885973960e+00
-1.008182049022904536e+01 3.482123713146224819e+00 -1.680834437136035531e+00
-4.157901147630697070e-01 1.988390523269525811e+00 -1.711071714406660504e+00
-1.032968006163492269e+00 2.344742405577814048e-01 1.830954808575618875e+00
1.894554008219051067e+00 -1.207635902552367968e+00 -2.265969741992649222e+00
4.023467378718230236e+00 -1.514529787760555274e-02 -4.356324098603534090e+00
-8.764488460933577585e+00 -5.603582626934363375e+00 7.688565473298538677e+00
-1.921264900340394099e+00 9.488795376178169594e-01 2.595994972084815444e+00
4.022204751037129711e+00 -4.357045272294056026e+00 -4.011057569223480002e+00
3.903413773654310859e+00 8.356962641248117940e-01 1.146277852998426550e+00
-7.194858431792263254e+00 2.701540660749537803e+00 -1.276421793070784627e+00
2.411113026315212071e+00 -4.525072331096340328e+00 2.232364357418727518e+00
-1.285996280343905562e+00 2.206183735166434012e-01 -7.861432757443248542e-01
3.812116416868467361e+00 -5.059031798430523530e+00 -3.067834638407886061e+00
-1.392990662970803983e+00 9.721502449077541463e-01 -2.909556734204691297e-01
-2.706190036096355112e+00 -3.883805731417840246e+00 -1.363333243046964904e+00
2.496928355539755007e+00 -5.214196988516663911e-01 -5.195028764832354540e-01
-1.739974336744124495e+00 -4.084620557147873754e+00 -1.980869636672888179e+00
-3.133362574997814676e+00 -1.576760063956976099e+00 1.125603935877278250e+00
7.284084229586486325e-02 -1.062197415751793050e+00 7.597797907187660016e-01
3.120095649198982191e+00 1.008100913036708984e-01 3.502605789658402857e-01
-2.964718667212120629e+00 4.355808687855739159e+00 3.048691661232693084e-01
1.657485136292379702e+00 1.603690762522086422e+00 -9.299919741935303019e-01
-6.924251788489088177e+00 -3.219433162877989307e+00 -7.119142541191687101e+00
5.653262350521151447e+00 -5.423987967821531697e+00 3.493882976840563703e+00
4.088460330107724694e+00 -3.489730858784458045e-02 -2.742475793433244990e-01
3.186218060453420264e+00 1.247633457144956326e+00 -3.556224089157926649e-01
-1.175963543206869133e+00 2.252376917132191014e+00 9.577796391779646035e-01
-2.514555451260806485e-01 -5.175845349159954312e-01 1.012100137740094219e+00
-1.061200294670092248e+00 -3.222866797804590511e-01 5.661273880034409789e-01
-6.254134555641931437e-01 2.487581999329493421e+00 -5.278971713380109954e+00
-3.276348003512742579e+00 2.032903335368051678e+00 1.051907924205971234e+00
3.794773988746054538e+00 -4.254632368968535694e+00 -1.334626890749983863e+00
-1.836324693890612147e+00 4.890316212018147035e-01 -1.695897361669336245e-01
1.688314009311796982e+00 -3.023007629346854963e-01 2.527667240902788492e+00
1.795938097027010683e+00 1.958775153561409965e+00 1.258768944886176966e+00
2.665426473560764009e+00 4.126911122804871823e+00 2.471318243258895375e+00
-1.852852540314782814e+01 2.089097753203238028e+01 6.810345003643890394e+00
5.141411395510003812e-01 -3.417304593623625153e-01 1.643994856637986057e+00
-2.340290480025468245e+00 1.067887860057497029e+00 -4.572182720882713269e+00
5.477485341399273011e-01 3.280906698293090340e+00 2.034419293103763238e+00
7.226351495940297909e+00 -5.515851335313940673e+00 1.886692094565363575e+00
2.878735516531309546e+00 3.664774900417916204e+00 5.938622102578309914e+00
-2.566106857931741980e-01 -4.814322505948251063e+00 3.241588409132919235e+00
-4.464440016933598487e-01 -2.331362811726817696e+00 -2.157625357718049752e+00
7.361717977673255531e-01 2.266021609045982643e+01 -4.851702573760694470e+00
-1.550677602783846032e+00 -9.862331265695425953e-02 1.462073166802642321e+00
1.389531443586883963e+00 3.345309975652209777e-01 1.070314185567384363e-01
2.329034663310428854e+00 -1.306035453459631679e+00 2.519073904222975280e+00
-2.014712727115466201e-02 -7.575843737179026594e-01 -1.405938852765706404e+00
4.414352580114106472e-01 -5.274628967383853118e-01 -1.502506764095582703e+00
3.033891081861387118e+00 1.142388393566598603e+00 -9.267890748463236683e-01
2.962701672906860595e-01 -1.286534938712652565e+00 -6.929809622453165785e-01
-4.400137404741191194e-01 -3.207364436766153570e+00 7.656406070075637560e-01
-1.332458427827109548e-01 1.174701371212678147e+00 2.529451767137651963e+00
2.782347264438102652e+00 -3.488853024262292823e+00 1.000140090816422855e+01
-3.733663701212751818e+00 -2.233837805866371262e+00 3.145707026400551332e+00
3.458505278914490777e+00 1.178882629276624883e+01 1.361853220792388974e+01
3.682453193469910513e+00 2.596328267761057518e+00 5.484700144881297090e-01
3.015710396408735616e-01 -1.338259410421813955e+00 6.398480029368379673e-01
-3.934527667387699879e+00 -2.140295380459132701e+00 -2.763558153501145753e+00
-4.042448695497919964e+00 -3.658464049162688525e-01 -1.602533901076880429e+00
2.063969554726825972e+00 2.661984643812989049e+00 -3.748413032990400406e+00
6.656983067319664826e+00 -6.589800966504390622e+00 9.090265559245123583e+00
1.031989436975909058e+00 3.970521895997292106e+00 -7.710651864592177773e+00
4.069792200000471039e-01 4.626180228011483320e-01 -1.477163015455176032e+00
2.059590986377537458e+00 3.129198977333180198e-01 2.118920412862956848e-01
1.730215709353300213e-01 1.301954132403067455e+00 3.518502182319130256e+00
2.233343496166622644e-01 5.257846255806075675e-01 -1.509831303424445492e+00
-2.241870220374289957e+00 -6.310564884882394310e+00 -3.751572669726343623e+00
1.523926669093225827e+00 1.170920856690533585e+00 -1.042234080451568262e-01
7.016814754760954953e-01 -6.725011508913639746e-01 -2.644956876368278476e-01
2.019758720848255251e+00 8.052632424734474270e+00 5.285474454920218612e+00
-2.014318453300447676e+00 2.139109877889012967e+00 1.021280154795933148e+00
6.857902708158212235e-01 -7.838795343189429443e-02 -6.179866277917441808e-01
1.683055967759148075e+02 2.842609905928812353e+01 -4.904022491066450051e+00
9.626466333565465439e-01 2.040745388858781872e+00 3.806589347716178295e+00
3.998490219896098541e+00 -2.864285317149095622e+00 -1.768041841650295876e+00
-8.566425236223620399e-01 1.211555193076020442e+00 -3.212791275451602480e-01
-1.862015927127181669e+00 2.224228470322909601e+00 1.091584572198307512e+00
9.275243641633212910e-01 3.205436976706595442e-01 1.400552651253655689e+00
-3.278685618789404455e+00 -2.061300876352282430e+00 -2.169845215655496595e+00
-1.819085805874968820e+00 -4.221695118386966428e+00 7.757709245625572514e+00
8.706139342498414591e-01 -8.269783611105372412e-01 5.774090469990452723e-01
-8.057939866306429444e-01 -7.648418168664655736e-01 4.588294054671595568e-01
5.346207951922625767e+00 3.086396985557148920e+00 5.853690480449278866e+00
-1.185053678947557421e+00 2.371101228716658849e+00 4.381193920180722401e+00
-7.972894888676850478e+00 -2.288176442619259987e+01 -1.521057882512695514e+01
-1.841036608744702008e+01 4.847377188565647366e+00 1.216040179694537704e+00
2.413433439276184422e-01 2.692018506047574533e+00 1.022640474900907259e+00
2.301426215159283473e+00 4.168074165915223728e-01 4.186244646022677429e+00
2.661359922298430103e+00 3.596498604133803401e+00 1.407774197327743559e+00
4.779825296239078369e+00 3.891883185142583468e+00 7.094208707931286106e+00
-1.717442451504849865e+00 1.093080862702371370e-01 3.956241904131953951e-02
3.958626306835633102e-01 2.578923194473648817e+00 -3.556229073381152350e+00
2.080778607192932672e-01 -6.363258609076786421e+00 1.605484652132886936e+00
-1.145021780961205415e+01 -2.052291068901602955e+00 7.706093331850235373e+00
3.018992620015939821e+00 4.990286201448199677e-01 -4.751893866191998494e-01
8.062366965860718881e-01 8.837469599949901999e-01 8.084260126234334987e-01
8.993003966443716024e+00 -3.078557679819518444e+00 -8.277789137510794815e-01
1.824894491622701120e-01 -8.391665370002319158e-01 1.011124469519363078e+00
-6.812869873053002401e-01 -1.401852355164718844e+00 1.295497297322674823e+00
-1.264306558335088315e+00 1.467262987960445741e+00 7.395262047446843345e-01
4.848454488810878815e-01 2.168699075454961211e-01 -6.701858744787866917e-02
-2.022430443887158980e+00 1.875149418958209413e+00 3.022527006507290448e+00
2.370421530003221200e+00 2.404847596141822530e-01 -1.384373874039922292e+00
5.411331161367005649e-02 -7.854110499575865934e-01 2.479880369899105208e+00
4.150473393306143066e+00 -2.404201659910989164e-01 -6.454609126118238116e-01
1.089075039705492465e+00 2.336741869706810526e+00 5.238092028026795965e+00
-3.584153700345194871e+00 5.617929392164395797e-01 1.415137143855647039e+00
-6.963586538004129523e-01 -1.106501058359831591e+00 -3.791029348092511686e-01
9.759006117783659562e-01 -4.232710785881969251e+00 -8.846647284979175518e-01
-1.377853805292353018e+00 1.950747452985130970e+00 2.654890951536902577e+00
1.461924705633202759e+00 3.029680726389200274e+00 -1.294798844719220465e+00
-5.065288186120423752e+00 -6.242049427970635528e-02 -2.632626682118213601e+00
-4.330758204442802572e+00 2.572623275723763481e+00 -8.877106042371476491e-01
6.858071045841452884e-01 -5.965348541612033317e-01 -4.975626337427000223e+00
5.281626366891581270e+00 2.358690682871912081e+00 -8.014251960465704983e+00
-1.655482723719673865e+00 -1.179248990600789693e+00 -2.627767620966766637e-01
-4.099938105469943750e+00 -1.311730701826531487e+01 1.111162080609427250e+01
3.601062328635982746e-01 -1.209157281290688557e+00 -1.913819669850565397e+00
7.355558255748508856e-01 1.294126580386888659e+00 -2.183059377869797313e+00
4.464645460810662492e+00 7.598171187337519061e-01 -1.939319365822995467e+00
-1.287819346528764974e+01 -4.420471923197810127e-01 -6.975483490431697575e-01
1.381132265702468054e+00 -5.609127372575410497e+00 -7.044661623947128248e-01
1.226837592799632892e+00 -2.463904118250666908e+00 -2.317346999706235700e+00
1.751217059676032917e-01 -1.776663976290303149e+00 2.390422050198136028e-01
2.352485899706112438e+00 -1.017810904160898477e+00 -5.188405692181777829e-01
3.097531441208682956e+00 -3.692903018341246568e+00 2.559318576994519923e+00
-1.990123830971375796e+00 -1.369543579851640436e+00 -4.497190874327020582e-01
2.174365366743307160e+00 -2.854535443471724676e+01 9.532839081609989051e+00
-1.173697069412166893e+00 -2.859937855096236436e+00 -3.459129128606161618e+00
-6.175258465397670982e+00 -2.219204881856422062e+00 2.812476661831019964e+00
1.660211047021566078e+00 1.901721367207562241e-01 -4.320895081139875415e+00
-2.699583984835277617e-01 3.971864864735146217e-01 -1.349149513499964703e+00
1.006716938503420478e+00 -3.176006349359601799e+00 -3.118817434000120681e+00
-2.452440723712236981e-01 -4.895543981163563707e-01 8.411862663560137898e-01
-7.874079904942670183e-01 -9.464784028856217113e-02 -1.158442553530933061e+00
-2.936938824079665233e-03 -3.720432999473563207e+00 -3.011176890730311584e-01
-8.637257941819548313e-01 2.028505495509861589e+00 4.866981883359735583e-01
-2.548175093584268858e+00 3.077620615777513002e+00 3.099970783081451020e-01
9.974070760645245670e+00 4.531096482564878514e+00 1.328702262386372368e+01
-1.082169732535412265e+01 3.782539041694336301e+00 -4.200936482327560562e+00
5.759579356709423337e+00 1.779714073071392733e+00 -4.560697996310082658e+00
-9.075014191952449849e+00 7.287322516690271534e+00 8.613654021647233705e+00
-7.202914853930354466e-01 -1.356680584057964878e-01 1.410188533852904547e+00
4.269412669674414573e+00 -6.284832293681790194e-01 6.800351990574838856e-01
2.660797793512630349e+00 7.206537432028873091e+00 6.228973644735940063e+00
-1.204293750954240316e+01 1.345792824156600354e+01 -1.114723274552134313e+01
4.535992152610536232e-01 -1.045662234195410045e+00 -1.882643694701596315e+00
1.462903809021592449e+00 -1.133803915533676099e+00 1.343735339206761470e+00
-2.818892303249114661e+00 -2.613439879780426800e+00 2.941000300272201162e+00
-2.177064995050096152e-01 1.378905129041008149e+00 7.392281051780328349e-01
2.027322240079720395e+00 -3.846931725132506585e+00 -7.573689832541301570e-01
5.046169833522284875e-01 2.293471474915477426e+00 1.225208463876786613e+00
-1.083161259708951007e+01 -1.706580050829247241e+00 7.349164417288669426e-01
1.792455391457324465e+00 -2.865514795926912939e+00 -5.805464213993205558e-01
-5.882040767676344206e-01 -1.944876029738777046e+00 1.655533913622713404e+00
-1.214173916179946078e+00 7.236125853487255233e-01 1.060282969928401098e+00
-9.109462111131451101e-01 1.430637358799479175e+00 -2.282607328846144590e+00
-2.185989694442285192e+00 1.373007618824498399e+00 3.816221308827733583e-01
1.686209254466318086e+00 -3.313261065592036925e+00 -2.154697001720150329e+00
-1.751794377002102721e-01 -1.310001248216510650e+00 -4.359720262655685019e+00
1.009735582469236093e+01 -1.170794930630559616e+00 -1.787434286392214355e+00
1.721526556147611231e+01 9.860982238916248477e+00 1.276711432099384602e+01
-6.919146019585178942e-02 8.004377039664714033e-01 -3.103184688610691744e-01
-4.821384752776428084e-01 2.950443853662725768e+00 5.081730968041091590e-01
1.462841028691094536e+01 4.194361049166018596e+00 -2.677222632056346807e+00
-2.257280616463937517e-01 9.682416175000189140e-01 -7.396420364560309935e-01
6.007377024014511235e+00 2.883115505297066505e+00 -4.481269048698263369e+00
-3.856884509764824553e+00 3.967915770316731150e-01 -1.492259465840691135e+00
5.656648787294700220e+00 1.974397678849375559e-01 -1.072485626207838383e+00
-1.175965685715270714e+00 -3.510476291192223819e+00 1.236049282228484536e+00
-4.443968108604454237e+00 4.776452970001403564e+00 2.910524417928743279e+00
6.260861646787767576e-01 4.919912848930381166e+00 -6.025129500066543464e+00
-2.743514625459862355e+00 -3.582448428539278251e-01 -1.908919310019851157e+00
-1.221582719083028623e+00 -3.068045860300524369e-02 -1.424493113739209837e+00
-5.245232869989114199e+00 1.378130391233012730e+00 2.464647352058060292e+00
-2.271265046958552247e+00 -9.359912865433745566e+00 2.500637289880242253e+00
-3.709245532846404680e-01 -3.521434085411955905e+00 -2.637628482092376547e+00
9.861153969860609880e-01 5.246470403076058941e-01 1.318096820483459330e+00
-4.514826491727385260e+00 -2.100576587545297969e+00 1.752403040963534497e+00
4.352776273371766536e+00 7.605529841704958827e-01 5.400380845544202474e-02
-2.819363295362187660e+00 -1.046474364082095876e-01 2.932681084938004279e+00
-3.262542483449398123e+00 2.510623658032134831e+00 -1.018125304708749468e+01
-1.574710522480893715e+00 6.206592247895424963e-01 -3.264266793523619814e+00
-6.477149926358938270e-01 -6.872436947781682126e-02 -1.556235517464402918e+00
3.847162448736954232e+00 -1.925928487179930704e+00 -1.174151430088986592e+00
-6.176385404259253420e+00 -3.714941127213118310e+00 2.628343726309197506e-02
7.460511084908276469e-02 1.210223396476886482e+00 -1.698207540018692008e+00
-6.118994762475685745e-01 1.316262294973092883e+00 -3.243001921557900347e-01
1.038603863963080132e+00 2.042728757058679540e-02 -8.964067033540359386e-01
-5.088144228272323266e-01 -5.055043535931635912e-01 6.741287354068616899e-01
-3.918384865727577271e+00 -1.390060636458179955e-01 1.424895706570952880e+00
-1.083659383286977862e+00 1.304076653835438027e+00 -5.902273766343256733e-01
1.460625657788346965e+00 -5.170839037049173026e-01 2.879191641804387913e+00
2.115708576110906236e+00 -5.633944058218041118e-01 1.914520708375252456e+00
-1.281560477905947737e+00 5.179912814125039455e-01 2.781813176155698564e+00
-3.394539295576548543e+00 -1.759344290801001742e+00 2.094490424559863229e+00
9.276788686828089103e-01 3.100014794009876340e+00 2.713350192509210945e+00
4.624948998792302590e-02 9.840612294394363024e-01 -6.280398963539170154e+00
3.569560791890951656e-01 8.432925883193065353e-01 -2.599826809580798037e-01
4.261635212377919757e+00 1.535765689684996937e+00 -4.254677318367692251e+00
2.986405496811930238e+00 -3.545505510319238773e+00 7.509505639984828118e-01
-2.581011113771802368e+00 4.062688937543947887e+00 -8.486805682798286288e-01
-1.507164666824011512e+00 3.850511037572199591e+00 -5.771409770055121458e-01
-6.652129350827180154e+00 3.079954605476151386e+01 -3.685365191349796898e+00
-2.820088629120144574e+00 -3.240205292530772690e-02 4.134489616076592600e-01
-2.067666112417773316e+00 1.983620839282416837e+00 -3.044180336748821158e+00
-9.578608890090932471e-02 1.857914199070646921e+00 -7.022874638046619822e+00
-5.734614486051766491e+00 9.337614582413575892e-01 5.497181415820443506e-01
6.510466321623665786e-01 -2.739908005099162214e+00 1.756003472545342448e-01
5.222626345091687661e+00 1.265839613950920706e+00 -1.494690717333990726e-01
7.278719167640218757e+00 -2.610032623510497363e+00 -7.715587991480671981e+00
-4.340047490797412783e-02 2.687725564284587421e+00 3.604832221118049046e-02
-1.242693837996201145e+00 1.888979468394049510e+00 -1.655376388889121309e+00
3.438900318566759484e+00 -2.518084781054210186e+00 -4.517117603478252863e-01
4.246593387856223978e-01 2.260317989731437105e-01 4.244512658150159545e+00
1.147309596835768097e+01 4.347772799094441254e+00 2.234105538519089773e+00
-8.090485589366056551e-01 4.496644274828223153e+00 2.282797456552342563e+00
1.987361102950918168e+00 -8.127781904083710707e-01 -2.811649257210191877e+00
-1.898091995596773884e+00 2.728738395681279183e+00 1.314776446636660934e+00
1.630854412343191617e+00 2.696829140938787894e+00 -4.404396751519770170e+00
-1.231802263760456290e-01 -2.211296557557245634e+00 -5.987771463494248714e+00
-1.850779068141283679e+00 -4.921515753636422907e+00 2.984179107792700680e+00
1.129963188624329540e+00 4.240157208106352660e-01 -6.057665285124519405e-01
3.546866104961178046e+00 -7.434965597071673038e+00 1.266433850006443596e+00
-1.295991876028383505e+00 -4.189918746040161679e+00 1.924996977052034097e+00
-1.385861822871833340e+02 -1.218547208556126407e+02 -9.356157130537053490e+01
-5.800414542930035222e-02 6.322153958400590357e-01 -2.738371469018719973e-01
-4.831239343506454897e-01 6.028275685492776148e+00 4.641298686749779079e-01
-4.218876626211516268e+00 -6.712634570961640845e-01 1.172619010522866878e+00
-6.388413939847723544e-01 -7.228557312417519531e-01 -6.074285181517103949e-01
-1.698557306692052293e+00 3.078647175136242975e+00 -6.016805173928494455e+00
-2.431359803474616305e-02 -1.734175680541425735e-01 1.548979219501089633e+00
-9.249115890071177848e-01 2.301591516068810961e+00 -3.923037677879638085e+00
-1.410518009900386716e+01 -8.151023435436483666e+00 -7.031173885947050728e+00
1.854129714626078895e+00 3.079788697099775097e-01 2.562278389836593284e+00
-1.280194113559802949e+00 2.846536037932420715e+00 3.180535436786674497e-01
-2.097016230379509238e-01 -2.300289486068413325e+00 -1.052069526855953646e-01
9.241749871343249989e-01 -3.525625939243497431e+00 1.355031131783259957e+00
8.184811649184480231e+00 3.788364586061357731e+00 9.853857761543673988e-01
8.092066418860482946e-01 -1.583364327050744480e+00 1.932655001720736898e+00
9.967770478101249054e+00 7.323562957002602403e+00 1.362081581557851884e+01
1.323271073777710471e+00 -9.797985439496500470e-01 3.276046349637840027e+00
-1.352609333002376246e+01 1.939611973619589591e+00 -8.567349775075873808e+00
-1.345301969554035360e+00 1.580377943652758521e+00 1.403225201675956380e-01
3.091630204672898841e-01 -7.815424125372935071e-01 1.405991768403619391e-01
8.843468962226841867e+00 -7.393227637589305346e+00 1.430711139999265136e+01
7.404120010555479414e-01 -2.462564532924518268e+00 -4.011778374484673115e+00
-1.854992313545118288e+00 -5.676506234694362885e-01 4.239189703058002801e-01
-3.265303265668614063e+00 3.310013715792594624e-01 2.316302918876141703e+00
3.899277754330558454e-01 2.036602681338597787e+00 -1.038455749863778088e+00
4.996422275753889863e+00 1.072082153873561289e-01 -1.194703445703692718e-01
2.377430310362209198e+00 -4.227486456798318915e-01 -2.725252881094932800e-01
1.483010688820795897e+00 3.559431574375466312e+00 -3.998030225987373676e+00
-2.138694989022464021e+00 -2.029285492115383782e+00 -1.621776689792923665e-01
2.399706605964265771e-01 -1.180528027541068586e-01 1.541392630868951397e+00
1.057316938088723735e+00 -5.493459357813578192e-01 1.119571291154454196e+00
1.747649486564199384e+00 1.453242545928718377e+00 -1.128579467527354607e+00
1.972470027806024095e+00 -3.174899677503966622e+00 7.351063641188022579e+00
8.101627617813093707e+00 -2.806358967967106377e-01 2.359280734273788038e+00
-3.090251991116292341e-01 -3.676571446213572902e-01 -1.453368601038445562e-01
-2.820356952194712274e+00 -1.487988934877762626e+00 -4.770523967773211638e+00
-3.895223189643800765e+00 -3.062237034928189106e-01 6.876798029235312026e-02
-1.683720696914078774e+00 -1.291086623980623127e+00 1.571076401314816240e-01
-1.142287859601240241e+00 1.442564702611035088e+00 2.731498613744623327e+00
-8.596137679228589290e-01 2.807570548267519950e+00 -6.421493153208840399e-01
-8.620575165748719515e-01 1.104207235930175335e+00 3.236212527731455069e+00
-2.138737455109156471e+00 1.642027683556148920e+00 7.616461241737856325e-01
1.008170184109287604e+00 5.809722017349985279e-01 1.488707450876221916e+00
-8.881719664306190865e+00 2.178430235427200934e+00 -6.654759067669840933e-01
1.198338469362163927e+00 -6.693230686687722253e-01 -3.287127442407360878e+00
6.789256362649102872e-02 -3.046767136924072084e+00 8.216289991938579007e+00
-1.494267939958726421e+00 1.185990369915358000e+00 7.285930366876813835e-02
1.972173974683631759e+00 1.485777006809900769e+00 4.970120238664962886e-01
-1.395004280687493770e-01 -1.999133431042748654e+00 1.783679752799547380e+00
1.963517167454749357e+00 2.473633239256634475e+00 -4.550965718167787055e-01
1.045166467621548811e+01 8.317954835794912682e+00 5.200736104011401295e+00
-1.611528947160841274e-01 4.621652269484235021e+00 -3.273762539107107017e+00
1.585481301638589136e+00 -1.237759561481788007e+00 -1.056262807336810994e+00
1.243704211676987414e+00 4.843502560203796770e-01 9.595604587609622982e-01
4.307641931517695255e+00 -7.869115894657742194e-01 7.971345630927606507e-01
4.599413274869836310e-01 -1.458828823317804613e+01 3.664367866545749641e-01
-4.072946560644786218e-01 -1.155739741056041603e-01 1.932085008984993024e+00
3.504301302506699134e+00 1.535639279576774818e+01 1.269885332548479573e+00
-8.345311193776823455e-02 -7.103075280607047681e-02 4.522473463712275432e+00
3.292603211549447462e+00 8.609627548687854848e-01 -2.538220715013582929e+00
1.591896650568508598e+00 -1.616668563066417708e+00 1.186011342402383484e+00
-4.250055347777046855e+00 5.500720139731261504e+00 -1.371467057012954738e-01
-6.174687329319613838e+00 1.057712330034630943e+00 2.571151378108901486e+00
4.555378594973015782e-01 -2.438260187814244251e+00 8.914122675005277108e-01
-1.894409086091207062e+00 2.088709798228075010e-01 -2.220446352218907293e+00
1.959124765137491675e+00 -1.929283124149259621e+00 4.104126218645816948e+00
-2.258449335008748005e+00 -8.719682254508224206e-01 -3.622567234915080370e+00
-6.828368952125940083e+00 3.232984190264563740e+00 -2.569561487410347844e+00
9.538140007056044034e-01 -1.439353766164035875e+00 -6.733590739586438723e+00
-1.898250277176202871e+00 -6.328171175970516149e-01 -6.588649681523262025e-01
-1.860381443659235856e+00 2.118278594952367033e+00 6.847859776147939836e-01
-3.309973554295837506e-01 -1.803675000102060444e-01 -2.286599550812592196e-01
-2.606811062570491000e+00 -1.309708196386323742e+00 -3.180476215279122720e-01
5.564411427309273073e+00 -3.591403031809400570e+00 -6.738648558875743433e+00
1.330490806042238683e+00 -1.860707558202626899e+00 -1.343215728602536796e+00
5.055505350704413203e+00 1.281559223063259090e+01 5.879616982724185092e-01
1.376914187516418053e+01 -1.003738713054643306e+01 -1.520500838790451148e+01
7.992818913987154161e-01 7.032542091542264284e-01 -2.619177833431828084e+00
1.825213426008175099e-01 -3.297204536604548819e-01 -1.630714893018676337e+00
-4.127495130803239043e+00 -5.119922596753434529e-01 2.077059501679602960e+00
3.139572773595203703e+00 2.088885698928718782e+00 -1.265867531365340026e+00
-9.451727243387829658e-01 -4.415744031273446252e-02 1.042745403265395998e-01
1.104098933845881092e+00 -2.760317366553445284e-01 2.553325491272230519e+00
1.837708949769934819e+00 -8.680798236399440704e-01 5.667564522603119048e-01
-4.419469510118620548e+00 -1.752271162502301527e+00 -3.040976126697733761e+00
6.581055757277676221e-01 1.825564680898008163e+00 -5.210343113550455207e-01
6.883790511200365003e+00 8.112056537687796220e-01 4.304453819730807318e+00
2.729417469239827643e+00 -2.255025358597729568e+00 1.351991120993952578e+00
-1.397279744317222017e+00 1.415921202083878283e+00 2.805158562779588749e+00
2.090726090786863889e+00 -2.008577037587681247e+00 -2.689999760999040923e+00
2.631341028979871322e+00 -3.701983138800474027e+00 9.667378351586793928e-01
4.467156409787527149e-01 -3.294157608300629647e+00 2.183785464582122415e+00
1.022108995446754776e+01 9.429394769315756264e+00 8.272833708113330076e+00
1.921444790030745475e-01 1.167869878333401390e+00 3.972154222019551040e-01
-3.493233253419475215e+00 -1.296613335514448906e+00 4.598469386224206978e+00
-4.894110568440019016e+00 7.268056575103547523e+00 -1.329522587988931415e+00
2.845358024346476000e+00 -1.988969985154080744e+00 6.093157045139832029e-01
9.025441098416639996e-01 -2.321823134780220399e-01 3.735859553013341494e-01
-7.370582753517359587e-01 3.932036629454391252e-01 -2.749204189273847021e+00
3.078449298062624351e+00 -4.355848878799484791e-01 -1.105502748905507204e-01
1.667205956944249445e+00 3.355618674747252062e+00 4.060559085442497218e-01
-7.058595492971440066e+00 -1.853321625791778970e+01 3.677269153573482718e+00
1.743205180085291461e+00 -1.730784839264251973e+00 2.275620095465533677e-01
6.085985928344957857e-02 6.981890400465934343e-01 1.087620509175838190e+00
3.129166492354684692e+00 -1.584495852996924137e-01 2.998253625344357243e+00
-1.183207278749337732e+00 -2.245727380750951241e+00 1.977296165956452301e+00
-1.588034475875074403e+00 -5.292611915922101673e+00 1.407341460581375880e+00
7.759987588271041181e-01 7.285029954800823493e-01 -1.728257171490784477e-02
3.203890721619732096e-01 2.965435602823288885e+00 -6.729474427992868435e+00
5.011752592943777174e+00 -7.656630524135836502e-02 -1.128013260192088474e+00
6.585025055256675586e+00 -5.394296075139154212e+00 3.730610283573917219e+00
-1.449353802351382337e+00 -4.406911810968690446e+00 1.957765558487031043e+00
2.047775079530286924e+00 1.090260544260961861e+00 3.371862421549695621e-01
1.936366427631792952e-01 -1.262133699999436809e+00 -1.210619560131106054e+00
-7.661118149037225988e-01 -3.721488198809086989e-01 -2.877677785070223981e-01
2.415078166404592608e+00 1.109784680977611071e+00 2.173999793720649887e+00
1.259793638701002472e+00 -1.064325714361683689e-02 -2.008711184022878182e+00
2.749212792374381653e+00 -2.856096565000619147e+00 -4.975999148662590521e+00
-4.138734371065769579e+00 -6.717954803311500633e+00 -3.713702966322797838e+00
-8.116635541061070769e-02 -3.070028785213283928e+00 1.862343554770367726e+00
-1.839680948832509155e-01 1.674189813988335773e+00 9.623102714835231053e-01
1.632167860648044755e+00 -1.789985452824552459e+00 1.262539180467742383e+00
8.504069020009442426e+00 -1.740013681190080819e+00 -7.280331158386076140e+00
-2.460714110191046355e+00 -2.742195199354397150e+00 2.126193520110959856e+00
3.034347475507490621e-01 2.540645207489268254e-01 2.678066129765903192e+00
-9.795170987762759351e-02 -5.840611363381098542e-01 -3.851233471536575692e+00
-1.951053653895685969e+00 -1.274065705337001697e+00 1.787035290106191887e+00
3.777879585908604732e+00 -1.324646264091060566e+00 -1.895571677970120605e+00
-3.022338399115077401e+00 -4.181509962412564896e+00 3.700154106360481698e+00
-7.240278582010817310e-01 -1.071462013907235944e+00 8.856386168365194544e-01
2.359734401588602370e+00 2.205795079667923098e+00 3.028030257986337404e+00
5.202472671533141302e+00 -1.223600714137958567e+00 6.897221146983182338e-01
4.709835787740143664e-01 -2.904291528696253399e-01 1.016382975546848089e+00
-9.260475835536550182e-01 -3.443379960892044789e+00 2.087569173465444017e+00
-2.282617925865912500e+00 2.413391870374033576e+00 -6.692978666504655338e-01
-6.083283592509025617e+00 -4.000753331493778653e+00 -2.656063317483664310e+00
5.987216809081485902e-01 -9.542250285827920120e-01 3.192909326750405175e+00
-7.834614515366517651e+00 -4.637239466318312076e+00 -7.266915466547146929e-01
-8.426718279251275145e-01 1.789206921153979613e+00 2.379794921769275096e+00
-2.628656175548918839e+00 -5.759750705212911548e-01 2.879779429004655444e+00
-3.232394442034233761e-01 -2.499255885995018134e-01 3.134934480363079645e-01
4.981551347789655027e-01 -1.758577358132766610e+00 1.885989964872503366e+00
-1.200231571865000513e+00 1.983934992933354513e+00 1.340700562910088767e+00
-2.115543456407606993e+00 -2.360601165034680982e+00 1.198572480232459103e+00
-6.486261333282302033e+00 -2.208003119149338556e+00 -1.683866693591536512e+00
1.963104148307203367e+00 1.120526441666257922e+00 2.072639189394996251e+00
-5.814474432747954724e-01 -3.051611655916365073e+00 1.127727775047695502e+00
3.730368647149499561e-01 7.388857461165871943e-01 1.340837860870855436e-01
8.206801875955947734e-02 -3.219877907294956820e+00 -2.475468819985935820e+00
7.556138322219049464e+00 5.102838267822842333e-01 -4.284850509629651860e+00
-1.442927969063480020e+01 6.932711646747985235e+00 -6.090644411300220717e+00
-3.797874677278335609e-01 1.238382332553984666e+00 4.274704114140786548e-01
1.628845478279107306e+00 -1.820061408166872452e+00 5.649039888955306843e+00
-9.202783340392476363e-01 1.234984986562106313e+00 -1.402540190586538671e+00
-5.440861043510406558e-01 9.605313298087979623e-01 -2.793830532292018720e-01
-4.505084969996590694e+00 -2.175424440462411457e+00 3.216476973145630414e+00
1.471209109180924024e+01 9.599623644035098380e+00 4.671859109116877740e+00
-1.756234341735139282e+01 -1.258426002827161660e+01 -1.124149679355991083e+01
-1.179048876289901931e-01 -1.279297499397554772e-01 -4.085635861200447749e+00
1.130855002807717780e+00 -2.079823599396036116e+00 5.378354395352300976e+00
4.011156519758178884e-01 4.750466217072388808e-01 2.034349434701269388e+00
-1.791840487647040181e+00 -1.853116500789037779e+00 4.820514772703674566e+00
-2.232474076528075280e+00 -2.897665566322654929e+00 2.304565995214867546e-02
1.565228699628772979e+00 -1.167215910372172649e+00 -4.115946657832139088e-01
4.345472002419762392e-01 -7.661816560803285103e-01 -4.823821994871292373e-01
-2.102076921091598383e+00 -3.274057366751650239e-02 1.474019565434104839e+00
-9.890058550052935882e-01 1.213440167696222094e+00 9.591671374241385051e-01
-3.308421726746584857e-01 -6.522080906232465836e-01 2.006229112325942587e+00
-1.815752739146776928e+00 1.133395357371760337e+00 5.496583393266702089e+00
5.848251404967573563e+00 -1.028476450208470894e+01 1.349535597096680251e+00
1.320706769795705426e+01 -3.492524861550412751e+00 -5.269933014882221656e+00
1.512166389139499190e+00 -1.491149030548462040e+00 -2.679339113146971485e+00
-1.711279520588139036e+00 -1.933967407043409636e+00 4.011163730505937330e+00
-2.685678086221880534e+00 -1.458185819581155673e+00 3.239583015346003125e-01
-6.743790872521989499e+00 3.734410776945985333e+00 -8.191567967838945918e+00
7.721321963297925528e+00 2.904921658446595778e+00 4.425840870952226780e+00
2.493127650789481176e-01 2.208109211920992743e-01 -1.077197263806200844e+00
1.929302297285444112e+00 -4.744400171498170948e+00 2.969921125409064278e+00
-2.517918472932947793e+00 -8.071799269588200709e-02 9.306649840207249502e-01
2.346707826817797216e+00 4.458568268423576342e+00 6.399129982075995038e+00
3.696325662902850140e-01 -1.730707405498207230e+00 3.437577064917900493e+00
6.656632841708259862e-01 -2.034927360707641242e+00 -1.357131677086421462e+00
1.174509445122569939e+00 8.410431431736696828e-01 -2.291328072266184623e+00
-1.797466822565972455e+00 2.524726454321191693e-01 7.384766913659855270e+00
-2.102906128658552021e+01 -4.656882673345572954e+01 -3.510355658380987620e+01
4.444422176651195322e+00 -4.754553043102242249e+00 -1.358762434290565757e+00
-2.347860368440482404e+00 -2.758656332541814749e+00 -2.543106126550171098e+00
-2.287533944327616309e-01 -2.438919833607593013e+00 -1.111957936945774245e-01
-9.355567857531810194e-01 -2.095071769706170706e+00 5.816168348454586745e-01
-2.783251496368122968e+00 -3.978523688125514379e+00 4.135793008184655228e+00
-6.254807067760392414e+00 -2.284761897580017020e+00 -4.628345543120824246e+00
-4.672215998616784383e+00 -4.071693783899142716e+00 1.578887584867541705e+01
-5.242883528495405621e+00 -4.552480696986287434e+00 9.798984541167287787e+00
1.945543583119852538e-01 -6.954219586219041460e-01 -9.456900252445673560e-01
-1.771500948564590061e+00 -1.810232409041062418e+00 6.500214665376798928e-01
-5.736209636610115403e+00 -1.188913700413484698e+01 2.205707340079027468e+00
8.269461233260088084e-01 -6.517827243357750433e+00 -2.469797174339929846e+00
-2.689844404825412205e-01 -8.827066077939665911e-01 -3.193729480020007783e-01
4.389646598185653836e+00 2.675652270592723259e+00 3.706597628274705958e+00
1.087243716683952810e+00 -2.947779228452255484e+00 -3.155473237210560389e-01
-2.390547013156392175e-01 1.673393059077578293e+00 5.478898445086859137e-02
-8.229027572212366248e-01 -6.451837306059988286e+00 -1.001956254731421136e+00
1.831253410779813739e+00 -3.130522989433582648e+00 3.121998796384849673e+00
1.633754659366136730e+00 -2.092084599742120576e-01 -1.347901942496923411e+00
-3.755732804362645449e+00 2.920342265575820662e+00 6.795522752686993684e+00
1.195761766507562385e+01 -1.291888746654291964e+01 -6.357052150269535851e+00
4.405635575560219230e+00 -8.415577211638087807e-01 4.850735945902838075e+00
1.337045251693177450e+00 2.709548255886798263e+00 -1.275735670482810891e+00
-1.391249378182592533e+00 -2.106656087623632434e+00 9.228620799588379553e-01
-1.169035673784606821e+00 -1.225710906485598661e+00 -2.794649200759292462e+00
1.048676138759518928e+00 -7.105594864814153144e-01 -1.609133189789250240e+00
-1.172078492447553355e+00 -1.771560802292056813e+00 -1.347519418965461291e-01
-6.555376913862643873e-01 -1.993239850868309959e-01 -4.326447735507542802e+00
-2.032519793275777975e-01 -3.318649748080325423e+00 -8.899755913279138592e-03
-4.731440711449889647e-01 2.099623190156620911e+00 -1.820573089880628048e+00
-3.855207357151129610e+00 -5.213345362973043962e+00 -4.248017332610658059e+00
-9.100752741124029654e-01 1.466680589471600848e+00 1.214772874144641052e-01
2.124848011938690606e-01 5.881494678896159733e-01 -9.278227803847892696e-01
-1.909884665073227072e+00 2.281409952396145968e+00 -1.439513354266544365e+00
-1.646160503276665521e+00 -2.446609132095686201e-01 -5.370600161332323985e-01
-1.110200777403153705e+00 1.804325015129393694e+00 -3.608430269844515870e-01
-2.118912352673682165e+00 -4.756962221530551815e+00 1.090899274878073477e+00
-1.682138743794722613e+00 -1.904282838415835011e+00 -1.189997413844113699e-01
-2.526879615878304364e+01 3.457846899265702323e+00 1.923882273102116258e+01
-1.922258791565025549e+00 4.922126323830602196e-02 -7.764325508878917592e-01
-7.729520768174436007e-01 3.711543543080872087e+00 3.278742594939100252e-01
1.540095797971263725e+00 4.565042069548529424e-01 -3.196090682673995986e-01
-2.340711882097208374e+00 6.421431371716879166e-01 5.545411107570288323e+00
-2.057650631631701366e+00 1.820094680582809710e-01 4.171831363718117913e+00
5.141826949178668338e-01 -1.890482495994448398e+00 2.040600805028116582e+00
-1.418504407038368553e+00 1.154419143088914135e+00 3.648673450743608604e-01
1.966711068414055852e+00 -2.019841559165947764e+00 3.248217311070205948e+00
2.801689884934039920e-01 -1.197892154362979023e+00 -1.961484229188109607e-01
-1.081880017244433834e+00 -1.602805441281701382e-01 1.764044658777993213e+00
9.265042080551095793e-01 -3.894299836378657620e+00 -3.781023074518176097e-01
-6.836518670930839647e+00 -8.905788175485225278e-01 -3.378067271973632302e+01
2.569992327592046655e-01 1.232035589341387904e+00 7.560018400070311895e-01
1.235494944363637826e+00 1.924772096628671214e+00 2.824408239334603166e-01
1.001322750458126798e+00 8.382933143379021956e+00 2.445481067422911714e+00
7.411115837875315027e-02 -2.293240716633150988e+00 1.296302899918302165e+00
-2.524355339291487699e+00 1.653928015881608760e+00 3.035548565234610141e+00
-2.696859893594789170e+00 -2.979586011368591802e-01 -2.884510500895584029e-01
-6.884071386122534442e+00 1.487424690403583161e-01 -1.606359521217536335e+00
-3.654620404884731499e+00 -2.047187718472003315e+00 4.214013283570256507e-01
-3.400169365558727286e+00 3.956204562703777405e+00 -2.770000905033517924e+00
4.778232874421219023e+00 -5.518128523720783996e+00 -2.439594555567203837e+00
-1.622132478182088389e-01 1.584981725535649977e+00 5.701546923355544916e-01
-2.126576796553446780e+00 -1.644683561242408221e+00 1.855361669152883364e+00
-1.171337655641324638e+00 -4.194391574552078339e+00 1.345559730181140834e+00
4.130714396508593289e+00 -1.499182021539881893e+00 -4.858889101614397354e+00
-2.550738462335853995e+00 2.883585054506839107e+00 -2.004899217999205341e+00
2.225345122471957815e+00 6.175768259977049146e-01 1.304936534402591497e-01
-5.444545611416399256e-01 -6.168185046663055005e-01 -3.099307844198591066e+00
-3.381024183320851861e+00 -4.059678791808435605e+00 -4.974531693572425417e-01
6.601574082548078870e+00 -6.692227677186136647e-01 -4.077742742722529457e+00
2.725465374585254175e+00 4.948897950708945892e-01 -7.273644205724196787e+00
-1.597450189403179621e+00 3.547969062918415517e+00 1.204168272659868588e+00
-2.821902967924044159e+00 1.709640050488377838e+01 1.679641597576096101e+00
4.583258015599115609e+00 7.269631282084625390e-01 -2.117864663911068757e+00
5.345529484387212538e-01 -2.642426670524209431e+00 -3.199407053553182667e-01
-1.947965877510985599e+00 4.582739480290192624e+00 -5.333181084031717312e+00
3.745814916729491184e+00 -9.132326410788323967e-01 3.995062725268680115e+00
-2.326117718536245604e+00 -1.796792143513132656e+00 -1.632682712067151876e+00
8.780434901367376588e-01 -4.036960303142907769e+00 2.887216299539386632e+00
-1.117674361320748133e+01 -1.401256063004436170e+00 5.253253773264302318e+00
-3.651971060511366662e+00 -1.329912978881590213e+00 -8.810741922379038416e-01
9.492815175573977859e-02 -4.994788914488982989e+00 1.861486418793482089e+00
-1.020615354773326722e+01 -5.297964199635193161e+00 -2.421931236621642225e-01
-6.671124306462321130e+00 -1.078584710284642689e+01 3.142299018584420178e+00
6.966133920968734516e-01 5.105876774723422384e-01 7.481703964199478696e-01
-3.639871476207960366e-01 6.776975242884181405e+00 3.604231541387152848e-01
8.294750400972720206e-01 2.405212292428678400e-01 -1.033320460611995228e+00
-3.182248641766904917e-01 -1.910576172223205971e+00 4.814741923198513351e-01
3.106508090802628352e+00 -7.325785386693514312e+00 -4.126201915810563392e+00
3.408400867211482388e-01 1.576492728555564771e+00 6.214825215572353789e-01
2.456328781142974815e+00 -1.936152416429547829e+00 -1.382002377794525394e+00
3.249052260713069518e-01 1.197296921987329066e+00 -2.500393699869381536e-01
-1.512528506861433364e+00 -1.653485539612514765e+00 1.645948648668020153e+00
2.185412560934879789e+00 -9.205382828120758920e-02 -4.491256153951538321e-01
-1.389288147642162130e+00 3.659848940301298370e+00 7.635533969866249437e-01
-2.757850704889686533e+00 2.239668133894796576e+00 -9.948275332054908049e-02
1.318054392676213826e+00 6.625105749118317178e+00 4.007415163411153891e+00
1.081088826329711594e+00 3.907997253350952160e+00 -1.319778134078295473e+00
7.224332927133259474e+00 -8.773127601815408072e-01 7.747108459838167427e+00
-3.098206733869631524e+00 2.528746508686002148e+00 -1.373188382434826993e+00
-3.472997468772698770e+00 -9.455638294748397454e-01 -2.008365522952113569e+00
1.163940009653107488e+01 -1.636158203579350712e+01 -6.981785215574852543e+00
-2.593698302471033390e+00 3.038905559604207607e+00 9.868522653286904145e-01
-5.851557030044935992e-01 7.928587802676395624e-01 -5.626380503955400458e-01
-1.632005582863252968e+01 3.093486449793545923e+00 -1.479741572087687418e+00
4.014115643415727130e-01 5.275923142877765315e-01 1.465216604368326792e+00
2.898340128976343077e+00 -2.500684082901244998e-01 -2.058124333780787296e+00
-1.338360980563216396e+00 -3.689183826516762021e-01 1.269758009200176174e-01
-1.672517007066345984e+00 2.233682819605927961e+00 6.150127094394937377e-02
-2.331336599145976241e+00 -1.625639252224063469e+00 3.930658042342340119e-02
-2.713231151074394276e+00 7.936093898645227851e-01 1.937782753509423306e-01
1.292232188069502463e+00 1.801239192135526634e+00 -5.409185874470149313e-01
4.917815473478837594e-03 -1.183383849852174680e-01 9.677335198989408527e-01
5.384109799516962447e+00 -2.187527473443449555e+00 1.172822421787262481e+00
1.523353626073882339e+01 -1.443058501227015888e+01 -1.156247129288433939e+01
-8.048167197996848543e+00 3.098342222136371227e+00 -9.101361846447276749e-01
2.571246845695686623e-01 7.035777875652109437e-01 1.319957854836412370e+00
4.648321337725230817e-01 -4.685216539275983472e+00 -3.005903341477859758e+00
2.694460668300760808e+00 -6.628775181132865235e+00 -6.389319829411744811e-01
-9.998723620674540769e+01 1.008715248168927836e+01 1.063198579550438296e+02
1.294264434833335142e-01 -5.346520758885385805e-01 1.946488608981656876e-01
-8.109941501376176642e-01 5.348285177497670295e-01 -1.021958004725794344e+00
-5.360532423257765799e+00 1.102790902188794941e+00 -4.461576297603603969e+00
-2.607027389544229301e+00 -3.124072924774326854e+00 2.737106951841960178e+00
1.970508559729406528e+00 -5.590899861202364152e-01 -9.281429553184170622e-01
-2.509190971242536872e+00 2.528499854154769189e+00 -4.641774691988370449e+00
2.124099071800705119e+00 1.752616756189243397e+00 4.981948919085287808e-01
9.729267241027879098e-01 -1.591738717055630303e+00 5.663268994362467446e+00
1.470099428087392024e+00 4.572539141463520251e-01 1.119912221755059889e+00
4.141993903256223852e+00 -2.443494303490355568e-01 -2.634439838832599023e-01
-3.021706360323359042e-01 3.808617608556394085e+00 1.918195608699508670e+00
-3.629516459770472991e+00 -5.126307544360616392e-02 -1.106816848395175690e+00
1.513595210324567786e+00 4.863177306178350506e-02 -2.131451481121259484e+00
2.138527025330652087e+00 7.079510282500338647e-01 2.043432341773178784e+00
2.876362892141556049e+00 9.961165695994796954e-01 -4.342302797952613425e+00
-6.213048179926867753e-01 2.518250223479364447e+00 -1.433737561685449524e+00
3.013383781990567556e+00 -1.560293387176828084e+00 2.834010382526279681e+00
1.714230074990282793e+00 2.744391791736308761e+00 -5.509897625172570645e-01
-1.909622686086712262e+00 -9.974112867129398818e-01 -2.111426600291528288e+00
-1.553996821861925337e+00 1.342043418781987185e+00 -3.623204875450044410e-02
2.665419770211582495e+00 7.021318652760905721e+00 2.094479817706914915e+01
-1.802263627697337833e+00 1.476691900670082491e+00 -2.880054136615403770e+00
-1.625748569451803460e+00 3.239629589842127011e+00 -9.939454467956307937e-01
3.084485465832538686e+00 -5.238522523821459442e-01 2.295132407352198367e+00
-1.557931216276802644e+00 2.839378706321242229e-01 -1.248812370949710315e+00
2.272270417032427048e+00 -2.920505803567196246e+00 -2.167066771531150238e+00
7.383149169873483686e+00 2.060766418275516543e+00 1.213812319013974489e-01
-2.110689183824546511e+00 3.261652104210961967e-01 -1.347148269802080467e+00
-9.785247155316717738e+00 8.333361971306720406e+00 8.263647319996833218e+00
5.875510873631220043e-01 -3.278333456377232391e+00 2.241702885000842915e+00
7.036017258075689007e+00 3.386113903268004321e-01 2.918076950594634678e+00
9.421313560958116895e+00 -5.208838700080288042e+00 3.730131828700179231e+00
6.494470177578259840e-01 2.895026284212759982e-01 -1.331962450316775959e+00
7.340942534254805807e+00 -5.094204035549476650e-01 -4.613724456219308045e+00
4.344904590583933413e+00 6.618429549056639161e-01 -7.136272316029092622e+00
9.744711910795080811e-01 -5.316707262801135592e+00 5.934604334910555501e+00
-1.534688161632375758e+00 -1.973197496059812650e+00 2.159395392183950602e+00
9.116575426255553172e-01 8.068941375712322284e+00 -8.756950950566423586e+00
-1.878617696271843940e+00 -4.556114134417679207e-01 1.202459952845944313e+00
4.239206558751631992e-01 7.232603371936441317e-01 -1.492702767096683258e+00
3.683319213909595824e+00 3.611288000433859668e+00 -2.419445542037887531e+00
-1.175687866790537106e-01 -1.337596141399180816e+00 -5.744579129278433172e-01
-2.085786547024513382e+00 -1.719482750462125953e+00 -1.212577528326838738e+00
-1.978594700328256906e+00 -3.697598679542404732e+00 -8.397333124219829026e-01
5.332628108337418571e-02 -3.955730661768133705e-01 1.185120126718983494e-02
1.609027942413302270e+00 -1.726784066601779521e+00 -2.675491036652902554e+00
1.135815424072158519e+00 -4.500475693643276598e-01 -8.591554430985042234e-01
1.104995808543627556e+00 -2.488467205221221334e+00 -1.034180080467011598e+00
-3.132017588149580867e+00 -7.836047331018894946e-01 -1.472800285285704502e+00
-2.712439172278032107e+00 -1.046052033220485278e+01 7.789728324655280645e+00
-1.292304073618112170e+00 4.394143167173041320e-01 7.703837500326758958e-01
-8.854906211927463744e+00 -1.539756875904439770e+00 -3.771248971119041560e+00
-6.279591965290996392e+00 -8.976051199235740796e+00 -2.552475808526774026e-01
1.612435037972544061e+00 7.664829407212774282e-01 3.457835573506804039e+00
2.898713790117812383e+00 2.009968723048873376e-02 3.689039716240934297e+00
1.355651696573468623e+00 -1.135178723913582433e+00 -2.147359866808218776e+00
-9.472221516907439742e-01 8.410341147636061221e-01 4.022842516854431283e-01
-2.047249787791635800e+00 -1.681877242412387119e+00 8.576800740684025204e-01
-2.293077313084896929e+00 1.779465282329214082e+00 1.542810565587878546e+00
6.540893442047750195e-02 1.469958938826126660e-01 2.154994066656917284e-01
2.685719608265696223e+00 1.017534274790868470e-01 1.276750756267192699e+00
-9.582334263883436343e-01 3.256447469339435186e-01 -1.114387011722334675e+00
3.549890565429763445e+00 2.440005732443508712e+00 -5.614929892752215324e+00
-1.380526289305405108e+00 -5.274183707460550208e-01 -5.633072227219335648e-01
4.290412370446238022e+00 1.673435251124073986e+00 -1.580639093444150323e+00
6.745115899073644172e+00 -1.298953598375805596e+00 -1.683279314824645434e+00
1.267023173146368142e+00 -2.116862637752100262e+00 1.656322267937912818e+00
-6.770063058603921213e-01 4.358848186696948068e-01 2.488941844665759184e+00
-1.212993308995841346e+00 -4.749196439801676717e-01 -4.793043729879143400e-01
3.912622808131992480e-01 2.138472374065745640e+00 -6.546200539093730564e-01
-4.867923199799040895e-02 1.563769361176337913e+00 7.490843847979611336e-01
-4.132078849493239225e-01 -6.692153055295341213e-02 -9.905800590052726839e-01
5.170857542789480732e+00 2.642490920835294688e+00 -1.854304652359394678e+00
1.698130781038894810e+00 1.722856297046277518e+00 -1.973120165815764659e+00
-1.082303890391850709e+00 1.961448873210986515e-02 1.226877734366140782e+00
-5.311018107242457820e-01 4.634516385150241335e-01 -1.234209373133179799e+00
2.117916674149949330e+00 8.558965261909660116e-01 -4.591826342924663962e+00
1.253250752678965574e+00 5.258367595860007349e-01 2.803571226534391059e+00
2.951251815373507892e+00 2.980574164850522401e+00 4.599105076760463540e+00
-2.346812098078381315e+00 5.821999400180278172e+00 -5.305285204605977079e+00
8.940317519766630139e-02 -3.441471699755526803e+00 1.306853909633765465e+00
1.171465014051920939e+00 -4.778797924678084841e-01 -4.690767030320386333e+00
-4.875677813620818313e+00 -1.987791160763227039e+00 4.270199780959305969e+00
2.577124120330013923e+00 -4.056026707331339409e+00 1.467235137777673781e+00
5.010788469689774871e+00 3.716732354554124207e+00 -1.248949102680293244e+00
-1.503893502619839451e+00 -9.081543321102486521e-01 1.491637580011584419e+00
-4.788003551908249555e+00 -4.931135659943898908e+00 2.090971683413900273e-01
-3.352238902605645876e+01 -1.520228539293269598e+01 -2.479139590355698530e+01
3.379001133753509745e+00 1.085413522193025226e+00 -1.362142964822036451e+00
-1.245768160169593713e-01 5.843415690987171507e-01 5.866821173025086322e-01
1.028415316128944745e+01 3.379674147629368353e+00 1.890641210466755595e+00
8.461425669002218264e-01 -6.966175263057936107e+00 2.170881596724084428e+00
-4.095345863888095184e-01 -9.271842467936276533e-01 5.905456067357548466e-01
-2.379667571262172654e+00 -1.089562633502730638e+00 -1.551373273536899244e+00
1.448995933995257612e+00 1.759316594977112791e+00 6.279894397241037041e-01
-2.835570560371278415e+00 7.617901382787698239e+00 -4.792578590155994966e+00
1.154204222315104722e-01 3.143506982226938362e+00 -1.157044653687323343e+00
-6.096195026624061652e-01 3.835203525909830491e-01 1.431641702171008834e+00
-2.580519676188291811e+00 -1.416044512277841783e+00 -3.524828071294453302e+00
-1.074336867002632090e+00 3.599968797625218375e+00 7.802827669256838794e-01
1.067240836901903123e+01 -6.440906028934211491e+00 -1.439258733351666564e+01
3.838443206588312062e+00 -2.747242582415738710e+00 -4.229200579984312425e-01
-5.127974913815495306e+00 2.016487206930963172e+00 1.751853679660718921e+00
1.638210425210315790e+00 -3.093632624809921960e+00 8.707120773188081753e-01
2.466324000703162156e+00 -6.000129284108449035e+00 -1.327153217886400283e+00
-7.674331272032627327e-01 2.164492645443748309e+00 2.182941459891504510e-01
-1.521636157999125327e+00 -1.251777108058285681e-01 5.606279190301763915e-01
2.095750933612929856e+00 -1.170885280665474593e+00 2.243896639423527350e+00
2.151319564287316410e+00 -5.797953739596821698e+00 -1.076956699745300755e-01
-3.080588489476541625e+00 -7.667108208792728696e+00 -5.780838443504375590e+00
4.274237531630827869e-01 4.422191930258003723e-01 -1.659617588148580625e+00
4.119384274054705974e-01 -6.629161515866444088e-02 5.476038765526806129e-01
-3.372400738925694919e-01 -8.966742086353566288e-01 2.937076807400813117e+00
1.139471288476289201e+00 2.209104085561620412e+00 -3.348717929139402472e+00
5.437326190238550572e-01 3.979918845016888196e-01 -1.963427739426808483e+00
-4.484707152762000604e+00 -2.710883930758127836e-01 4.757135231284296495e+00
-3.089839504503502088e+00 -4.441761207176860848e-01 -2.880253610939066178e+00
2.334526078207932454e+00 2.639344096590299671e+00 2.876399348052523397e+00
5.563177691303214933e-01 1.711455335026986191e+01 -6.843865393822350818e+00
2.671776450208009912e+00 -3.504017712533495921e+00 -1.849608423305535876e+00
1.808589154390163545e+00 -1.279362478414703130e-01 -1.177695394872806389e+00
4.851622705364165178e+00 -8.634651002369680972e-01 1.725759300050472511e+00
-1.824367419857192418e-02 -4.490411275413337400e+00 -2.839845127334554409e+00
-1.670501126726004593e+00 1.047451081338412582e+00 -2.539690997387900939e+00
-3.367951471334731939e-01 1.667782291278523843e+00 -7.201087654696884943e-01
-9.898560337204423965e-01 1.583406913973858465e+00 1.091327027376482128e+00
1.644585107324836315e+00 -1.273353012689886654e+00 -1.572497207225332705e+00
4.858586358953131956e+00 1.222892955576696217e+01 -8.087448138328814373e-01
1.369727786317026519e+00 2.190211421559488336e+00 2.096014093983896043e+00
-2.333863974962379351e-01 5.712334833047675309e-01 -3.365917546124758353e+00
-1.047348598033579714e+00 4.766741862369491045e+00 -7.097837746380518398e-02
3.685722326278597638e+00 -2.246289934084982232e+00 1.725603711527162298e+00
2.551055515619874647e+00 -2.350003835089415904e+00 9.542759888787872846e-01
9.025223876117105526e-02 1.511848938672513354e+00 1.553869369098624276e+00
-8.887321072251562759e-01 3.047433968680821059e-01 -2.526105712842310336e-01
-5.126601612740392611e+00 -2.952226234706825991e+00 -1.954352281896246213e+00
5.551186510622700077e+00 -6.313621058099641026e+00 -2.881690810786790458e+00
-1.790406398682414801e+00 3.172812605604195646e+00 1.018155657197679753e+00
7.905605058204892011e-01 -8.029538146247422459e-01 9.849342479392647620e-01
-2.562628169192427308e+00 -6.189486274815642730e+00 3.277048705613110346e+00
2.183357737938024234e-01 -1.281667959822902825e+00 -2.337080983083547892e-01
5.464279797786445236e+00 3.230471828833751058e+00 1.644392177290429302e+00
1.106571697570342572e+00 2.149726073140461491e+00 9.997382694351691912e-01
5.609415184914710029e-01 5.006352619274159643e+00 1.741042408355933713e+00
2.017588430037646763e+00 4.110014373080427275e-01 -3.822600326122224779e+00
3.815319722409400011e-02 5.565226485121416156e-01 -5.171912505537931137e-01
-9.092130551841366426e-01 -2.687187374621696634e+01 4.610249696631754546e+00
-2.997177615078349788e+00 -1.212403747423472344e+00 -7.865807471403044815e+00
9.211710894869140631e-01 2.748295265081613370e-01 -6.405213844198632822e-01
-9.851005472732287771e+00 -8.241869422200544193e+00 -3.513708950672193243e+00
-1.961485442292823400e+00 3.904178121283889968e+00 -6.201481507395608439e+00
-2.392757550718576542e+00 5.850983884707847693e+00 4.536179353590098273e+00
2.565443547757424891e+00 1.029855069113352561e+00 -6.033710474543272362e-01
-1.266695215166168564e+00 8.452982673557480897e-01 2.582697360544970788e+00
-6.089609334618200087e+00 -3.469261830855976392e+00 4.518566271243542154e+00
-4.386416007213078672e-02 -2.982005611525909150e-02 5.899254767878202577e-01
6.895358242782952951e-01 2.377488718679767743e+00 -1.302504328352835694e+00
3.592219151383122533e+00 -8.876032380577056458e+00 -7.495864599992663635e+00
4.839511140768272823e-01 -1.865787882783724594e-01 2.185315109318697879e-01
-8.113850272905132499e+00 4.321489109635286319e+00 -7.069725059820223256e-01
-6.415720920748509748e+00 -1.186424429875634567e+00 6.142189013265378250e+00
2.941920116508340843e+00 2.205605095104104407e+00 -1.820987961429187507e+00
-2.039797338426683648e+00 5.969535370747251768e-02 7.628808240841515875e-01
-6.953728635874483199e-01 -4.698282315302923173e+00 8.085775927890912484e-01
1.157944526529063545e+00 9.944180329838260279e-01 4.539220585088249216e+00
3.108647750004997601e+00 -4.510924891503202083e+00 -1.658212554172692199e+00
-3.633939370954075154e-01 -3.096709266329792598e+00 4.524151826957056421e+00
6.082736807335619167e-01 8.147878624529730773e-01 -5.112652788561577566e+00
-6.287608402917545192e+00 9.189551497136939417e+00 6.386503361333261353e+00
3.806223348111513971e+00 1.027098589052286348e+00 -3.345379302400062760e-01
3.274225596649638970e+00 2.977037760284123813e+00 2.793073449505466543e-01
-4.250344812768534486e-01 -3.144122308134561727e+00 8.758523878396289042e-02
1.712832422657007553e-02 2.671516189923035078e+00 -1.975482112553911485e+00
1.859259407235100081e+00 -1.189023046203463663e+00 2.948455666799580932e-01
4.586318851819073950e-01 7.736364039795259329e-01 1.700212404608823835e+00
1.006886131141991880e+00 -4.410555163253484068e+00 3.839450288909136866e+00
8.217922032422219081e-01 1.757817720332192524e+00 -4.790514162030587997e+00
-3.092866650433778730e-01 3.548714646127021366e-01 2.110759258410149108e+00
-2.773790485264386318e-01 -8.486359849013259682e-01 3.666854807110751402e+00
-8.444697206846009108e-01 6.949423524976908739e-01 1.083305298112060111e+00
-2.925561004632238227e+00 -2.396928122522266946e+00 2.789499791281828234e+00
-5.065960949814897418e+00 -1.418055917024081403e+01 -1.856798440692898566e+01
-5.414699109783553954e-01 -2.089619009615608647e+00 -4.177122264828980747e+00
-7.921942332551520360e-01 7.693593050158142876e-01 -4.331668639799472587e+00
3.889206372891634622e+00 -1.936389978991925176e+01 1.448088967149947504e+00
2.418853798868182636e+00 4.658903179407015038e+00 -2.930186993826418451e+00
4.103940070570990528e+00 -3.101312229960704059e+01 1.218545523898864857e+01
6.631999377414318220e-01 -3.794430715301051471e+00 -5.577676990929545386e-01
-8.627371481156705935e-01 -8.829008205624915284e-01 -3.364406684950759008e+00
1.765593840487439170e+00 1.717417897173011854e+00 6.571988866728877277e-01
-3.928094776973501734e+00 -2.498600552052342216e+00 -1.832147046153034919e+00
5.247578947724571563e-01 -6.864411696337865409e-01 1.436187439934127452e+00
3.216109683845394862e+00 -1.623277799572052205e+00 -1.705039929660915554e+00
1.356210673956237622e+00 1.828989897040035784e+00 3.645144655223827357e+00
1.815225252344236373e-01 4.198429948996872163e+00 -1.732046468487312030e+00
-3.356459911270748275e+00 -1.318334532651858559e+01 -6.250979440463297010e+00
4.879149880150480123e-01 -1.796959360289895891e+00 5.023754938985528495e-01
-6.950510159421809941e-01 -4.899032416666837086e+00 -2.842338030432919105e+00
2.417419426450827302e+00 -9.121733506316461737e-01 5.474188697062888354e-01
2.451556473324580099e-01 2.124440101826120253e-01 -2.467361412226993345e+00
4.043712451227844618e+00 9.671424995120986523e+00 -2.308017863304275608e+00
1.249064057618066270e+00 1.315727187385645891e+01 1.821077922540172622e+01
9.468650556625785031e-01 -1.910998407763552009e+00 1.383983040733250514e+00
-1.664637254574846681e+00 3.322507468680025777e+00 -7.945222974426158657e+00
9.600199231489098262e-01 -1.230667713904288307e+00 4.702900034103721927e-01
-4.188721433656722226e+00 2.139487716060112010e+00 -1.535409933750606193e+01
-8.240230392907465173e+00 3.629226787069130822e+00 -7.358028027334486687e-01
7.042126142273433254e-02 -8.155705629762669551e-01 -1.309189451887945166e-01
-5.431005936412085511e+00 -1.555531249660536020e+00 2.588709286423536593e+00
-4.546011386360473416e+00 -4.373841749754128760e-01 -4.687975546056041942e+00
2.235528841021086954e+00 -3.193040037233557005e+00 -5.739004001216125417e+00
-2.242583366977007664e+00 2.744064893191526799e+00 -3.976640334615141104e+00
-2.323930648312231284e-01 2.661767700978440843e+00 -2.312953907693301669e+00
-4.844100686074866324e+00 -2.533918100840068632e+00 3.731208941939473167e+00
9.237139471299632421e-01 1.339961442082168164e+00 -1.086743171645291772e+00
4.806408481869414162e-01 2.585175424966162261e+00 2.053815940170430565e+00
1.225224038268498461e+01 -5.566170448978220442e+00 -2.366032877841609761e+01
-2.226509000803152949e-01 1.613198785057358364e+00 -4.898617441766051073e-01
-1.850793087879030852e+00 5.771417188651427610e-01 -1.824707721257008419e-01
-3.437443118936482467e+00 -2.349306776006367503e+00 3.433231892988601319e-01
-1.963178468458166570e+00 1.531588671627799603e-01 5.173479235070600479e-01
-8.891889804889217430e+00 -2.997465425168503561e+00 -1.015543938360291332e+00
4.486463191376566684e+00 8.756699494968072983e+00 2.292788737318891101e+00
1.315203372036724216e+00 -2.428467089858482364e+00 -3.181708506899368905e-01
-8.719019423898540788e-01 4.096620490817328153e-01 2.975649255703813445e+00
-2.229747956668460596e+00 -8.581054097460457664e-01 -1.235350930190988628e+00
2.346441099732346214e-01 -1.425862606417044987e+00 2.263134775330430948e+00
-7.979263958466223272e+00 9.012363445821307550e+00 -1.249081770928983381e+01
1.936460835998481844e+00 -1.141938941990956247e+00 -1.743026711841511478e+00
2.525024906441525885e-01 4.631317305989730571e-01 5.038543439123215339e-01
4.077939536422163336e+00 2.148265410862176150e+00 -3.122998508516501737e+00
-8.968904156273030948e-01 2.359799870761198015e+00 -5.848615485404167202e-01
4.393000912118601775e+00 -8.420487552070754944e+00 -7.340686169663194427e+00
8.330450023059015052e-01 2.339118613867460450e+00 7.231762291308629909e-01
2.315612637697646026e-01 6.175930017866917421e-01 9.462216981693124529e-01
-6.972264910223250345e-01 -2.044674756354443179e+00 -2.388757706843515294e+00
1.455204816520438316e+00 2.765361956234614560e+00 2.537651042568772830e+00
5.034902892055793666e-01 2.886732394345354891e+00 1.935025933853656177e+00
-1.489209419057704986e+00 2.523488596061101319e+00 4.225457210140393549e+00
-8.017640401906982461e-01 9.531662346352777204e-01 -1.182584576384801522e+00
5.878892364197553455e+00 4.183368563742324575e+00 6.569089032728873789e+00
1.006452754013832829e+00 1.175087458638632176e+00 -3.219320677173024836e-01
-3.536307391541072764e+00 1.599573578544808194e+00 1.385020591500269793e+00
-2.948447222282495339e+00 -2.566846178305311366e+00 3.595034040536509434e-01
-1.952628999601672133e+00 -9.378317275876245418e+00 9.885296585886301557e+00
-8.728224416906034122e-01 -6.890782588057789426e-02 1.153510357819188092e+00
-1.222249287135210638e+00 -3.340170088705521234e+00 1.214662145250768654e+00
-3.092717715776622356e+00 -1.396957512097954934e+00 1.739277676037458864e+00
-6.512313329711908461e-01 3.835338031407772519e+00 9.687431604386910200e-01
7.030940695570672139e-01 -2.288404488795290792e+00 -1.035462595472579489e-01
5.138848861912619082e-02 -3.165364477320529613e+00 -1.998441403138124350e+00
-1.184119222774965507e+01 -5.189960487130712785e+00 -3.600274770035878813e+00
8.413917027622082045e+00 1.058708003411884313e+00 4.287935023885253827e+00
-3.354028011963105627e+00 3.957759573614606285e+00 5.374146235029862995e-01
1.043018857313145142e+00 -1.508446602335538067e+00 1.265088250961238447e+00
-3.756983714577483369e+00 -5.493695031906914439e-01 9.455026080540179789e-02
2.720079357577400714e+00 -3.155093628655464277e-02 -6.669364515536169158e-01
1.682220165536992162e+00 1.145132597566084520e+01 9.246364238411448611e+00
1.043425195810205874e+00 -8.269939811413475894e-01 1.346487306554137842e+00
2.656034024458897136e+00 -2.363840958649062074e+00 -2.848122320295907617e+00
2.310593917941063502e+00 -4.961657725081173309e-01 -2.186267531156881105e+00
1.862463963257839472e+00 2.464784494181953001e+00 5.028836093811452024e+00
-1.540955254442254674e+00 -4.113841141868181811e-02 -6.484305033612868918e+00
3.563759248538763025e+00 -2.771503503652147149e+00 2.118991995524924121e+00
-6.108433024523939991e+00 2.218575362789358962e+00 8.631515414676902420e-01
1.366669631217410918e-01 8.834370688037457287e-01 1.297503681951761134e+00
-6.949052351263472760e-01 -5.652503433906600705e+00 -6.556614758812147059e-01
1.183082256407929300e+00 4.608818933707234389e-01 1.112952888144542074e+00
5.379644073629333834e-01 -5.985375449841946249e+00 -2.965634318346155762e+00
-2.313205689179960167e+00 2.848761282566090625e+00 5.278497094755420171e+00
-6.004242368941416608e+00 -2.779846439692318594e+00 -6.958415003691802880e+00
3.771678859390203087e+00 -1.587133277761600958e+00 -8.156094392114994485e-02
-3.568339989835627168e+00 2.402355081133221937e+00 -5.297330756207303537e+00
2.876514750191802583e-01 -2.976487172673996984e+00 -2.249229271147647591e+00
-3.882188219012535635e-01 9.414990645792691293e-01 3.536834422056173377e+00
9.302701661790002685e-01 -8.539018441230170620e-01 -4.096667326131155917e+00
-4.453949242551561993e-01 -1.257348501544532260e+00 -4.190278619939897808e-01
-1.434205570550510789e+00 4.519090125078410125e+00 -2.376599854158617298e+00
-1.787611620885378372e+01 -1.825846276620335118e+01 8.942307045500443863e+00
9.934972315846334112e+00 4.998158391873568362e+00 2.434101468855101313e-01
1.244000107389218623e+00 -8.665001772066521779e-01 1.798407478585320352e+00
5.334467672865415011e-01 -6.143277290127504564e+00 7.201993395086212502e-01
-1.000828867551769363e+00 -6.594037161945341952e-01 1.266350197039322889e-01
-7.572703395799871728e+00 -1.076227527341176993e+00 5.172121257117935356e-01
1.633137913280198195e+00 4.500260797840377469e-02 9.669555925347261827e-01
-2.889809940470209781e+00 -3.059041808630567960e+00 -1.417284036322355689e+01
-4.734346307448424884e-01 1.369896825598214685e+00 -5.049900121705299672e-01
1.914587257105219820e+00 8.200213750836862214e-01 -1.212101715922446754e+00
1.555274503103793338e+00 -4.763863627639147502e+00 6.813835235874386997e-01
2.372109116666635931e+00 8.156560180221570366e-01 -1.374771087518824375e+00
2.455431449575305791e+00 3.869813294649984692e-01 -7.469335256709122017e-01
-1.020613889010292041e+00 -8.459899342268855094e-01 1.401060133836630861e+00
-3.328489949616828536e+00 3.698839601461199611e-01 -3.516063397780532229e-01
3.941254863555539778e+00 -7.600633944702410716e+00 8.728742361135705119e-01
-2.106063010900528720e+00 1.770206390480657532e+00 -4.546988588152908406e+00
-8.185095699136504255e-01 -1.050729965853633319e+00 2.383239617184970793e+00
-2.200434032635883330e+00 6.112053362210638774e-01 4.060974803643336295e-01
3.118061849069325708e-02 -1.859725627978759954e+00 1.214777278944741967e+00
-2.403014656472960198e+00 3.784277983293964920e-01 3.137910684228720104e+00
-4.108854950155233610e+00 2.494075419741977051e-01 -8.593321722786226857e+00
-7.189962631612366595e-01 -1.451206649257165138e+00 1.926575764416138981e+00
-4.085183436947287916e+00 -2.669050675860043853e+00 -2.705381446010196034e-01
-5.615819621298603348e-01 -3.519913108771673960e-01 2.265372844211916148e-01
-1.051921833211095780e+01 7.740799958243598233e+00 -8.976512566770406210e+00
4.961574703574701817e-02 1.593879869474413624e+00 -4.886698603960998533e+00
3.991163246602580816e+00 -1.904021994920546845e+01 2.247916184454918564e+01
-5.598783147748791045e+00 -4.915320424928751319e-01 5.322298500342845351e+00
-6.916996347859599714e-01 -1.768786663656342517e+00 4.427261303773912249e-01
8.618526306580300833e-01 -7.614821518337460127e+00 1.609620574561406059e+00
7.699123469593887492e+00 -5.576021951954608369e+00 2.968577033197676407e+00
3.988864312912612675e+00 2.540258542443773138e+00 -2.298053833247394984e+00
-2.719665471161281545e+00 3.067407632178357879e+00 -3.562300753908162143e+00
-4.660962813647590686e+00 -5.203321219382724294e+00 -2.426370766781969390e+00
9.705716237173067640e-01 -1.908152876940469200e+00 -2.068244555686330255e+00
-5.727821941136157502e-01 -3.853207288513337048e+00 -8.863739875784454325e-02
3.196433803224709713e+00 -3.045143262594950939e-01 6.171964530514004732e-01
-3.937340464628382719e+00 -9.750436766953584078e-01 -4.759698835484782897e+00
3.094563500362350172e+00 8.050953127715403390e-01 -2.580081526348780852e+00
-1.989222170623679009e+00 6.228417227038927528e+00 -2.346488855681091668e+00
5.019150353216762506e-01 -5.314381365836661431e+00 2.648835808643251077e+00
-1.481291552308436898e+00 2.748050721945125563e-01 8.341900536172430422e-03
2.922426568411568226e+00 -6.219890513162521728e+00 -4.392245679538748782e+00
-3.170211218671474818e+00 -3.681358051123154507e+00 1.511637887993436902e+00
-1.800960302137780966e-01 -3.463612947999120895e+00 -3.892778981054595189e+00
-1.194353263556374500e+00 3.806739073210471780e+00 -2.166083988572658700e-02
-2.565911799214908751e+00 1.971242820124591566e-01 -3.717686204336045463e+00
1.573750784617107268e+00 1.423452359259916422e+00 -3.709883206284170232e+00
-1.878871192319706784e+00 9.110845622033145186e-02 3.683941951932930836e-01
-3.335547912960477923e+00 -7.401741483019667056e-01 -3.508074283387299541e+00
-6.908868282178329823e-01 -7.445670884408330359e+00 1.277053041851896253e+01
-1.651274908192589264e+00 3.413452835065740931e+00 1.292791282597205216e+00
2.221207023310054929e+00 -5.488909014122949515e+00 1.748530582478166728e+00
-4.043040460586165352e+01 -1.618495794352509520e+01 -6.479004827276519940e+00
9.887476893311488713e-01 1.999050302823968561e+00 -1.922631925028262634e+00
9.737835321536998379e-01 2.588478854714779676e+00 -9.983603506972621444e-01
-2.553807740543552196e-01 -9.321098993836262059e-01 -1.626442703047499494e+00
2.174248593067961366e+00 2.444543188318911986e-01 -1.387710459553850084e+00
-7.966639501040444493e+00 -2.824717808995923285e+00 1.741627410475925730e+00
2.928292437399588333e-01 -2.897765098148837315e-01 1.665540376661575950e+00
1.150124154283033828e+00 1.237411023744960370e-01 4.350388271540323593e-01
-2.258764890389576507e+00 1.173252698043376840e+00 -2.457094210187509731e+00
1.584282818429848083e+00 6.286086496398696211e-01 -2.503659377568443922e+00
2.205374604154663132e+00 3.056031936860375442e+00 -3.596381793992391884e+00
6.466728194597233248e+00 -8.101259880532822866e-01 -2.893323907554364305e-01
-3.688236263370766599e-01 -6.016700370045696689e-01 3.189645976709016839e-01
-3.348112655282180494e+00 2.883446454634306821e+00 -6.578131511875592308e-01
-5.105642525337036552e+00 7.527628633332923425e-01 1.924090449563319982e+00
-8.356449881188398043e-01 -3.111854201603116432e-01 -2.923958793959709895e-02
3.367697003146288282e+00 -2.406496200495967575e+00 3.273179561876328747e-01
-8.793529317887486263e-01 -3.194339512017983829e+00 1.593865941846553502e+00
-4.025423406660297854e-01 2.666662832174120812e+00 -9.133710016193345993e-01
-4.029312037263911961e+00 -1.887180137036548411e+00 -7.407322954321515773e-01
1.261849906609860517e+00 2.604515199705933481e-01 8.984427371770534743e-01
4.586838236925881773e+00 3.418871524516682747e+00 2.460181568097855376e+00
-4.493200483392600475e+00 4.008205705272528618e+00 3.808584860929455917e+00
8.629653124377655304e-01 -3.560281846855609889e+00 1.761583692352806541e+00
2.763945370521514011e+00 -3.869029766946662452e+00 -4.319180630680724775e+00
2.931988353879951603e+00 4.025853889931447327e+00 3.042041387844415912e+00
-4.593899633745852640e+00 1.530866599915028603e+00 9.028933500339190177e-01
1.277341001748369731e+00 7.385623516885745588e+00 -4.816962019172965626e+00
-5.363933755122614500e+00 3.325346224095298009e-01 -1.758340586401217820e+01
-2.752387510071696575e+00 3.250311339673321420e+00 6.424402735174500334e-01
6.759050338353629339e-01 -2.564528323416545574e-01 5.274935237770338459e-01
3.006776490580427841e-01 -5.883706431755969524e-02 -2.398518268873594816e-01
-1.637076760145359522e+00 -2.453676120126850879e+00 -2.540226977829557198e-01
2.852549819610628035e+00 4.223197961876872797e-01 -1.050837815617245319e+00
-1.078214406123036706e-01 2.771722807819580581e+00 5.398057077758186217e+00
3.717214240742624742e+00 -1.977941685713808573e+00 -1.352817648392187655e+00
2.634456390215948463e-01 2.177664955512876865e+00 -2.514738999699534627e+00
2.714004772007110322e+00 9.272334012564918959e-01 -1.453794523501461988e+00
-9.560070078813269756e-01 -2.257047110861046146e+00 6.521982031571669225e-01
3.630564794533791773e+00 -8.841873333356869979e-01 -2.706341971918846054e-02
2.994344565404984948e+00 5.156690497350642222e-01 4.062882653793789545e-01
2.427493350188988153e+00 6.439680458489770443e-01 1.346620874896253539e-01
-7.870336335480818679e-01 1.964051016201389555e+00 -3.125812964606527800e+00
1.637678353562476596e+00 1.981747820271024585e+00 -1.373526362796916978e+00
3.094301081995697977e+00 -1.772128675397979469e+00 3.626246590477458787e-01
-2.642152034116510007e-01 4.187767487800287292e+00 2.275428587336988606e+00
2.947950126683899441e+00 3.378224524882532109e-01 -2.323219944256434299e+00
-4.471829443613402066e-01 3.405491182726524957e-01 -6.086164440801492548e-01
-2.864751115597438780e+00 1.123324980301429354e+00 1.013121202527137665e+00
-1.956359502209941148e+00 -1.934644318500432725e+00 -2.247503476340013684e+00
2.666274348840563135e+00 -1.685840260854865713e+00 2.270982847261412640e+00
-1.128324803647854369e+00 -1.413350142957667144e+00 -1.570633190683944802e+00
-2.411052903310940965e-02 1.094452263593055541e+01 3.808577242593720769e+00
-2.035513035055937614e+00 -5.904581906073202546e+00 9.882532457062445097e-01
-3.486650012898482309e+00 5.366938630772514207e-01 3.265435585818512898e+00
-1.091302860741732550e+00 2.464203924083840036e+00 -2.792503233715971089e-01
-1.957732062454617505e+00 5.844113425714615451e-01 -4.029621394905817056e+00
-2.563385078893669622e+00 -8.334002584454151819e-02 2.052888758697423377e+00
-1.177092491005971159e-01 1.095951925228446644e+00 2.019605584344807081e+00
-1.184617431763468121e+00 1.628561920150481068e+00 -1.470778492655371972e+00
-2.055610448611951746e+00 2.162934030014042275e+00 1.605808675795940221e+00
-2.291954215733482680e+00 2.243100660427520321e+00 -2.248254661311550162e+00
-4.281434219053661394e+00 -6.518834159738739586e+00 6.883972448892054175e+00
3.959965177353395038e+00 3.746465848551332467e+00 -1.415011625244104732e+00
-7.276822102379775226e-01 2.423151953201174713e-01 -1.109958018007426661e+00
-1.431659147571856572e+01 -2.142597818253281883e+00 -1.898090661309554150e+01
-1.378209184445964075e+00 2.421806880359624881e+00 -4.881779671139283572e-01
-4.881115846248051504e+00 -5.815609441364973264e+00 -3.600779640787319824e+00
-3.865850746995191045e+00 4.174584528273870276e+00 9.273348022145344594e-01
3.210338374712341292e+00 -3.408335759580608748e+00 6.740476246562800361e-04
2.025304709098234923e+01 -2.344083274979174902e+01 -4.017553494582028151e+00
2.277966296924421208e+00 9.527462869251789312e-01 1.016688621645130075e+00
-1.824696180216548447e+00 9.353534744038271009e-01 3.995474460965607211e+00
-2.483126152127271002e-01 -5.851204072752267393e-01 -3.513387313977063275e+00
1.424981150194975177e+00 8.690482381949730939e-02 1.846441994732781477e+00
-1.932902602772504697e+00 2.409762851510436121e+00 -2.680683519977898666e+00
2.518719478363291575e+00 -4.107895502892921158e+00 2.444903920852264712e+00
4.279568446443575702e+00 -5.424729934175260837e+00 3.794397745418376822e+00
-3.113942327970733448e+00 2.608855038914887459e+00 -8.832784811785527879e-01
5.080632502928422056e+00 1.142704215685983904e+00 -7.408499372472741040e-01
2.261453926395995406e+00 2.705106544058779150e+00 -2.274026124944171154e-02
-2.721638708115437399e+00 4.171461632950967391e-01 7.476003144730493100e-01
-9.179966111226750547e-01 2.059889609569152569e+00 -2.859534353326424583e+00
3.880941178926785806e+00 -2.984640339020988353e+00 -4.865464150318130621e-01
4.755418621176752403e-01 -7.078613417006027753e-01 -1.218600107439701929e+00
4.096329638058668010e+00 7.830352224639199221e+00 1.367770491733015703e+01
-1.874165653837720935e+00 -9.047056495891251382e-01 3.155141691584424368e+00
8.989537361498508572e-01 4.338202269724733551e-01 -8.831743587967388898e-01
1.507784753613921502e+00 5.791364669960401973e-02 -6.593371127267033671e-01
-1.566416006076412737e+00 6.270645339690906761e-01 -4.867910629865681571e+00
8.095815872538547620e-01 2.081700791175932874e+00 2.861035732516586716e+00
9.491959284269561037e-01 1.143756511727326425e-01 1.833868376626602625e+00
4.905277433882365479e+00 -3.181099447509905809e-01 7.297876252369340788e-01
-1.162468600110344141e+01 2.886679491691272470e-01 -2.085980384113189423e+00
-3.106113653274321429e+00 1.165781151561514850e+00 1.915497810050144523e+00
-2.224136595864885546e+00 -4.506792397344864254e-01 5.423173156324136990e-01
-1.814547927589029927e-02 -1.339259427213484344e+00 -7.038486603533399277e-01
1.270919350849592844e+00 2.192596510937705023e+00 4.197540043390280751e+00
4.979942799611599469e+00 6.000287818657203509e+00 7.474131737729956537e-01
-1.138559489988938411e+00 -1.949367771132451743e+00 4.418220980724480995e-01
-2.383029287656951212e+00 3.274561689863396463e+00 -5.402829385768300519e+00
1.317026454304258465e+00 -8.186783477441752499e-01 -1.419109713928244920e+00
2.746551584761922182e+00 -2.340712153016469177e+00 2.294105597677611907e+00
-8.007050310189148812e-01 -5.528644426398922340e-02 -2.468876486508841062e+00
2.561578011666665766e+00 2.160928533349542047e+00 9.500532190658504961e-01
6.263716834934014432e-01 7.249959729184522139e+00 -8.059978910895624349e-01
3.118079040976800886e+00 3.480213620445254286e+00 3.499283653678818551e-01
-4.740924971470328764e+00 -1.083351054471360975e+01 -7.904548871466900550e+00
8.261823721006290588e-01 2.449680579563096039e+00 -4.006374054801352669e-01
-5.441411003422114590e+00 8.488248924991852462e+00 1.756876747534232619e+00
-1.625982681960281839e+00 -4.364042901172120459e-01 -2.964082316703040121e+00
-5.552489335104391799e+00 -5.497832225137087026e-01 2.378077165160160877e+00
1.162820954367789872e+00 -8.089365438120015295e-01 -3.888139778613959319e-01
1.255152562148764472e+00 1.376550052676844826e-01 -3.021497888674732124e+00
6.346354088703530572e+00 -3.726900520558225960e+00 4.435288527742947684e-02
3.295108300907330645e-01 5.595618965451520932e-02 -6.306706748933162965e-01
-1.365502906448271325e+00 -1.666736572455308485e+00 1.745005082446136724e+00
-7.097776319813062784e+00 -6.766015394096164037e+00 2.540766181968109905e+01
1.640579461996705346e+00 3.966785668918793917e+00 5.744319439899446822e-01
1.779834420300106634e+00 4.118172761628304812e+00 3.126877147112105515e+00
5.706705210577835974e-01 2.410734667234883666e-01 -3.500529184554924456e+00
2.218066006378886623e+00 8.923083584771693832e-01 3.693631211485360333e-01
1.496161575032251445e+00 1.609326920598662891e+00 3.100924214602255091e+00
3.867688893365688052e-02 -5.723497165881371584e-01 -3.890634818144162455e-01
-4.881255911389737356e+00 1.451196797470163169e+00 1.792732756942637673e+00
9.566548984333899108e-01 -1.353720372805419681e+00 2.380415052043793001e+00
1.448647402023254482e+00 -6.317775098289613922e+00 -9.162059265165782562e-02
-3.103274351311589907e+00 6.479655225881877922e-02 4.884470480538996018e-01
-3.928640046671525887e+00 -9.219048255129257186e+00 5.040255902717180270e+00
-2.175658979632287160e+00 9.483700865909223676e-01 1.304915873225835021e+00
-3.367309986826678703e+00 6.228930718775914421e+00 -1.054893827530715811e+01
-5.234341833260058863e-01 5.559370626677998528e-01 4.900708929215880638e-01
-7.765748717285580582e+00 6.678584691789600791e-01 4.063541766983965742e-01
1.234988294500655037e+01 -1.036633839819590008e+01 1.224565353223142861e+00
2.804719607115079949e+00 -6.782145753144317446e+00 2.838388687581259617e+00
7.003095837913203559e-01 -5.280303663831273919e-01 2.106925716578251020e-02
1.147996759085909702e+00 -8.525092956612870809e-01 1.806208509463706147e+00
-1.420415065385731523e+01 1.312455999209525270e+00 5.340375461088742171e+00
-5.490179703855116777e+00 -2.628416334233153684e+00 2.311282864079220900e+00
-8.069105391849286102e-01 1.942108253864570644e-01 3.067016614614742398e+00
-7.006407679001402933e+00 -8.830079481957402443e-01 -4.599655648045305689e+00
-4.099168444281830581e+00 5.078566130497049969e+00 -4.004848256276980933e+00
1.719555542548235394e+00 -5.827816148681207453e-01 4.500707456965259423e-01
-2.602441842134968653e+00 2.077522635771970272e+01 -3.468262002053150717e+00
-9.281313036798708449e-01 1.361927638195095769e+00 2.670115242921230259e+00
2.847573270206497309e+00 -1.579460267592293077e-01 -3.115514316741373690e+00
-2.373623880710293010e-01 -2.624845611932419942e+00 -1.286375078383270365e+00
1.259192595319068353e+00 4.688432882078021890e+00 6.308468705607012117e-01
1.213672767386220741e+01 2.529925653325210355e+00 2.338695896099987515e+00
9.773683850180942656e+00 6.614378245682726920e+00 -1.494880380929088481e+00
9.716685204208798110e-01 1.562409168874615339e+00 -1.269001187673462483e-01
-1.834367131561868591e+00 3.570031482101557518e+00 4.516462115626318052e+00
2.872440158548274503e-01 -3.496518684999691651e+00 -2.665671688874480250e+00
-3.410954775847987452e-01 -4.380864815820602609e-01 -1.411055645787911095e+00
4.902836572202754262e+00 2.719483185620862109e+00 1.448186230998509627e+00
-5.892201409497822562e-01 -1.771515073337154966e+00 -1.485854058355763618e-01
2.686918795361703527e+00 -2.995905939824925479e+00 3.290313839054495038e-01
-4.199036758775021583e-01 4.487378197548130387e+00 2.619639787420166566e-01
-1.145899392711601905e+00 3.839588610877905150e+00 -1.919096787729529963e+00
3.033554519484756629e+00 7.454212750250002184e-01 -6.369169339243899941e+00
1.098901067138778220e+00 -3.825918934461916554e-01 3.898506591039069047e+00
1.398649989450044018e+01 8.793486879453096705e+00 -8.384696567191474159e+00
1.553878596035120074e-01 -1.822357053182631415e+00 1.305428480398648228e+00
-4.363761091417520888e+00 -3.924818661076148629e+00 -1.050182440584559229e+00
-1.507572324935716601e+01 -6.510980324611383985e+00 3.798400136234500124e+00
6.424867585320536145e-01 -5.871605711792606819e-01 8.497361121055668765e-01
-1.074738653282599099e+00 -5.948013556901713406e-01 -6.859398530076650680e+00
2.593617746270601154e-01 -2.560217374028237014e+00 -1.662508870755678991e+00
-1.009454158501125673e-02 -2.947844904089511164e+00 1.654424919518199921e+00
-3.019866331550000726e+00 1.203196289383117845e+00 2.034876398187653035e-01
1.020360385692045568e+00 3.446660339839285214e+00 -2.245186557806775340e+00
-2.946996939817298600e+00 2.194100159762577995e+00 -2.380080469887261019e-01
-1.722343048841524782e+00 1.204263162463399484e+00 -8.064541684677420941e-01
1.607794807300884532e+00 -1.910788792605504494e-01 5.426151874789196805e-01
-4.503064079432224531e+00 7.353457838888350473e+00 2.916746768395735434e-01
4.079779704066635482e+00 -4.653707964625459326e+00 5.116217792881065485e+00
-8.567500221500809587e+00 -1.313298467543009451e+01 4.760093128932429529e+00
-8.678947350948468253e-01 -6.450324213115171679e-01 -5.840704137571876009e-01
-8.967274071328675822e-01 1.998726328705938249e+00 -4.320896017558593094e-01
-2.094886384855283445e+00 3.071020414026443657e+00 -1.302778603685849079e+00
-4.286599246396778362e+00 -2.609027134501432643e-01 -1.229006188888528417e+00
8.490034561912951361e+00 -3.361469426993516585e+00 5.765907353366060306e+00
3.335704003517619420e-01 4.918734584048314318e-01 2.983749341731711358e+00
6.758940069645695381e+00 1.252204833901427339e+00 2.979130499648866781e+00
-5.484974788117796152e+00 -9.316327411365872280e+00 4.646104643910514476e+00
4.912442515377895558e-01 1.615377320174805620e+00 -6.059447176696438397e+00
9.259392680283111687e+00 -1.642963660967340145e+00 6.564815807911143608e+00
7.475419026167763326e-01 2.571647043224243312e+00 2.270712096627709453e+00
9.632625525900782026e-01 9.909035561114536428e-01 -8.998921795798506817e-01
3.214648107095295693e+00 8.710963457403568810e-01 3.424242697927162293e+00
-3.340319329782533320e+00 5.261912935231409794e-01 -2.177113057231802262e+00
6.128017411905776868e+00 -4.428844769000497283e-01 -2.180286843507376560e+00
1.829873850747960384e+00 -9.030565939894815486e+00 3.724665519056667762e+00
3.539145611651670631e+00 1.960410687914710404e-01 2.908234184345612761e+00
4.995221526751409513e+00 4.413675824522910851e+00 -4.394588427573547840e+00
1.231108562967045295e+00 4.147163287387737873e-01 -1.049041806279445987e+00
2.133806400871695597e-01 -2.875924656760529885e+00 -1.335996886801897876e+00
4.509137049411229281e-01 3.277870389966422771e+00 -2.933953680783860651e-01
2.920138638892890715e-01 -2.179130023930142102e+00 5.062911055643780633e-01
-1.523380916986420308e+00 1.168711332668209035e+00 1.909639467600122265e+00
-1.389636325450410048e+00 -9.988147060585169656e-01 2.328787927323976437e+00
5.664648396126817254e+00 3.150953383851664569e+00 1.912103745138784783e+00
-5.568990573208770556e+00 1.613812535234987022e+00 -3.648973874657591487e+00
-2.720082152296500855e+00 -3.887678693766763782e+00 3.251402945998138616e+00
1.579406696719735237e+01 -4.332027016200615144e+00 -2.162289130388752312e-01
1.207429613318424622e+01 1.135781419248601098e+00 1.732826337239819736e+01
7.071168311474597401e-02 6.229998033498742593e-01 2.423502367365137466e+00
-4.339414189132234867e+00 -2.004183121094869069e+00 1.340488030830274457e+00
-5.153709397766530476e-01 9.173709357230470651e-01 4.619310813736643428e-01
-1.645726589455311029e+00 -1.362109296670332703e-01 9.411944350835155237e-01
-6.430021150631572979e-01 7.606061412860202209e-01 8.119255173638370016e-01
4.331946342574614306e+00 -7.047393348383083733e+00 -7.169995062516495210e+00
-2.096123916300279610e+00 4.415826103316110363e+00 5.912584305863182177e-01
-1.118004739004548886e+00 1.433165699447493946e-01 -6.233221750466571009e-01
5.627180484761097112e+00 -4.356536468706098120e-01 -1.579690238414212244e-01
-2.399951269085702221e-01 -4.944925245893560195e+00 -4.866634627107619515e+00
1.376978532472466155e+00 -1.433828436054374711e+00 1.791496236659184005e+00
-8.565201467741881958e-01 -3.535143548795656177e-01 7.248337738973411604e-01
8.234959877763666780e-01 3.513426348029617952e+00 -1.058649142435494683e+00
-3.824785716225770571e+00 -5.490071321426629680e+00 8.670316777702894440e-01
4.587433266650852715e-01 1.400943621710052600e+00 1.227648675776404241e+00
5.546369957579367238e+00 1.082208106734632480e+01 1.268595929677910839e+01
8.202061274186291939e-01 -4.389973692930794202e-01 3.362105130168913103e-01
-3.667605410482642769e-01 -9.460680854330529854e-01 2.406515724485789598e-01
3.651494847744967548e-02 2.057575120878285535e+00 -2.490348585794653236e+00
2.391342200186800326e+00 -5.356239079490713983e+00 3.041734788672868284e+00
-1.648145399509540532e+00 2.141414401966512226e+00 -1.858664181823075356e+00
1.067202503922095680e+01 2.468798185593837680e+00 9.978538079798115135e+00
-1.759473035597130197e+00 5.972161590687404820e-01 2.917804861750655232e-01
-1.402659591592616994e+00 -3.570332571223496787e-01 1.732316012039449626e+00
-9.311786499361697222e-01 2.191509216629966339e+00 3.151757685113985574e-01
-4.683007537222832473e-01 4.852835253521670111e+00 -3.929821088788314043e+00
-1.143735206499214385e+01 1.390497095414963802e+01 6.149353862696179007e+00
-2.470990938367700007e+00 -3.669807691566509877e+00 -2.760664372770457398e+00
5.327891647431195032e+00 2.449823884867361468e+00 -3.676342106261722087e+00
7.657272641865207063e-01 -1.720027132674514680e+00 -4.602557053014293964e-01
-4.272175948781212762e-01 3.165728434042738293e+00 7.693751391295632347e-01
-2.357380731873652824e+00 1.545866491568639520e-02 -2.156466049451041533e-01
-1.077558186653372108e+00 -9.635459732687927215e+00 -2.649494329578958141e+00
2.231254593449649715e+00 1.826682735219433140e-01 -1.424823788936244062e+00
1.125498300670078944e+00 -7.549003910152699004e-02 -7.440632097456821858e-01
1.551220979417762180e+01 4.050975642224285878e+01 -9.911322115222295892e+00
-2.280929088462078980e+00 -9.496095850161411223e-01 -1.646618175130698081e+00
5.102351370859636859e-01 -8.122208985719958640e-01 3.923544100946296243e-01
1.970195349504870075e+00 -1.525298559641617091e+00 -5.183919490146522424e-01
-3.601928125134873149e+00 -4.089596922383266886e+00 -3.059238705639346634e+00
-1.131804256380795737e+00 1.021861604146794633e+01 2.971719745445335015e+00
-2.449007930610321626e+00 -7.753906954710378052e+00 3.978380857336271337e+00
-6.510607296911395947e-01 8.036055381928508545e-01 -1.041738659655198740e+00
1.402675634757660772e+00 -3.118951925736212161e+00 -4.405598407592349552e+00
6.268196073471472118e+01 -8.100249151485424193e+01 -5.674585998276884879e+01
1.534529412462933173e+00 -2.855796427432888862e+00 2.687640425896881347e+00
1.038453713496076292e+00 -1.664998180522341942e+00 -1.066371535110243046e-01
-3.105267381212459821e+00 5.920466749287084385e-01 -8.532056186424026301e-01
2.326504823112160725e-01 4.942675438424140921e+00 -4.739944256223802554e-01
-6.912288641214147690e-03 2.438160672856405087e-01 -4.810401968971550701e+00
2.195370047127570334e+00 -6.836200707555279976e-01 9.938794806992897746e-01
5.668056996537021774e+00 5.438926343165781496e+00 -2.276790161992358064e-01
-3.976848931170525514e+00 -2.574231475849451112e+00 1.638231439661082200e+00
2.024275363409702988e-01 3.915021775966851525e+00 -4.785444638478461576e-01
4.260649702008367096e-02 1.465172246240381781e+00 2.187708721902994924e+00
5.330309633035731354e-01 -1.565255160981040339e+00 2.122606797268461465e-01
-2.154954586840688968e+00 -3.435106579139587391e-01 1.093183824026486839e+00
-1.507943324485984782e+00 1.201070104510735703e+00 1.604949497592347507e+00
1.016339365498679786e-01 -1.437563463831015298e-01 -3.675149142469136265e+00
3.662221112294326453e+00 -8.106646062539385467e-01 -4.800199837381171619e+00
-2.597284916908575436e+00 4.224348888916196199e-01 2.605791500967741481e+00
5.073443026521499144e-01 1.589154917249227861e+00 -6.769746836605007312e-01
-5.115410991378444017e+00 -2.504367839759461534e-01 -2.115913778524622479e+00
9.517915229398814958e+00 -4.979002301283765419e+00 -2.488003009860747294e+00
1.387060710302933986e+00 5.474854940795941260e-01 6.174848915443076347e-01
-1.825335005915149633e+00 -1.771710813047307764e-01 -8.998778841312705667e-01
-2.401604571889988993e+00 -1.406803478634484073e+00 -3.079894606174797267e-01
5.193754891183697264e-01 -5.258465081804936103e-01 6.741853007827697253e-01
-5.519950338722029448e-01 -1.105564304359688332e+00 -1.664723211624780985e+00
-7.187914257218184222e-01 3.018630581882089103e-01 3.334398759086841579e+00
-1.773093058748373307e+00 2.507779152687256374e+00 -1.084454600926711976e+01
-3.257080887985618567e+00 4.265681063310286625e+00 -2.010254857229651027e+00
2.272658195377611268e+00 -2.402433095835996735e+00 1.659071905274712266e+00
-1.104977166743450256e+00 3.078124509477348170e+00 -4.795815801944247267e-03
-1.901666605288899969e+00 -2.925832979113820453e+00 2.141500061089063323e+00
8.550398771939592635e+00 1.436445406105778977e+00 -2.754871322997209937e+00
-1.752776002749175888e+00 -9.938217087793596027e-01 -3.577278591559027721e-01
3.084884014187995405e+00 -3.669956363983055248e+00 -2.568567965638300254e+00
8.654892304545316328e-01 4.800416023923822273e+00 3.885596106267558802e+00
7.189066290750576460e-01 -4.781575513975478420e-01 -1.195917883250256830e+00
5.988288960161061159e-01 -3.175261750060301313e+00 -2.118187898974866812e+00
-9.798658326566057397e+00 6.833160752388150350e+00 -4.644447912895997455e+00
1.162595346153433518e+00 -3.366065348736250851e+00 5.102063675506646412e+00
3.650557220469371700e+00 -7.574702639936538029e-01 6.006148545402411054e-01
8.395633917865264806e+00 8.848936221322071916e+00 1.114008623298881773e+01
8.082871909581297309e-01 1.544450184337624155e+00 -2.950576989691297003e-01
1.018710225597685648e+00 8.865792255159189450e-01 4.001136023190834425e-03
2.145676279945563925e-01 1.720817850901232626e+00 -4.312651044713280424e-01
1.699653284465433511e+00 4.875868581176675320e+00 5.673350182977350276e-01
1.457439620974114058e+00 -7.677298787003621339e-01 1.006838282127893613e+00
-3.539850011911454875e+00 -2.130993249205255680e+00 -5.288108470217177670e-01
-4.713918780990130064e-01 3.491887114154561544e+00 1.081601750903156578e+00
-1.257522853241690886e+00 -2.902855863302242767e-01 1.331967858580978881e+00
3.428949296898653465e+00 2.671923510453232953e-01 3.758477647917473075e+00
3.268778215086728611e+00 1.683919878707889728e+00 -4.622096219681803397e+00
5.036210099948017493e-01 -5.645089435836454506e-01 -2.452967548858598246e+00
-4.917685220800709800e+00 6.368556968966764487e+00 1.606848591776181934e+01
2.293382954463637269e+00 -6.645342503424076508e-01 -3.807594589937345120e+00
-9.903548170240482618e-01 -1.311804327683677496e+00 6.952081897772530716e-01
-5.325887893581589871e+00 -2.897335099172896888e-01 -1.804299625430750398e+00
-8.753648378790306328e-01 3.472648991174995370e+00 3.360029996703131960e+00
-5.402967173702645454e+00 4.361220684777212142e+00 4.994498823508410013e+00
-8.498221302208921468e-01 3.561057815314916386e-01 -1.425011065963312173e+00
5.184587592778950871e+00 8.135522393109926753e+00 -2.650171674404493416e+00
4.812794477302647089e-01 4.474286476936329970e-01 -2.721703006809302217e+00
2.678434658922340006e+00 3.115668833616284772e+00 -5.355961515704001918e+00
1.967512425292694767e+00 -4.913412134511855101e+00 6.503586314410199520e+00
-1.433281128471995958e+00 -2.426647113878061257e-01 -6.234012646673353641e-02
-1.184601780461206122e+00 -4.863606273683686587e-01 -2.319786327871864895e+00
3.369244035149990157e+00 1.390859447845099961e+00 1.932882202004723160e-01
3.330253331815782314e+00 -2.491567066851308354e+00 -2.608050117126800682e+00
4.683746964497673027e+00 -4.647304907955653874e-01 8.233977332442897479e-02
-1.669008564837020314e+00 2.561359750904827481e-01 -2.412326904312012577e+00
-1.099010095384873820e+00 2.722780584038983154e+00 1.264194412579060733e+00
-1.261017526426540636e+00 -1.335821615254080053e+00 -5.673305529664292024e-01
-8.515798138731256461e-01 -6.134245498448438916e+00 -7.545251649546811379e-01
3.215564630775390231e+00 9.295880651022448760e+00 -7.926172547340469166e+00
4.478960522672165712e-01 -9.299728466350349887e-01 1.386349741527434842e+00
-8.593294936988337129e-01 1.851216131634923601e+00 6.328134451081818268e-01
-1.649323656011895123e+00 -6.219942456401401226e-02 4.649505544734303664e-01
-1.620965684256122863e+00 -1.272632788425108963e+00 -8.378034227407963330e-01
-2.472582383954234686e+00 -3.149887150540744862e+00 -2.342126235456275740e+00
2.805947118119278105e+00 -5.035356220529195070e+00 -9.519309090629544556e+00
-4.787807477576103921e+00 -6.079198447213845391e+00 1.891123095575277802e+00
5.269699670185374885e+00 1.981356157140119034e+00 2.690982230288061494e+00
6.265597873248529570e-01 1.796557818394631356e+00 4.249722615336879450e-01
5.440652027096497534e-01 2.251913130261034901e+00 3.824430954083585799e-01
-5.037239379198657829e+00 -3.160181042296748011e+00 9.982228716118948242e+00
3.784749161860581523e+00 8.775944758648876132e+00 1.890784561564057498e+00
5.576323159796870987e-01 6.464027599875987740e-01 -1.386501183646303703e+00
-6.035471690516508225e+00 -4.124825173852969762e+00 -7.310982592675459024e+00
1.393870304396736426e+00 -4.884827104805975484e-01 5.063420651582739573e+00
-1.652214801156274726e+00 1.683083952248113802e+00 2.400443963287042237e+00
-1.013869863824144568e+00 1.088541090771807829e+00 1.348792809130238357e+00
-2.550556045410144357e+00 -1.565895476751734572e+00 1.065966402753505093e+01
-3.384018787874705669e+00 6.166484053827935297e-01 9.516199688936632928e-01
-1.506092286368627686e+00 -3.047321074926210294e-01 1.277016996642390989e+00
5.163478973522417359e-01 -1.275269152343029511e+00 -6.801411400564441934e+00
-6.243560220260277127e+00 -1.558205711836854768e+01 2.845301152312171400e+00
-3.126160022080763490e+00 1.131071274526945025e+01 -1.081335546591321872e+01
2.274675248292525964e+01 -5.687392297367970251e+00 6.712496277465850980e+00
-4.986766666269437098e-01 -2.182076882026775522e+00 -3.018930481803443477e+00
-1.950783711495143402e+00 2.013824829278449080e+00 6.193768058350330730e-01
-2.400978970730330619e+00 -5.772079280561766446e+00 4.809792907410706420e+00
-1.005284889924948466e+00 -1.383910412918237132e+00 9.252657765346337104e-01
-1.575429942738093558e+00 4.323392657955585361e-01 2.735518865766885632e+00
5.839538277163708990e+00 -4.096475435785276176e+00 1.768322009026262576e+00
6.637403012357170340e-01 -9.954258393624634271e-01 -1.200364865771301970e+00
1.439432059802531194e+00 6.226762460179691594e+00 -1.636116226942512597e+01
-8.017827861217766694e-01 7.040185923908398591e-01 1.787407144113503099e-01
-3.435950987344147389e-01 2.921421795580095293e-01 -4.297088227510965197e+00
-9.485360174011754353e-01 -7.009461762087383363e-01 6.202929632843581231e-01
-2.901664294270280386e+00 3.091037945805722664e+00 1.630671000494126943e+00
-6.518657589599185620e+00 -1.298618449257107699e+01 -8.026927750708779286e+00
-3.134430264720780013e+00 2.449603853166607781e+00 1.254221456319694283e+00
2.239162772451096739e+00 -3.322695920783192980e-01 -6.823037687059338996e-01
1.271415800202015278e+00 -2.795070462631506825e+00 3.499644163979372391e-01
-2.497511717280414545e-01 1.425530126045588750e-02 -1.576854604860301323e-01
1.022360043104258986e+00 5.535319857313218961e-01 -7.953736535435683708e-01
-3.352507199328873533e+00 -1.359037424524472737e+00 3.886888487507692558e-01
-1.100239439171838196e+00 8.099949105106481195e-02 -1.165700241786602920e+00
-2.012431975270086770e+00 -2.231255654482161788e+00 -1.078475183763783596e+00
-4.497469317197200667e+00 2.823477757719143888e+00 1.606466209659222766e-01
1.126444213060364463e+00 -1.278335767791675570e+00 1.232696161688263681e-01
-8.343420153633155367e-01 -8.766858437684783567e+00 -1.250842649475183643e+00
-3.220856464169998823e+00 7.683568958566172391e+00 3.614137973880465982e+00
-1.974587933614284641e+00 3.368189604284973715e+00 -3.453762549426444561e+00
-6.362715979228228402e-01 -2.935507733179821166e+00 6.348961877272362164e-01
-3.363581891238626387e+00 -1.544644180398502931e+00 4.794322810228711873e+00
-2.415205966851745156e+00 -4.720761520261778088e+00 1.144862631895738447e+00
2.647943176582450708e-01 7.622717242947281147e-01 -3.459261031077398574e-01
2.463296274842639910e+00 -2.098475694186638651e-01 2.503210802143889691e+00
3.571224778709377823e+00 3.834033036499453484e+00 -7.296469911458122404e+00
2.528302060111453087e-01 1.789934332150616703e+00 1.749138091004923456e+00
2.891542617039447594e-01 3.567480908302967268e+00 -8.698996869769846096e-01
-1.353081579412726554e-01 -4.722759338410889574e-01 3.354987381887450382e-01
2.103382010942363767e+00 2.399075241388511082e-01 1.868163365476601667e+00
-2.609070135764465226e-01 1.005645499951838273e+00 8.835179487133375531e-01
3.243269430076079818e+00 5.332911405983438158e-01 -3.336770314569215579e+00
-4.435988500515924748e+00 1.365227578630293204e+00 3.338875639705638054e+00
-3.467561267316121576e+00 5.097152851002922702e+00 -5.213810489101992296e+00
9.555927457124824276e-01 6.812343348284908284e-01 4.317974437945829025e-01
-1.427656719892275716e-01 1.587815254285729560e+00 2.404354709407439561e+00
1.365406828674000117e+01 2.483293887824954638e+01 8.393449254431159190e+00
-6.841293426210365292e-01 1.070855959391775913e+00 -1.230026689211697777e+00
2.332932228947284692e+00 -2.609439256162138676e+00 -3.748451240479903634e-01
-2.122192936103885685e+01 -1.664164672534196399e+01 -4.787874984921591448e+01
-1.799131175976196761e+00 2.956042879919333011e+00 -7.926868440215882217e+00
-1.876996666959695359e+00 -4.609717775956826968e-01 2.741659481825251543e+00
-7.198296818823030740e+00 -3.190902608293842757e+00 -1.910050829057601929e+00
-7.671300780702882127e-01 3.333544883140654669e+00 1.863772573734385096e+00
6.371341001895355127e+00 5.290682915920885243e+00 1.096897679514264423e+00
-1.439966209639898242e-01 -3.161129819600618784e+00 6.458992421754595759e-01
-3.985452957900038062e-01 1.395549231690100367e+00 -1.549969079652397941e-01
1.592941718365503911e+00 3.725007783361681257e-01 9.943007118900000219e-01
4.370871643128769080e+00 1.824177491295397191e+00 5.554089519030093847e+00
-3.982843852288099118e+00 4.265983140197094348e-01 -2.108284160542666097e+00
-4.811353298204664064e+00 -3.568830426476873985e+00 3.042387073102935435e+00
7.801514530132383385e+00 -2.284379002015110682e+00 1.808383330445790360e+00
4.258851505892732314e-01 4.540434546207878785e-01 -2.250619451677115634e+00
-8.603494982587102102e-01 -1.349860566961859076e-01 1.419369500893520857e-03
-2.166298566871724951e+00 3.493400073824636021e+00 1.959006507191821234e+00
2.474089253352294904e+00 2.694850919963114322e+00 1.868714967343489297e+00
-8.283347909423381950e-01 1.764568723610189682e+00 -2.336499802862216590e+00
-4.829772300366914073e-01 -7.496682189850365496e-01 5.490402280260396894e-01
3.704024802212354528e-01 -1.025519644499691269e-01 -3.258362257488368607e-01
-2.754917006384843825e-01 -6.919176865352362205e-01 -2.079248786460006659e+00
2.802281064253328235e+00 -3.840854287355582652e+00 9.233821945744963289e-02
-3.741162810553933848e+00 2.186271195607425000e+00 -2.367658058605487614e+00
1.589590144126316940e+00 -1.972739899991820867e+00 3.404409548226740578e-01
1.257389483132018926e+00 7.693100761456111991e-02 -5.668886081738336857e-01
-2.828166413400151846e+00 1.936272947249580101e+00 9.379218832343949597e-02
-6.181687853274053790e-01 -2.729513662523973316e+00 -5.590030789113960452e+00
1.596711039823046629e+00 4.753311217225002494e+00 -6.903524490528686108e+00
-3.249856288206163235e+00 -4.239252410106377211e-01 -5.103298450864671487e+00
-9.724983255958967732e-01 1.079727491508194692e+00 -4.899216018977519682e-01
8.477425243670015931e-01 3.996841022484871608e+00 -1.689131836115764340e+00
-6.446824829043753535e-01 -2.117762301202261999e-01 -1.361314062578399486e+00
-6.027743841577507533e-01 -9.975075291698738411e-01 -1.204188770576269496e+00
9.528843810488673682e+00 -6.803897653217519270e+00 2.816421059428099394e+00
-3.656183399834040393e-01 5.719026767790062138e+00 -4.460488544840659486e+00
-1.051376014519546587e+01 -8.312555223310440056e+00 6.270395855422567166e+00
-6.432253680738637236e+00 -4.194389280179957602e+00 -1.612922614218566508e+01
-6.474049228839854342e-01 6.924288545537432782e+00 -1.664087698547639382e+00
-1.334519310214485610e-01 -1.240287269530525593e+00 1.959750400682515714e+00
-1.970754773799123782e+00 1.311618771976277031e+01 7.194635812496343874e+00
8.692928958501975334e-01 -2.593574757645302799e-03 5.608670988095642018e-01
6.291145147047754627e+00 4.040547314524769895e+00 8.485857416539381859e-01
-2.796732792338273987e-01 -3.296239948193143143e-01 1.848508899999464106e+00
-2.958612145639844648e+00 -4.502185498552900178e+00 -4.788228152402609794e+00
-2.045862686841333655e+00 -2.810314043248930971e-01 1.545279317037418498e-01
1.176612810564104938e+00 5.385945171802450915e-01 -4.771895263157596712e-01
-2.240412212554552251e+00 1.227116610216583414e-01 1.994834663480924419e+00
1.461108441118228463e+00 -2.047864844545270735e+00 1.763536975320296518e+00
-3.381750716819361902e+00 -1.341490443800876120e+00 2.373723089707053813e+00
-2.475712615422782925e-01 6.537905596269394382e-01 1.076208308532500491e+00
9.416481026053754588e-01 1.587152456254585564e+00 -5.874573590704724735e-01
9.478389741277711833e-01 -8.968892913713315262e-02 -2.827984297320024210e-01
-5.920154847170642221e-01 5.951853583597309649e-01 -1.243888346221536212e+00
2.582774774361993320e+00 4.778307446953511395e-01 1.003352607868216229e+00
-8.637845824079523993e+01 7.938278528778026555e+01 1.043330991711327584e+02
6.653904270038782931e-01 -1.429290634217833755e+00 -6.025279472994638820e-03
3.237630415640983728e+01 -1.247698758440341926e+01 5.058008402865331021e+01
1.299443635875174641e+00 -3.614961538587820211e+00 5.992484523218906123e-01
-1.294709899466709890e+00 -5.377810434891761915e+00 -4.033527100201482973e+00
-2.097073506755942063e+00 -3.363484032532996215e-01 1.649923327949376795e+00
1.695838513208204112e+00 9.581946518330073381e-01 -1.385963001550265528e+00
-3.190278477027723270e+00 4.825154330333168984e-01 1.294961274473583668e+00
6.110397480239014634e+00 1.067895983882333422e+00 2.580376563441596716e+00
1.731569061631569539e+00 -6.005607479063637122e-01 -2.482912313752352773e+00
-1.100912217750635635e+00 -4.427139177946044946e+00 6.489151793726847472e+00
4.713304464614041400e+00 -5.465775563295210304e+00 -4.248139916636076485e+00
-6.974793118525757230e-01 3.141223408779894033e+00 9.837057633167749504e-01
-1.701996451073924055e+00 -4.450834340329729022e-01 -1.445234848733108757e-01
-2.640704351221444313e+00 4.291467291632799608e+00 1.839370351989571828e-01
4.047726637328026844e-01 -5.690063638845410665e-01 -1.270968250690402535e+00
-1.041817342096397869e+00 1.163955472545952219e+00 4.319786384839072291e+00
2.301678479699584834e+00 3.006973828298075690e-01 -2.312853719417474196e-01
6.060745147720941084e+00 1.520354223662577553e+00 1.479332342897958785e+00
8.465261666716124012e-01 -1.206190679253193565e+00 -7.514149803850781462e-01
1.090037045011987282e-01 1.329921937515238906e+00 -6.283113012705670020e-01
2.678444746659885967e-01 2.102684960046182550e+00 3.083319434799512759e+00
-2.852800389304680495e-01 1.076983259419883154e+00 3.475031881889217633e+00
-5.043191020161680305e-01 -1.878068313123096411e+00 1.013837631266193640e+00
-1.234734161740607128e+00 -1.637824096614297842e+00 -2.468498391163161110e-02
1.188647558339967630e-01 2.919036605460147094e+00 3.340274272957409529e+00
-1.234465532443145719e+00 4.021746178059435461e-01 2.541741559871318334e-01
5.762091559035921184e-01 3.777885993294216593e-01 -1.504079787980721727e+00
1.476779388186881814e+00 -6.908690921632659743e-01 4.964651956203725014e-01
-6.694918964345337287e+00 -1.187007664503429316e+00 1.038841781296321765e+00
3.056195106117758353e+00 1.577590779542120014e+00 -3.664434381965293586e+00
1.484367656052015860e+01 1.937120251790070413e-01 -2.389094236828311235e+00
-1.192801174027036809e-01 -3.926827798006752968e+00 9.657187968245747323e-01
-1.567952935066383668e+00 -3.082780044656351137e+00 -6.387378260004365593e+00
2.263992423792249298e+00 9.101388904465658181e-01 1.501195186710206908e+00
-1.697385094921374904e+00 -5.718833374748342191e-01 -2.268581587758167206e-01
5.510381887667803458e-01 9.040465197234735795e-02 -7.261142459198340060e-02
1.122860762131839829e+00 1.161096546047180711e+00 -4.373066748646773361e-01
2.907088247200904974e+00 1.603407523765191200e+01 6.108954471716813828e+00
2.232582721813337301e+01 5.750522330193517995e+00 1.901922962830085995e+00
-5.686485817725047909e+00 2.740012402690321203e+00 -1.191954550618561814e+00
4.848483481630685432e+00 1.102578261660622339e+00 -7.068743910236739980e-01
-5.716864767451410589e-01 -2.331560196394695805e-01 2.426983761393977090e+00
2.564133171453804039e+00 -3.068373551568825075e+00 -3.072308473720876121e-01
-3.070876822368780878e+01 -2.671669306572428937e+01 -2.172020592564241070e+00
2.895147336766365154e+00 -3.336061887486188593e-02 -5.528923720894281857e+00
8.215397484080346757e-01 -3.204865204333465556e+00 -3.576328958242301348e-01
-4.801346880899354019e+00 -7.598635528003819140e+00 1.659640915402489370e+00
1.737261370365138946e+00 1.872132951987933058e+00 2.915037648693917793e-01
-7.967166866390444913e-01 -4.550333537075892595e-03 1.124750446444713559e+00
-1.313260574585076945e+00 -6.164114239799051376e+00 -1.610918362629226053e+00
1.402534319344215907e+00 -1.322386265531826810e+00 1.563080819867752158e+00
6.469137954576483551e+00 -3.418986676676603764e+01 1.581673485795980838e+01
1.352840213095822897e+01 5.776249299287139038e+00 -1.469391443860533286e+01
5.958918966156139696e+00 9.803969705624393516e-01 7.520981485664564037e-01
-1.529265203487089719e+00 -1.105601844342715356e+00 -9.126547315610905597e-01
1.786427285325878911e+00 1.812748083481963424e-01 3.230688875094895884e+00
-1.523406584299604738e+00 7.362541882802144499e+00 5.945049228235048666e+00
-1.555190059247763656e+00 -1.354728146289897017e+00 3.213629059131124066e+00
-1.637746805989656051e-01 1.066351291960047298e+00 -6.721969341509196560e+00
8.334818314577784326e-01 1.139656339651718309e+00 -2.037745772151706714e+00
4.587421752051288770e+00 4.499383090044949185e+00 -9.922981211317960515e+00
5.898038030591123970e-01 -8.345051002611341140e-01 -5.286085474370070258e-01
8.685785128926371002e+00 3.516898140474036261e+00 7.193772886040534331e+00
-1.145043773308058177e-01 -7.051813782475764292e-01 -1.687020998356721369e-01
-5.585663057956723243e+00 9.015320828594127534e+00 4.038562036743246431e+00
-1.755092653812881709e+00 3.474830537560167354e+00 1.652806475380478979e+00
4.132321687496890994e-01 -1.817610017050967919e+00 -1.489282517691085106e+00
1.369342153198904732e+00 5.533519195370395494e+00 3.948204073721078622e+00
4.847711434117104590e-01 6.505674596170806234e-01 4.615434127034157008e+00
-3.729442641634020950e-01 1.552780348339686256e+00 2.791238274562645838e+00
-4.188981805621268539e-01 -1.824954344736694212e-01 3.128072732194699057e+00
-3.500549897932511811e+00 5.378628045361072196e+00 -9.497974199236336457e-01
1.964843919406084272e+00 2.028167155318029824e+00 2.795470947098815939e-01
4.252934261033641805e-01 -5.051384871128741239e-01 1.041919733017054206e+00
2.692118458426045535e+01 -2.949643575599742107e+00 7.001747933068431795e-01
-5.020728068332995786e-01 1.862514460486901058e+00 -5.783352393685519122e-01
2.069984850685517408e+00 -3.226666823121393524e+00 -1.421867387276915640e+00
-1.676947971225364320e+00 -1.416850350797142166e+00 1.434277562847235510e+00
2.476589876412949032e+00 -4.163313084449322687e+00 2.066621948333238645e+00
-7.947233678786883582e-01 2.055101889198201803e+00 -2.724539611347283341e-02
3.152972436419010371e+00 -2.563223110772685942e+00 1.083275338800343413e+01
-4.363325446793592022e+00 5.889364533086459907e+00 -8.309552932381653045e-01
3.600205169202493338e-01 1.296364856515162867e+00 1.187686653698073747e-01
-3.468860192404420228e+00 6.688307915493520994e-01 -7.829429257907440487e+00
4.251245851089041849e+00 -6.388036569385142194e+00 -3.634967794875627156e+00
-1.264824187255835009e+00 -1.731293882523134986e+00 1.399006572429345452e+00
3.713143249145581248e-01 1.212788228991543704e+00 1.022378200060703346e+00
3.290473343191521849e+00 -2.990579650613705565e-01 8.624759948879906490e-01
4.568302300077239586e+00 3.347540336473785239e+00 5.557986041889066087e+00
1.388937394531926905e+01 -5.266731906965548937e+00 -1.463900756562378547e+01
4.687159999370075769e-01 4.567537293968793044e+00 -1.233436875115019760e+00
6.627042684600245037e-01 5.692495635403473919e-01 3.166807223037810815e-01
-2.238104799165073100e+00 1.649873239131133262e+00 2.528724631977514292e+00
1.433154465400567679e+00 -1.762832060926515343e+00 -1.565969040814474633e+00
2.932447454755020999e+00 4.004819897210466495e-01 3.976623796383084830e+00
2.341335733305261346e+00 3.747646761559213946e+00 -1.006784606826060902e+01
-4.248805025922327006e-01 -1.781215003405031805e+00 8.284630901907895639e-01
2.422952823789356280e+00 -2.699179404565285600e-01 1.568818541568926639e+00
-2.851604539270318206e+00 -1.743372206986828932e+00 -2.182412453172043243e+00
-2.207004447705329664e-01 4.315460246992687487e+00 -1.781480422336262706e-02
9.367578582561091327e-01 -1.294901704243358820e+00 1.533413672732034216e+00
2.517974059200446479e+00 4.412908168806966458e+00 9.002131888617479483e-01
-1.779663374865497749e+00 -5.720827265637684178e+00 1.058251674975084544e+00
3.476350720513827319e+00 -1.105579062917511957e+00 -1.978700309900503218e-01
5.912277613145574762e+00 2.847782342184785875e+00 -1.447163539081560257e+00
-1.214202360065945278e-02 2.303485479739820985e+00 -7.743999019750953394e-01
-5.442792520520219668e+00 5.724908378355666017e+00 4.757400826929493398e+00
-6.825457019326589325e+00 6.899203191807828262e+00 -3.216164791898349140e+00
-1.171452091794503936e+00 7.181080648073497885e-01 -1.191451924595268164e+00
-1.306034934074826959e+00 -2.941028735400242233e+00 -7.777381523672421970e-02
9.099531307565439375e-01 -1.933977541841119585e+00 2.036246964722575825e+00
-7.426782549429328917e+00 8.760438665697931171e+00 -8.999680198594328218e+00
-3.232873701322584559e+00 9.123385059239646822e+00 8.536299559030637862e-01
5.186627284313936048e-01 -5.668514485683209259e+00 2.324384228927334206e+00
1.500787987812457258e+00 4.538145687927271688e+00 -5.048201692174253630e+00
1.217524016140826149e+01 4.342260360557546939e+00 3.396856059057562938e+00
-5.933176021231242103e+00 -3.420795093615458082e+00 7.180093814940907704e-01
-1.398428972660648917e+00 1.915474177863521144e+00 1.331965094081454692e+00
-2.039310192780531938e+00 -5.021237792205412553e+00 4.556615093385842918e+00
-1.002104935405491615e+00 -2.220721670020299854e+00 9.788874228909556052e+00
-8.469729732300403935e-01 3.120795669632267622e+00 -2.517198565355877715e+00
7.007397862071581551e-01 -3.923116891210754353e+00 -7.523001839442787775e-01
-1.089944262810597753e+00 1.031126721629356036e+00 1.809005280479038191e+00
1.354530120416655103e+00 5.006766169105570929e-01 -2.264546954211487328e+00
-5.615844264417914067e-01 2.730186667211518814e-01 3.366755028344784240e+00
-2.316336744116541446e+00 -6.355340546782398903e+00 8.966797980522015266e+00
-1.203104736803366492e+00 -2.533828996671091627e+00 -7.176648833194869681e-01
-1.338329292746086363e+00 -2.416273117513999757e+00 4.352304929321029192e+00
7.986401107867833637e+00 4.770149098708600377e+00 -2.541409238748834287e+00
5.638914184488840187e-01 2.743246238012199689e-01 -3.353093738973651483e+00
5.588181325901683261e-01 9.439505572428488200e-01 -3.365134753987675253e+00
-2.192052060815741665e+00 -2.523358268548774763e+00 2.351272692578927792e+00
1.148870190922103296e+00 2.573727318067474901e+00 -7.351603154151097996e+00
-7.733614588591604111e-01 -2.000270102571354069e+00 -7.640057612227225903e+00
-2.154877832498209855e+00 7.012349394040905126e-02 -5.142436386111807201e-01
5.120528408103597329e-01 -7.436638213776981532e-01 -2.021411301639875369e+00
-1.364013741230134968e+00 -2.107947331897499776e-01 -7.445691602982289492e-01
-4.562423713389985203e+00 2.275104391114588509e+00 -4.176740363224721087e+00
-1.121641935712320404e+00 4.141610002560907944e+00 -1.592404824766995075e+00
-2.915638370799786383e+00 9.418119708188573469e+00 -1.250879127477589670e+00
4.423597842031941063e+00 1.234361405127674338e+00 2.020206990989567242e+00
-1.858391241472266531e+00 2.727093932019868383e-01 3.696627849438292590e-01
-2.471003912862253848e+00 -4.913858416716199717e-01 1.833511641042650631e+00
6.330686534261726894e-01 -8.031040158574815901e-01 6.365508307620864059e+00
-5.419766384398120307e-01 -7.858162591141462983e+00 -4.467145909036038809e+00
5.154921087469678476e+00 -1.217253858996600435e+00 -1.840454979454382578e-02
-1.088432503835882414e+00 -6.882798402624434875e-01 -1.144055526730120675e+00
-2.916856041038968783e+00 -1.667796539358780805e+00 -1.244142590528284353e+00
-7.950150573626831862e-01 1.238016559092083996e-01 -1.694502508124924312e+00
2.640954272384421042e+00 -5.284469695843578840e-01 6.343221795899410542e-02
-1.746184149366680538e+00 1.007813239564169017e+01 -1.457644631923587220e+01
1.037255494553475377e-01 -7.710858887831042452e-01 2.982852689076763930e+00
-1.934836202850711007e-01 -1.709454422781257366e+00 7.889160676782214221e-01
-3.162699443036970148e+00 8.279874241479353580e-01 3.071449480105521879e+00
3.653617805185765954e-01 3.093059983146844161e-01 -1.279265290826689938e-01
3.410874047064356707e-01 3.702792933694733502e-01 -3.439716136774570998e+00
2.080745812939012840e+00 -3.019590270254628450e-01 1.341735723758042509e+00
-2.055923377147970577e+00 1.667759038840636032e+00 1.415635457399980757e+00
-1.109103337944051582e+00 -1.557008441370402174e+00 1.970943609663713181e+00
-8.384303662140297320e+00 -1.842311380585355485e+00 -3.020854909129353505e+00
-1.304441090343787302e+00 4.898175494985712142e+00 1.856658129920313982e+00
-7.741391764396258424e+00 5.141826594511219817e+00 8.656646731151900198e+00
6.614594998493882327e-01 -1.360907752143200256e+00 5.767711098852951190e-02
1.732524942269776158e+00 2.882648898749363475e+00 4.407962366425670631e+00
8.092280379368563814e+00 2.218351111919013352e+00 1.597833346942611144e+00
-5.699429142740969345e-01 -1.367428192994321057e+00 2.059824160511658508e+00
6.256225108538853164e-01 4.863894185950028870e+00 -5.511203614173677323e+00
-3.706557219918561463e-01 6.162198499129453166e-01 1.325572120529694198e+00
1.024265100582042010e+00 1.126364295271472304e+00 1.750717302216250104e+00
-3.008272559766977383e-01 3.544642505900215401e-02 1.620618158606276005e+00
5.138813617074574402e+00 -7.950771353691831855e+00 -1.337064214024625919e+01
3.566108390384137294e+00 1.084953498805964811e+00 1.498428192984266882e+00
6.060420577224302718e+00 7.149281453542830622e-01 -8.032604111507870570e-01
-5.342965676962261323e-01 -1.088461128123372701e+00 3.331771236681411175e-01
2.325059361947243719e+00 2.033441819099256254e+00 -2.293188631984368619e-01
2.670532989946721614e+00 -2.137321527655104969e+00 -2.936321736315778530e+00
1.496506675021444410e+00 4.035798491726459325e+00 9.729110453828329952e+00
-1.745806281272615168e+00 -1.014749705953255532e+00 5.327528268352338392e-01
-3.547616276281467806e-01 -2.720283558417939673e+00 -2.505361906698440944e+00
-7.090938673954015614e-02 5.656582100271459468e-02 3.114426074083548879e-01
-1.348727902673834134e+00 3.375420709316390599e+00 4.405944666079404382e-01
6.813299622953589818e+00 -2.094055998130547547e+00 2.915193492312929013e+00
3.525853775473076990e+00 3.688876855762164730e+00 -3.207992162672088199e+00
1.596331606388505353e+00 -3.130106074928504345e+00 -4.976481729262107301e+00
1.513922661311197793e+00 1.618113631104323158e-01 -7.339080002854518892e-01
2.554477325800530441e+00 -6.515965673288266480e+00 4.376874305063452653e+00
-2.759820504846146605e+00 2.126433392932702837e+00 -1.051457780620809634e+00
6.828700961560523197e-01 -1.893434669660809977e+00 2.432703573151727472e+00
-1.047188838703198455e+00 -3.744709589007265138e-01 -1.851123652343207859e-01
-9.552720574222288263e+00 7.273483310373263677e+00 1.483785714695231350e+00
3.883069722071656460e-01 4.499418399275890934e+00 -1.035656377773112169e+01
5.688273102476008036e-01 -1.196691518439812585e+00 2.780500714226758152e+00
-5.711654520407897451e+00 -1.912685096896563630e+00 3.681888348066986172e+00
3.281238646734006892e+00 2.947712585219782078e+00 -3.323835997792993879e+00
-9.363354113959744263e-01 -2.601023450536213311e+00 -2.785718576364245025e-01
4.942352669825575084e+00 -3.164708637735006436e-01 -7.024444326602477418e+00
8.111063162062813747e-01 3.279459597246255687e+00 1.583370149563110285e+00
3.924703002526812590e+00 4.263917630628809796e+00 3.618135393389934507e+00
-1.724071163844859700e-01 3.367677580524024883e+00 -4.239159265778501551e-01
2.429344312176065834e+00 1.095169439267034139e+00 1.363213062622634864e+00
-4.472937814129082645e-01 8.543653762527034790e-01 5.031160813097258711e+00
-3.063568027394174109e+00 -1.268167865578728204e+01 -5.237907854289333365e+00
2.342235827630374523e+00 -1.207271668008479404e+00 -3.944470894343227174e-01
3.184502088708541234e-01 -6.445714393185338231e+00 4.883892313926746276e+00
-4.353520874205845992e+00 -7.907733916333221647e-01 -1.992808943808761057e+00
-1.660165257925172000e+00 -8.034326957914104117e-01 -5.653412465513627527e-01
-2.465231961254137794e+00 -6.245151033847610167e-01 2.387548955437344134e+00
-2.831220428915779763e+01 1.939794081362330047e+01 -1.971399372890744672e+01
-9.146128074311793421e-01 -3.797832518814024727e+00 -1.006101124470016428e+00
-5.309882854399899266e+00 -6.110712440030354742e-01 3.650541220533256137e+00
-2.600504701641316085e+00 1.993865189259428350e+00 -3.470777214276836165e-01
-1.979945489689696858e+00 -1.888860341611652283e-01 -1.368915650631447267e+00
-4.178578751370818911e-01 -5.256202565782625014e-01 -8.104289090849897681e-01
-1.411037261787222441e-01 2.975668627562064184e-01 -2.298343329651425737e+00
8.221980089810701386e+00 4.965495127933013286e+00 -4.543093645737362962e+00
-1.780854585454233030e+00 -4.721141201943517274e+00 7.226753312786368122e-01
-5.319965170920494479e+00 1.271898376259772867e+01 -2.621771803756085095e+00
2.957572419481721671e+00 1.052045174957377371e+00 -6.791621304572098561e-01
4.242711100739021468e+00 -1.459625296342075274e+00 -2.727448587745293196e+00
-1.607537904601373580e+00 5.859989335880954719e+00 3.033596459600574224e+00
1.239493512763962357e+00 -9.146502226309742578e-02 1.869552129943686802e+00
-1.883729891033838033e+00 -2.160069207296120009e-01 4.370020531390318652e+00
-3.905773282626143761e+00 -2.035327576873978916e+00 6.208347022018443351e-01
-6.808269142719802769e-01 4.093061228518342642e-01 -1.183616772047143550e+00
-1.175399000755631640e+00 -1.383405798360273220e+00 -3.802173846845072758e-01
5.903460730793879563e+00 3.478829713109464983e+00 -6.744316478119306346e+00
-1.886299850320433125e+00 -2.327464703219999542e+00 2.115066430531152619e+00
-1.161155451910691250e+00 6.576596199766001627e-01 -4.385423707126810400e-01
6.668251704535779201e-01 1.284965107403649887e+00 1.922380814010983263e-01
-2.235241844172589420e+00 -4.529580511796105213e+00 2.613367415533110361e+00
-2.164117530549941826e+00 6.397343189227920890e-01 -9.809622556908321300e+00
1.503846716886717561e+00 1.559101017840996528e+00 4.564835433253364716e-01
8.466939853552061246e-01 -2.725402156076968674e-01 -1.138127305025566249e+00
-4.559961794126250467e-01 -2.088932074923581350e+00 9.864571973541279348e+00
2.189482556643502775e-01 -1.915805150909403398e+00 2.083382709914934239e+00
3.892330260310088441e-01 -2.501190118035607313e+00 -1.677283201035812299e+00
-4.581145473373203103e+00 -4.264416409729419932e+00 -9.416337050214515614e+00
8.770649738600182904e-03 -3.960931997085875178e+00 -2.151719733237253518e+00
-2.900943265015354378e+00 -1.285962168823816310e+00 -2.957193416809848485e-01
1.582992333112240857e+00 2.798401119591421793e+00 -1.102484034045066785e+00
-9.282185968370645357e-01 9.777302604845096445e-02 -3.509876631231409472e-01
-7.856069810037271672e-01 -8.812073512423992949e-02 3.464189778676871057e-01
-2.267339909551818877e+01 -2.100383945573177868e+00 2.766783855696359762e+00
1.955910527779306518e+00 5.959455467966371378e-01 1.996942574666231707e+00
1.105433854382297937e-01 -2.439445140952448465e+00 -3.185252437810481840e+00
-4.169874952377909949e+00 -2.632608490401909140e+00 6.755756329446435338e+00
1.804030983502189045e+00 -1.254586252237287258e+00 4.574205403369002276e+00
-3.575941622730840486e+00 7.830961186019279319e-02 8.155832056339087366e-01
-5.558285381825763816e-01 -5.098219207548697618e-01 2.683025488485091814e-01
3.774038626402681507e-02 2.189133642321051454e+00 2.129306048939787033e+00
-1.673078687200436621e+00 -1.570874430416264955e+00 -1.615443759400551904e-01
-1.148795878869325049e-01 -1.926194561713557407e+00 -2.632211498306768593e+00
-5.200788087987242569e-01 -1.362942551985692141e+00 -9.263387158743358052e-02
-3.039744020271642810e+00 -4.698990823584851206e+00 5.319342334463252442e+00
-2.520478572615833635e+00 -4.347593148618179804e+00 5.294959848229039423e+00
2.149492078679539731e+00 1.356204181272283815e+00 -1.792906737859162325e-01
-3.151331123123742722e-02 -2.626300679771874091e-01 -2.410271509261123768e+00
6.288391508790736140e+01 2.869281764768710019e+01 -3.088384153091573125e+01
2.600594492266119495e+00 5.429055036062477413e+00 3.540825816919896507e+00
-1.984161068253406990e+00 2.172932171399489132e+00 1.548907048114929630e+00
2.588690997584797149e+00 -9.982471425921091157e-01 1.653695005433164278e+00
7.673751580968080077e-01 1.659772212222674903e-01 4.057238876791204318e-01
-1.307724902768241659e-01 -3.055027228612117868e-02 -2.807184692734889797e+00
2.679918188046536809e+00 -4.465776780180296335e+00 9.968749004554002369e+00
9.534715153656726505e-01 -4.200684767806238118e-01 -1.174274166947602005e+00
-2.330362504450349093e+00 3.957389983539686185e+00 -6.384781735439513106e-01
-5.329803634410300361e+00 5.168899775890524850e+00 1.625780359245038653e+01
3.822183826128525919e+00 2.325685303630761425e+00 -2.872828680365473453e+00
-1.376502047107142079e+00 9.244203537230188950e-01 1.424820726675988247e-01
1.538350964869487969e+00 -7.952674519821922861e-01 1.443918792962046505e+00
1.105999603132230780e+00 -7.970428800494638866e-01 3.085572932650558486e-02
1.161901620225258336e+00 6.612530344020157713e-01 2.491393273376834028e-01
2.919614388798723592e+00 5.122849914889490153e-01 -1.500663706613597270e+00
1.360714577270433878e+00 6.924631209015545963e+00 -1.321664506799966610e+00
1.474690915321969387e+00 -7.591394609712173169e-01 -2.834236389027521508e+00
1.111472945896453846e+00 1.214154068537398823e+00 -1.163628035889128221e+00
4.306427101334739937e-01 -1.102471961387494037e+00 2.337532261441530146e+00
9.714312092506092178e-01 -6.245553795832083921e-01 2.041141961819861628e+00
2.807564206300353415e+00 2.360649782503655203e+00 -3.965397773926329084e+00
-4.975245811620377379e-01 6.577117770317493228e-01 2.973064678919460357e-01
-2.126809186334321033e+00 1.466187833285870212e+00 6.383176035542845739e-01
-7.287273654010656188e+00 -1.360806227404971702e+00 6.918755721620307719e-01
3.400438646529649334e-01 1.211850033232491164e+01 -9.631916927184725807e+00
-1.068098678319649997e+00 1.126357885087930777e+00 -6.952025509998446262e-01
3.292106275684890004e+00 -5.984724668671461689e-01 -3.473813490682946092e+00
-3.889800077740556805e+00 7.798461496923827507e-01 -1.042279344279813058e+00
1.313288411969768754e+00 -1.143624520207275674e+00 1.384852094674018819e+00
2.309878892145574181e+00 6.979123284151785844e-01 2.684514424407584698e+00
4.971181585118188195e+00 -3.596743398487357801e+00 -4.082302126406797349e+00
-9.820657760825287630e-01 4.536759946247177488e+00 7.850369365226393725e+00
8.372712828165959076e-01 -1.019429323097186257e+00 2.141649612768256050e-01
-1.005324664529311018e+00 -1.831416176004609930e-01 5.610877839382112375e-01
3.661038318852910312e+00 5.763100297361039015e-01 -9.540945895386829800e-01
-4.638384772786543486e+00 1.663631075771975637e-02 3.828954606031857999e-01
-9.668202064340134516e-01 -2.492622870898092646e+00 -1.556668724509557622e+00
-5.689423610883947990e-01 -1.933098580713709547e+00 1.252404483747278974e+00
-1.258708685958676909e+00 -3.183527668006594369e-02 -2.038431120868458457e+00
-7.768456624723921733e-01 -2.375364900336748519e+00 2.376441236369054799e+00
4.595776192879513999e+00 1.167578110464603691e+00 1.506162929301729569e+00
-9.491761122443478360e-01 5.811342319750310015e-01 2.319493580066774197e+00
-3.574698227282196994e-01 1.823069171077593031e+00 1.174802344112182650e+00
2.069805462120642758e+00 2.789265792222183293e+00 2.117849037025268388e-01
-1.611283642775983571e+00 1.273135194317841945e+00 7.366462326815228501e-01
-6.355844673367104569e+00 7.428423181525116270e+00 -5.507894153354094158e+00
9.260964533919437969e-01 -2.182196017728388338e+00 3.106900093295667631e+00
-9.554280432285909841e-01 2.895460697726708776e+00 -8.660863181858378113e-01
-9.029397627726746256e-01 -8.514015393079487071e-01 -4.526876184237086931e-01
4.937648875315704622e+00 2.260551970361680318e+00 -6.913932467387896852e-02
2.750478218617957715e-01 -1.126322206898369593e+00 -3.024139761014313921e-01
-4.512706088889545164e+00 -1.379733106237129636e+00 -1.409458694722208083e+00
3.912703388018276218e+00 -1.108146899894781046e-01 -8.027463424847254281e-01
-1.655114292470429183e+00 -2.912015970906702347e-02 -8.913760173670953746e-01
5.551238259634170280e-01 -8.973864504961484023e-01 5.364674092493773028e-01
9.461210052478055132e-01 -1.468417202974572566e+00 -1.074970403034690714e+00
3.034563930037774415e-02 -3.464769920796861413e+00 -7.664114290270129803e-01
-9.338264064973882839e+00 -2.993496529902888170e-01 9.456294408571843668e-01
4.328888715156469225e-01 -1.519013732835636787e+00 2.606985374231791663e+00
1.598832085764649302e-01 2.662655376888547476e-01 3.613846528257486312e+00
6.298934405665596259e+00 1.013354216605583424e+01 3.723129724489283032e-01
2.719040858148514150e+00 1.902555939892536907e+00 5.441339996538172574e-01
-1.306433776659628454e-01 1.974375256714204774e+00 -3.430557527624836567e+00
5.860872088835551441e-01 9.586420844803155150e-01 -2.026978697115517480e+00
-2.476674167699846940e+00 -1.641191045439799989e+00 -1.665026705423021225e+00
-3.335792216082575923e+00 1.887828673329914608e-01 -1.886431651419945732e+00
2.621708566277647812e+00 -2.028811441895364887e+00 5.882684672992146702e-01
-1.249439487978246888e+00 3.661071229751676981e+00 -1.235659206274958705e-01
4.521864375984293027e-01 1.277380653889578888e+00 -1.669903121772268628e+00
-7.242602264714765870e-01 2.411428028406958912e+00 -1.355299067855402440e+00
2.006837473491873247e+00 -2.928468687700677808e+00 -9.075021395189091677e+00
9.678147238739543967e-01 1.791289273959723705e+00 6.056938121362475114e-01
1.575344575477866993e+00 2.504950672653300181e+00 6.044489413814194689e-01
-7.144460776970238403e-01 -2.346042039831083059e+00 2.909097930391370546e-01
-3.785811049131928119e+00 4.431456917057027489e+00 -2.068596521291382828e+00
2.829755020936038701e+00 -6.063055223595031906e-01 -3.865715554544031374e+00
-1.359402596122891271e+00 -1.113207680117009879e+01 -1.687625180287952942e+00
4.980138950733656422e+00 4.133460729256994703e+00 -4.770857863596883242e+00
-8.894489760742107620e+00 9.813412692734237996e-01 1.078119408457272277e+00
4.367927037131927870e-01 -5.260046719846629415e-01 8.273444068663485140e+00
1.304044217595486721e+00 5.336754798393871901e+00 1.175717490771678975e+00
-2.137411212147914519e+00 2.327908103526119543e+00 2.788321475151624096e+00
-3.144973197234592899e+00 -4.393984825799364557e+00 -7.596462058814141827e-01
-3.398213148581783472e+00 -5.062595514918719175e+00 -1.949492003667995466e+00
-4.069282803735839060e+00 1.120959276954348161e+00 3.311679830993519147e-01
3.103606112213962120e+01 -2.722908830918460410e+01 3.380833206091691800e-01
-1.531000976875488973e-01 6.785190578680301565e-02 1.018023523324671498e+00
2.054760680502791814e+00 1.370652566893177493e+00 -1.366369227723849278e+00
-1.328823115789316001e+00 4.738751626788711313e+00 1.172925555524477481e+01
-1.171506359817220844e+00 -1.602511665478236980e+00 -6.479414105197485174e-01
2.009753095059291006e+00 7.366875788574044348e-01 7.673940980721944971e-01
-1.539664301585121242e+00 6.057926653000747841e+00 4.799513323299301248e+00
-4.193960882811838958e-02 -1.400809847230797711e+00 -5.425847914122634563e-01
-1.509328264851404455e+01 4.669518113653528535e-02 1.045904137565885605e+01
-3.349388483481479550e+00 5.071569714548933572e-01 1.340125088217750005e+00
3.101226249578878580e+01 -2.238961270765686962e+01 2.711769420631509675e+01
-9.730215241285337768e+00 1.774300936432329578e+01 -3.538012595327217458e+00
-1.330143027022504754e+00 1.818540819936041109e+00 -1.138911069963567169e+00
-7.183367909922043493e-02 -5.760044954394313854e-02 5.402222869593544807e-01
1.840614364954203941e-01 3.373154227307917363e-01 -1.054096779145243357e+00
9.005051383013294997e-01 1.238468761451535727e+00 1.297358751927310649e+00
1.376682716638292225e+00 -2.148304128232227939e+00 1.763221693797604461e-01
-1.098167764501594423e-01 2.941392650582440371e+00 3.587997722827246383e-01
-1.481268613192106287e-01 3.782145857477315909e-01 -2.039866154400820530e+00
1.835473194987426448e-01 6.793646106220333492e-01 1.387507788739084980e+00
-1.402827032200307418e-02 -3.329108825316321241e+00 2.199125190163341514e+00
2.626784483667655934e+00 1.868342539729339835e+00 2.121675198236926629e+00
-1.599197382937385559e+00 -4.055348799352223921e+00 -7.193837474869380522e+00
2.504752423267795347e+00 -7.550900724716671508e-01 -2.098918781664740774e+00
-1.125565863367055330e+00 -2.201826907499362940e-01 -2.779525044419989932e+00
1.356969372773806581e+00 -9.302557025640760813e-01 -4.129825899796879973e+00
4.593709675760021538e-02 -2.640094050564503636e+00 3.989129043291285148e-01
-1.355500848990301099e+00 2.820512984413698354e-01 -4.559799193664691996e-01
-1.420000987930103084e-02 -3.615979528427990530e+00 -2.225085894138477904e+00
5.179426827126723532e-02 6.127082763301129331e-01 -1.065314913887007497e+00
7.235398971443969263e-01 -1.118968141162359320e+00 2.858590995935256229e-01
4.549155268417753306e-01 -1.353278979624734868e+00 2.273235858397274711e+00
-6.753018491487315700e+00 9.574888590664205612e-01 -2.522875523072756643e+00
8.034990796567847982e-01 -9.431330776969091417e-03 -1.410609283319332885e+00
2.868852202555852507e-02 5.369423160221014513e+00 -1.278282333111439240e+00
6.306063721338722949e+00 2.081127486850848474e+00 -2.302841844881225786e+00
4.352822714222187805e+00 -1.390156033353907583e+00 1.830621073275545907e+00
8.432856218028986772e-01 -1.302944817195266669e+00 2.835868763769429979e+00
-5.498993560620573540e+00 2.134067602306334521e+00 -2.963910440808074642e-01
2.315519259471724225e-02 4.849567924237199179e-01 -3.513679356480948757e-01
-3.023503975503149532e-01 -5.417992681929681975e-01 4.756903517200343767e-01
3.380667262618472613e+00 -7.344465851924658395e+00 -4.450140930269340878e+00
-1.268031399856092367e+00 1.299937090462326694e-01 2.352791140415385895e-01
1.949294315710868419e+00 9.234126060697190885e-01 -4.346020736711538879e-01
-2.042113005774472523e+00 1.825482443299047297e+00 2.510552471040151667e-01
1.061517114000116058e+00 -1.816045776892258601e-01 -1.975307338298359472e+00
5.875448278815618153e+00 -6.684156694551939282e-01 1.283560825051941467e+00
-2.232047943658970190e+00 1.744521688285487260e+00 1.439176654427954949e+00
3.994723120570713881e+00 -7.087407081188823454e-01 -1.746498713743724673e+00
-2.600816182153006029e+00 -3.815785821200536887e+00 -4.680015630213822941e-01
1.436376103771734414e+00 -6.465309668533248955e-01 -5.822008508395442039e-01
-5.722179772158948907e+00 -1.409791895727092959e+00 1.285977000513802704e+00
-2.449365266711953648e+00 8.066418573498013167e-02 -1.064495635897733800e-01
-4.333369110200917085e+00 -8.633868186677418066e+00 -1.276732455131194754e+01
2.546830523221528808e-01 2.393736441693030237e+00 -5.372517252426698420e-01
4.876649270877733144e-01 1.926944316256480549e+00 2.035485661920523714e+00
-3.658383783624045815e+00 6.817254830571794599e+00 7.361274035262144189e+00
-2.497540168729357468e+00 2.087842441281516859e+00 -1.004636952436947617e+00
6.008944251246730595e+00 -4.354058167379172062e+00 -1.756851439349473187e+00
-8.310728800338434974e-01 1.494959503138876933e+00 6.180736296448298139e-01
-8.281468886652660899e+00 -1.633448234992952885e+00 1.312698313064224187e-01
-7.623971257881164476e+00 -3.117340262000611872e+00 -3.254923971248982362e+00
5.801292735275326296e-01 2.617464468163492684e-03 8.991596951468119325e-01
-3.421644100124351606e+00 1.589005992345132956e+00 -4.381938124743899543e+00
-1.319891808883547402e+00 -2.082386451822827667e+00 -3.438254741281786320e+00
5.859579681698896536e-01 -4.889693569885560365e+00 -4.193816571081507405e+00
8.164105925576410350e-01 -4.918433620744892210e+00 2.333489203552538971e+00
-3.293723771014685830e+00 3.006248503009008033e-01 -2.085556979805529565e+00
-7.508145957928333281e-02 -1.800453261369608704e+00 -3.580698018101907909e+00
1.293306070623237991e+00 -7.770796057538574830e-01 3.426254245812849764e-01
7.056402570024618015e+00 1.476206970264582197e-01 4.015003754824922666e+00
5.153367319093768550e+00 -2.122998377413229498e+00 3.192190783224852613e+00
-9.399046252973930482e-01 -2.350616867236924312e-01 -9.132242747434649033e-01
1.196538102570207229e+01 -1.055326548890651850e+01 4.752974309053136004e+00
-3.579220749462571405e+00 -4.196496596867686613e+00 6.284202249324390976e+00
-2.974981299688781888e+00 -2.310843626558755748e+00 2.592890131086255767e+00
-1.672356821513351743e+00 -1.226726740088778245e+00 -8.805722638503227229e-01
-1.539583363443330022e+00 1.954656914930874567e+00 -2.220726226569786022e+00
-2.686024978030443933e+01 3.612879217176200086e+01 2.984114193895145917e+01
2.881083452345579166e-01 3.824028134429872661e-01 -7.592902852934593771e-02
4.399434846529066134e-01 4.888631466529412606e+00 -7.758435539598039776e-01
2.484580505077967238e+00 -3.678506708016079152e+00 -4.338049694604694473e+00
-5.356696359059028856e-01 2.348522390632918455e+00 3.444481844311919172e+00
8.829318882870861529e+00 2.152624848875691388e+00 1.580224407277907028e+00
-3.483734807870613737e-01 -8.741740045933055203e-01 -2.177426967843587927e-02
2.419101347824887949e+00 -7.264573568471461851e-01 -6.774376390563209283e-01
3.191127783473435731e+00 -1.459492686296703368e-01 -2.342824265899891234e+00
5.733652974130688307e+00 -2.039793532650683083e+00 -2.955800274326145338e+00
-2.968109557875264315e+00 5.243636615157580838e-01 2.433511186893160261e+00
-2.291268045011185972e+00 -1.973671256521577266e+00 -2.327736370452764270e+00
1.231834207582542806e+00 -1.796361499099355719e+00 -1.438796396937114253e-01
-5.710032457005105755e+00 9.010554911985628745e-01 2.015575974710185569e+00
6.165148032905196640e-01 -2.368462125254627293e-01 -1.627532354530954128e+00
1.509100861883606814e+00 -1.693796574462509419e+00 2.036472583207368903e+00
1.014745824556607889e+00 -6.506869708449632972e-01 7.566916606656515221e-02
-8.400879870397905957e-01 -2.659040181124093127e+00 -6.535744845797978320e-01
2.875969173762800590e+00 -1.509672767887058509e+00 -2.341845020161450464e+00
-1.330675840068051619e+00 9.798405277340628272e-01 -1.057012801581179579e-01
3.217362959908257825e+00 -1.111658438029200058e+00 -5.632324264283732340e-01
1.897479781075732230e+00 9.542073450825498959e-01 -1.425636787088298885e+00
-3.742205407763615987e+00 5.063533521991752551e+00 -2.226227417245961515e+00
3.805141363257192655e+00 -8.720787829756836418e-01 -1.482087137082666262e+00
-4.033283911140909117e-01 1.132302566563361923e+00 -3.453650459623582414e+00
2.527158006097516285e-01 -5.216617086290860072e+00 3.591606556496065306e+00
-2.356788004557272220e+00 -4.641830755587088575e+00 -4.062894591424679902e+00
-9.488290480208627642e-01 -6.579298166913838397e-01 -6.647505516429485617e+00
-1.009683384995789135e+00 9.923883065044037943e-01 2.214899935658595442e+00
2.939194733869069931e-01 1.669334174324406783e+00 -2.244594949687240160e+00
6.995596655577033252e-01 1.874203889828588654e+00 -1.601494731447888231e+00
2.614438759386182309e-01 -3.757645384989484416e+00 -4.497181342183825120e-02
1.365880535325491696e+00 -8.560300760854064883e-01 -1.350853819948927503e+00
4.156468377301427708e+00 -1.930223793641158148e+00 -2.931915764805519853e+00
7.921907750461000042e+00 -7.812073924150113591e+00 6.020450402898421594e+00
3.125687177216445178e+00 -3.737836636659280121e+00 2.127727462189667573e+00
8.576195662685913490e+00 -1.555368197082301229e+00 -5.273809074435291677e-01
-2.699802338303369798e+00 2.800786264006640547e-01 -1.840886365719612283e-01
3.840513636546390330e+00 -8.098958930751537499e-01 1.363296659234369823e+00
-7.306601726685226783e-01 -1.728397700595477593e+00 -1.450746514974502244e+00
-2.102071913568279271e+00 1.456215523371306331e+00 -1.402191656203001457e+00
3.392642915090267497e+00 3.585525759463498829e+00 1.242544823367494011e+01
-2.901368858947799279e+00 2.508219830150179019e-01 -2.640904744102951618e+00
-1.779206343748101604e+00 -1.564111631536837743e+00 -3.230657460201136200e-01
9.923468741666628956e-01 1.844844021889017194e+00 3.224736886750545928e+00
2.421049587050740026e+00 2.728961866553121229e+00 4.914483652006115477e+00
1.123060167509716045e+00 9.388175145522886567e+00 3.485422116848776231e+00
-1.316414197129176067e+00 8.894770006529012507e-01 -1.831120027505877434e+00
-1.162099250802103256e+01 -2.772101837547180647e+00 -7.556478458411051147e-01
-2.899287243658576596e+00 2.723678494969691055e+00 -2.242492236574674003e+00
-1.163244904428621140e+01 1.132442628548294117e+01 -2.144128364756929273e+01
-1.196656426521336058e+01 -1.425696192868716849e+00 -3.294567583155519230e+00
-2.408081344015037928e+00 -2.528572332983625603e+00 -2.930984178315485966e+00
-7.331909048747029534e-01 -7.153641687429574958e-01 -5.822973863209973677e-01
2.590968590016785811e+00 2.179809645989505995e+00 2.299758937101593403e+00
1.913795363172741570e+00 -1.503733756059245086e-01 -4.831288573249264751e+00
-3.265994831124336417e-01 3.373012839675709529e+00 3.129874700380895769e-01
1.072315498832422165e+00 -1.862388536453267740e+00 5.821474299026423438e-01
6.546933649623842832e+00 -2.127338455411541762e+00 9.063316718205899347e-01
-2.587414300158335845e+00 -9.096898523025738204e-01 -4.053446280990629091e+00
-1.901249479977513701e-01 1.790938848695697860e+00 1.286848502261378258e+00
-6.279035854043600595e-02 -1.011788878454854546e+00 8.934901925991785288e-03
-4.854493781018610399e+00 -3.599985915336268327e+00 2.631730605472053064e+00
-1.395425954239998489e+00 1.827426482064560265e+00 -2.478634014002909947e+00
-1.331209992158150834e+00 1.426689777931028358e+00 -1.391228140373182987e+00
-8.272272940280561704e-01 3.565235989378113146e+00 -1.043820004898259768e+00
-2.349601434033355751e+00 -4.937916521968614525e+00 -3.439252096084358667e-01
-4.025768521360706842e+00 2.492265719857776674e+00 4.001677069754545180e+00
-1.502787458337575321e+00 -1.184889036558061548e+00 -1.508769271575794102e+00
9.458204312964666460e-01 2.202698226199353293e+00 -3.262307321211676658e+00
-3.989079315610362997e+00 1.892777476844515583e+00 2.264193790804455819e+00
9.868930614105168031e-01 3.514000621103120281e+00 2.913103304069204924e+00
5.202103145275488671e+00 1.006661677019079626e+01 3.821609641335853791e+00
-1.014195835662275336e+01 2.820753755149170150e+00 -4.295574890165113402e+00
8.961449420841027802e-01 -1.591420615267816308e+00 -9.633105752644475217e-01
-5.301679666566434079e+00 2.014787228984821255e+01 1.499959191496406108e+00
-1.583405153770869322e+00 -4.718348353219602442e-01 9.616341820735605506e-01
1.511854244046681339e+00 -3.067652506312731120e+00 2.062674732623682505e+00
5.427394893922686814e-01 -1.303432881404577914e+00 1.057358129449223583e+00
7.098388399979604912e+00 -5.490445739219030230e+00 9.491175002553328355e+00
1.149565715188024750e+00 -7.154493170401473812e+00 -3.355412870285134019e+00
-2.485507093223651154e+00 -5.130267483656386851e+00 3.177818797483066060e+00
-8.224075986128692728e-01 7.496920026371385326e-01 8.321470188042838778e-01
5.021755172877899298e+00 -3.104735125025369413e+00 -2.117752395451328429e+00
1.511127142054860428e+00 2.344570999076775131e+00 2.411414596256154841e+00
-2.485837239598669146e-01 -2.641924382961052142e+00 -3.727704009556559228e+00
6.527319998128448819e-02 -5.444139608642459827e-01 -1.448753460463207077e+00
-3.594353090302855325e+00 -1.306739233685379475e-01 -7.868859436898392179e-01
-1.328510722438073888e+00 -3.242260110631717485e+00 2.565684852608906663e+00
-1.072515817673080685e+00 -1.973113544819729670e+00 -2.753020085064171063e+00
-1.254098324875940751e+00 3.282375066153859322e+00 -1.676559628147870962e+00
1.662294764794399082e+00 -2.919435578637701312e+00 -1.986086107332167838e+00
2.937860172182506169e+00 -1.905904194592462852e+00 1.461423109004054977e-01
-2.602942086905828845e+00 2.912813961792739992e+00 4.231402825540354629e-01
1.773923283519944327e+00 -1.189068943170429993e+00 4.971551272859028536e+00
-6.665369706461182764e-01 3.947879291086530351e+00 2.150227671800236884e+00
1.318096306356372871e+00 -8.189067493666113418e-01 4.206289609659807027e+00
6.591144682049183690e-01 -6.948188885082149380e-01 -2.753291372105460155e+00
-2.216644035005248092e+00 -7.690167030815202587e+00 -6.228491226732278285e+00
3.701808631397563776e+00 -4.881598838649821914e+00 -1.416272585651771720e+00
1.054757111516806845e+00 -6.323964385330901328e-01 1.519748854492088297e+00
1.442362852694041520e+00 -2.185004478036317366e+00 2.034719982846676434e+00
6.028417186806036554e-01 -2.592764902896829149e+00 6.154318397807255758e-01
-5.943308531032935882e-01 -7.246360572828280944e+00 -7.790031397754875186e-01
-9.029446212687327389e+00 7.579618542791606295e+00 -8.431281018745000466e+00
-2.967251702700517413e-01 -4.730518048025015854e-01 2.622014072891715397e+00
1.259984707796937498e+00 8.490093190670626733e-01 1.109465716625478438e+00
7.032049955710522049e-01 -1.665506425112288080e-01 -8.488767906147418607e-01
8.996441261349166219e-01 4.015515578722428813e+00 -2.674852699741732565e+00
-2.114170801087404072e+00 -1.021383238548126959e+00 -2.563097374858788413e+00
6.255347412125016326e+00 2.826154170739361149e+00 2.679832627842674508e+00
-1.237445576181071649e+00 2.375300924057497653e-01 -1.784934346779914804e+00
2.624469695298795369e+00 -1.024159469095076602e+00 1.567357664341025636e+00
1.356826245296854028e+00 -2.968149227356986497e+00 -3.407695323464590587e+00
1.428199330792658373e+00 -3.360109739892079173e+00 -3.098478844062834803e+00
-1.004018599959604963e+00 2.162545200180104044e-01 1.811712278680340793e+00
4.995383267333877164e-01 1.623368293776077831e+00 -1.920989125319985391e-01
1.082022406528956759e+00 -5.694141504368882556e-01 2.033794403319593713e-01
1.183918377901473029e+00 1.390267471761628681e-01 -1.206330851349280309e+00
3.611087949323836255e-01 2.209304515921138190e+00 -1.364236952797488689e+00
6.617055024652539252e+00 1.126084802252063533e+00 -1.716933559886494987e+00
4.217691730993988308e+00 -1.452461143435392898e+00 1.277691619210040930e+00
4.583778523349143486e-01 -4.440878348825570421e-01 -3.947391744257254254e-01
-3.477379457018890729e+00 -4.801675089678587582e-01 -6.801458742387239687e-01
-1.639921476285605806e+00 5.002640705376478758e-01 -1.437917963377313590e+00
-3.547217449124978117e+01 2.514025006237850945e+01 1.541660403675158797e+01
1.756676306466631754e+00 -1.133549452756899889e+00 -1.618605086142258509e-01
1.621748134218721438e+00 -4.575425121238152926e+00 -1.290826656560173813e+00
-7.498882838694406194e-01 -2.537143301785865113e+00 -1.048512965086211945e+00
-2.035962149803718646e-01 -3.828171627007623812e-01 -1.155138257984071437e+00
2.328953460843611101e+00 -2.398845871167727850e+00 -3.773593463592841424e-01
2.142334926316298294e+00 -3.538577665201220412e+00 -4.593795117863757049e+00
-6.893315837316038586e-01 5.062443810879456718e-01 -6.819925296876397924e-01
3.120169115315032382e+00 -2.150736042823658600e+00 4.816792855844381216e-01
-1.345630045591195589e+00 -1.178184696794360331e+00 1.633012647403396578e+00
6.460851290560369886e-01 -2.411356616089274763e+00 -4.910171161817110885e+00
-7.561897482766306577e-01 -3.376166136227130465e+00 -4.204707765567794908e+00
2.437885789957225047e+00 -6.763413013531535123e-01 3.323642655209992025e+00
-1.680310250057071908e+00 7.925494712281087040e-01 -1.656845391873392526e+00
7.859137247361290823e-01 8.370818667450297124e-01 -1.735854356089430395e+00
-2.492593730059639690e+00 4.257772185956961719e-01 5.114519055958766103e-01
1.553719804392213133e+00 -4.625816496458448057e+00 2.241021286886379027e+00
8.121361109377704945e-01 3.276132367699704950e+00 -2.187578167529651729e+00
7.973401651627324505e+00 2.193362852304880661e+01 -1.092230049693294625e+01
2.063502832876646931e+00 2.364811173279239842e+00 -2.577974783836131767e+00
-5.451640459474239364e+00 8.894340142695137397e-01 -9.198138356793954529e+00
5.602912678858291695e-01 6.364412385997471056e-01 -4.903674371277137567e+00
4.395740808903555674e+00 7.326714923919794842e+00 1.397612652146650758e+00
-1.901741948258061976e+00 -2.944622386743581677e-01 -1.944209622674833771e+00
-1.812472499230282974e+00 2.759557016640003191e+00 -6.769004059224803527e+00
6.375040509911769071e-01 2.405748934835791886e+00 -9.717969392036476250e-01
1.781527949350572682e+00 2.089337764016236498e+00 2.109640445699290545e+00
2.132066692226398885e+00 1.259112364609412671e+00 -4.031935519822763547e-01
-2.600749520140094972e+00 2.461745342998365782e+00 3.597502776670888469e+00
-2.599270238742119599e+00 2.102268973797995155e+00 9.148029120018622562e-01
-1.550928083384390144e+00 -1.771782084794804035e+00 2.329797274061917278e+00
-5.363502810585482061e-01 -6.774795996306851364e+00 -6.652271985727038761e-02
-5.369273364182269859e+00 -4.445232097945329031e+00 2.614404635704524527e+00
-4.082411566429102301e+00 2.289237497457996096e+00 -1.733333937846754713e+00
5.682970244141080096e-01 6.927850632079469051e+00 -2.107662168330121766e+00
-1.614027577811924852e+00 2.056781973891380844e+00 3.045945762073507534e-01
-8.651277479414919425e-01 -2.269525664726601555e+00 1.054448254668333140e+00
1.812693769259229759e+00 6.221996604164148792e+00 1.175458478334886259e+00
-6.075786669423180797e+00 2.210865821925788843e+00 -1.778287531339407090e+00
2.726590811387993085e+01 -2.057210252169385356e+01 6.001105019859747536e+00
1.082578522818243094e+01 -1.242628701218395371e+01 -3.058412044448155065e+00
-2.225457109525164512e+00 3.075075372678188756e-01 2.220098325164268083e+00
-2.386296856128819477e-01 -1.606780087014984260e-01 -1.626055644812948453e-01
-1.287157648090750728e+00 6.524885187414964927e-01 -4.693042302883825845e-01
4.058842149245981190e+00 -7.284615505868315743e+00 -3.713631665061919440e-01
-8.224083663931012200e-01 1.260940118520587738e+00 5.834101278385888101e+00
-8.394659856753814431e-01 5.493129386675411618e-01 5.202928431002793452e-01
7.564698047782834056e-01 1.446628156633642970e+00 -1.920495097027950404e+00
-4.197925450241118739e+00 -7.450116904140516860e-01 -6.275280965203207106e-01
2.992828308940661763e+00 -3.595887262525342187e+00 -1.632969572761587385e+00
1.570419262064723487e+00 -3.890841511748222015e+00 2.161065881064172078e+00
-4.161823544527237573e+00 7.763097148334641151e-01 -2.363008576547631912e-01
1.617451426644114010e+00 -3.499711027543626063e-01 -1.118086464858382367e+00
-2.533221490573903445e+00 -5.412797020593541619e-01 2.137551944327257480e+00
5.195828494862935187e+00 -4.836203903413683669e+00 1.705855170211312100e+01
-2.108069860916150784e+00 -5.601147008596633725e+00 -4.089388105609710777e+00
8.530437424967858284e-01 -5.533968397964863506e-01 -3.475406404943875427e-01
8.773721897100982270e-01 -5.834815121822505724e+00 -1.248017953031301808e+00
-7.107892453076961603e-01 -1.621614163991403901e+00 1.176060398128958573e-01
2.114208596485902536e+00 8.673838853053772446e-01 -5.280251896865731931e-01
5.210528469583302069e-01 5.607965518187696397e-01 -2.239265563745696408e+00
-2.053224067123464636e+01 1.532154841811833634e+01 6.220814714091885911e+00
-6.212877938799737265e+00 2.317546703151024623e+00 -2.236413895390966800e-01
-2.329939501435991378e+00 -6.769039943880049925e+00 1.273805398901307617e+00
9.036811042738595035e+00 2.860945475890820600e+00 2.505139002262598780e+00
-5.921690395145082775e-01 -1.036845126355900870e-01 -1.531649355655593236e-01
-1.730220477526758671e+00 2.728102247098459276e+00 -9.260388207509915315e-01
-3.558890306136877513e+00 -1.054819702872038079e+00 3.968919777099201074e+00
6.643823166323495899e-01 7.021043522245949964e-01 -1.390030555866922146e+00
3.391036079487995014e+00 -1.594852857104484434e+00 2.305422537566362617e+00
2.387536547536421416e+00 -3.805661069130173990e-01 -1.504950986672402680e+00
-3.067677116124133962e-01 7.594073617231157369e-01 -1.498139700430428434e+00
3.572380908140927236e+00 -1.781206470920219331e+00 1.241611384223292758e+00
1.209791835123520620e+00 1.004673939064248955e+01 -2.011459598813766014e+00
-9.639256392323696687e+00 -2.428002152584480822e+00 5.569417943169963969e+00
-9.025884465884789210e-01 -1.541227386600397542e-01 -1.849494008121278510e+00
-1.147068215133360214e+00 3.782189578880535752e+00 1.363753369879009414e+00
3.489271204066584642e-01 -1.084880121155992860e+00 -7.391528803500655442e+00
3.520413587013813572e+00 -2.025225606899723640e+00 4.215194176875893817e+00
7.464697491385482442e-01 5.980288516132005405e+00 -2.457579356317888486e+00
1.608777628074987476e+00 -5.370109729058728298e+00 -6.603985631186611860e-01
4.639884003575717841e+00 1.358011444615687013e+00 -1.047816279638040138e+00
-2.654877309392454365e-01 1.963578566401079195e+00 -2.891904808090544954e+00
-9.828202268024352151e+00 8.086272879933108726e+00 -3.589633109196383121e+00
-8.644220120006077535e-01 -4.393703298756867603e+00 -3.322943286478411640e+00
-1.252937879427929335e+00 1.613956892275253630e+00 -2.512736508252138901e+00
-1.265958121668989689e+00 -1.878817924676209117e+00 6.940205370701169052e-01
2.622851644886394773e+00 4.921896419665391598e+00 1.470285549184696672e+00
-1.908274856061942470e+00 -5.392432147271023629e-02 -1.603458597100936966e+00
3.074986610562447931e-01 4.032040327434310290e-01 -3.577624505547262190e-01
5.362912826632965091e-01 6.054157376860160866e-01 3.870226516875785006e+00
2.076460560602817917e+00 -1.445769514916682486e+00 4.660845335681625401e-01
6.353999330077536589e-01 9.850575206654298421e-01 -5.008750816897399538e+00
-4.616967025692570559e+00 5.039251469651312654e+00 7.901442825417472449e+00
1.186592053834286453e+00 2.310329375964883969e+00 1.005169560373976756e+00
6.745586643357800449e-01 -5.493204783822827508e+00 -6.852897716961052765e+00
-2.513864906456781956e+00 3.155907669359986900e-01 2.726128791806166962e+00
-1.454000887712288748e+00 2.568238805179249518e+00 -2.330421931270935776e+00
1.256294950306023006e+00 6.851274746782501923e-01 5.205936725399147313e+00
3.857540116060990787e+00 -1.324109140586039235e+00 -2.448348140504709836e+00
-1.751721770087818708e+00 5.059198571746010842e-01 1.266654892758756479e-01
3.598667864853397069e-01 -3.437663657352487134e-01 9.066129175001883533e-01
-5.406847949565199984e-01 -1.088756507000113283e+00 1.788303128546260945e+00
2.588786251554213713e+00 -2.614272262088112697e+00 -5.922926090167642821e-01
2.925716994078059741e-01 -2.126848320503639034e+00 -1.054047647516131780e+00
-9.774785856853074328e-01 6.504786913347353483e-01 -2.030448873820145383e+00
-8.626472022370120785e-01 2.551741202466170311e+00 -1.287491304733640041e+00
-3.110412942734039010e+00 2.242977316552494660e+00 3.175534974369287333e-01
-7.274379532454506858e+00 -9.735143362404835798e+00 8.410961719080363608e+00
-1.699099643384280212e+00 -4.335990912051906676e+00 4.789204788497842813e+00
3.670308065730732316e+00 -3.289595318078008201e+00 -5.876303187995540078e+00
-1.809366370317285089e+00 -1.313322303740041830e-01 -1.164948787523217177e+00
1.114947040447693993e+01 -1.139948241943367790e+01 9.359053146684166435e+00
5.522567933928415052e+00 1.485176324200665754e-01 -5.452581842415503033e+00
-6.132546790639200607e-01 -3.570895305680998888e-01 2.918176072299405455e+00
-2.271199209996631330e-01 5.190084992203398695e-01 1.144959060264118811e-01
-7.260917367841963621e-01 -1.294204344553408825e+00 -1.937262215048308756e+00
-1.668074540766243175e+01 9.375499738130443461e+00 -6.911105355070131573e+00
6.013998405632607902e-01 -9.076315441510560134e-02 -3.786096937898831616e+00
4.538181863857895237e+00 3.364699645394539917e+00 3.972146025364700073e-01
-1.183168485020497512e-01 -2.977845112117814441e+00 4.629743159076685211e-01
-2.527167095121197082e+00 1.513095324191834790e+00 -6.627533084655142792e-01
-8.276743065201090488e+00 6.222297475712931458e+00 7.795752194759894671e+00
-1.203060229962224170e+00 2.648479752620565564e-01 -1.118026803355066434e+00
2.268299216845005351e+00 -4.638353723167418230e-01 -6.084577924858778353e-01
4.161844780823164419e-03 2.234553211183050614e+00 4.336786679628564234e-01
1.864104914489700171e+00 7.085242033415622975e-01 -3.153284566639883213e+00
5.787429152839909996e+00 -7.721757980862325788e+00 6.783957812953286037e+00
-2.929386692360093303e+00 -3.660487675500221361e+00 8.699541106725006134e-01
-4.739012379939925523e+00 -4.538731050935042255e+00 2.337915913876717600e+00
-1.520321307315904702e-01 -3.375302779744918102e-01 -1.554045258340125413e+00
1.920957568100173152e+00 2.182213361541469165e+00 -1.235696774875331361e+00
2.871548863231052628e+00 -5.268166985703547134e+00 -4.239581413868466875e+00
-1.249092036950351314e+00 -5.606067152998130076e+00 2.715717716411006677e+00
9.810878773099794836e-01 2.193676150785397017e+00 -1.702725637259590918e+00
6.956187483461869769e-01 -5.335454495252882623e-01 3.580661384921739465e-01
-1.402571212529121425e+00 1.517701620163888210e+00 4.028341440256308026e+00
1.966240226860265894e+00 1.958138314843500760e+00 -1.526527957582220596e+00
1.692869024295727387e+00 1.056087716403501520e-01 4.836824439737191783e-02
-4.286284920428559131e-01 6.043259905233051565e-01 8.444776594848764362e-02
-1.598704835259217916e+00 -1.945424774362274567e+00 6.436503688287340541e-01
-3.352898004112934149e-01 -4.826536158607913074e-01 1.470275088510879735e+00
1.918607032591755912e+00 -6.920152025169219734e-02 2.504114118723304916e+00
1.745984788630850826e+00 1.858097482508977993e+00 1.533316930571531067e+00
-1.433007973767513654e+00 -3.001134296396137380e-01 -1.972247042096700653e+00
3.325796918429613919e-02 -1.493680977873544702e+00 -2.862804002744006038e-01
-2.594443116891150147e+00 5.864083347262383228e+00 1.271630574334861596e-01
1.610638013420630399e+00 -9.732665227663510166e+00 -4.833843275509165593e+00
5.422034638873794998e-01 4.893009020963003386e-01 -1.108304955612333886e+00
2.298995098275513183e+00 1.326307032111623929e+00 -1.690977481552520811e-01
3.060859621919175044e+00 -1.911170810623339378e+00 1.047460131636691383e+00
1.733127754547264088e+00 8.852307967637613739e-01 3.562226330362341375e+00
2.286647505855437856e+00 4.057706912970926005e+00 1.383264146060008581e+00
-2.835939517021774936e+00 -1.233417776705391322e+00 -5.735254025326129712e-01
3.687016711813819736e+00 -6.245962958143104871e+00 2.537003829849542313e+00
2.657748144615225794e+00 1.954292276623187163e+00 2.637191005335574712e+00
-1.201148784165513961e+00 8.549975465574696232e-01 -3.035578620785545745e+00
-1.800358944203902967e+00 1.224105842535571753e+00 1.667719928254978723e-01
-1.929133267376679894e+00 -3.776381923635722671e-01 -7.051708069874738527e+00
2.315584424713638789e+00 -3.924867361367023300e+00 -6.549119477555572999e+00
-2.587988505963429109e+00 1.387897641405543281e+00 -4.892303723673976923e-01
1.383559092273266122e+00 9.827897779942963430e-01 -7.267246551731981752e-01
1.333741202641523849e+00 -4.731577955294617999e-01 -5.239939987092494533e-01
-4.513059915296241398e-01 2.195116071497796284e+01 -5.463288874668984718e+00
-2.689873799831860257e+00 2.169230378181146612e+00 -3.373657036375477425e+00
3.688520543026592602e+00 1.188002485897921012e+00 6.027455589238146061e+00
2.019435076270064133e+00 4.598740748612750728e+00 8.659942437448888697e-01
-1.641844186139780559e+00 1.967350027140840174e+00 -7.241963119744975197e-01
6.558837783317419223e+01 5.432307090357364388e+01 4.817584757233587034e+00
-1.166348873327977431e+00 -1.791599203020500353e+00 4.207125052154979117e-01
9.610334859233365945e-01 1.879796061080321934e+00 -3.129509118194020445e+00
6.658290180167505845e+00 5.566526470677516159e+00 -2.546145078225733549e+00
3.549442351842693744e-01 -3.234789934196319994e+00 1.954346320583423502e+00
-1.782187307643933627e+00 -2.041933957796499222e+00 -2.766222616958562974e-01
3.668563626702607827e-01 2.428751569453874160e-01 3.467889447155402483e+00
-3.513077939996391286e-01 2.281834969801772584e-01 -3.177893905411239839e+00
-8.455065162711328242e-01 2.542850741091666755e+00 -8.929489544546997948e-01
9.217334598906562482e-01 1.405078902114738071e+00 3.984245246191716827e+00
2.468764804163271265e+01 1.035370731443798853e+01 -1.384696942624856852e+01
1.042349834013963772e+01 4.613398368064370203e+00 2.197678541373186079e+00
-1.750017990081456309e+00 -4.036862859079639598e+00 -2.270635454410130816e+00
1.427955519390853967e+00 1.072156378759216322e+00 2.939304248185286017e+00
-7.508169743558215092e-01 3.244474402241079414e+00 -5.488124010730767166e-01
-3.466527205728633820e+00 2.769461127927945743e+00 -1.486099964190169986e+00
-1.359573497978229684e+00 -5.291447131463967724e-01 -2.059964216823795269e+00
2.354218739152915685e+00 -2.056186594663697242e+00 -7.901072862737512636e-01
4.966028300924668071e-01 4.390141712521700157e-01 -1.858127304187303208e+00
-2.293119998851980874e-03 -1.623866777765358427e-01 7.352668697779588536e-01
1.939636970945511907e+00 3.875114628128178973e-01 -1.395964041945114920e+00
1.763321071085128366e+00 -5.253836085437131320e-01 1.186189715215193008e+00
2.156428986007189463e-01 3.283768302329513888e-01 3.807255610500684395e-02
3.688121617910176120e-01 -2.942293709531594637e+00 4.179707450496243648e-02
2.277722007876486821e+00 1.743313009252938084e+00 2.481998822123989701e-01
1.116127699344638735e+01 5.988468971671004226e+00 -1.325503120258272816e+01
-1.077051554150104895e+00 -3.032133253839889853e-01 -1.733668282258460369e+00
-5.971041515616364315e+00 -3.760720244530475487e-01 -3.558338340665175181e+00
-2.522995659340317776e+00 -1.893061400144919526e+00 -1.258069194282064318e+00
1.015976753705515878e-01 -1.036448895716586049e+00 -2.330582575785625998e+00
-7.322145196269493894e+00 -2.742024913031976818e-01 -2.067417938776328068e+00
4.807230204323341916e+00 3.136074841240030331e+00 -3.128617798834825714e-01
1.653297572647141278e+00 -2.035400156376421243e+00 4.759312024014227482e+00
-1.530451385927416030e+00 -3.087385095123194034e+00 3.168964510290156689e+00
2.004743818209381079e+00 9.677225125214291568e-01 -6.703163516018078028e-01
5.376526994727480968e+00 -2.356846209625266919e+00 -6.280119466203744949e+00
7.000338446479742460e-01 -1.441257092711227816e+00 2.577151275219712101e+00
5.150202591998913615e-01 -1.677038736061701396e+00 1.558287036191584152e+00
1.065967288678991043e+00 1.376788060677373471e+00 -3.666653710632755137e-01
1.215571031732183727e+00 -4.239601600946017040e-02 3.631183016596030710e-01
-2.109092558351463698e+00 8.108655320061524563e+00 2.097625367949196018e-01
-5.067206093305465231e-01 8.965391806269522590e-01 -4.839172676021548547e+00
-3.890365913552032318e+00 9.187703293148544170e-02 -1.505308222078002522e+00
1.079644753444001015e+00 -2.727179355710896314e+00 -8.069485746781625002e-01
-4.189679056871029594e+00 5.179212136625058527e+00 -1.924146025756469758e+00
1.571932043656440126e+00 -2.224926549276415422e+00 2.088437210003361244e+00
-4.547244142531541300e+00 3.123123730262767905e-01 2.881262219896063570e+00
5.328441219335310564e+00 -3.810695972028413703e+00 4.043007837114200420e+00
-4.696849309795174121e-01 -6.223538057739972373e-01 2.306415393078904863e+00
3.471799902462311849e+00 3.191191890037207379e+00 1.991390414057661040e-01
3.929668146028019837e+00 -1.968387902510546628e-01 -4.772337207287767669e+00
-4.541659398326625130e-01 2.043156312638763961e+00 3.559680794629883627e-01
9.450155156741860685e-01 2.142731789351299820e+00 -3.649695558742962476e-01
2.380498003723613643e+00 1.912343921894111842e+00 -7.021240962455833845e+00
-2.463215338604213045e+00 -1.130909342576519094e+00 -1.458980700924835394e-01
-6.611783057825746823e+00 1.169269901911254550e+01 -9.744191414901417048e+00
3.851998327521554133e-01 1.562185515822683168e+00 5.277682652350629278e-01
-3.002969298819744282e+00 8.183734396169760617e-01 1.161806011030298258e+01
-2.569212010841759763e+00 1.118085625493738799e+00 1.452410984099542501e+00
5.349165868374682747e-02 4.320263216840937837e+00 2.537634311510486573e-01
2.846452259804497675e+00 1.269526180040436270e+00 -2.408495426523310154e-02
2.429641510297260720e-01 2.913899203961833884e+00 2.124934933929177650e+00
-1.806141186843922330e+00 5.420622864430303389e-01 -2.985908869802150978e+00
-1.460196972109573998e+00 -1.117728567671010476e+00 -1.186642773101732606e+00
8.952939768109948737e-01 6.700363042632463184e+00 1.333910167540856229e+00
2.195454422515844328e+00 1.190135741251499291e-01 -1.019895256727622934e+00
6.340691887565413909e-02 1.022724279477061016e+00 -1.911927742526336349e+00
1.948551000869392036e+00 3.711785135631294974e+00 9.635458692029232886e-01
-3.781635748291084731e+00 -1.884570214674872624e+00 7.371467385406739403e+00
6.038243264288354339e+00 5.297705597288816515e-01 -1.389017275952079622e+01
1.141966521799731904e+00 -1.949492045833686182e+00 -9.636404748070354742e+00
3.531079654491487751e+00 -2.542761955070035551e+00 -2.197480225437041579e+00
-7.324001468644659063e+00 -8.139642609530634232e+00 -1.271597874486950497e+00
1.809100003680206736e+00 2.946417198373581403e+00 2.711230000240093307e+00
-2.138985817431180436e+00 -7.087032651506558478e-01 2.598123612061799648e+00
5.656289250841706195e-01 -5.604382464226953964e+00 7.128256749165285733e+00
-8.020178764305409658e+00 -3.810797094350486081e+00 -1.059050620707956192e+00
-2.130289763972909867e-01 -1.416528596796548101e+01 4.345109402292779421e+00
-3.029209228434781576e+00 -5.287227620256952643e-02 -7.931323771705399428e-02
-2.165509752156672185e+00 3.240036121801769919e+00 3.189323912435295227e+00
-1.164635376539775891e+00 -1.396916634114934719e-01 -3.285643140812330110e+00
-1.457209860914613797e+00 -1.133924407533288381e+00 1.386561487715914032e+00
-2.938917147014232789e-01 -1.431719335486600353e-01 1.509364425613880512e+00
1.890022603850716632e+00 6.622654203520718097e-01 6.721441265304951562e-01
-5.231296233374970184e-01 6.818176737016042044e-02 -4.845509923275452824e-01
1.176814058310516886e+00 1.031820411228720147e+00 1.154670163988270826e+00
1.477404808903453270e+00 2.551079833224840221e-01 -1.765970902217593119e+00
5.303971072309010104e+00 -6.760360991460882651e+00 3.367238474815761773e+00
5.583436748408625583e+00 7.384205211671078795e-01 1.266907015007228354e+00
-1.474159941650759720e+01 -1.826386504737000394e+01 1.688373030058601998e+01
3.383341846487089910e+00 -4.048652425643640029e+00 2.266503953048052189e+00
3.575340875076922664e+00 -1.020898280281124615e+00 1.235445450316857707e+00
-4.166821907939137759e-01 -1.958528159058902318e+00 9.262227239791532840e-01
-6.761652775942518900e+00 7.177818554100252157e+00 6.715217915156946660e+00
-6.474258061682035548e-01 2.731696745542297133e+00 -9.742614683250164775e-01
3.328136254285639417e+00 2.440748768926607859e+00 4.562191302786448022e-01
-1.951776474625483981e+00 -1.430905009528800731e+00 4.611134891148678805e-01
-3.068713378906968714e+00 -2.581723199065978580e+00 7.680161930136065074e+00
-4.716774362927390052e-01 -3.417214017170725260e+00 4.672509773346477518e-02
5.004194926033814772e-01 -7.046173870449337073e-01 5.807565784255275254e-01
-1.219766196898955490e+00 2.220814529967608308e+00 -5.935266146050622860e-01
3.497386543435569095e+00 -1.143941016891597551e+00 2.038058290376508541e+00
3.604331473951161602e+00 -1.295252594865344875e+01 -6.325778108303595992e+00
-1.105811156401964723e+01 -5.662960180104422037e+00 1.437360366016750390e+01
3.018375822014275345e-01 2.972693659542964717e+00 6.835753865689737641e-01
4.671153299084384258e+00 3.951897538057993042e+00 7.462428512258296287e+00
-3.113957407744795347e+00 1.223404660915387021e+00 2.646988869857077820e+00
-9.660095413491507355e-01 -3.342465597859891169e+00 2.122496797123742396e-01
3.312623096921587074e+00 2.304345875622006545e+00 -2.052290598958282253e+00
2.327055832522172185e+00 -1.673976587950677608e+00 -1.441301888382542140e+00
4.898196147312999238e-01 1.895786188150997198e+00 -3.045551572059074008e+00
-1.623826024873882723e+00 -1.258276195795002605e+00 -1.185323487791492436e+00
-1.284963064712511815e-01 -4.116840379230918834e-01 1.620639286628695386e+00
-2.112500287569520907e+00 1.298042098462589999e+00 -1.070330007117572979e+00
-3.457584450950447863e+00 3.471157659006455787e-01 -3.353197322778310951e+00
-5.390705899861121253e-01 3.029279844395360577e-01 7.012946058956829321e-01
-1.641088942751006696e+00 -4.259100589105287993e-01 -4.266609964163022184e+00
4.631437640902215769e+00 -7.801334021358321547e-01 4.416040458136468172e-01
-1.488258071955980366e+00 1.852113911161090476e+00 3.005805128022322470e-01
6.727052886249330399e+00 6.513264997567778103e+00 5.801791173904106813e+00
-2.869589407828889716e+00 4.198127629069888789e-01 1.673373204748265231e+00
-4.469252245077248276e+00 2.031689937631733223e+00 -1.054931769349480497e+01
6.736903009663932629e-01 2.099567704897645548e+00 -1.603719923497500810e+00
-3.006531387201872185e+00 -1.366058637364287343e+00 -3.430888310283891407e+00
-7.748057363233071371e+00 7.351452792004034009e+00 -1.101719012530571717e+01
-5.905903721009986285e+00 2.023963702523348118e+00 -8.530230215636962043e+00
2.453737235547285511e+00 -4.946824381564869810e+00 -2.821377797750915573e+00
2.977882009556080956e+00 -2.749298804781862948e+00 2.849595785455963023e-02
3.041653217689075817e+00 -2.911978287425293299e+00 6.772857316725087173e-01
6.087238222812927368e-01 6.722486940717649073e-01 1.397461220327286924e+00
2.539187250631427251e+00 9.850854699313059015e+00 4.855779435669139943e+00
-3.223883615007508308e+00 4.290788808680473743e+00 2.613729334451178943e+00
-2.082077056764507716e+01 -2.350327048660583529e+01 -3.589233874213427100e+01
6.324731151317156908e+00 1.007434598037654894e+00 3.898886373091668966e-01
3.022469098524616093e+00 5.258477580289275810e-01 4.489937167404432827e+00
1.992371101546554613e+00 2.500746600934617536e+00 4.901774830406100847e+00
-1.438588433876192507e+00 1.967577650384465970e+00 7.890341389004080774e-01
-8.913585765227448832e+00 -4.474976679690663595e+00 3.803401577180358650e+00
-5.633381110357847943e-01 -6.010380417637588568e-01 -1.579118694549002999e+00
-3.228330440064511864e-01 7.236943616032485149e-01 1.075970505286181433e+00
2.860841904635285093e+00 1.773147215067493621e+00 1.570422455845826848e+00
-1.985958476306205756e-01 -1.159454892286283956e+00 -1.625619224115497419e+00
1.873295161223707261e-01 1.471227641337027769e+00 -6.178961486788695501e-01
-2.101471670860203256e-01 2.117827093151257056e+00 1.947639736523226306e+00
-2.565974979589502603e-01 8.645130382978528871e+00 2.220022326179204253e+00
-1.713036417360067620e+00 -1.119989458884873557e+00 9.188575519573761730e-01
-2.153919828382749202e+00 6.536650432915837028e-01 3.736215825619889852e+00
-3.204550810628585822e+00 -2.448818641972776433e+00 6.897599785537521511e-01
3.658272367564324057e+00 -1.888776655077947897e+00 -1.437962818345792648e+00
-4.132313142452967547e+00 -1.513168417353806383e+01 3.035227506114129170e+00
-1.641430339114642756e+00 -2.296377453555894732e+00 -2.837951870181813607e+00
-2.368661111123055107e+00 2.573851829789538748e+00 4.417935638427361034e-01
4.629609153859114201e+00 -8.831204422488515560e-01 4.207532519861717724e+00
-1.480689644830780471e+00 -1.057103447573273014e+00 -1.541562142216374776e+00
9.263139369348870611e-01 2.391737062551725135e+00 -1.682844822115982186e+00
-1.131599772032784390e+00 -3.708854132792045011e+00 2.223955701551691533e+00
-2.855820211626276972e+00 -1.332847673153268575e+00 -3.231247086427697646e+00
1.111713449325483216e+00 1.393748015592567224e+00 -2.571093748408801005e+00
-8.502299063814751090e-01 1.215057509453919105e+00 -4.193216999719675542e-01
-6.938353539946791493e+00 -1.708987156149578857e+00 5.432987814248208203e+00
6.673342367066426917e+00 -2.115540481757962610e+00 6.225791657569199167e+00
-2.452514947005487667e+00 -9.312012665488124119e-01 3.494581760237459034e-01
-4.897751172926577690e-01 -1.237766210114983778e+00 2.151288291494882488e-01
1.422191946712419997e+00 -9.662966190220009244e-01 2.067839150040927443e+00
6.752960923284708761e-01 -1.925775480696618303e+00 -5.188344096668228156e-01
1.245291961135650549e+00 -1.702949753647875264e+00 -1.486173853266046452e+00
-1.299427985169147037e+00 1.862719737587260616e-01 1.365753209097581911e+00
-7.608563248576817983e+00 -7.511619433334784102e-01 2.461167231976643333e+00
2.727295882685272677e+00 1.273990231483131508e+00 6.651679388594528675e+00
-2.614179917922222263e+00 -1.865708572989542222e-02 6.383615571670469002e-01
2.231191854221267867e+00 -3.527032081413175924e+00 5.126846714771986946e+00
7.100200018181578310e-01 -4.036800662209168777e+00 -2.536854665333326153e+00
4.635781883567368089e-01 -2.998342012529989109e+00 9.955593479910335164e-02
1.042337688970530962e+01 -1.300091472946540261e+00 -4.322109301524554859e+00
-4.424451080742273668e+00 -5.831226954413208929e+00 3.410438860064222144e+00
1.427556830336868643e+00 -7.705657042724775030e-01 5.232063748698979389e+00
1.887370513365414837e+00 -2.589354422874850403e+00 -6.379426389948882559e+00
1.675868573131263431e-02 1.316143578232444322e-01 1.926883200895735726e+00
-1.439700248448385345e-01 -1.753961310986083821e-01 -1.922234562997485463e-01
7.514550029731249525e-01 1.527090990047142993e+00 -3.295679987097762886e+00
7.041260980113731804e+00 2.934013502023553155e+00 8.851009050049297500e+00
-6.383822732224945229e-01 5.427701140182954187e-02 1.381472809742671171e+00
5.652831840254218143e+00 -4.394548346139163009e+00 5.458511353739763372e+00
-2.250895113372240797e+00 1.174953459774287001e+00 -1.334669060163150345e+00
-1.995481381738415383e+00 -2.059807000158855761e+00 2.400381092527384963e-01
1.302340456080121056e+00 -2.409708487921316256e-01 -2.437360159768054313e+00
1.723201949696249735e-01 -3.740285006756443043e-01 -2.632213523903975450e+00
-1.640678653614385141e+01 4.484418222599988901e+00 -4.570951925012028738e+00
-4.259721619918502844e-01 -2.741148865460131034e+00 -2.061881159969628285e+00
5.147435249395949652e-01 1.210985868764590911e+00 -7.739787692545589959e-01
-2.598721433505853540e+01 2.926671553759530919e+00 -1.819523167860527479e+01
1.217024074025810254e+00 -2.900686154692889041e+00 7.003675971237340869e-01
-6.667153720291152830e+00 -5.942241550880786427e+00 -2.455699584785566270e+00
-1.293963537430594002e+00 -8.240423041522124126e-02 -9.314765476874323769e-01
-1.449756263346263729e+00 1.428215455037472381e+00 8.018933951501409085e-01
5.265912193710341471e-01 -1.410645010944101507e+01 7.763144626589663311e+00
-1.441762133636510956e+00 8.274247134879271215e-01 4.472464321240026131e+00
1.119944024858700438e+01 2.460067771156998706e+00 2.750823621961944188e+00
8.649805822305937086e-01 6.381225289415948243e-01 -5.642145803275252502e-01
-1.083704464891909747e-01 -2.005844787448431088e+00 -1.956058064729557566e+00
2.033261447127894250e+00 -2.557846883262632431e+00 3.269905762025309137e+00
1.753014920532331322e+00 2.039801902396905398e+00 -2.252693127289494834e-01
-2.333071371816232364e+00 -3.421362383302724464e+00 8.185383903907906822e-01
-1.642012020759090252e+00 -1.783986655661880416e+00 -2.952903810479998281e+00
-4.175931513127260075e-01 -9.226642108368352524e-01 -2.321152262852881787e+00
6.366082911698148550e+00 1.042055088153278852e+00 4.128946139337422334e-03
1.304598865206181069e+00 -3.933840322041769477e-01 3.104550335198789091e-01
-4.242562300616992133e+00 3.229849246702311549e-01 -2.069675555010110468e+00
3.918441423284829472e+00 4.101858844822783290e+00 3.152729227288559422e+00
3.430783865163547497e-02 -1.015700994414569652e-01 -3.953396264527924697e-01
-7.468476169053818836e+00 9.173093636713096188e+00 -2.637435803814102364e+00
1.378662075377207863e+00 -1.005413433963713077e+00 -4.905406713015906250e-01
-3.899367065989966519e-01 5.220311029619358889e-01 -1.813979145327029974e+00
6.010189516407457022e-01 -2.630919940757740161e+00 -7.903528245914112071e-01
-5.032440243275752012e-01 -3.144780946073504890e-01 -1.350262503383726775e+00
7.279601834889499301e+00 -7.419146326518866630e+00 8.281959847073167680e+00
-5.172948237923757908e-02 3.256184937201923035e-01 9.074793579724091952e-01
4.141807063076474726e+00 6.361069822359928239e+00 -5.999335478110773501e+00
-6.443061476930642684e-01 1.409051530605304636e+00 -9.709300755922721793e-01
-1.153844153203407163e+00 1.626423608952340727e+00 -2.276495051552637872e+00
5.015057838325794215e+00 -2.364794816044718750e+00 -8.301728628877366178e-01
1.540847741508980073e+00 -7.634773680786632877e-01 1.718792550235836547e+00
-7.393772993641354319e+00 -1.018459136233311968e+00 -1.839849505170265243e+00
-1.721738532117606413e+00 2.524688808870085399e+00 -7.700881732052369255e-01
8.617422158803534904e-01 -5.501479040717698332e-01 -6.379696176225939652e-01
6.436616220892843465e+00 -9.127732314621058718e-01 1.055829915975602107e-01
-1.289423465045689632e+01 4.539664645494055684e+00 -5.860398417776568891e+00
1.509037249149118631e+00 1.539644723401490056e+00 -1.743896795217779738e+00
-2.104435283448965688e+00 1.734254457388424875e+00 -5.944039703408637854e-01
2.158963715218499946e+00 -1.107526610512260978e+00 -1.043584762255497012e+00
-9.932517193713681636e-02 -1.483725739978021707e+00 -1.115385032033127333e+00
-6.611767754541871156e+00 2.006814461993324805e+00 1.535215279569773994e+00
-3.602889492952464856e+00 2.083195649715771758e+00 -6.453037447990354059e-01
-3.616164075946599610e-01 -1.179143225531210426e+00 -4.448794746809539569e-01
-3.429861166134934303e-01 6.615837493006789805e-01 -3.247018108991049257e+00
-3.160312080794966505e+00 5.352168307519361568e-01 1.155621787269233591e+00
-1.400608590366249828e+01 -6.440666786996777304e+00 9.677658633269079047e+00
-4.587594803053982734e-02 -1.487149916291674367e+00 6.081575965206377221e-01
-4.226186921258059392e+00 -8.267328788109310267e+00 -1.836867969300226555e+00
1.218550216143679393e-01 -2.668979995799510174e+00 -1.713774220061615949e+00
-4.279712522397394636e+00 -3.447231333987457180e+00 -2.815473151857120104e+00
-9.062416374701397492e-01 7.641691975433079209e-01 -1.263736116141278565e+00
-4.499173026304656431e-01 -4.128765785203267202e-02 1.604454718040401628e+00
-1.041152033813300548e+01 1.000421228200036161e+01 -9.938410317595458565e+00
2.404492999577528156e+00 7.413982994885949473e+00 -8.429982250267197941e+00
-5.900930480352325702e+00 -1.022500567429949392e+01 -3.566619808974215822e+00
-3.681507633643972266e+00 -3.637920018666592537e+00 -3.381902414619465613e+00
2.395954572449627396e+00 3.639899612455821387e-01 3.562513481819717498e+00
2.232317516756566533e+00 -3.161055652979409825e+00 1.945389263003444613e+00
-4.616216306113704704e+00 2.404856486630639445e+00 -1.187612374105427193e+00
-8.638105939520790422e-01 -6.333994992431605020e+00 -2.199649885583481890e+01
-1.078910945744552041e+00 2.818796430513853535e-01 1.468067245342939309e+00
1.806935438687833351e+00 2.173875020433742311e-01 3.424305702015357333e+00
1.359447005155303811e+00 -2.190166126536372104e+00 -4.284681298011856043e+00
3.775896817720079679e-01 -6.971396428194511462e-04 -1.416156786087305886e+00
4.786059780042036138e+00 2.799010138392029390e+00 -9.096745612506531575e-01
-1.425363537757423638e+00 -2.548386742420528872e+00 -1.757674666544382314e+00
-2.712700316448693805e+00 -4.140400947465627812e-01 7.446577536075269066e+00
-2.647855954907214482e+00 -8.656562158690755959e-01 -1.388275595411226471e+00
-1.542967123096150583e-01 -7.992461238817433200e-01 2.278488688362777514e-01
1.607162457657814514e+00 6.756727680647570677e-01 -1.787849889330379360e+00
9.261651030637878534e+00 1.043511529682051808e+01 7.493677687891900696e+00
-1.865008622702182484e+00 2.762858954497630304e+00 -1.114034751453002681e+00
-1.152993380352809627e+00 -6.076188074047387033e+00 1.016759417590074221e+01
1.330352875475649510e+00 -5.604206533964251058e-01 7.834845928402770499e-01
2.597369391034478614e-01 -4.436111797636372422e+00 7.044208224376294680e+00
-1.693534671026120320e+00 1.276132313219857650e+00 -1.893526424254405871e+00
7.552451999663822857e-02 2.549339536648407734e+00 -1.128864131474359267e+00
-3.930750407233181698e-01 -8.594093316632713808e-01 1.451075598208432904e+00
-4.149498795980041344e+00 -8.278035346052117216e-01 -2.451579963343795576e+00
3.795322929261843448e-01 -1.831124450017185712e+00 -2.833093164530635200e+00
-9.889083676879202311e-01 1.314638352366658047e+00 -2.871358575089899556e+00
-1.539274536303681051e+00 -3.894768618910017022e+00 2.588682530213531230e+00
-2.727774495092778473e+00 5.079994215183272210e-01 -1.111776430696685969e-01
5.087296473298804855e+00 -9.963424096457286216e-01 3.293471509512662543e+00
2.515034730712044642e+00 1.009049533106401109e+00 5.482567148704121651e-01
-1.667767429229153775e+00 -2.149192566542976301e+00 2.320421778588301898e-01
-4.685943448944077439e+00 1.972668652146809753e+00 3.612950879937030901e+00
3.410736182159211372e-01 1.681377474945707107e+00 -2.502264215702856731e+00
3.506438919109721386e+00 -6.989553615367948503e+00 2.000636876593409885e-01
-4.416147650471379471e+00 2.944867363457646103e+00 -1.475267544792471464e+00
1.553168925970930814e-01 -1.903903302559745603e+00 -5.957976414270333976e-01
5.168527433178761399e+00 2.071645256540121327e+00 1.931873475407043239e+00
-5.429952808650592821e+00 3.890287938772789111e+00 6.142640413140100231e-01
-2.778234359055617997e+00 -1.200861054441815012e+00 -3.436147182747449347e-01
2.210093202301763871e+00 -1.927625596351399073e+00 5.525020856808408709e+00
1.752293867922364079e+00 -5.524451595088998523e+00 -1.402482138709435944e+00
1.379648052479409914e+00 -1.259072673987648106e+00 -2.788614963367774813e+00
-8.335299438633886338e-02 3.138422835234835340e+00 -4.198829762516677278e+00
-5.670199067034347173e-01 2.784943461019556032e+00 -4.426741275601079550e+00
-1.408623647621540353e+00 -2.321409686842107689e+00 -3.719513443049648593e+00
-1.532686175258153316e+00 -8.111210200195558828e-01 1.600594503676930014e+00
1.434271492462297314e-02 -5.139265992032903130e-01 -1.876904885776149223e+00
2.258593509351576767e+00 3.321997839856855705e+00 1.256016813816582534e-01
1.581866153309772649e+00 -3.238657529361486098e-01 1.206096724265427245e+00
5.042575900981317583e-01 2.631899842251235633e+00 8.743654772951316989e-01
6.462646174450699388e-02 -6.529514962212734641e-01 3.199840889040143632e-01
4.389961205418782875e+00 -5.486496039237694688e+00 5.417908166431196548e+00
7.878129409533133343e-01 -7.979252610603152496e-01 -3.871090241153796740e-01
-7.715425592742176653e-01 6.274818577131711983e+00 1.109189024088573339e+00
-1.550029769050656192e+01 1.337671861330763079e+01 -5.114702256391659319e+00
-5.391084154501818437e-01 1.067023436307015682e+00 -1.313588170789237619e+00
1.149963274590036333e+00 3.922021355996699210e+00 -1.035135833387576865e+00
8.075640305123024665e-02 7.348639654066472238e-01 2.831930471246956404e+00
-1.276528616666429417e-01 4.912462091037025580e+00 1.362633775835340455e-01
6.928650761944210590e-01 -3.982755374085764632e+00 -1.115985190300959440e+00
1.333945686878895698e+00 2.816737011342387298e+00 2.446089579471504294e+00
-8.178432837360661845e-01 5.610352426331257636e-01 -4.009373954811742413e-01
1.752264707721912229e+00 -1.008221115212434515e+00 -1.508350754056333898e+00
-9.198997349130566548e-01 9.983641130570995725e-02 3.765521874012964787e-01
-1.216829220274977086e+00 1.018871836281349808e+00 -1.716024019658716648e+00
5.244846257102320913e-02 -8.373539980818271999e+00 -4.532561652867393320e+00
-1.985658568288825254e+00 5.022276366206575027e+00 3.383314095603196847e+00
1.443130054471053914e+00 -2.088926145184470506e+00 -1.906578638302615536e+00
1.389084433742832303e+00 7.925581157928038856e-01 1.661131505360730953e+00
-4.341779801735024535e-01 9.838906187480549459e-01 -1.578562546600140726e+00
1.227766538276922614e-01 1.270571080922016538e+00 -2.619815173875204906e+00
-1.700646409319031660e+00 -1.894096980232873040e-01 -5.074462180111488641e-01
-7.547466053017849452e-01 8.708301979854357056e-01 -6.338872299355255979e-01
-1.137249456258379920e+00 3.562134482775210387e+00 1.444553611233559742e+00
4.953689750597783714e+00 6.933138901362486672e-01 -6.368949345637694437e-01
-3.351456477093136321e+00 6.822240003413436726e-01 -6.742193673491191364e-01
-1.003845682658464744e+00 -1.500938408191475393e+00 1.379624027283944399e+00
2.687956853761197529e+00 6.316550526500790852e+00 -4.795792451121261735e+00
2.522083461617083078e+00 -6.939730591297952333e-01 3.304064620508417427e+00
-7.890775206561085220e+00 -7.723876345688256428e+00 4.360000520792124412e+00
-2.365443693209671405e+00 -5.514438686726396144e-01 1.681276008692590418e+00
1.822574529684473366e-01 -2.871148074040466458e+00 8.524271931965895499e-01
-1.266609631220607213e+00 2.304084231484001766e+00 -9.900625115389989350e-01
-2.355913701862528242e+00 -1.421511588924394998e+00 1.531808652462754106e+00
1.423436001043199450e+00 1.182405876748988394e-01 1.554685958278135272e-01
-1.557146139863749390e+00 -3.720555566763991351e+00 -2.063207818577891040e+00
-5.846910625494676772e-01 -5.548595609345642332e-01 -9.182391288800683116e-01
3.140445990061492498e+00 6.774369743780916941e-01 -1.084214272351138098e+00
8.032669726211313588e+00 7.634540897425081241e+00 6.020342154133027535e+00
-3.703225585807790488e+00 -7.348875590046645145e-01 -1.523368819425014176e-01
8.467720889505883974e+00 -1.684141799270395257e-01 -5.384692594058693160e+00
7.099151723163148908e+00 2.296748707313654947e+01 -2.658673671666202498e+00
-1.053388464893683096e+00 -9.855939703977194544e-01 -3.109404371206864748e-01
3.442821807996915506e+00 -1.602073111405365236e+00 7.928341019431565107e-01
2.078590722021289583e-01 -3.200661817299079726e+00 -2.363926626120408159e+00
2.511218845601925764e-01 4.672735010833226066e-01 -2.592605604586086354e+00
2.943836391824762977e+00 -1.851084866327925127e+00 2.068083984050496760e+00
-1.022391092254214318e+00 3.604306551259237601e-01 -1.865884668655440004e+00
1.007429758531410924e+00 1.237933810380186656e-01 -3.455144140464645908e+00
-1.859216308415258867e+00 6.571445646039359989e-01 3.311086361422055813e+00
-9.774208391446799205e-01 -2.462626779261030130e+00 2.042924590420077458e+00
1.372129163640968263e+00 -4.717352957133456925e+00 2.641656945509231580e+00
2.723530254860982019e-02 2.390480193067808512e-01 1.004024926296783887e-01
4.419357790757093979e-02 1.304816833465462178e+00 1.473606820481808466e+00
-1.079846090169767692e+01 5.880655915808770118e+00 1.017284956366863030e-01
4.735878879056137913e-01 -5.455974415839989211e-01 -1.577017963200298745e+00
7.248845054191901838e+00 3.139313005492389230e+00 1.633679579135058013e+00
-7.152348974326177000e-01 4.345060065376870062e-01 -2.275844466392666021e+00
4.517970225351129798e+00 -4.299375449430133500e+00 4.030262630647182043e+00
-1.617327259793659155e-02 1.243302369954237596e+00 1.418681075451494911e+00
-8.869242885156520817e-01 5.236142927739217967e-01 -1.776847744728634604e+00
-1.833791557894921986e+00 -4.714427639061392061e-01 1.437853348344145576e+00
9.449876417205655965e-01 2.039416502378761376e+00 4.391305073761300193e+00
-3.578788615739104895e+00 -1.392104672440832136e+00 3.825916281246785289e+00
-1.748927980982281749e+00 2.676273422748205455e+00 3.515026682711435146e-01
-9.602487748826351588e-01 -8.431006891368179046e-01 -7.706060933435135984e-01
2.176276354916905298e+00 -2.939376153936164915e+00 -4.343230306059457368e-01
-1.186852531826852603e-01 4.186413890850087527e-01 -4.324503063088033228e-01
-2.294978071576478929e+00 3.351428350850437887e+00 7.045821462573016447e-01
-3.361140583966492290e+00 -2.793166870454572681e+00 3.849299703536543049e+00
-8.457188379665424804e+00 9.228495020494715817e+00 5.815296141370448169e+01
-9.047856361711927420e+00 -5.779858607846726670e+00 4.501897210672637373e-01
-1.620417622093406063e-01 -1.462217513842675398e+00 -4.947782498222659808e-01
-1.184178225798645068e+00 2.834379599503771274e+00 -3.187640330176676251e+00
-5.234286474653202070e+00 -5.133907623543906285e-01 -6.026300774975599239e+00
-5.849991728902197963e+01 -4.933538443447989863e+00 5.757453172739813141e+01
3.000000000000000000e+00 0.000000000000000000e+00 0.000000000000000000e+00
9.089393009094488551e-01 3.117385402755431301e+00 -1.906059418783704329e+00
2.742618766250007223e+00 -3.517480370897677622e-01 1.311996282754342102e+00
-2.926508325306323322e+00 -4.123165020060395314e+00 3.011885250964787097e+00
-1.172417463911206825e+00 -6.925557709042545751e-01 -1.043105560278210914e-01
1.440432178723573209e+00 3.013828010818548342e-01 6.445605281835931066e-01
1.654288423199895108e+00 -3.089359811769166075e+00 2.047146545859425681e-01
8.424400413584464120e-01 3.130747910275154755e+00 3.469062450978485090e-01
1.233568467551661163e+00 -9.119780663974438317e-01 -1.402188886643797705e+00
-1.416833523913507475e+00 1.342904507908362133e+00 3.430765893471904082e+00
3.334366329381489802e+00 1.481475700282377739e+00 -2.193871136272153993e-02
-1.405883717253960885e+00 -8.595086949109591590e-01 -1.353783903713825065e+00
-1.352990989095236074e+00 6.284939064141727982e-01 -1.166674412846972153e+00
3.345101221485661469e+00 -1.206568363852884795e+00 -5.029818163108923379e-01
-4.163495191504922310e-01 3.329449890101673581e+00 3.373150121522119349e+00
8.154609797661859227e-01 1.649507128820797641e+00 2.908450046432596636e+00
-3.646601485882604021e-01 -1.800427204577397688e+00 -9.510828137618759781e-01
8.090418486951900245e-01 -1.254193002298037873e+00 1.899741502752907707e-01
3.978306959931051101e-01 2.927426777197887020e+00 -1.483835821670122401e+00
-1.676316546553397790e+00 3.616437720526088917e+00 -1.855151636773636037e+00
-1.035761123930708072e+00 -2.472620776787339825e+00 8.110250205398034096e-01
-7.356702324602342191e-01 1.103990218792146871e+00 1.368278027091948679e-01
-7.821708246328501479e-01 -7.134955857875938667e-01 1.683166187730887220e+00
-6.354007645356508638e-01 -1.747412955079762353e+00 1.140870297411048062e+00
-6.730995858207917681e-01 1.063474839906787706e+00 -5.823454924486006767e-01
1.614409637875475756e-01 -1.068961256310750008e+00 -1.552509535290711007e+00
-4.859513280015437253e+00 -2.081577843646416959e+00 9.876435999989062742e-01
7.570600877513168347e-01 -3.362783328358387447e-01 -1.235353936982914957e+00
2.101871163425610867e+00 -5.956580809326669224e-01 3.354603803227545478e-01
-8.423391180540937828e-01 -1.063315624752478650e+00 1.369821081629869486e-01
-5.050166745661969214e-01 -1.398055702431524362e-02 2.134951948829381385e-01
-4.758644408501470635e-01 -2.035540501070575381e+00 -3.051585257155363440e+00
1.342042817507445251e+00 6.257207952368554205e-01 -1.138151146964226479e+00
-1.281777487155502326e+00 -1.174349386827399089e+00 -1.069544091720502355e-01
-1.832487377743504675e-01 8.765195625624924158e-01 2.369655485688023422e+00
1.973346022544295142e+00 1.637234840630410027e+00 -8.921115805046910818e-01
-4.288258359811151221e-01 -8.713876340333746029e-01 7.333769001269963006e-01
-1.277895094423495692e+00 -9.977525939960316670e-01 1.506660226756510124e+00
-3.216448498673329048e+00 -1.061696012607403095e+00 -5.063422187342855318e-01
-2.355948144124650590e+00 -2.774300136873279143e+00 -1.624602262315207435e+00
-1.693518454454969069e+00 3.667315194334066497e+00 -4.617648695767878619e-01
-1.903418038009624835e+00 1.635525644652329635e+00 1.353969256804663068e+00
-1.225600188511883015e+00 7.836439558007928241e-01 -1.267930794368655745e+00
2.284083703126374432e-01 -2.542012985298519601e-01 -1.998022083633957113e-01
-3.933194646731888455e-01 1.359710309041708420e+00 -1.994743563406435438e+00
1.801082262116567856e-01 -1.369436801181179053e+00 3.423347391592994171e+00
2.769387249455566913e+00 -4.830826138092330635e-01 1.256353583718284872e+00
-4.754162818708944638e-01 6.888530965306585152e-01 -4.844861461539240466e-01
1.063038663869616540e+00 9.734586888652972947e-01 -3.962454268208932984e+00
1.225606695506525901e+00 9.993027195495411963e-01 -1.525102050925015273e+00
-2.075624027302891139e-01 -1.304004577328098602e+00 -6.085242043937854062e-01
8.079325241862488349e-01 2.691246219304397336e-01 -3.623159829505546159e-01
-3.809959839185878661e+00 -5.198486770490731157e-01 1.511790423698872621e+00
2.149575677216938541e+00 1.560142919383686211e+00 -2.754175774198708293e+00
-8.333781396118704610e-01 1.075699546902792569e+00 1.035903555032096357e-01
-2.715999069257382659e-01 -1.291674463117568949e+00 -8.162722502480659337e-01
-1.939088978108224892e-01 -5.208655985435538538e-01 -6.178243645323827637e-01
-2.612121223960470751e+00 1.600321041743085981e+00 1.278252108118995700e+00
-5.309240899475069497e-01 1.787801945228836731e+00 -1.293839497927026461e+00
7.987785064816251834e-01 7.457798570427095486e-01 2.063182415546360282e+00
-1.707429907483307141e-01 -2.889221393986767250e-01 2.897692287595248217e+00
1.810720991582305928e+00 2.329035956488897607e+00 2.458230631460405213e+00
5.327352754891162556e-01 -1.046473996658063399e+00 1.675359303523819010e+00
9.851376725494613573e-02 4.788381298586621426e-01 1.533511190564170290e+00
-9.022072187163940882e-01 -3.087759291449420740e+00 -4.283112986530160371e-01
3.103246595901609783e-01 -1.556077716208014161e+00 -1.097762178547645462e+00
-1.662975857358852894e+00 2.291548386383709168e+00 -2.349255549257708853e-02
2.260112563674820052e+00 1.924739505672641848e-01 -1.861813171909849629e+00
6.126185893868092425e-01 1.052704926840118071e+00 -1.709859202976339976e+00
-1.024837187910074165e+00 -1.798992278236422493e+00 -1.812282788823364132e+00
-2.728431437517634173e+00 -2.223104411032962524e+00 -5.336512738966967540e-01
-1.093285933691906520e+00 -1.575116367517644722e+00 -9.706114333869088062e-01
1.163142250732916771e+00 2.528421469480668926e-01 -1.206994732767054712e+00
-4.045047326129870280e-01 3.249277910228037136e+00 6.451413995274061230e-01
1.223774623645584203e+00 2.329729832924670507e+00 3.235203478554329326e-01
8.320425070997642392e-01 -2.178553761286268486e-01 2.812372912786413437e+00
2.889711896848521366e+00 1.384240577051777943e-01 -1.570081967862523964e+00
2.370611106615796437e+00 1.000745103103425127e+00 1.282485978993847198e+00
1.372319302525378815e+00 1.490459238080054927e-01 -3.304783589151706114e+00
6.923032546067887649e-01 2.420981617572684375e+00 1.755976944954835028e+00
9.315061471043588615e-01 6.846265907819846230e-01 1.971369295227435314e+00
-4.248618612621698709e+00 -3.301154912763855087e+00 -5.279889078415032078e-01
-1.571704507344914570e-01 8.772559225786543680e-01 2.520108686325599034e+00
-1.052297730596669423e+00 -1.611658885600196989e+00 7.323211929875970139e-01
-1.399175934628455353e+00 -2.923369426420358019e-01 1.130228007950245361e+00
1.914248191130288435e+00 1.531746755815949212e+00 -3.207030367675319238e-01
2.799293731720830514e-01 1.128911153642152693e-01 -5.434849794138604251e-01
1.722998332317429160e+00 1.261371411748684890e-01 2.304995897423022022e+00
-7.033120304782820575e-01 2.732103920016495380e+00 -6.594468639254897901e-01
1.374372698464817910e+00 5.705111184443903971e-01 -1.806881566792856830e+00
-1.537729295602377810e+00 1.040874427947534597e+00 8.478879991210587219e-01
2.831606319372035885e-01 -1.441172391179451617e+00 1.037267025605229209e+00
1.074353997427833995e+00 1.352073136821669630e+00 -2.295893566470414565e-02
-1.548516637915980487e+00 -7.231526648039178218e-01 -1.631319576147335082e-01
2.474104222644220030e+00 6.203695575489764913e-01 1.050635641596104897e+00
1.889417498655328875e-01 1.573565933136525041e+00 -2.182513605146537028e+00
-2.764001623909394745e+00 7.250464257684177127e-01 3.192021933905532460e+00
-1.772751797183669709e+00 2.834922347291878975e+00 1.590713892805834417e+00
-3.630541321549825007e+00 -1.342960202005588854e+00 3.016395804486532661e+00
-3.108029721125201039e+00 1.593282257886364794e+00 -1.598923262222153641e+00
-1.094500997526871799e+00 -3.580473122565577260e-01 2.371989514191572557e+00
3.091698707735427432e-01 4.111322073725965254e+00 8.272264051462548951e-01
8.778323884434984237e-01 -1.164895236355731889e+00 3.042616729117152974e-01
-1.080782634114758611e+00 1.330018757754019232e+00 -1.050726418211574753e+00
7.576005110462347147e-01 2.427918477416571630e+00 -1.759445440657689153e+00
9.966322050653360076e-01 -4.240737903696170097e-01 1.297190899590151270e-01
1.474445610452767452e+00 1.043179031877716989e+00 -1.941913303649190070e-01
-4.588000862215255715e-01 5.991375670788412489e-01 -4.206590779968029103e-01
-7.137668302450368429e-01 -1.091567713461504274e+00 1.078843400852195433e+00
2.052372770377868694e+00 -9.156506377994328982e-01 1.819583001504656128e+00
7.843456124488024095e-01 1.277910059372974194e+00 7.989561833504961186e-01
-2.198618254056365975e-02 -1.883342863980297030e-02 -2.830829417104695267e+00
-7.108581281515369277e-01 -1.388927103838233812e+00 3.743515655089190708e-01
2.203920916278872433e+00 -2.046650890580917093e+00 -3.509515587586865548e-01
3.221478196685133355e+00 2.405372832087368629e+00 -1.902534180956179766e+00
-1.382709576368343907e+00 7.480751059359421751e-01 -2.625715882052277017e+00
-2.149863002940541001e+00 -9.608842216068479436e-01 -1.756371045063818581e+00
1.041866307287489413e+00 -3.987299272359476343e-01 -5.600192128668556729e-02
1.126665350154266720e+00 1.009305324330946441e+00 -1.321664169990490967e+00
-4.862044840635993403e-01 1.123610105561787531e+00 2.461903241905233131e+00
2.903107983446862050e+00 -1.953501841933694250e+00 -8.276876722788744090e-01
-1.312118656250218063e+00 1.783868061096764990e-01 -2.552355926106800954e+00
3.168468140209790840e-01 -1.255853857720101052e+00 -3.859444547544352289e-01
-2.529732734701314989e+00 -2.180341423964328840e+00 5.402466930406107926e-01
-4.095349157571598342e-01 -7.782110159245685388e-01 3.285502028921607476e+00
2.050078062403542845e+00 1.026089138073901674e+00 -2.742923314627133013e+00
-6.843419260466934162e-01 -1.388168881194395077e+00 -1.736805712954800351e-01
-2.207006121311034796e+00 -1.248760141424661158e-01 2.292564367145626392e+00
2.864026896102588982e+00 -3.936379336427672460e+00 -2.750149305076658557e+00
1.332555945908805661e+00 1.261978098867035658e-01 3.955533002776123741e-01
-5.902542779195226741e-01 1.741478479706433657e-01 -2.643578741406770599e-02
3.204705784254957113e+00 -8.779072591261642966e-01 2.169915083086899621e+00
2.944142909329695579e-01 7.539598356702136295e-01 -1.455371358193257025e+00
-2.891910612103963940e-01 1.976862744740396582e+00 1.405154926328463505e+00
1.002519220311946402e+00 1.080399700204030672e-01 -2.969297774259549993e-01
-2.380498133076810463e-01 -6.427626423107950515e-01 -1.261646354781457591e+00
1.762094452043677428e+00 -1.656069099764866381e-01 2.297860701014579288e+00
3.932294097153760104e-01 1.497405886649013640e+00 -7.981051656530470106e-01
-1.136576262503107948e+00 -2.608204049691745241e-01 -8.941911492188596711e-01
-4.468699270103216215e+00 1.271583924967318646e+00 1.417669178645550643e+00
1.419477147702634001e+00 -4.208238446376444841e+00 1.547609761744206391e+00
-8.428723174576447930e-01 2.091970872001243542e+00 -1.837213057460657994e+00
4.621590650962469765e-02 -1.041661924415488327e+00 2.725594934387521873e-01
2.376144216202679349e+00 -2.819540155564745465e+00 3.390249064166711013e-01
9.733332966148435794e-01 5.182106144359505118e-01 -1.686770045167730991e+00
-4.113737528788818487e+00 -4.679939145864456251e-01 -1.150363508344322661e+00
1.077432861558071275e+00 -3.907921000803123435e-01 4.422161302825845519e-01
2.538322693076033421e+00 1.047818478013644361e+00 1.714456562114443638e+00
-3.120528664444025546e-01 2.940782316988640233e+00 1.519616657286178452e+00
-7.712982471520223315e-01 -1.923994254882546440e-01 2.820053953070762454e+00
-3.605548311181018928e+00 6.903347800549831659e-01 -1.747822321544205471e+00
6.134957535156247699e-02 1.521102457579913692e+00 -1.051309144799681849e+00
-1.674003986806829269e+00 -1.018219900619074858e+00 -2.460972402332826103e+00
-1.899217533036847427e-01 -1.362098945006946948e+00 6.641397973846100422e-01
2.678278012023279420e+00 -5.404993099673057744e-01 1.224192407514570924e+00
2.120188837522691383e+00 -2.584696313969096493e-01 1.648476714329268011e+00
3.443942237612521051e+00 2.095847846016641647e+00 -2.687110452410313766e+00
-2.844703271687588853e+00 -2.936822090158339282e+00 -1.838541894475141714e+00
2.766545784476779346e+00 2.776856526966433591e+00 -8.043282464474945659e-01
-2.089585407188374155e+00 2.309384635730398649e+00 2.146032083630176057e+00
-5.556978330573626446e-01 -2.116627902797103999e+00 5.053113256113438423e-01
9.392655413979321688e-01 2.074355213857518088e+00 -1.275742037006579288e+00
-1.161530768298998595e+00 -1.322803014445429470e+00 5.951171655327588406e-01
-3.754021376985514635e+00 -5.989609598978569149e-01 -1.460355546837158180e-01
1.722854514656879887e+00 -6.018572265750099515e-02 -4.618048476551929182e-01
-7.426250837635596236e-01 4.626168856108736072e-01 1.786994983181648733e+00
-5.349995054281901474e+00 1.424515040849689607e+00 9.836691173413237843e-01
1.062058804215739727e+00 8.751583609055313406e-01 -2.858733569080416981e+00
-3.070249376921578843e+00 7.368743478121306256e-02 -2.409412967570469799e-01
3.224761884447515103e-01 2.582719348024411499e-01 -3.732496555789921455e-01
-3.254327379516366303e+00 -1.708089546244132340e+00 -3.939759562997585118e-01
-3.031486026896368813e+00 4.194057230070177833e-02 2.723341879305493318e+00
-3.135516292332104715e+00 2.426998833008012113e+00 1.181276754624395742e-01
4.368118795371690233e+00 2.066483681670175654e-01 -4.222355509502278004e-01
9.742668753356216460e-02 4.260316336243820667e-01 6.096092086816317090e-01
-2.642613221847259775e-01 -7.612742561892543725e-01 -7.735128212601977138e-01
-1.421781751286770090e+00 2.214796244904918332e+00 -1.084683230422061717e+00
-1.388584208353925431e-01 1.947229553528529111e+00 3.094631746783863768e+00
-1.018676023895881549e-01 -1.931585712394905174e+00 -2.250572479357207722e+00
2.637127678563094157e+00 1.296005242361439436e+00 -1.104145648719516259e+00
-2.623210436390740696e+00 -3.831819870436786069e+00 2.848626457545772706e+00
-1.611337662625348832e+00 -3.052538294933852536e-01 3.044100094198899598e+00
-1.544173569056956463e+00 -2.633284429659380255e+00 -2.757046594397329464e+00
-2.270391383167318811e+00 1.091937433431678511e-01 -7.606644642517976784e-01
1.303034279737159684e+00 2.274506726844465199e+00 -1.497585765347882125e+00
9.361136774357348145e-01 -9.983097849427000625e-01 1.291505550922170453e+00
1.143000963392144964e+00 1.888204977775795212e+00 -1.362955357477254381e+00
4.226503310028473237e+00 -7.460899439418886558e-01 8.894031610076281735e-01
-4.181895634644561266e-01 -7.987770597163283970e-01 1.829117007751423829e+00
-1.496736007889533093e+00 1.262700178196135781e+00 -1.546953326323665445e+00
-6.442944973361583449e-02 7.864762205676751883e-01 2.074575886436673233e+00
-2.684966326174498263e-01 8.916118138022907091e-01 1.361797064726652851e+00
-2.621089356118267322e+00 -1.161366797085227942e+00 -1.162766124631225750e+00
-3.692131442599937419e+00 -9.652997008861102790e-01 -7.320926180800115812e-01
-1.706511902137054726e+00 -1.793880999223723016e+00 1.580255621601667881e+00
1.668479393431325564e+00 2.412793627329842261e-01 1.696273045481123953e-01
-1.349701178933930823e+00 2.661154933706247339e-01 1.587542621135268783e+00
-9.252308793941805831e-01 2.067783768327199567e+00 -1.516902243318958565e-01
3.060991629976136608e+00 2.150953157107805325e+00 -2.294481070870249273e-01
2.806081353758599573e+00 2.751353624270687082e+00 -3.807289393647722009e-01
-1.912892126168638018e+00 -1.202222469050526543e+00 4.618903555036277808e+00
9.668288772068567294e-01 -1.439773030633008322e+00 1.847996225196365083e+00
-1.421036257474991071e+00 -8.061885403273835182e-01 3.729744607834700520e+00
3.336629861022927024e+00 -1.205675948903574879e+00 -5.328974326862909727e-01
1.368601156669084773e+00 -7.351067665511051841e-01 5.754625050654658125e-01
1.227312345133611426e+00 -1.004728231913173619e+00 2.932345080291053341e-01
4.755635928709358584e-01 -2.243954733788532163e+00 -1.841515105520268092e+00
-1.975011688468477189e+00 -1.241749307114929479e+00 2.148045674663849436e+00
2.357100150264096750e-01 4.566591410898173109e-01 8.156889610537773061e-01
1.306647371537834168e+00 -1.559561597674743449e+00 1.453553022582868115e+00
-2.413574492467333243e+00 -1.590765348609494367e+00 8.564652004322568235e-01
2.467613352792860759e+00 8.495613931772302285e-01 -2.209188709169819909e+00
2.650097030926146680e+00 3.617566024129482277e-02 -2.402278721784171234e-01
-2.568446764455107889e+00 -3.105904569448771912e+00 -9.199315751472544878e-02
-1.620727630729805080e+00 1.655716789970471947e-01 -2.277873064458441732e+00
8.776977788265083458e-01 1.057936494648048509e+00 4.386679269337278586e-01
-2.143077787886636387e-01 1.511710092226428437e-01 3.738232582247468794e-01
-1.126801839711102593e+00 1.134383216679582640e+00 1.877692022490635493e+00
-1.495802806199379331e+00 -1.311140953951790700e-01 1.009306775416564994e+00
-4.688540455576029053e+00 -6.189930478436518335e-01 -4.047092434238597769e-01
4.382013535610729260e-01 1.214783855063420737e-01 -1.547770178883127512e+00
-1.147792333538103227e-01 -3.398597722638901253e+00 -8.200411039573808347e-01
7.148499823604316239e-01 5.029470356317213842e-01 -1.001241384201575269e+00
-1.394054894468433226e+00 6.289259334587690153e-01 -1.014905829971705753e+00
-3.431087212110127460e+00 1.923037115467833402e+00 4.195999731545561495e+00
-6.016302593846475366e-01 3.602888065599566758e+00 -1.295668364313748100e+00
-1.818587886224534600e+00 -1.681681108784110590e+00 -3.141051552812744063e+00
3.126054238292571341e+00 8.201361872582800805e-01 1.706185468991282539e+00
8.302020500303509687e-01 2.543426747820414668e+00 -1.163631263870533727e+00
-1.156577996283257637e+00 1.191239147255325870e+00 4.180549347605587163e-01
-6.466765375728444898e-01 -2.018484360536390909e+00 -6.486581339937282920e-01
-1.111816530009502646e+00 -5.644934567040137408e-01 -1.055142743896749780e+00
8.818715481675793999e-01 1.347335917088441581e+00 -5.708450501914304198e-02
5.509060359290619546e-01 -2.519750384504439999e-01 6.268111386544625852e-01
-8.723792700764898544e-01 -3.607366392366417873e+00 2.816465799210657206e+00
2.975497568504821277e-01 5.495199688039273944e-01 5.100695623418943780e-01
3.765637831682746017e-01 1.807002701713215753e+00 1.608282895862066075e+00
8.796664432424475821e-01 -1.748765047540193684e+00 -1.396511330233385140e+00
-6.739406712087220308e-01 2.009473324492118795e+00 1.007434591078573138e+00
-7.021800691790774929e-01 -1.869439636451010855e+00 2.805714153763219976e+00
1.229394026522976358e+00 -5.536647596290827922e-01 3.431868647553904417e+00
1.662994570171615116e+00 -1.661526624278439446e+00 -2.374733147852389425e+00
4.682179575099161273e-01 4.107054206766605375e+00 -1.650513774704924497e-01
2.502876645381163279e+00 1.472030856107174213e+00 -1.948019157139814439e+00
-7.732943813500641195e-01 -2.264674442283167999e-01 -1.072361306129422598e+00
1.358253440704625170e+00 -3.279589756914186971e+00 -2.990239575616736811e+00
-2.772281601703067810e+00 -1.508885206085353703e+00 -6.272217964800845535e-02
-1.127563367311420706e+00 -2.252995280527924304e+00 1.805220388359308981e+00
-4.005399148070893034e+00 -5.709096079121935841e-01 -9.034672262426565181e-01
2.986978163765134475e+00 -1.545595794003507439e+00 -1.937731972935956115e+00
2.940204038329900182e+00 -3.843762961391068878e+00 1.682736686661529257e-01
-1.639414272421045649e+00 -2.589778179799051561e+00 -1.713520948029246371e+00
7.172841633699365005e-01 -9.940575459072210629e-01 -9.962840826038019681e-01
1.992975450584008712e+00 5.454703454714877608e-01 -4.798245718044029662e-01
-2.318559997168841313e+00 2.742040402398070675e+00 8.746686222891265627e-01
-1.468036943095630376e+00 2.550959937554204693e+00 -2.625432480710941929e-01
4.664864416223187815e-01 -4.383221043859782950e-01 1.396356712088423713e+00
2.391740173830424698e+00 5.715732054198164463e-02 4.871814672480625497e-01
1.928624916183129034e+00 -1.934764040799518359e+00 -3.775213527138538083e+00
-1.692906929889322232e+00 -6.178467529937116121e-01 4.512848668400467389e+00
2.044586509024735932e+00 2.619904741503687351e+00 -4.998994001018906008e-01
2.279169945908851247e+00 3.643298589616166705e+00 -2.982910598557135182e-02
-1.158311807725387999e+00 7.090265386156467953e-01 1.234544776374010278e+00
6.394136971480811615e-01 1.720433706360800175e+00 -1.658556142952937851e+00
8.331270924686642876e-02 1.977667299213784202e-01 1.396283876579013761e+00
-1.637817639162368222e+00 -2.778713937546199997e+00 -1.756465839257958628e+00
1.930475741964259306e+00 -3.085748351408876378e+00 -8.887991555589992432e-01
1.857720558357963236e+00 -1.826026695794278343e+00 2.278655439179597675e+00
-2.055262043356119506e+00 1.372017154875559142e-01 2.097380334169451632e-01
-1.431906867191101496e+00 -1.655168476992115334e+00 8.900487193992153712e-01
7.539384913868693028e-01 -7.662030725567942069e-02 1.297837616361847968e-01
-4.195524778335300020e-01 2.529896108010189160e+00 3.399496615948336853e+00
-4.455413240528481866e-01 -2.002613528001754073e+00 -2.209704112794511843e+00
1.415860480159267576e+00 -3.368270267869238107e-03 1.104953714256989850e+00
5.195897214935966124e-01 -2.059935374487763315e+00 -2.364533631445338902e+00
3.448894667005622527e-01 -3.498582505877755322e-01 -1.919000237635998030e+00
-1.547878734614648755e+00 1.331517532366218060e+00 -7.835077782075884345e-01
-2.070505020591004719e+00 1.655454472208940597e+00 -3.760024306795608950e+00
-4.245041833790042518e-01 -8.574663936855727586e-01 -1.358163483516453107e+00
1.317531852877183995e+00 -1.961554595060510664e-01 8.930379781340926915e-01
2.995295272842566359e-01 1.103054824957552693e+00 2.819164747237576485e+00
-2.353649862212983113e+00 -1.490410939546808144e+00 3.426298060329052486e+00
-1.122300221133870624e+00 -1.268346240195569186e+00 -6.062030021782771616e-01
9.852429097341958153e-01 1.167465861408756078e+00 1.395660658834650736e+00
2.127986550408000888e+00 9.038429414570139375e-01 6.287110974914845718e-01
2.156366517317312326e+00 -7.752285446502398258e-01 2.418971232229384594e+00
3.701500887149067887e-01 -4.008899958420901743e-01 -1.414969956213526281e+00
-2.127745855803357067e+00 5.501174042678893539e-01 1.637229406726562697e+00
-5.690614190892603341e-01 -6.819280129255386180e-01 -2.243203026282321044e+00
3.465193099471552962e+00 -2.316105157193501518e-01 -1.735075346074282265e+00
1.793547906432227279e+00 8.747251928914652197e-01 3.549441208353153243e+00
-1.058415812843128828e-01 -1.540284467307788396e-01 -3.112483146945198786e+00
-6.155294874302652097e+00 1.091963211503718334e+00 7.613759421894568113e-01
2.405089480561634740e+00 1.573067574905977040e+00 -2.523808094993825080e+00
-1.020080311634136150e+00 -1.217713848503950924e+00 -8.223730903375702228e-01
1.833418328163514688e-01 -1.824120289679635354e+00 -3.010800773342400483e+00
-6.422257459817924952e-01 -8.743930374767163727e-01 1.665271060670008074e+00
-1.001839830216248783e+00 -2.292547502426021566e+00 -7.454184962412696569e-01
1.662524602656955341e+00 9.645822102777836804e-01 -1.017935609219575044e+00
-3.730646646875953376e+00 4.558622531769416786e-01 -7.316175045556082557e-01
-1.488106759960568182e+00 2.745961501699004437e+00 -2.700598896200846255e+00
-6.197727413101284943e-01 -4.882863517927804597e-01 2.903413999414903857e-01
-8.888802523706342829e-01 -2.512360531126389240e+00 2.055303983839630089e+00
2.266793443268610098e+00 2.948996753357081557e-01 -7.341006689192678403e-01
1.270128888717225735e+00 -2.127106196391140625e+00 4.340438466395218242e+00
9.814828258140153583e-01 -1.628199278520210180e+00 2.488916017158336325e-01
-1.533333897910435839e+00 -7.360860411142399196e-01 -1.620592456796019487e+00
7.236937725566828794e-01 -3.528065497497789860e+00 5.152531631250957922e+00
-4.930982644427713835e-01 -3.071867308970946953e-01 -1.892889403595389375e+00
2.929485559040122533e-01 1.105277422567403578e+00 4.746465268180179109e+00
2.999937671949804430e-01 -2.938725852720687204e+00 -8.609071045965640545e-01
2.560807339831385268e-02 -7.643255968640143561e-01 2.556896932957239410e-01
9.589789411616214121e-01 -4.013563610797464598e+00 6.047891658750818022e-01
-1.316398261805620251e+00 1.878478444237186906e+00 -2.633022366550733295e+00
-3.248710638619888069e+00 -2.243732401104018281e-01 -9.040210339457279698e-01
1.370997822737603511e-01 -1.715571251794943963e-01 -9.747484938839171553e-01
-4.756566794615986193e-01 8.247857011956486462e-01 -1.001385665585744711e+00
1.611226272798462089e+00 -2.158158508128356357e-01 -2.362356679619440417e-02
-3.072110809370062423e+00 1.111248987522078124e+00 7.687946914321460712e-01
-2.142169959938601542e-02 2.423229273722516730e+00 -3.075816160079154038e+00
5.797526369957518577e-01 -8.275379700650543624e-01 -1.712087223156587845e-01
-3.852227100553885508e-01 -1.609206005676692142e+00 -4.733253986195929741e+00
-1.963993574464953706e+00 -1.436337160535226865e+00 -4.173697157632004773e-01
-4.365833336550963700e-02 -9.046715155050237822e-01 -1.399813641466085112e+00
5.440563363904685090e+00 2.162049963791675466e+00 1.981645093011915826e+00
-1.398026931186154842e-01 -1.289667327739286495e+00 5.949561307989469361e-01
-1.309212368420754613e-01 -1.382832388731497275e+00 8.269009182666701152e-01
-2.515540726738380028e-01 5.213692447220247272e-01 -8.310177378147906579e-02
-1.002034776950178951e+00 -8.751682888525745829e-01 4.307287243494851481e+00
6.122684087800717156e-01 1.359593274176738031e+00 1.704815735239519681e+00
-3.018496369199194618e+00 3.646246715508998926e-01 2.563757036651222343e+00
-2.071479531661435836e+00 -2.006436743474413920e+00 7.485466951098176391e-01
1.228317828571778403e+00 2.227607114887595330e+00 -8.121437609207801112e-01
6.274347873964274402e-01 -1.026336273948070810e+00 -3.741196030291098484e-01
1.305045913529488733e+00 1.407675463492348511e+00 -3.192353457866997424e+00
2.377192195497508820e+00 1.034697726443220445e+00 -6.588483599882064556e-01
2.583054821526313896e-02 -2.763855907418450997e+00 -3.546071715293590554e+00
-4.177767828233322489e-01 -1.337292014360804027e+00 1.908450459257526877e+00
-4.201962295834935079e-02 4.683036945296968345e-01 2.109941188607971363e-01
4.262018746326071139e-02 -4.755889419602946866e+00 -1.808536807474407038e+00
1.757439194849711894e+00 -2.400684960622754271e+00 -2.660709386169442525e-01
-2.941145880641787835e-01 2.923497176513012441e-02 -3.459324953881762199e-01
-1.081206724098638716e+00 -1.010958023842125408e+00 -2.257812135627465633e+00
2.081815402973696383e+00 2.048307970428738578e+00 9.875151766561097999e-02
-6.640524330309663936e-01 -5.012048937419595340e+00 -7.541305714674707561e-01
-8.968011616379606421e-01 2.956821947899738401e+00 -3.650367909280044509e-01
-1.513367598136208803e-01 2.553450823933136160e+00 -1.880829681733801884e-01
1.545434393859921762e+00 -1.113662530047432764e+00 -6.267795499088676392e-01
1.520914716581639237e+00 -1.466933645326939373e-01 8.867121418638918007e-01
-3.046642381105205133e-01 -1.441603820975647099e-01 -3.303567647464044493e-02
-1.361809927689366928e+00 6.783397948732090565e-01 -5.093481109013804353e-01
-6.165755560390094869e-01 2.229467600133566929e+00 -1.706672020370239462e+00
4.771854163884975186e+00 -1.221712096156557514e+00 2.160458367559453752e+00
-2.433452848855685691e+00 -2.477869543320883494e+00 -4.285587502164750262e+00
2.871912029413719036e+00 4.110472977275084538e+00 -1.720607823934624747e+00
-1.456498260261007704e+00 1.422129354258606648e-01 2.880254113947106287e+00
1.999202786061198056e+00 -3.017820320893912278e+00 3.018684958842177579e+00
4.061332504878243377e+00 -5.214925581791294285e-01 -4.681763120150650437e-01
1.539110074679585383e+00 1.207673035335483425e+00 -1.691822593745422321e-01
-3.652294273929791446e-01 3.353072058016808299e-01 1.425325219306804225e+00
4.136725777272057258e-01 -1.062496637511503472e+00 -1.736996279960728362e+00
2.521123645721150996e+00 2.167392051978057899e-01 -1.708983541512697490e+00
-9.203508082356666453e-02 -7.330030314524729196e-01 1.126615201699765256e+00
-1.233048654679048228e+00 1.265960484727766122e+00 -1.233034070186092235e+00
3.431229101078117627e-01 -2.716160522059435589e+00 7.358345703558916151e-01
4.039142748176525188e+00 -1.587879958340993047e+00 -6.709276521448376274e-01
1.631407368358009036e+00 9.664890780783945701e-01 -4.663345609706130435e-01
2.437127931289081451e-01 1.269381463995841841e+00 2.477992045441420821e+00
-1.350216440439126586e+00 -3.147019646877099452e-01 -1.905189573358732902e-01
1.317765966155452606e+00 9.910296815427094286e-01 4.728010395565630297e+00
-2.787536262258130670e-01 -7.409941739184153775e-01 -1.797172741350262060e+00
-8.271199289362839435e-01 -1.559254070091070421e+00 -8.585061511074152385e-01
3.110414456673125549e+00 -3.234223902242422177e+00 1.089220553175614281e+00
-1.247877580109377993e+00 8.451286643282569511e-01 5.187677463387245780e+00
3.255498131662716954e+00 2.061160763999080547e+00 3.591280439437687821e+00
4.110030573608712823e-01 -3.200877494560617098e+00 -5.460241865869681632e-01
-2.585002231113332716e+00 4.354819051159231624e-01 -1.876451090696023283e-01
9.132177952720852421e-01 1.160595085382931102e-01 3.178638079203937927e+00
-1.646406578544304500e+00 2.288535148659021523e+00 -1.309373349646886453e+00
4.852736442314902754e-01 -1.665637825505279279e+00 1.472167984202465973e+00
9.556974299892100344e-01 3.450702948132253756e-01 3.393730068561816582e-01
2.150083029179015615e+00 1.382771227142877979e-01 -8.815552528460600668e-01
-1.023023305632225627e-01 1.036102501689436073e+00 -1.256620957039620734e+00
8.267775055250751182e-01 -1.257978883524075719e+00 2.386442084770178607e+00
1.341340954812950237e+00 1.331315009984898490e+00 3.962585154428975631e+00
-3.188913979107826924e-02 1.197623407546664520e+00 -5.861190610579887661e+00
-4.795077557718454564e-01 -3.490699962670035933e-02 -7.943511768255765437e-01
-7.300184658591331033e-01 -3.536224274614105489e+00 2.915812153520794814e-01
1.499869358040550438e+00 2.296999026985110159e+00 5.550510050442037935e-01
1.007720118947185300e-01 4.054615424208596330e-01 -1.398614638467472471e-01
3.257122807565603351e-01 4.986324262909144073e-02 3.772910677933575818e-01
-5.526045910710263298e-01 -8.865313995343508946e-01 8.107102728165439531e-01
-1.229642477273487744e+00 7.881015537653104919e-02 -2.036706631594139782e+00
2.089938590272758745e+00 -6.613006505235878851e-01 2.264140206190465410e+00
1.332123184443022579e+00 -2.503697884848762878e-01 -2.438528428110896262e-01
8.663311410809165780e-01 3.158454850813316117e+00 -2.767911196536557927e+00
2.450252954211481704e+00 -1.854709559083010717e+00 -3.953309374247967467e-01
2.089539204252142568e+00 -1.502322501403672850e-01 -5.552390509736895297e-01
1.270594541884069173e+00 8.274284889949750088e-01 -1.771571499861975818e+00
-1.278144210180694351e+00 -3.790998054190958477e+00 1.448464823867403606e+00
-1.224900389145671120e+00 -4.651233589106866795e-01 -2.312707251900572025e+00
-1.857090080016128741e+00 -6.392469081089313665e-01 -4.086129070246218298e-01
-7.902911162463742700e-01 7.038302534788684062e-01 -1.260203443945943746e+00
1.415944414859663159e+00 -2.931971462642871451e+00 9.784144251754178789e-01
-9.324807574333441318e-01 6.559962466625516297e-01 5.198207033365600527e-01
1.401521649808245229e+00 -5.639942846662793219e-01 5.203617328511784823e-01
6.865826746133246727e-01 7.861912216453862401e-01 1.849182702114733345e+00
-6.235038679645132226e-02 -7.154008686712426401e-01 -1.407454564358874949e+00
2.844059856102633344e+00 1.968974735748965366e-01 -3.699067283752391244e+00
-1.731385231107886780e+00 3.052666233116875905e+00 3.052977861435081652e-01
1.066300210596069498e+00 1.146492850755731263e+00 -7.934257801170581104e-01
2.018959158884404026e+00 -1.454447405250330005e+00 1.107526142957746984e+00
8.300007326739494706e-02 2.104675104277939912e+00 1.887346368887678372e+00
3.405752249932156861e+00 2.562229458634309065e+00 2.537195131487939737e+00
4.207354727576575470e-01 1.177329636844963306e-01 8.845913480220917169e-01
1.000172372822031752e+00 -1.946969234226105128e+00 7.937062939431744901e-01
-4.103174391880811456e+00 2.630068662022277071e+00 -1.556867951298129271e-01
-1.565087557334428725e+00 9.521610026192669496e-01 1.403537718021050651e+00
-7.977051638618583018e-01 -3.304069673236255333e+00 2.955715040199485277e-01
-7.938747439440151377e-01 6.977317230992167996e-02 -2.331581060188559373e+00
-2.736000606207690256e-01 2.650445721713932556e+00 1.213540241607184711e-01
-1.367971391512761425e-01 1.248850918577510072e+00 -4.775287938338840021e+00
1.743347687324161843e-01 4.297741758305866355e-01 4.655538318526165398e+00
-4.101992562876430326e-01 -1.160726453025046068e+00 -3.326180622083243055e+00
1.468591343111325553e+00 6.081092469876000495e-01 -4.465069399934863958e-01
3.102222374699823981e-01 -5.489395111749307832e-01 -3.755708749809798075e+00
9.193195006194393448e-01 -7.461996264225003728e-01 1.634053764951348464e+00
3.437212194335265703e-01 -6.158356922445360482e-01 3.608096303159878393e-01
4.954285438142862930e+00 -5.129351350308142266e-01 1.348436617425499806e+00
2.190483352785168147e+00 -3.528322568560194661e+00 -1.361957375405102033e-01
4.418514514490079037e+00 1.696013882419072027e+00 -2.302177889720216086e+00
2.015421211619002229e+00 1.384339665923850493e-01 -1.196989165248207421e+00
-1.006669986987519305e+00 7.157803595406055930e-01 1.194448248675384905e+00
1.881404206969597759e+00 3.930783634958696093e-01 -2.740144027077491717e+00
-5.710460818002436462e-02 -4.704058878774649344e+00 -3.524699928609038024e-01
3.069562584975888520e+00 -9.628452764088681892e-01 -1.433937950828916008e-01
3.064959386560733634e+00 2.744817810755507459e+00 2.063743980385998267e+00
5.671414468149446053e-01 -1.674961507840477593e+00 -7.603924294010033780e-01
-3.261742202921885103e-01 4.406846684370753220e-01 -3.000932364584748768e+00
-2.598916464854038377e+00 -9.501317768155600474e-01 1.212827374034439964e+00
-6.854331847653686305e-01 2.663869060169301139e+00 -1.498361017555464025e+00
-1.506031790836538653e-01 -8.420310849077548010e-01 -2.573538126303569484e-01
-1.895436822235205820e+00 2.645602171096819166e+00 9.631160317694460460e-01
9.560120907261705492e-01 -2.098645235129144471e+00 8.608058743015026826e-01
-8.987914577693718876e-02 -2.660817541765452265e+00 -1.676754491231676081e+00
1.095241319285662929e+00 -1.346294225572514103e+00 9.471770958798055862e-01
-2.400942295760280842e+00 2.764863447760343096e+00 1.142334042557008766e+00
2.525945060387748131e-01 -2.249055947404841493e+00 -7.119400807324308134e-02
-2.010041085139797623e+00 -1.289251148483586906e+00 -1.925809912712476590e+00
3.575112374877646548e+00 -8.290379302380938009e-01 -2.472897207937371888e+00
3.477739898469924262e-01 -1.521705127445713845e+00 -3.867743440136370836e-01
4.080230873571806804e-01 1.878525436050588970e+00 1.332353972276572929e+00
7.673368577132487767e-01 -5.872852183622168099e-01 2.117058006682931204e+00
-1.458160970801145151e+00 -6.256418077618242535e+00 6.641046002201371756e-01
5.247345876884986771e-01 -3.842224151871820315e-01 3.976550557214975967e+00
1.538458853968995399e+00 2.375867038904919404e-01 2.146297260585626532e+00
-1.720654317543808043e+00 -1.129528024862195723e+00 -1.802135874722170739e+00
-1.682843231587883626e+00 1.386955898391011077e+00 -1.624046573730695275e+00
2.326282370311402836e+00 -1.086595627462487057e+00 -8.546707608409096490e-01
2.679628460951169799e+00 5.337719252990608121e-01 -3.852923065870042407e+00
2.463072856911982189e+00 2.692952717946882402e+00 -8.262654830507527581e-01
3.817100261416815354e-01 3.191396155803800649e+00 2.562057452344367547e+00
7.629861464028137030e-01 -8.875409933503681792e-01 -1.193317797452588147e+00
-3.419461763332544812e+00 2.036503324522271008e+00 -8.536030733242762070e-01
-7.988698413370330931e-01 -4.963209389357918222e-01 3.045884058760068402e+00
-4.446696685328648813e-01 -4.498948815288406622e-01 -9.718226997459719074e-01
7.295027878376200148e-01 1.659276209178234263e+00 -1.911373455384248299e+00
3.831837692628072389e+00 1.006862586218284950e+00 1.035683793843171330e+00
-1.965620014442681862e+00 3.901219756839357178e+00 -2.206929277920883781e+00
2.549779199810769281e+00 4.982757230227885081e+00 -2.885076563604180300e-02
-1.003955168351964966e+00 -6.806318297938929174e-01 -2.524314663609783516e+00
-2.749034303420502923e+00 1.883892200556052776e+00 2.725416240758119280e+00
-3.230925031768564715e+00 -9.615125032023745799e-01 1.484994350056698220e+00
-1.000517918904166637e+00 -1.189655306158460712e+00 8.815113926467889049e-01
4.324842031356086913e+00 1.519767157533363777e+00 -5.724433168000538918e-01
1.843304008004505556e+00 -2.705517014033965051e+00 -9.278565766729532927e-01
-5.352477717616394015e-01 -3.346238631253643514e-01 3.367532113938837557e-01
1.602524114900814922e+00 -2.010497788569865829e+00 -1.019277189546942575e+00
7.012895843849472621e-01 1.162838521926945923e+00 1.714722525783951568e-01
4.134584609710256209e-01 5.743690901290207096e-01 8.269821304867918110e-01
-1.026852333235403814e+00 2.887858486639097055e+00 -3.830269249526753184e-01
5.022262027321895417e-01 8.182856628477532812e-01 1.740323651606276556e+00
1.746545559378092360e-01 -2.265702171349017469e-01 -1.082168401493824039e-01
2.688084479046316755e+00 1.417758440339328851e+00 -9.085658908273751555e-01
2.185117486045187185e+00 -1.978210512099745966e+00 3.353442121715436208e+00
2.842470912485475232e+00 2.647115213725545479e-01 3.066320436674386141e+00
1.942766849370923810e+00 -4.053150323994159643e-01 -2.066900335593800264e+00
-4.722175392829361051e+00 -1.242696104307797089e+00 -7.828876296965046055e-01
2.170627015626609868e+00 -3.459517055387283602e+00 -6.788202164012870909e-01
-3.315631308964702928e+00 4.809316640087264894e+00 1.726834591526478446e+00
-4.877291841403190276e+00 -2.505099246606009800e+00 8.483246766090758728e-02
-3.647440793557449101e+00 -1.400979172935906458e+00 -1.325266267976455747e+00
-1.603618540522177560e-01 2.636424549382629934e+00 1.260247294485422165e+00
3.610077508726144413e-01 -2.982769987270355472e+00 -2.339287320888717492e+00
-8.671233211858910828e-01 1.295313672464752486e+00 4.172884896562829571e-01
-2.092954110670756762e+00 -2.535988925134422090e+00 9.500840013478558665e-01
7.072393395351241896e-01 -2.271021378589905382e+00 1.376174137792134156e+00
-3.612784830512371648e-01 -2.479118697096676094e-01 4.371078119808058937e-01
1.510780355826605748e+00 3.526040675570782934e+00 -2.409197990498711806e-01
2.804382744234158675e+00 -2.570117928955302222e+00 3.267052318504682251e+00
1.202216278210688355e-01 1.072605450802532001e+00 9.940700557871804399e-01
-3.165396764891540204e+00 2.320367330245999504e+00 -2.848950117847455586e-03
1.980755185573691290e-01 -2.384904068976625990e-01 -1.221615789942588792e+00
3.497460532030846614e-01 -2.562353024987103489e-01 1.401661252068166608e+00
-1.414576521861530045e+00 -1.631531054653466040e+00 8.767405544042164989e-01
-3.190932273018133092e+00 -1.109341642357106084e+00 5.764829715441078806e-01
1.377349053339622376e-01 2.857220855350043998e+00 -3.674934368177013244e+00
6.923988000028046264e-01 -2.025483476091118007e+00 -1.439272365786061325e+00
-1.084080049604497331e+00 2.479893575223106883e-01 -1.702243818388793350e+00
1.417293290337841238e+00 -1.041650368870439713e+00 4.107429354475422567e-01
5.963668380414149928e-01 -1.223745323522864581e-01 1.177047701876363206e+00
4.045574720055459039e+00 7.347866513329434079e-01 1.772831914796674679e+00
6.232606569953331732e-01 1.804326330059343730e-01 -6.343204042703719236e-02
-2.998398363348212525e-01 -2.769884353993444126e+00 -1.268998307580083029e+00
1.867684413342584282e+00 -1.603231288247183750e+00 3.407051339978320215e+00
9.560355847555176978e-02 1.785697018465006281e+00 1.373218169536404965e+00
-8.696179859275686708e-01 7.150846578439657986e-01 1.063087533386372074e+00
2.190761905422526912e+00 -2.761042854913129840e+00 -1.693497774670152500e+00
4.395517572921683325e+00 1.930370389765316830e+00 1.304756296318405839e+00
2.350240256847267339e+00 2.114126184553199561e+00 1.037879270572218848e+00
-2.992717878098123951e-01 1.231349016602085733e+00 -1.017161694959228146e+00
-3.151072468614233735e+00 -6.658343609954633369e-01 2.022888992895181648e+00
1.675959405481193709e+00 2.009257072314729164e+00 -1.397759606857549852e-01
-3.449831643171068940e+00 2.200233355559132686e+00 9.316937428824361156e-01
2.077153038160615139e+00 3.341857838422330751e-01 1.839999351568668340e+00
-9.590852244187377806e-01 -2.480475784119715144e+00 7.918526729796364627e-01
-7.057808483281926559e-01 2.382039661954557630e+00 -6.912997877382071055e-01
-6.572317823939136661e-01 -3.407975223300444334e+00 -8.382776284103734543e-01
-2.400894335500280141e-01 1.577623631605725718e+00 1.044943544488436959e+00
2.893626471074692397e+00 -1.512750232961898922e+00 1.325518932461576815e+00
-4.058271300774781487e+00 7.614415817951843968e-01 -2.009922067072964502e+00
1.140789570457731092e-02 -1.536319170615681129e+00 1.741174233010931438e+00
-2.432509488791245289e+00 3.598272255356511629e-01 4.015719258715692241e+00
1.785375036181288344e+00 2.448026045812983664e+00 2.042393248407566197e+00
2.529938995309094718e+00 -3.787285709798097422e+00 -2.134531526604101614e+00
1.450929473395187186e+00 -8.375882783296791922e-01 1.823283776831484904e+00
1.367188832838382773e+00 -9.007213884986864372e-01 -2.245918031198034903e+00
-3.061298266456880524e-01 6.571899156964516875e-01 1.217952331713523934e-01
-2.693146950638883652e+00 -2.768623569820106489e+00 -3.693441976397756399e+00
6.486574847564584578e-01 8.895448244679012850e-01 -6.968091808489372818e-01
6.502610405316334719e-01 -8.053571689134271239e-01 -2.183475072542728213e-01
2.347370212800287348e+00 -6.411803459669863647e-01 1.571737117473392731e+00
1.939410762717232783e+00 8.084173871996296334e-01 -1.449224308013222329e+00
-3.967335363721119723e+00 -2.537234844093705810e+00 1.141347059744867831e+00
6.637864557078518128e-03 -4.830448333292524515e-02 -5.743823744352906102e-01
3.016999816539638335e-01 -9.583966408006242554e-01 3.622801532480400599e+00
-1.170252139839170757e-01 1.588088728595334342e-01 2.380766925200182627e+00
-5.646426514463787072e-01 1.560182067638847370e+00 -1.708950242129729347e+00
8.451442768791881388e-01 6.368998725115199155e-01 -2.429564846533141864e+00
1.682889953907424685e+00 -8.915668756436442854e-02 -3.722810822842137046e+00
-2.444219406611864098e+00 2.015157006770833092e+00 1.478961918654413621e+00
9.953015795472986982e-01 3.041106787800315736e+00 -3.453402037845834105e-01
-4.943800232964208619e-02 -2.421773337786765179e+00 -3.163814918389051378e+00
3.135740463969600295e-03 1.319874951924580930e+00 1.196921329616964069e+00
1.223658242541912244e+00 -4.560379117458218112e-01 8.305920229002698718e-02
6.514918374842360027e-01 9.274880289250770904e-01 1.056569120809200957e+00
2.555426771148511467e+00 1.822788307103071714e+00 2.382249890321176178e+00
-8.258772917892033272e-01 1.287300345416262148e+00 1.142759781473054181e-01
2.229595830804414369e+00 -3.623163313072989222e+00 2.053264697284668205e+00
-7.459054189975535820e-01 -5.025710138382653014e-01 6.184161152468331535e-01
7.326734732258024518e-01 2.891280392970292379e+00 -3.633575716997026639e+00
6.798132576889600598e-01 5.731453448877239509e+00 -6.923535482926133078e-01
1.522950222684527288e+00 -3.055522615329095082e+00 -2.755607323115789153e+00
-4.043179466795148586e-02 2.233664263094001345e+00 -2.689319441628873708e+00
-1.033605943999851506e+00 8.698422002032174527e-01 -2.076186642128413418e+00
6.422790991607896238e-01 9.777838077697381669e-01 -2.789127530081526363e+00
-1.972327320115902394e+00 -7.857887363615112530e-01 -6.440588317415529840e-01
-2.794733061286893139e-01 3.257124180169150285e-01 -2.916432042331598140e+00
1.420954738522650418e+00 -4.371018847985095324e-01 -1.875411582634611829e+00
-2.104854918357415006e+00 -1.797884808928436939e+00 1.399798548180214652e+00
-5.001036805609924973e-02 -1.141116178135923587e+00 3.050816903714923534e-01
-1.885804101980190994e+00 -2.293267661239021038e+00 -1.946613801963719137e+00
-3.520448475169779545e+00 2.499613465762788936e-02 -2.925321562009730592e-02
-5.748850352778385187e-01 7.440270472757719578e-01 -2.733738676442698967e+00
1.991014835404502303e+00 -7.720738292311577489e-01 -2.670340116806098063e+00
-7.839002986642897852e-01 -1.449896005022081491e+00 2.875677094528208411e-01
-1.749140033041970854e+00 7.294876155510953142e-01 6.386885878058283783e-01
-1.009933411496743760e+00 -6.680888889790422835e-01 4.987957591652999234e+00
5.190753828205896259e-01 1.224555333368636978e+00 -1.367170971708681293e+00
2.015452582344240184e+00 -9.565402138710791258e-01 2.818694012926119097e+00
5.948250367974786679e-01 4.694057500720155041e+00 3.513661633012128416e+00
1.289474801000695392e-01 -2.352572188317703983e+00 -1.406080991098368038e+00
9.328463459564937388e-01 -3.244245229161132560e+00 -3.748801386819097914e+00
6.783036299256319790e-01 -1.254974045321393339e+00 -1.512678593526808113e+00
-1.886370819592907422e+00 1.276604468489046296e+00 -3.515391041959054164e+00
6.218309291025032604e-01 1.998184817996172813e-01 -7.713514876973570633e-01
7.538304129017980859e-01 -1.814436812710199520e+00 1.828160366347332477e+00
-3.290434991506371087e+00 -1.660489955198728440e+00 -3.433183289836085894e-01
-1.699708244173526284e+00 1.295803909429562584e+00 -5.677710197929616287e-01
3.295382260227048277e-01 7.007203198848485082e-01 -1.904702312560573541e+00
-3.705525268086650725e-01 -9.870548237589420459e-01 1.592669770157687514e+00
-4.834064013225704004e-01 4.108265128532886390e-01 -1.263912118400962736e+00
-3.263997837029041005e+00 -9.199907607881893101e-01 1.947546470639831551e+00
-1.180335113073087472e+00 7.760515283866072922e-01 -3.179592802910763405e-01
1.456184304511318084e+00 -1.352596748874611787e+00 -2.575641046449739235e-01
-7.749178652359389741e-01 -3.071844739233143828e-01 -9.453575098338112825e-02
-5.827474787431479175e-01 1.265370436856726899e+00 8.604909973944069312e-01
1.942433682640368531e+00 4.298767380930232918e+00 -2.811304987333113736e+00
1.689633381303073723e+00 -5.605756852027972137e-01 -5.109671087607746687e-01
3.991941451018038656e+00 -1.908754868489017875e+00 8.377272956261928583e-01
2.237266653774359515e+00 -8.624711368565669556e-01 9.864267339765862008e-01
-9.959189837736831530e-01 1.401488506403261614e+00 -1.830379119769244944e+00
4.854035988276208080e+00 -2.539016568479959712e+00 2.324321671372111542e+00
8.318400619836121557e-01 2.262147441320188967e+00 2.508473601714004353e+00
-5.661273650137481628e-01 1.605181999441590790e+00 1.132353072613881295e+00
-9.250985204045425458e-01 1.896727006612936028e+00 1.243886125226222994e+00
2.007568599270327159e+00 7.773291615265010002e-01 1.724351348390741778e+00
-1.311086718052188571e+00 -4.192094699987303774e-01 -3.053279872768860925e-01
3.169462168822412829e-01 -2.478556915900906321e-01 -9.352295612118480261e-02
-1.418646942056957183e+00 -1.915079859246889837e+00 -4.375523879543520955e+00
1.185106750537929798e+00 -4.895299392006147166e+00 -2.099803819054929743e+00
-1.704137919248792876e+00 5.502636289807770753e-01 -3.979676168417146664e-01
-1.187030917837384569e+00 -1.636364387256666886e+00 1.370444681172442447e+00
1.060791604116868792e+00 -2.766700529403821829e+00 -1.180197692413207822e+00
1.397179912414618919e+00 -1.182469351903788102e+00 2.372209104766764831e+00
8.086556804784322816e-01 1.534785980870940980e+00 -9.030983749680797645e-01
-7.870869958135010558e-01 1.011888866589255365e+00 1.876594362536787575e+00
-1.014746065742913733e-01 1.039831482908997407e+00 2.125432992416568911e+00
1.835660198290196832e-01 -2.479456100256246798e-01 1.439448903752936548e+00
-1.690375930479788513e+00 -1.739327795968566015e+00 -4.905360309422861498e+00
1.972406412569907008e-01 -2.705312901374844703e+00 2.867531762067976886e-01
-9.906207063499435084e-02 -5.295455196365707051e-01 2.740402484704083652e-01
1.776579332066643646e+00 5.827289065986607230e-01 -7.219746661902947116e-01
3.317556927455291849e+00 -1.386362347791627148e+00 4.045775664836173124e-01
-5.610192424712370229e-01 1.727493126874985574e+00 3.033594914537003806e+00
-9.295305354180252166e-01 -1.740618060706544235e+00 -7.576927467456675558e-01
1.768809635894410814e-01 2.618283963661230729e+00 5.147786751434808572e-01
3.754903861881739302e-01 1.762212690894777944e+00 -2.101614394580373357e+00
-4.518331974501345050e-01 2.427832984755224022e+00 -2.362716787819235442e+00
-1.705973123052997309e+00 -2.626523276674824992e+00 -5.991299851422707823e-01
-2.884176408103397815e+00 -4.179279938820125828e+00 -1.352163008581693582e+00
-1.169125523464771721e+00 -1.876524768203961413e+00 1.882968448366849623e+00
-9.501029095316617656e-01 1.303968144741679325e+00 9.277061985546457556e-01
-1.834697395058285663e+00 2.183294996454829384e+00 -2.456521741204049203e+00
-6.597931937058646445e-01 -7.109551223742348602e-01 2.260429461428753672e+00
2.517754113880936284e+00 1.934346435818970145e+00 -1.150686111024834313e+00
-3.865279977195579253e-01 2.444254469234050930e-01 -4.876091112353839185e-01
1.778936269442510598e+00 -6.439538949691470116e-02 4.411010179706711387e-01
-1.044068590680266251e+00 5.722967455780070267e-01 1.799435458486071893e+00
2.244727221540252948e+00 -2.919838172917874175e+00 5.372400351982672406e-01
-1.211708782233358983e+00 2.503722918019738675e+00 5.173233931386577167e-01
4.002492888367054080e-01 -2.082188751883195188e+00 6.878289077172806687e-01
2.421641993509248802e+00 1.909246747505805031e-01 -4.620001879897278063e-01
8.536214945004612087e-01 2.963083086067921923e-01 1.741555494894882150e+00
-1.334544496929761959e+00 2.102764607144067543e+00 -1.309220817476277166e+00
7.622062445297554945e-01 -2.992884110211058157e+00 3.487481861974645048e-01
7.194184114033699284e-01 3.221925829704894162e-01 1.179567248707910077e+00
-5.527715665980070803e-01 2.672135067148823095e-01 -5.111044789003627020e-01
-4.017856572740088339e-01 -4.398154187725888398e-01 -2.472047377365989451e+00
3.244555097173132729e+00 -3.720058896026585238e+00 -1.467109622700779825e+00
-4.218520084445724905e-01 -1.058690101728623906e-01 4.912424311823472833e-01
6.334265911615587497e-01 3.740149278955972267e+00 -1.601532870794166508e+00
7.241062510861038248e-01 -5.600677973044975166e-01 -3.504059706945947816e-01
-1.738393751906722740e-01 8.896258769901240759e-01 6.996634252943754184e-01
-1.102669672342275892e-01 -2.343069152845167924e+00 1.355904877386825635e+00
-1.243594458913819034e+00 -1.812375346157665490e+00 -1.151614049841179765e+00
4.930480842321496304e-01 -1.025217981230322373e+00 -4.063239226504886115e-01
1.102930354619272579e+00 -9.230522013033173323e-01 -3.097699908490457066e+00
-1.676014821540988464e+00 -2.072689867266126917e+00 -5.494629009607547854e-01
-1.162843269833308657e+00 -8.017168243857547560e-01 -1.506778930354298884e+00
-7.842375474591064544e-01 3.071988469494890239e+00 4.309876048999829179e-03
2.100814618887001384e+00 2.137841266845788901e+00 1.623187788691369704e+00
3.132436071371405562e-01 8.011454866400700980e-02 -1.860163829713418204e+00
1.774764178892789035e+00 -1.542922941862917563e+00 1.982251346350743404e+00
-2.741542369124438050e+00 -8.104460463301004225e-01 -4.980810017806349133e-01
2.036631799823290567e+00 4.025797186930089921e+00 -2.472803348192282868e+00
-1.916496656002349308e+00 -2.421625263889237434e-01 -1.488165123057348493e+00
4.203457290065673924e+00 -9.182280409808057930e-01 -1.316696332684733850e+00
1.594137385549036834e+00 -3.074646176697151123e+00 5.317455974929486961e-01
7.291461939063290654e-01 -3.706054826282206144e-02 -4.586655317232100071e-01
1.424694491543148978e+00 -2.686975566033962190e-02 1.984888592001379903e+00
7.706393390816466127e-01 7.810112931455772678e-01 -3.799003374592127891e+00
-5.222781196717083407e-01 -1.286320456635396292e+00 -2.847180781506967850e+00
3.134849355288296557e+00 -1.596012998746431766e+00 -2.351344662571321908e+00
8.379235962307404195e-01 -5.389562361818437397e-01 9.281197029740555493e-01
4.403330250256511924e+00 -6.622120594442469921e-01 7.692860039736008904e-02
-1.141437661226905709e+00 -1.247985957964016457e+00 -3.279771726542788923e-01
-4.417833025081207565e-01 6.747971057971358100e-01 1.421888636514257787e+00
-2.232124290422412116e+00 -2.444946883507764568e+00 5.873272908047750818e-01
-8.154089918666251879e-01 6.917921146178018788e-01 3.015336324926721545e+00
9.147411473300509632e-02 -1.764906423375747213e+00 1.070436712924595357e-01
1.842143095573251399e+00 1.791764575160077033e+00 -3.475808764556622688e+00
-7.806654858439577849e-01 2.408627721416308543e+00 -1.456019385121170240e+00
1.015502229861309919e-01 -1.687644943512766504e+00 -3.783039168429171983e+00
-5.740391015067086711e-01 1.528663284807935341e+00 1.278353398663532925e+00
-1.676051137670497626e+00 -1.258893382137768191e-01 1.203709102524307267e-01
-3.535276841539269022e+00 -1.143707468925332149e+00 -9.832789288887023860e-01
-2.200969082179163649e+00 3.218087946691214896e+00 -8.950215510961448406e-02
1.305646922459291925e+00 -1.222498262904132327e+00 1.814177934670610171e+00
-3.016220340076000705e-01 -8.340707479781500622e-01 -2.342341345342395798e+00
2.427210814092259472e+00 1.280313213510509307e+00 -2.179077470669768424e+00
-5.778774320949140592e-02 2.148892746980569424e+00 3.102691301257776146e+00
1.008877144401343351e+00 1.208302652154036982e+00 1.956137982528020514e+00
5.532234356783085616e-01 5.600568502668573645e-01 4.451798068570606226e+00
-2.152084403982700511e+00 2.979264741869985453e-02 -2.217776730995633105e+00
1.838055341278249655e-01 2.230371123660474519e-01 2.143643512277702834e-02
2.360540592414598904e-01 -6.814786761569881224e-02 2.256164089937836847e-01
1.148310264507297340e+00 3.100680027026634922e-01 -2.775780178210557558e+00
5.733555696563203963e-01 3.820068908698422416e-01 -9.910783005663830192e-01
7.024670423034251598e-01 1.766636959148612629e+00 -4.845397256918926310e-01
1.826277173312415014e+00 -2.300171373199924929e+00 -2.437434285765540221e+00
-9.008945045575461608e-01 3.067308003318516718e+00 -1.612566354264328039e+00
-2.437089193520051378e+00 -1.470701088999559980e+00 -5.277380285665985715e-01
-2.713025902723149030e-01 1.891748746661703340e+00 3.082842506281682771e-01
3.822695498751511600e-01 6.045268369030114552e-01 -4.448046744010434317e-01
-2.509557473667757055e+00 4.370851753668159922e+00 -5.429861062095943380e-02
2.804507221079850510e+00 2.021701180832485178e+00 -9.795381905112685583e-01
-2.360095125429811258e+00 7.614782627542950044e-02 1.605876867838226030e+00
3.131437735075061068e-01 3.038722773388843112e+00 2.748421559767372013e+00
1.182136345903849195e+00 1.520894561392321265e+00 8.397230313237749044e-01
-8.499851663117587997e-01 1.042465189069240017e+00 -2.164927921201871275e+00
-1.858415652684064945e+00 4.896450426168420522e-01 -2.219091187750490413e+00
4.751079316956605125e-01 -6.249905076351461655e-03 -1.085746066049414038e+00
-4.625055365948982922e-01 1.796640532909675736e-01 -6.780881659032276243e-01
4.491002487802947529e-01 -2.211031995248621818e-01 -1.934944419402776061e+00
-3.079910641166673457e+00 1.494127725074938073e+00 -4.652523092654128889e-02
1.561501454577899628e-01 3.778263572974729811e+00 -4.802913678020250821e-01
-3.579379046668988540e+00 -1.704809896917819922e-01 -2.033005889223496787e+00
5.298126103590428571e+00 -3.276584064601170354e+00 8.850113959156064025e-02
4.062506753722133213e-01 -2.022838271617037886e+00 1.982656152738801469e-01
1.246652332674449415e+00 1.796538566971956241e+00 2.838482542785227825e-01
-8.483144591290101011e-02 -4.201287776292690346e+00 -5.058575602587406239e-02
-3.582033125913076432e+00 1.461490338164298963e+00 1.159314620214028979e+00
-3.497697689502800245e+00 -8.059470912739472026e-02 2.712968153529509596e+00
-4.923451332017852344e+00 1.897265094427250887e+00 -8.744094275740499356e-01
-1.698109276575493709e+00 3.362645532436886464e-01 4.222572665834715688e-01
-2.808128931028480046e+00 2.455084452099728087e-01 -1.017680080439932633e+00
-1.458234977147021549e+00 -2.656505809385823813e+00 -2.653986828489097949e+00
9.472295808044461918e-01 1.710376794594157812e-01 -4.144497657889115172e-02
-3.737486848962617181e+00 2.528616757931197334e+00 1.048669545269764081e+00
6.343769579535836201e-01 -2.113165690214341641e+00 -1.982014224968676519e+00
2.575690770588344947e+00 4.618549411389825110e-01 -1.122604679505364134e+00
9.906082679315638684e-01 1.991721250673077259e+00 2.765013187887073620e+00
9.212288024674440967e-01 3.386352444745601264e+00 -1.653548956143052528e+00
-3.361255423493873185e+00 1.346093671877658382e+00 1.535316896452068258e+00
-3.534134826523177342e+00 -1.700674182584504646e+00 8.947699646835992615e-01
1.637307879045799275e-01 7.375991652162278145e-01 6.558383514741169540e-01
6.448343199813453275e-01 1.526330218839307307e+00 1.501048761344384141e+00
-1.467490831356886183e+00 7.238245320381588854e-01 1.048817630439471849e+00
-9.714710351640086783e-01 2.003697148512771253e+00 -2.642280350497822727e+00
2.435032133566336077e-01 -1.018938328087713119e+00 -2.880557598187679091e-01
2.856211018889604158e+00 -1.103836098312586333e+00 -5.631438394042218576e-01
7.115870336061373980e-01 -7.217206051014645185e-01 2.044432196466479557e+00
2.035028735706583269e+00 -1.019029148059865664e+00 -1.559643581985787453e+00
-2.922805656150330167e-01 2.890315922924023839e-01 -2.699852342898246160e+00
-1.499061386609627178e+00 2.983659286859615678e-01 -6.863698385270228242e-01
-1.559724958669572947e+00 7.707641874186690889e-02 -5.285371216712805298e-01
-1.216830964120803715e+00 -1.674246851243431367e-01 -2.710978559930004028e+00
-1.035622331552751740e+00 -2.219212786880721267e-01 -7.068179545814328169e-01
1.744721946938972756e+00 -5.068053404831494024e-01 5.452447599628567509e+00
-2.495151125159850380e+00 4.832380792483022547e-01 6.984507108459719893e-01
-6.761571605074436775e-01 -2.413870963645461831e+00 -2.010603083576147476e+00
1.973504776917015979e+00 2.708664733374011480e+00 -4.800374546734144765e+00
-1.084863594719770230e+00 5.831138767617196628e-01 -2.422154953735490501e+00
-2.451678111392074033e+00 2.323537641419540112e+00 1.122494424374169131e-01
1.465692650581714940e+00 -4.226003029895197272e-01 -1.201789672377465701e+00
6.088526882974129029e-01 -7.481880883266829319e-01 8.604800165802370948e-01
-1.046016476307157217e-01 -3.018853047540170031e+00 2.575145397126928359e-01
3.468013431834026328e+00 2.115889633338842390e+00 1.474777963326194374e+00
-4.258184460859774090e-01 2.524019296832212600e+00 6.555069457498927665e-01
-8.542751913664538010e-01 -2.443878330241800789e+00 3.011910647860194246e+00
6.081333470106972117e-01 -1.231319977242173680e+00 -1.483357239181140486e+00
-3.056195660990009166e+00 -3.036543906576581048e-02 3.406204292978309844e+00
1.977876577463782093e+00 -2.024455654616138300e+00 -4.254405934774405651e+00
-1.726548472385850186e+00 2.627758262172507742e+00 -1.692926269600568245e+00
-5.084212647392516438e-01 -5.996606373256475608e-01 -4.982669661424762308e-01
1.791373629969843062e+00 -3.747180003313628771e-01 5.030262590114333854e-01
1.177894794497266640e+00 2.847246567090385705e-01 1.943243345532364108e+00
-3.990673626748107772e+00 -1.861605670496772502e+00 2.082589555331193498e-01
-6.755747822321505058e-01 -1.215924490697669835e+00 1.885286250435809663e+00
4.053561721656542716e+00 -1.188381802970269963e+00 -3.361490254009123380e+00
2.103088069921361658e+00 1.217633420309236908e-01 -6.377206891002379363e-01
1.077144965096984208e+00 6.852463221684071959e-01 -2.466341858841325507e+00
2.348333560115694496e+00 1.465802624490039729e+00 -1.358512448180655863e+00
-3.845522180634151077e+00 5.498791686929551670e-01 -1.870807697867218122e+00
-1.940044966001696958e+00 3.880649281173230158e-01 -2.349256738925487475e+00
1.801042299817311454e+00 3.561300550254753450e-01 2.543697428525172333e-01
-2.515173663486490518e+00 -4.794599461324817839e-03 -1.643191903338036219e+00
1.015489285138515829e-01 4.019046006706741836e-01 -1.485225713241855316e-01
1.902235410813728489e+00 2.993236991533360314e+00 -8.700138278725529917e-01
8.013579736013396460e-01 1.530131304413853144e+00 -4.759252350741698390e-01
3.567182351473072721e+00 -1.162210452300122876e+00 1.436638007886621993e-01
-1.492722030382923615e+00 -2.824884164493101757e+00 2.368758869937835285e-02
-1.711678144863030493e+00 -1.594924810011833838e+00 1.450873872731077430e-01
-3.697034282225361235e+00 3.240025781574615849e+00 -8.342419701198584558e-01
-1.943434324214786679e+00 -2.578794329586699074e+00 1.304810166935529869e+00
2.511342480622270612e-01 -1.268466223957086747e+00 -8.593543275295564277e-01
-2.105750413093371520e+00 -4.183922118366251719e-01 1.369646935007307942e+00
-6.205237367246108082e-01 5.047577954542719958e+00 -5.427495794970275123e-01
1.073107777900521143e+00 -1.312772043121047559e-03 -2.063856044784863286e+00
-2.398389600077206030e+00 -9.430486014378312021e-01 -3.956903511526296824e-01
-3.533535045073531222e+00 6.469990941994697708e-01 3.289212258502201891e+00
3.112508275791660672e+00 -2.678681096331291478e+00 -6.417690540666710630e-01
1.351671483695851439e+00 1.910009158762179027e+00 2.411831715988052238e+00
3.205933343437208816e+00 -2.707167607276803056e-01 -1.706251820418424270e+00
-2.502549173109380298e+00 3.298517657845251083e+00 1.282000458228393036e+00
3.339222743346558442e+00 1.577249493210520770e+00 1.674695792506102343e+00
-1.421973990465447368e+00 -1.576428092990702357e-01 7.890840716527256493e-01
-2.085470292551268034e+00 1.563431382019653482e+00 1.678657893280256719e+00
-6.780753896508263656e-01 2.377318697704481620e-01 3.170827293248595358e-01
1.716409688994471994e+00 1.568177896494923063e-01 -8.149432065611421638e-01
-1.285856988718073302e+00 -1.604845280953684172e+00 3.241534281371940551e+00
8.787408138114285450e-01 2.043365994292253573e-01 1.507000390425366820e+00
-7.749305137027914236e-01 2.195888638863857878e+00 2.010148553189730958e+00
1.622419215727741282e+00 -1.982644658487322076e+00 2.444343160991925834e-01
3.175194471660188200e-01 1.006526523983591881e+00 3.016309555235566542e+00
2.127008996289218246e+00 -1.813929340686923908e+00 -3.103337239246306556e+00
-1.008268272518778375e+00 1.137826960491337552e-01 -2.799814178678309076e-02
-4.108322147658125499e-03 5.398079939205993431e-03 -3.305129059483163267e+00
4.367837884367963497e+00 -8.143726697665352177e-01 -1.651307641102870205e+00
-4.321265961944869005e-01 -1.910456769343810368e+00 2.097794916237595952e+00
9.311588224026815519e-01 1.200563547211102922e+00 -1.087609874081141292e+00
-2.600157222359459119e+00 -6.676205873487622844e-01 -5.875299405098912686e-01
2.625465531834636046e+00 7.438783615359831902e-01 1.105916921808243414e+00
-2.550032681310488436e-01 -1.670327185812484849e+00 -9.129056547208418138e-02
1.518053214535356688e+00 5.224263177460317209e+00 2.303360160058754325e+00
-7.134557387997897404e-01 -2.779365445964375070e+00 5.414350045166523628e+00
8.528352744871456892e-01 1.344171967187160588e+00 -3.525942867093748156e-01
-2.490052346948425921e+00 6.775987980865703086e-01 -6.872756915265125777e-01
2.462071852019667162e+00 -1.341694931624905607e+00 -1.657941446047070666e-01
-2.335052492659611012e+00 -2.019844438053128410e+00 3.261972649899487209e+00
-2.711896281262519803e+00 -3.107080584942244261e+00 -2.997332267889991186e+00
8.376905685273933200e-02 2.816315627173023195e+00 1.467844789020146701e+00
1.099821949394209630e+00 1.473127045271868552e+00 7.234881838541749044e-01
-2.718700800520970962e+00 6.962352542013635626e-01 3.237682510566105343e+00
-7.340344275030935561e-01 -1.373290003519133773e+00 -1.887596636912001635e+00
-1.598549941769352500e+00 2.886997340535861767e+00 -3.508185442693370071e+00
2.322059760721806587e-01 -7.906251249095600508e-01 -3.372327817480402085e-02
5.237687084707573604e+00 -1.726631787288606779e+00 -2.122509727408323332e+00
-2.459063531681761727e+00 1.157614002080656679e+00 -1.752271424093509777e+00
3.564245388549934557e+00 -5.409748526819950776e-01 3.456705202515923947e+00
1.273510254520542784e+00 1.521105009687545140e+00 -2.927126124674725993e+00
-2.609326960806173989e+00 -1.756393772702819600e+00 -6.785518174176042860e-01
-2.795017647301266006e+00 5.449317406855147539e-01 2.564463021676503640e+00
-1.427689218133310511e+00 -4.433670605546385701e+00 -2.284941384020146682e+00
-1.530823830389618889e+00 9.602736609303055282e-01 5.066100152968868731e-01
-9.402626429123673857e-01 -1.193894680030969546e+00 1.402264474565982466e+00
-2.033627925499987832e+00 -4.290298856172710451e+00 2.259193332783594688e+00
1.046368832644609892e+00 3.292853584758312913e-01 -4.528136635398848364e-01
7.343850236051501223e-01 1.115518684821266371e+00 1.889903681256303480e+00
7.899881836849151906e-01 2.042560940591429119e+00 -2.069663257291575853e+00
-1.894164142982447119e-01 -2.784267722291484670e-01 3.377438660093162071e+00
4.635623602558761047e-02 -9.745965656036446045e-01 1.602338099847957498e+00
9.689869214185237167e-01 1.694736937597464410e-02 -3.965299819620550781e-01
-4.578909621236403327e-01 1.742966114302344938e+00 -8.309083998251668435e-01
-1.697242142991274294e+00 -4.687946655219613068e-01 -1.003339966617978751e+00
1.735602709361139917e+00 -1.469026402234456352e+00 2.829200021809760157e-01
-1.542876055543308755e+00 -6.096724913742121998e-01 -9.194649986289236132e-01
-1.828374447562464811e+00 -1.871861487107298883e-01 6.638499604428822476e-01
2.008334779580352725e-01 1.921790134241130765e+00 -7.401817185820921408e-01
6.582095216796982617e-01 -7.745187147694321261e-01 -3.713784481839542129e-01
1.824250876568924484e+00 2.513239187244247663e+00 -1.635153389043993100e+00
-3.396633152605026407e+00 2.476042884153366597e+00 2.556074370899138679e-02
8.555884543017783228e-01 -1.420676856787705944e-02 2.720789141889898399e+00
-1.311250120867814450e+00 -2.606839390253008037e+00 1.220288876818575341e+00
-1.588719057375780563e+00 3.356452713543522925e+00 7.344243831741605888e-01
-1.315233118762150655e+00 1.182303249461954087e+00 1.057216775049803381e+00
-9.736435160549815337e-02 7.572629429132162748e-01 7.986769940323961148e-01
-3.038086949949220461e+00 -1.553256491713027598e+00 1.567440402870593275e+00
1.280203283691434102e+00 1.963112414619154755e+00 -8.884979563358119670e-01
1.886560427261289918e+00 2.258232627422823047e+00 1.832675990060692595e+00
4.139547820669804423e+00 -1.562322774367431499e+00 -1.255261586950924269e+00
9.761418114567466109e-01 1.608150446578274329e+00 -2.114051986512875292e+00
2.285631054924772143e-01 2.725588766063163693e+00 -2.190454714983908480e-01
-2.804738704554393447e+00 1.400047688888316488e-01 3.259077481810479959e+00
-1.402296367346623995e+00 3.021104554318090329e+00 -2.823132768762632416e+00
-1.624480929094331394e+00 1.806376880934571938e+00 1.794347181945560865e-01
4.137690372561594998e+00 -6.880229521934380088e-01 -1.481853621797900145e+00
3.799171542627172826e+00 -3.333672889903247505e-01 1.176152421212959265e+00
2.652290389161673811e+00 3.151695590997436014e+00 -6.281011173232140532e-01
1.171733196301509183e+00 -1.051863789138593352e+00 -3.705827548589580189e+00
1.035728273030702834e-01 -7.991865864528265861e-01 -6.982423713839821522e-01
-2.385966816790608735e+00 2.506935586906403834e+00 6.166073549223071160e-01
3.320938644630802017e+00 -2.792613156011520825e+00 4.935599209015943400e-01
-1.001956981623909115e+00 1.073472104335657873e+00 -7.627538607944484017e-01
8.399717183317050306e-01 3.485279337628803820e+00 -9.525335943425322638e-02
2.342458056373529551e+00 -7.491543322567351115e-02 -1.588047442697231582e-01
1.510238199006020077e+00 -1.862905567839108212e+00 -3.688348215796956042e-01
-3.625291317593177354e+00 -2.136058118566798392e+00 -1.855861824848594299e+00
-3.934087078487514821e-01 -1.288825198406775840e-01 -2.802230049977613380e+00
-7.049644068254286022e-01 -2.005273333744026942e+00 7.463475994372681388e-01
2.452166586954010741e-01 -2.027822186094828893e+00 1.277231469006533393e-01
-1.091861518328562930e-01 -2.258309679191496500e+00 -3.772047829078063241e+00
-8.579749522860939948e-01 1.280268968187295187e+00 -1.668241668784398446e-01
-1.729443594523012662e+00 4.775987161803758596e-01 2.365522633289499410e+00
-2.111824976610963578e+00 -3.775440669921636960e-01 3.719245372246192671e-01
1.300265581585432706e+00 -1.831907341856676918e+00 7.579113370093494284e-01
-4.786457246293076562e-01 1.266336451216412362e+00 4.807475574922036032e-01
3.058615329935231220e+00 4.200462191129295669e-02 -1.513684122694554990e+00
-1.838820100542315039e+00 8.451735338220346394e-01 -1.751298012864926257e+00
-7.800541006999333060e-01 -3.636594230843650077e+00 1.571270139061704318e+00
3.559982162441222453e+00 1.677106666161634285e+00 -2.060397403770976688e+00
2.062105045713686913e-01 1.354566714143215167e+00 -1.603639371758061261e+00
2.474022173544848879e+00 -1.539075713365167575e+00 1.309277239231045664e+00
1.790535241252565468e+00 -2.646298266489034365e-02 -1.760246773264786402e-01
-5.463429673579373036e-01 -2.406513400668622182e+00 8.144393436004023767e-01
7.878012880025795361e-01 8.662655212002768890e-01 -1.006410408026929826e+00
5.958529497659033058e-01 1.435749435401470819e+00 2.530094574632155702e+00
4.405870697582618511e+00 -9.041666303292803519e-01 4.664929750734358310e-02
1.036332486437048894e+00 -1.253908233743502132e+00 -1.310892859532450494e+00
-2.088047160743940367e+00 -1.944694606101480705e+00 -9.977599648499385632e-01
-1.071005620372814438e+00 -2.606412152744901789e+00 -2.888378262716621236e+00
4.123456124679906187e-01 2.285827924300412040e+00 7.378670335360560939e-01
1.758985412359308720e+00 1.682967732035040909e+00 -1.018415651027689162e+00
9.821980672590415740e-01 -4.813946210748245025e-01 2.791082300106546565e+00
2.394329481894166278e-01 5.446174965166726833e-01 1.262984225661081705e+00
-1.289820378197873874e+00 -1.835610041698612527e+00 8.502605433832416404e-01
9.696229410131438353e-01 -2.626975715770318298e-01 -1.751449633576437903e-01
-3.501795915249121260e-01 1.629830209683061915e+00 1.343656418448262668e+00
-1.069293840623083969e-01 -2.506365039030746367e+00 3.498834015524716068e-01
-4.539329667162540494e-01 -2.238387787780788118e-01 1.772151912237408755e+00
1.004092194697796536e+00 -2.382481804182837171e-01 -1.371594488321350891e+00
1.215459326106864246e+00 -8.832651216590384213e-02 -1.703710178075900084e+00
-2.350709626111071593e+00 -2.039232560303913200e+00 5.669834719502979681e-01
-1.253144431117263036e+00 1.137364285613965409e+00 -2.802708622471438704e-01
2.109249312077376981e+00 -1.161949042568615420e+00 -3.472990191624413248e-01
2.754517296278972127e-01 3.105785700599831278e-01 -1.712956019148331954e+00
1.277175680203272989e+00 -3.075131059412473666e-01 1.359549696154158382e-01
-1.364146222920511464e+00 2.738937113444386728e+00 8.758932397594254571e-01
-1.849973102080060550e-01 2.884431588128573698e-01 -2.150474277846887716e+00
7.823892927603274261e-01 -1.990480192275955851e+00 -6.708636207240372684e-01
-1.424717676181930237e+00 5.800087091216626911e-01 4.689973591174512180e-01
-8.519977648663472625e-01 6.693422607455734585e-01 1.107109662690555218e+00
-1.972922890172375876e+00 -1.136473060534089585e+00 1.631535922837455743e+00
-1.780913344437531798e+00 1.936517637893425403e-01 1.704888707781816004e+00
-1.724704207844786952e+00 -1.511430555589845293e+00 8.346602569275639594e-01
-1.675916400565614417e+00 -9.615826723590424896e-01 3.489491337531527848e-01
-2.469617979382221939e+00 9.936616506989468522e-01 1.320732949725188954e+00
1.945041090486684610e+00 -4.982091634820903892e+00 -6.520697360447403890e-01
-6.166739782873841280e-01 -2.141854824412904090e+00 -2.117036322464087572e+00
2.672447317474304640e+00 5.463719278004942614e-01 -1.561254866338105396e+00
-5.136844154726648570e-01 -1.963728584761405438e+00 4.489880943956906734e+00
-3.058258320312451151e+00 4.155232537297723461e+00 -7.341986285014564517e-01
-1.347532532723955123e+00 3.746137654492083691e+00 -9.191373830556024416e-01
3.545553013865575753e+00 -7.742044163960325465e-01 7.887170631036191093e-01
-1.481040058891697209e+00 -1.089911337981014583e+00 7.876772653809914759e-01
6.001487319511335933e-02 1.115288785324799692e+00 3.215132991688106845e+00
-4.275076449528615319e-01 1.409487524404466452e+00 2.249611052353074347e-01
4.981316273568358460e-02 1.991386855719482485e+00 -1.384018454091163530e+00
-5.087481703842366976e-01 -6.742497215297770241e-01 1.822332783212849305e+00
-2.317844006201112417e-01 -1.879520389433476935e-01 4.556158204397874334e-01
4.630361159490629236e-02 -1.752098998075901637e+00 -1.612318644668976342e+00
-1.223264901816855321e+00 4.024299607825165825e-01 6.757957381100633265e-01
-7.405370376150691714e-01 1.045366298051469522e+00 3.661396222041832349e+00
2.880917251974137502e-03 -4.339713339304485662e-01 -9.421237756286844345e-01
1.230223615168371809e-01 -1.260300743144843638e+00 1.148100130538427743e+00
2.886647135992101432e-01 -2.143856969090218278e+00 -2.941139386297148661e+00
-1.636330112519509772e+00 9.537198212356049476e-01 -1.803915247888724593e+00
4.218337646790990547e+00 -8.519691808730897042e-01 3.023236576381705731e+00
1.622616294297925199e+00 -1.485166083416304295e+00 2.390616429397884435e+00
8.738183914916900497e-01 4.475931212066004861e+00 -1.167784404420498134e+00
1.536432044339167469e+00 -5.701602581987126328e-01 -3.473745048219778031e+00
-1.319557361436439535e+00 -1.180966044728183340e+00 8.870534281173878544e-01
-5.568281618503716501e-01 -3.376645761788825140e-01 3.048581999282520716e+00
2.941371070117205111e+00 -1.375557571182880467e+00 5.426317979181687345e-01
-2.472105609080307076e+00 1.377071569667657647e+00 8.189745665395807839e-01
1.740518489208256359e+00 -2.153927222887518589e+00 -3.983535777017405133e-01
6.430599596277858376e-01 -2.124900724764212878e+00 1.760295594634222249e+00
1.993035223566611114e+00 3.573721856342183756e+00 -9.137680600224560301e-01
-1.070584283577243667e+00 -5.903459311464828163e-01 1.074794135127349115e+00
8.796720057242952695e-01 -4.521780217354764098e+00 -1.738342332844531768e+00
-1.887032191797420877e+00 1.466568497395064563e+00 -7.551837472529693285e-01
-2.970462707616722486e+00 1.497533697217449777e+00 2.975456462450152273e+00
6.710253621869460838e-01 2.023401853745807610e+00 -2.824219312635307122e-01
-2.647746843025091112e-01 -9.333156583400467055e-01 2.845549118706240943e+00
-2.495075005223600151e+00 2.077173956015330725e-01 -2.033953228128773383e-01
2.088332289766338390e-01 1.361026773447728544e-01 1.066360448164328290e+00
1.837081852329391030e+00 1.640824503293876413e+00 -3.637332085972883711e+00
5.855113443430384201e-01 -1.042753965987664122e+00 2.115716208202579884e-01
-1.813241726516949148e+00 -1.157508019573810110e+00 -1.526213988671344168e+00
-1.570975256386045960e+00 6.708643859123232245e-01 1.022676437848724751e+00
-5.019472907496190794e-01 1.129362613249201175e+00 -3.349710699874069331e+00
-9.270329661580417602e-01 -7.860913968922782491e-01 1.773651057123396768e+00
-2.561558568706517658e+00 -2.673859765973902736e+00 3.728770131272575394e+00
3.513982660025371518e-01 -3.069785028562310725e-01 1.476397457980959116e+00
4.319797257670999535e+00 1.135405805056956957e-01 -7.067072729954070320e-01
-7.936755217024723530e-01 2.910922656451260249e+00 5.902700020161893990e-01
-7.158738562838515840e-01 2.717990567646517142e-01 1.062020815974849264e-01
-9.649264465206679464e-01 7.016375818477899040e-01 5.330768393590141763e-01
1.319573246963935687e-02 -1.453845199236834418e+00 2.018180549950403802e-01
2.943679387470924946e-01 1.400410486828411960e+00 -8.790722693100073704e-01
4.011421460024117702e-01 2.780549044641217549e+00 -2.469930777446556480e-01
-1.917653934121231751e+00 -2.960670317358649939e+00 -2.195114056014041193e+00
-1.202050881219629413e-01 -2.295184532087053864e+00 2.020269313758515040e+00
1.779004491770612262e+00 -1.611580199044247541e+00 6.565553183071117793e-01
-2.627032180755369595e+00 3.757097741473138797e-01 -6.546638047045524322e-01
-1.075434144752576371e+00 -2.719118382398560740e+00 -2.975199643448415365e+00
-9.657752420580747454e-01 1.511637804344282410e+00 6.198359777801005777e-01
1.034380681633911420e-01 6.130813371785739374e-01 9.584731165198269323e-04
-5.203303987734785307e-01 -3.034325154770408095e-01 1.399343211341839366e+00
2.698594596475987650e+00 -3.697086506343505885e+00 4.716274729895074125e-01
-9.173982211975013623e-01 -7.138476656300635215e-01 -1.812760735414165270e+00
4.968449298508282319e-01 -1.150199913123655993e+00 -7.375617633862283640e-01
-9.219338697415434547e-01 -8.705468406896990988e-03 5.348343253005740650e+00
2.836626638100919751e-01 -1.941409777957684712e-01 1.617364298793654009e-01
1.301546397512469921e+00 3.481127518902126461e+00 -5.114064542222991339e-01
-2.052882846691105545e+00 3.404630707282053081e-01 -1.478947072043230504e+00
-3.906796105383117279e+00 4.755566717832424573e-01 7.924844640395232176e-01
6.385752246189537740e-01 7.387796500711475423e-01 -2.679773165427607573e+00
4.527309040725776002e-01 -6.939332674510726440e-01 1.455610653506618224e+00
2.014842964201248865e-01 3.722323266344494286e+00 -4.362812143454884328e+00
1.652566178254141649e+00 1.397326901697951040e+00 2.141408845987215148e+00
-7.586136410632581262e-01 -3.749620152396597739e+00 -7.253726375632992829e-01
3.684376106144101382e+00 -7.608844159479374314e-01 1.281211416204210973e+00
1.053926440340901216e+00 1.010329634861028447e+00 3.398444508302503664e+00
-4.466435771508050490e-01 -8.166520122814265870e-01 -1.984670603694594471e+00
7.846014966210655972e-01 -2.150053378442339458e+00 9.505010152694227943e-02
1.654382763340722651e+00 8.345909010940592010e-01 4.831122031861105337e-01
3.874777735375481424e-01 -2.164370972802839299e-01 1.061512781318290299e+00
3.687909102138634321e+00 -1.594943614018251798e+00 2.345106866978682980e+00
2.052729467315605127e+00 -2.238960275946835221e+00 1.273291579010493502e+00
4.644135151169486164e-01 -2.088179585900586499e+00 6.273536103867926705e+00
-2.292406826502655925e-01 -5.112719864636125600e+00 9.388507484349077892e-01
-1.625642479946984409e+00 2.042785103520005308e+00 1.156582010331112631e+00
-8.059850374456438704e-01 7.792358390746829955e-02 -1.991539788975237313e-01
-7.603896355397579132e-01 -4.139327816929485593e-01 -2.910812891388765977e-01
-1.244461646416473943e+00 -5.927254475275527401e-01 1.031469899582977190e+00
-1.259179240780795794e+00 -3.105860012158629502e+00 2.068372741254968228e-01
-1.768321063729514364e+00 -1.315041767844866927e+00 -8.335672173347496994e-01
-2.634447863574121418e-01 -3.189520370764077906e-01 2.308073938074674203e+00
-1.859425710773965124e+00 1.392271551128613893e+00 -2.082361672606594105e+00
-2.471161614289757669e+00 1.210209482255592661e+00 -1.897058525196476941e-01
1.370137280579249328e+00 -1.420503253765545537e+00 4.816143634395849915e+00
1.140704039143584092e+00 6.938710368518954952e-02 -5.025418159233253634e-01
6.362307343541347970e-01 -1.919037015033525417e+00 2.161165945059438265e+00
8.007004708823475259e-01 -1.555838531814090375e+00 1.259329914719923726e+00
-6.909953170059505156e-01 3.091965158946204939e-01 -3.109082636957056334e+00
2.366631698500355707e+00 -1.138485847799057593e+00 -1.780885131100360397e+00
-1.046460549423946285e+00 1.213272923332255226e+00 1.396652300232999466e-01
4.029978794479448290e+00 1.719454684415510970e+00 -4.772801841844706017e-01
1.534779155688055674e+00 -6.727738392124329447e-01 -5.593232762176931772e-01
-1.481131225284425756e+00 -6.696811252313955576e-01 -7.501307365751334888e-02
-2.649672568065255529e+00 3.788287545865279604e+00 4.026939521438058556e+00
1.371962183334325402e-01 -3.770921456108897729e-01 -5.322617214722924484e-01
-4.470035218615696082e-01 -1.427895568503690704e+00 -9.638987871317075684e-02
-1.289977839886693678e+00 -2.559966846072040184e-02 -2.589091216093719172e+00
2.142391146003912006e+00 1.234272300866200656e+00 1.994318293134350883e-01
-1.023273274265299237e+00 -3.849022546204437401e+00 -1.254108811174552862e+00
-3.629729849686791354e+00 -1.725113645550379937e+00 1.878126717603920470e+00
-1.891092086070821354e+00 -2.256587338780625895e+00 -5.518057263980166022e-02
7.370675479529577023e-01 -1.841983350957630883e+00 -3.422343379457367885e+00
-8.448511837418853920e-01 -2.070763676709152512e-01 -4.771218347527322878e-01
1.636674008044244122e+00 5.346986575365241245e-01 -1.981110986763316539e+00
-1.895447085226676376e-01 -1.084219582353247224e+00 -1.443587022171980150e-01
1.100468323793085262e-01 2.059861193170249738e+00 -4.407792969025018159e+00
1.233111199382894929e+00 -5.069312147467428531e-01 9.644173915964975308e-01
-1.944335964066383482e-01 -1.388886005973364313e+00 -3.896283974453867316e+00
-4.067060279952893764e-01 -9.983238080080953925e-01 1.788884766921071234e+00
-8.739218340802248353e-01 1.843626363687913272e-01 -2.055332299355454584e+00
8.208300918962138093e-01 -1.791549149926523476e+00 -1.385731025964239027e+00
-1.096173960424188243e+00 -1.212496490510326097e-01 -1.997831124870213637e+00
9.913383706784544280e-01 -2.360736754363646384e+00 -5.962963603126172213e-02
5.628921960496905408e-01 1.510196830950405911e+00 -2.429200526958975870e-01
-4.621558986762064336e+00 -1.388389379915126343e+00 3.500583011787216092e-01
2.702750616813620166e+00 -1.967780936290047578e+00 1.877769198312342347e+00
8.900261175315079543e-01 -2.064454507835246755e+00 -8.525621096586010195e-01
-1.621674388087386953e+00 -1.622525054774385689e+00 1.881091703383211411e-01
-1.930832331635987220e+00 -7.330098660720951731e-01 -3.250064870682999318e-01
-1.531722631577023153e+00 4.221042852190073913e-01 4.694343616603567915e-01
2.061661350338280130e+00 3.169395800150931031e+00 -1.324678688856570696e+00
3.795291312111587434e+00 -2.816448554091366852e+00 -1.669561326023747183e+00
2.203087647379270209e+00 1.884944466924652229e+00 -8.109560065970587983e-01
1.820510795504898693e+00 4.294145035351843928e-03 -3.290573548915765034e-01
-1.001074055088163828e+00 2.141994503329351485e+00 2.092248707814492903e+00
2.887705864784343213e+00 2.226638181350837797e+00 4.073608239967779099e+00
1.460012683402487799e+00 -1.128078708658094786e+00 -1.147054888714904131e+00
-1.202388800549355041e+00 3.519452486833896998e+00 2.813010327409425429e-02
-7.140606576613393042e-01 -3.190891204513961021e+00 1.765597317009479639e-01
-2.217936718525224393e-01 2.536778128457457093e+00 -5.224591296230693960e-01
1.215542615712609686e+00 3.607386259938657247e+00 2.858839296115223139e+00
-5.595792313908360960e-01 -6.279031853526624296e-01 4.345737998166045446e-01
1.304259859844345559e+00 -7.725913855868218327e-01 -5.693652547534687747e-01
2.309422643828458188e+00 8.999660696651682334e-01 2.539618521936278048e-03
-1.821031101897754301e+00 9.031684875330507900e-01 -7.298764131120286658e-01
2.996550649465856253e+00 -1.679549960452772162e+00 1.388209571928555430e+00
8.576216690362006845e-02 4.035407542469950926e+00 -2.962763409532727543e+00
1.010001349604540577e+00 -1.718299968287032131e+00 1.557647623482985910e+00
-1.342681030528118713e+00 -9.051293645833616841e-01 1.148204267714564297e-01
9.302780629755944553e-01 -1.185130131318090418e+00 2.108707835914600537e+00
3.263656976381552194e-03 -1.761960088922439827e+00 3.521320348253600963e-02
-1.565002943507351196e-01 3.212361945200056024e+00 -1.382861967299763517e+00
1.483840295592131042e+00 -1.497086390602047734e+00 1.268283605853243179e+00
1.642340842510610299e+00 9.604299750347627951e-01 1.990256748713720825e+00
-6.044823085819903824e-02 -1.799290948924969991e+00 -1.875833294404564144e+00
7.333351088238551085e-01 -1.246445919432328520e+00 -7.072188201765784443e-01
-2.533423332001638606e+00 9.377192637042907064e-01 4.307814705932646038e-01
1.282346461221618716e-01 -9.457131557644679054e-01 -3.382712520542209500e+00
8.642777948554684064e-01 -4.290356726873545412e+00 -1.625870027138772711e+00
3.747169224239577545e+00 -3.181989268264651560e+00 6.704101203342967275e-02
7.115500933613240209e-01 -1.817999373119515205e+00 8.122934262316223730e-01
-1.936060598785630749e+00 2.031335179241446354e-01 -8.467343351869923707e-01
1.814143534825741533e+00 6.852617889617472757e-01 -4.728475499920249403e-01
-4.322044537991335922e+00 -1.706612031077091807e+00 -3.162569738381367235e-01
1.056474971905028815e+00 -8.935100822141636145e-01 -8.898371654114484164e-02
2.416304503711453666e+00 -7.558772487508177429e-01 1.698043154266519972e+00
-2.162678080892731725e+00 -1.173557752975367963e-01 3.160327597129990451e-01
7.436343540164689347e-01 2.452913233978774254e+00 2.504453152020876594e+00
2.506747719105514083e+00 -2.518271471862753685e+00 -3.268203498075668456e+00
3.415674047205033315e+00 2.092900123424110248e+00 -1.818375644077580011e+00
-7.465098255751834166e-01 4.114932338770982412e-01 -2.826546571460619717e+00
-1.570070840111007504e+00 -2.457701894456483238e+00 -1.288153042396048775e+00
-6.668917409341498237e-01 -3.451337009269183631e-01 -1.392075305141732944e+00
-2.526762956137894367e+00 3.313288698416913536e-01 -3.954756172559637517e-01
1.890975266172586267e+00 3.049424930911777132e-01 -3.114413909161646288e+00
-3.136885865262051265e+00 -7.020222589193270135e-02 -9.502029978460880821e-01
-1.209231652652940525e+00 -2.187627960746724387e+00 -1.922494313626300189e+00
1.964464858087031363e-01 -4.908791590348078882e-01 -2.957964675493391926e-01
-1.925338221487319812e+00 -4.355037170920835199e-01 -6.834644604378907751e-01
2.897428078622445557e+00 -1.611390808752106496e+00 4.254285251200296547e-01
8.621847208594956014e-01 -1.921159374200720693e+00 -1.496798390822101199e+00
-1.720725008217125929e+00 2.217407157030315545e+00 -2.591847738994187189e+00
7.577831856513130848e-01 2.650213163327259092e-01 -1.809282419305746625e+00
1.399090074424203411e+00 -2.013323307486107883e-01 1.892132054826042298e-01
2.753160661190994229e-01 9.802111132926512038e-01 3.698851185396726526e-01
-4.201701201575184230e-01 1.001445377412319093e+00 -7.109420847738565641e-01
1.856750630618827280e+00 -1.203652724206471625e+00 8.112893854119941350e-01
-3.293069494162360833e+00 -8.457024102909381780e-01 2.157324717468259989e-01
-8.121140295792722563e-01 -3.247771143058357346e+00 -2.414152089671262935e+00
1.768834718831610031e-01 6.117142468909277930e-01 3.744993988394837992e+00
1.891415722180331160e+00 2.492045959314456827e+00 8.620138562932676551e-01
-1.352437886459382455e+00 8.002598386708303924e-01 1.527450860542795441e+00
3.882287379717388909e+00 1.912429087123595162e+00 6.518441360724520628e-01
-1.001887674453335597e+00 -1.038458633337234760e+00 -1.117902224035058900e+00
-4.009416843570111411e+00 1.182405393060459886e+00 -1.178745702426045705e+00
-1.246510157261104812e+00 -1.226602278229116938e-01 1.623903750513852606e-01
-1.258021055276824063e+00 -2.557014163699547371e+00 -1.476161374073113430e+00
-4.257459449132427132e+00 -1.829207238621776366e+00 -2.256841177625094286e+00
-4.056459588589099496e+00 -4.048570794252218108e-01 -4.429542237177702013e+00
-1.728241512041731875e-01 5.304317881616093189e+00 1.697988867465302920e-01
-4.258205951574527137e-02 -1.063389749582763916e-01 -1.903288259031735041e+00
-3.285918902302987110e+00 -2.640087394388744180e+00 9.123985573756735468e-01
1.941815469322631715e+00 6.601465009117349902e-01 -1.305300213624623673e+00
-4.647343954764759921e+00 9.062958433778968148e-01 -2.151710085806324724e+00
-1.343795590867604917e+00 1.266607482100414961e+00 7.393139702309574623e-01
-4.636625080833143286e+00 3.092175557046666690e+00 -2.862494365998942136e-01
1.651216166445541589e+00 -5.622107180809199356e-01 -7.731025686952096576e-01
3.221037286814089073e-01 2.111991013975264231e+00 -1.646256877951368880e+00
2.121763648686030734e+00 -1.812468235131540206e+00 3.176253217827100794e-01
7.941122011109559287e-01 -5.561139486354729211e-01 -5.571530521697848348e-01
-3.554778560725931236e+00 -8.536399648933354900e-01 -2.767844240336725825e+00
2.691208070763200677e+00 -1.662404180256591868e+00 3.597710340861228206e-01
2.689876950427439350e+00 -5.561342550922083738e-01 -1.258175361059321373e+00
6.579822085749301719e-01 1.585411589122634801e+00 4.511843600011786748e+00
4.244322527160565572e-01 1.754084695815836703e+00 8.467644634200147680e-01
3.262659485253116554e+00 5.551496084163997091e-01 2.190034617510817405e+00
4.787189829183977063e-01 9.639493327717046922e-01 1.825127441176201959e+00
-4.714316214105124248e-01 3.722665787436370444e+00 -8.799925841292344231e-01
4.531814353047335375e-01 2.996399256198990724e+00 9.891643336250340868e-01
-1.447750956852506876e+00 -1.333226403861565101e+00 1.784425165577016026e+00
3.070618211055886060e-01 -1.347809969348126469e+00 -6.535517078000393498e-01
-6.759824315385322413e-02 -1.484860623722912498e+00 -1.719277414381854552e+00
9.885597829404586812e-02 3.068621672312843884e+00 -3.662639043496664470e+00
-4.235565704002067555e+00 2.390945489627972265e+00 -8.374930668472090334e-01
-6.091991146772903765e-01 7.723998921153716335e-01 -2.699971685725618964e-01
-2.517362405820530835e+00 7.910359686255806488e-02 1.293428041810243956e+00
2.497313335642618259e+00 -2.389140474361523658e+00 -1.405426403271580263e-02
-1.611993858483112385e+00 -3.594497298515719752e-01 1.190603620938775614e-01
2.994452163317248949e+00 7.453525176704071109e-01 5.622189899865177587e-01
-4.045635856218068177e-02 6.269331343485526897e-01 -2.467994652190021565e+00
-3.450710872763143477e+00 -2.815720168421925074e+00 -2.253739783247322492e+00
2.073785059870926428e+00 -2.142565255752048703e+00 -1.481953979113477260e+00
-1.133698624233704155e+00 1.306446946252449726e+00 -4.413340676975292531e-01
5.946818930486176269e-01 9.601428458973696456e-01 1.151098155811649537e+00
1.317815831009575334e+00 9.227123354020647650e-01 1.276188943715998780e+00
3.403265324995500940e+00 2.433510206165768519e+00 -3.393390190373265725e+00
-1.086093382498355631e+00 6.076648347999691335e-01 1.895668107172924888e+00
1.269301933299884499e+00 9.902399018508178941e-01 -8.783330293023774993e-02
1.760340838172382849e+00 -1.090952367692596292e+00 3.005316503341796341e+00
2.635891902080532034e+00 -2.942956782998552845e-02 -1.247574306041382142e-01
-2.826837463204514567e+00 -2.563940726174855356e-01 4.182805754320843561e-01
-5.903770693816680071e-01 3.340521984246824339e+00 -1.695666832002016733e+00
7.732295693931021674e-01 3.048373281572430482e+00 5.462620607685220619e+00
-6.155928118097004909e-01 1.645486232406132343e+00 -3.751780329048213236e+00
2.314738599712536260e+00 2.405666736627994240e+00 3.886753225297776115e+00
-4.191710276236314536e-01 7.768168460237266648e-02 1.169127590271026862e-01
-2.218803543557003266e+00 4.646148732044065310e-01 -1.707311209637136562e+00
-3.759941552865529335e+00 1.533506534219760242e+00 1.126219994434835669e+00
-8.669593213912708540e-01 7.279411617291842163e-01 1.805019374438437962e-01
-1.124173253544529683e+00 1.678808688490282863e+00 3.814257720807948449e+00
-1.498109812841209365e+00 4.094894430094183635e-01 3.558445554594030558e+00
3.833564168027039365e-01 6.963122788048227430e-02 5.724023956383402778e-01
3.644143436264788871e+00 8.078744210660988578e-01 1.965533411025004229e+00
9.824975943317599825e-01 -1.249097583391318045e+00 -2.212205221715957126e-01
-4.839996586760904607e-01 -2.709725046881719557e+00 -7.071351607008143914e-01
4.474969349324900425e-01 1.528659586196215725e-01 -2.581169129199419654e+00
-3.611799713143658330e+00 -3.655462013350284090e-01 2.762509683615304468e+00
2.985553247094188678e-01 2.926635607825537999e+00 -1.057571380912792902e+00
-4.020920669726551822e+00 9.100337878881944453e-01 -2.506160195505823030e+00
2.633048619731147788e+00 -1.878436642369588849e+00 3.883742017396341756e-02
2.528404977939760379e+00 -3.840294526782140894e-01 -4.543387816931870188e-02
-1.143538381423677919e+00 -3.253835658057281588e+00 -2.016468254458471776e+00
1.192612312758054349e+00 -1.139959704205950386e+00 1.837725910716245359e+00
2.444639979118045314e+00 6.191854537527398394e-02 -3.678426900686523116e+00
2.175431029909846159e-01 -2.301938328606627060e+00 -7.910061826245599059e-01
-1.317647374379703029e+00 -1.450874485402405600e+00 -7.894556224270912748e-02
4.857070568933766208e-01 -3.689843896091501430e-01 -3.532555036766893974e-01
6.570378450402394321e-01 -7.880496643496504028e-01 -2.308625605408283210e+00
1.232295677020862762e-01 6.795784719921187378e-01 -8.726116900477497162e-02
-4.523601467054801262e+00 -6.559110473930124252e-01 -1.383666141031541841e+00
2.986484836915780372e-01 6.163534573377066339e-01 -6.119413188945473925e-01
1.868268509237218877e+00 4.930734536484441821e-01 -4.428691649239780426e-01
-1.467547558518432493e-01 1.103912260644727583e+00 -5.450326187395492239e-01
-1.885778095625337381e+00 2.058971746854618257e+00 -7.194812076437586690e-01
-5.503397672052745548e-01 3.645894599827555482e-01 4.124741555185990061e-01
-5.472235733721939610e-01 -6.027298446840030355e-01 -2.664652092689622442e+00
2.462856648066444332e-02 -2.338140331773891356e-01 2.751073443170962030e+00
2.300152996493018964e+00 6.007844690897969908e-01 -2.148292834420476805e+00
-1.545849661955935650e+00 -1.140292786238889411e+00 -1.934122640927911974e+00
3.117336218807732484e-01 3.636033675610248928e+00 2.982164766612190654e+00
4.101247178571622021e-01 2.511631033343771913e-01 6.825301192419764851e-01
5.547529479232114757e-02 -8.159795145013876150e-01 4.975555305733977418e-01
-1.287471910647772499e-01 7.613010720046421431e-01 1.358690342170411958e+00
1.254054724466067805e+00 -1.959154632363904469e-01 -2.157233361632439728e+00
2.661785447680871664e-01 -1.496653229482582115e-01 3.583832188515403416e+00
-3.131358147787077773e+00 8.980729147451591565e-01 4.246260778678020986e-01
-7.888306066760464308e-01 -2.104062489146701076e-01 1.814129918431825361e+00
5.991399370990555528e-01 7.616854056265540684e-01 -2.520983886925070028e-01
-1.019533366480199765e+00 7.860859298656907024e-01 -8.093907582614262575e-01
1.574801378986799616e+00 -1.136043392370021499e+00 3.123293287924678863e-01
2.353628998118973303e+00 -2.285384442493590296e+00 -9.672309318554299651e-01
4.432192112297220987e+00 -3.208338718731799766e+00 -1.504718527236412307e+00
8.736241768176574718e-01 -3.628053912848666851e+00 5.166474850238729211e-01
2.898747455392222339e+00 1.401201904136786025e+00 3.789502095325933517e+00
3.921365891176555429e+00 -9.809740574356082821e-01 2.057150522419673777e+00
2.522195227162543407e+00 -1.976950165124270464e+00 -3.461863752249860759e+00
2.660621574963971891e+00 1.278791664765107416e+00 3.972265080337850307e+00
-2.359012360277853992e-02 6.507673204674006007e-01 -9.306381457452370665e-01
-1.104835072450447431e+00 8.361597862311463680e-02 -3.251398533053371231e-01
2.410577171246246930e+00 -1.807215019660102895e+00 1.370868154317421928e+00
5.407825195607166568e-01 -1.618424723247428032e+00 -1.327586162197919917e+00
-1.012153569414107501e+00 3.038222952459924686e-01 -6.690721629038571816e-01
1.824785160479285961e+00 -2.227123669081427781e+00 -1.823482116117262741e+00
2.835666083520281600e+00 6.095071580517834597e-01 9.809196406361757603e-01
-2.278399772046596272e+00 -3.860844039067436867e-02 2.359319021096973612e-01
1.786992864128193137e+00 2.928502700756420385e+00 5.114857702738929701e-01
5.069724276219775838e+00 -4.047813667632028656e-01 9.955187081389903492e-01
3.004430894957627274e+00 -2.665953741138582522e+00 -2.951333401317193683e+00
-1.441178676906584633e+00 -1.627871573091061119e+00 -2.368667134421485354e+00
1.670574460404665507e+00 -6.081308540606482627e-01 9.101506252882957115e-01
9.875182155502932879e-01 -1.781357886320739992e+00 1.063745117102464999e+00
-1.095090690218517793e+00 4.124460842051725362e-01 2.152573533750824719e+00
4.092116172360992898e+00 -6.613239761891611668e-01 -1.215852263391945298e+00
-7.742757226141375737e-01 -2.316730989680228170e+00 -3.248467068056702711e+00
-1.388247613156104343e+00 -1.950592131622173320e-01 3.016502485731613614e-01
1.321137070761704280e+00 2.716878457511056499e+00 6.257070970442162317e-01
-4.277012327720949858e-01 3.284645191617939775e-01 -4.538556798934678671e-01
2.788287048060677176e+00 -5.117397602391013933e-01 2.076959230105100751e+00
1.679909012633300502e+00 7.426400803493780067e-01 -5.581925910518872325e-01
1.483306300196185479e+00 9.683733402572689553e-01 1.789315315541982088e+00
-1.104586863469641855e+00 9.396231946550447356e-01 3.557360948355021146e-01
1.004778214212702414e+00 -1.593176245896948506e+00 -9.301873404802524226e-01
1.796832003231258135e+00 3.413138155274305863e+00 2.767478262760941776e-02
3.505963367918083939e+00 1.344172618959197096e-01 -8.468938645270543963e-01
7.698988430005668793e-01 3.316883491504170611e-01 5.067048954961410612e-01
1.266017864729618581e-01 1.536125815786658411e+00 -1.296065642915755323e+00
5.297901046267315950e-01 -1.153238218314336150e+00 6.269211681407077519e-01
-7.679959865776081473e-01 -5.299383781472081223e-01 -2.136742684060151554e+00
-1.508702166272369194e+00 -5.535514269573179602e-01 4.209703766167090855e+00
-4.648423807151805948e-03 3.762585594435947645e-01 -8.113856861429893375e-01
1.544692173967691984e+00 1.507845622981660805e+00 1.618221182964761029e+00
-9.390753095820750240e-02 -3.583105619859892066e+00 -1.349903100837928971e+00
1.247910188835574807e+00 -3.134831058997296971e+00 5.002398408938951713e-01
-1.905055399741161504e-01 2.061677131620056613e+00 -7.257786396924050809e-01
4.107330373499688547e-01 -2.129318504755453922e+00 -1.374391141237136349e+00
1.587892273432640167e+00 -2.054008098553595119e+00 -1.071285792893758693e+00
4.124817376244149791e-01 -5.170933971346177715e-01 -2.132117380991646272e+00
-6.159728113482726419e-01 2.577416301819067890e+00 6.560251963392225993e-02
-9.557098485639980989e-01 1.530929621083723324e+00 -2.419778875927679707e+00
1.686266565685771643e-02 -2.039994888411202350e-04 7.098686799553930449e-01
-1.585864660433450313e+00 -1.167245906467925698e+00 2.307981702843258653e-01
-4.311338065804419806e-01 1.424655539640774515e-01 1.363098403497575162e-01
-1.412044287801720754e+00 3.214339283295607252e+00 2.719705966809333186e-01
1.080825934900024432e+00 -5.648476254118758519e-03 2.063633675686281421e+00
-5.755641560182503946e-01 8.660876776260203469e-01 -1.474957620216462928e+00
5.455185923715890617e-01 1.343552855856066097e+00 1.130881365300868024e+00
2.883706511416184615e+00 1.653167572811898189e+00 -7.314262206394665788e-02
2.237166203957460464e+00 -2.631890985489020007e+00 1.448999871449654808e+00
4.500745115459974244e+00 -1.530985731669703309e+00 -4.320406627221613505e+00
-1.537438987366641641e+00 -6.945953017784028960e-01 6.652416632362839581e-03
6.000356332628770106e-01 -9.758014810365243097e-01 -2.907428851281588233e-01
1.837753461855135884e+00 3.510904677704176802e+00 2.611058907298752008e+00
-6.339877117612850999e-01 -2.958615757128180590e+00 1.390935942280420834e+00
1.893330429861762587e+00 -3.016920366939972897e+00 2.824375818692114848e+00
-1.465178928392216751e+00 1.993551844875590007e+00 2.550858784559772108e+00
2.048306975432037103e+00 1.567151733644765566e+00 1.043035745955722682e+00
2.173042140815100165e-01 -1.207419940041141171e+00 2.820227751617052636e-01
-1.292851920492005258e+00 -1.947012669307600641e+00 2.473614531027227059e+00
-1.020262009307765672e+00 4.293310294167207997e-01 -7.616856216937148982e-01
2.049817841980657196e+00 2.014871182820829887e+00 -9.841318189903682789e-01
1.311113976651901991e+00 1.888714979468082977e-01 -2.204815795191828354e+00
4.103863144623053349e-01 5.014895520708130272e-01 -1.843780727218721771e-01
-5.107090974597405797e-01 -5.422529677595936404e-01 -3.255173644510448216e+00
7.612509161128577784e-01 -7.054801506570057557e-01 6.939366615785895476e-02
5.295243307878928496e-01 -1.027602058005616881e+00 2.442528558819488715e+00
3.941863748780585208e+00 -6.902591139262986841e-01 2.501322679451304154e+00
5.508134685864379820e-01 -2.446183940707489235e+00 3.629920586412343358e-02
2.049202047114202063e+00 3.949649232686779143e+00 4.004125041120467077e-01
1.014957460010974533e+00 -2.122353165359728955e+00 -4.611955521938591596e-01
-1.634295665824624599e+00 -2.748166418455883608e+00 1.095125226922125661e+00
1.340766081234363138e+00 -1.656734436931802223e+00 1.567887647749275581e+00
-8.700447957660972786e-02 -2.042653778833097011e-01 -1.455869630907107526e+00
-2.049344388716130450e+00 -1.467986457620428675e+00 -7.458562772009156294e-01
1.199361499530820163e+00 2.894507211009742509e+00 1.828714244481235429e+00
8.000590502300740647e-01 -2.369533229077480929e-01 7.064901579251255948e-01
-8.034503977754031689e-02 2.196530269146844405e-01 2.854470321878759265e-01
1.692640802219161467e+00 -1.393974905302395761e+00 -1.605739666901694118e+00
-1.981252045260369909e+00 -1.688083066922592801e+00 -1.883971551656083543e+00
-1.506332687949521798e+00 1.991840327795782351e+00 1.431533764397883601e+00
-2.256219896245799661e-01 8.224603959289746025e-02 -5.719152447135569250e-01
1.057929520456520223e+00 7.285408579808312357e-01 -2.272822743369143084e-01
9.892997478991779614e-01 2.006791267130891565e-01 -1.048124974155086431e+00
-7.477138234195033206e-01 -4.666089370943599657e-01 2.250190613433183662e-01
1.630481064029449589e+00 1.834063289574644207e-01 1.083213788762214108e-01
-5.383246377270267669e-02 -7.677466046284695533e-01 -1.308564752253709829e+00
1.493101390454827371e+00 -3.425901972886039037e-01 -1.509595284945728366e+00
1.642204221226734040e+00 2.261544562326540220e+00 1.354189114156032270e+00
-2.330415146761076084e+00 5.484540671402811096e-01 -3.466088090572091662e+00
2.046378847532214884e+00 1.165006686490325682e+00 -3.761823070742299713e+00
-4.763609999717589027e-01 3.216153841457658480e+00 -3.818579395677327959e+00
-2.753975694538019603e+00 -1.036955896772451258e+00 -1.639519378048602816e+00
-1.744549179384448534e+00 4.310416968430326734e-01 -4.039902774599546831e+00
-1.858519812190622789e+00 -2.116078394471152535e+00 -3.571413570039890240e-01
6.733719282849139898e-01 1.435085192944614896e+00 3.472220398994859902e+00
-3.620700323303464252e+00 3.688014238421788882e+00 -4.024616603536937398e-01
-2.782675942372949685e+00 -3.497052003232996586e+00 -1.424483565303752419e+00
-1.177100737176002720e+00 -1.246197970351649031e+00 3.618919978756597877e-01
-4.859784132203723295e-01 6.776197649277765356e-01 -9.248791519969963293e-01
-2.520595500740358652e+00 -5.258227824405902195e-01 2.507365888021735767e+00
-4.576261079294738465e+00 2.913720049557561032e-01 -5.627633655218471365e-01
4.187855621032980480e+00 1.335299938278978971e+00 -1.716501863604761535e+00
-1.465562476154679716e+00 -3.264735471413970469e+00 -3.424454882629593966e-01
1.858475648414647630e+00 -1.365304572547571538e-01 3.503704682366328704e-01
9.060601785048745249e-01 -1.154464023056318123e+00 1.103282561531425232e+00
-9.926276578903490133e-01 -1.572841618484951853e+00 4.656129814852490334e+00
-1.753194215213433882e+00 -2.388888304242775984e+00 6.233251241974131496e-01
1.447777681219373669e+00 1.610250698932677929e-02 -1.908321840805697223e+00
-2.650800294481627239e-01 4.969016014467044773e-01 -7.699331451456526976e-01
-2.277572294091879002e+00 1.709491616324565033e+00 3.850437676253475772e+00
2.688924392344880232e-01 5.929344706683675525e+00 2.933756906998016833e-01
7.068332660629526032e-01 -1.025234019681730446e+00 1.498734947605345091e+00
-3.090830292974285909e-01 -2.112648276325815033e-01 6.985945483330666672e-01
1.522381435955177942e+00 9.309739478312768490e-01 3.080091966181807694e-01
9.025845518372670462e-01 -1.934108483843919757e+00 -2.217899105792616954e+00
2.872710972806232110e+00 -1.988158768045823921e+00 -5.837898329769810601e-01
1.477809384417345107e-01 1.553805426286742897e+00 -1.390106388437613860e-01
3.253815122685296490e+00 4.503464691849508039e-01 -1.110686139432724095e+00
-1.918513592434792026e+00 2.854598120637122927e-01 2.002561524888704994e-02
-2.262362907779628785e+00 1.801241029965298668e-01 -9.522289340068412766e-01
-3.448167315670912919e-02 1.211051499062243131e-01 1.931622614440279717e+00
3.830857529840786535e-02 -3.938707833255315816e+00 1.702407367119979309e+00
-5.870362768399316200e-02 -2.027623618154827057e+00 -4.788008204633596443e-01
8.453066175798965576e-01 2.205051804578048724e+00 3.628533950104599892e-01
7.643475644163687521e-01 6.056773312272041299e-01 -9.674807725348186782e-01
-1.888740019558165173e+00 -1.555664195519189441e+00 8.962880746995898207e-01
1.019105300138176018e+00 1.235388573833530845e+00 -3.687792617199983636e-01
-3.298355073740522614e-01 -1.736697322528950593e+00 -5.034974052137662914e-01
-2.733697326778303793e+00 -2.616467930291673238e-01 -4.044258734628350949e-01
-1.175473315646776928e+00 -2.533301261876551358e+00 4.026618239017564216e-01
-6.274685748445761879e-01 3.307171722850272833e-01 -1.205163116618323649e+00
-3.250197804669388568e-01 -2.047906096687308608e-01 1.449169802330510182e+00
-3.047529234124924713e+00 1.236639663171926543e-02 5.655207214924276027e-01
9.152688513158891981e-01 -2.870009668842273154e+00 8.507005938289691205e-01
1.657952924986604515e+00 6.260680992706356696e-01 -1.114411451252512064e+00
-5.881533608242318634e-01 -2.702078974587805438e-01 2.107557984304712750e+00
-1.944155340525266951e+00 3.653050404171404253e+00 -3.188576060778528509e-01
1.901033741868787263e+00 2.465027193609932166e+00 2.052460175687785160e+00
-1.063599732244058411e-02 -5.949313040983756906e-01 3.116420562012672812e-01
-1.900828559178092902e+00 7.353546805707883438e-01 -1.398342597051223546e+00
2.633149607735849607e+00 -1.198666199864127924e+00 3.813763123610701689e-01
1.239663430449680526e+00 5.994951648008292056e-01 5.759661600802395282e-02
8.673407757256091921e-01 8.536632694690329259e-01 -7.828870185040451846e-01
1.485276938289916693e+00 -1.578494259907570196e+00 3.725966103430675691e-01
-1.564114682389445843e-01 -1.834324790777130731e+00 4.863255361454007497e-01
-1.337936331694644654e+00 8.131072416197691055e-01 5.400504076346471782e-01
1.140083092938780407e+00 -4.601914334312347254e-02 6.630707926688542697e-01
-2.043454503428121516e+00 -2.583234614431597631e+00 1.204129188672253381e+00
2.696499812402242124e+00 3.357933641272894398e+00 -1.037301203016820494e+00
-5.571130557790070492e-01 -2.572515425003654155e+00 -2.202699038332940784e+00
-5.942090735057352635e-01 9.459644235995967598e-01 6.152985919806480686e-01
-8.340998556894327898e-01 1.723774663404680441e+00 2.644276246329256286e-01
7.326083981119206612e-02 -4.868845437308514379e-01 -1.741855353117923721e+00
-4.422777159138403746e+00 2.026659030648036985e+00 7.825433002025319884e-02
1.291967358358171669e+00 8.136475578827884192e-01 2.738166230284519553e+00
-3.654096399260551298e+00 4.604335825838794527e-01 1.699566479338580516e+00
3.252533826876786160e-01 1.151001303514079588e+00 1.673901252461801326e+00
-9.183549707659762751e-01 2.319907317332001451e-01 -3.609967435230502231e-01
-3.230022676485566180e+00 1.669664488939965663e+00 -2.982762724965470014e+00
-2.293241101185330866e+00 2.743178078159152822e+00 5.281057915725497764e-01
7.683649851885231419e-01 -2.417106350667109216e-01 -8.505362474294484443e-01
-8.704737574571005387e-01 -8.374183024478781823e-02 -1.207046958382180790e+00
1.986588545671693629e+00 -2.300754931891539623e-02 -2.202298898217709411e+00
3.364214653467580973e+00 8.700191019591447805e-01 7.336235439645071021e-02
6.531000568403557693e-01 -1.724402926156685778e+00 2.714698331803967690e+00
5.774973976482228322e-01 3.929008039876237479e+00 2.025362069965882750e+00
-1.515041284517074427e+00 9.260677383196150858e-01 -2.129716448148197827e+00
-1.304579115400634981e+00 -1.044455815048335845e+00 -3.490608864019424384e-01
-1.698094718716412821e+00 3.556292383099246113e+00 -2.710539945808814188e-01
-2.077771621716318684e+00 -1.184702677948840099e+00 6.197284210911866570e-02
2.888925400477085681e+00 -1.803211928942003217e+00 1.830148830084150191e+00
1.072805904557844414e+00 1.401270513748394952e+00 -6.299213615406298872e-02
-3.291169970742187534e+00 -1.096343040798913648e+00 1.657497630110711662e-01
-5.295852627372246019e-02 1.153000185212027795e-01 -1.976808319394057323e+00
-1.916487327143222841e-01 -1.702124690187260814e-01 2.782208333914759635e-01
3.193252588129667391e+00 -1.402524414780782214e-01 1.064803813985685688e+00
3.290167523379102565e+00 -2.364702419418305279e+00 -1.418840513912479562e+00
-1.129054213804479706e-01 -1.514596237109358645e+00 1.492652989453904899e+00
3.306458568422634969e-02 -5.078454133725087694e+00 -1.294901000278354086e+00
-3.548341378120913880e+00 -1.133899980586094536e+00 -1.039260731605544219e+00
3.240561645907785948e+00 -3.742537778652345271e+00 -1.599701440534248897e+00
9.371971081067898002e-01 3.069723579437202976e-01 -2.240499371049042843e+00
-9.933428812734912405e-01 -4.523444455100290362e+00 2.256144508791740888e-01
-1.239592419306798199e+00 2.563227529105746694e+00 -1.124450071361051018e+00
-3.278447571681160078e-01 -9.464286207043060006e-01 -1.592806032946055161e+00
-2.472130459931797475e+00 3.294646509309265614e+00 1.279214645106192538e+00
-3.104423064768011997e+00 2.960258607639602246e+00 2.984545277144257547e+00
1.631134845550141765e-01 2.077321692789193985e+00 8.088347313390245041e-01
3.527484377641296298e+00 -2.143010015093521847e+00 -2.144640413797923362e+00
-2.181077409814857759e+00 2.398333937757471723e+00 1.246945225120982687e-01
6.557965621815015078e-01 -2.631882467693842376e+00 -1.980942205511688203e-01
7.065911467996895956e-01 5.643048999425053225e-01 3.693468391081345281e+00
-1.802011166847155232e+00 1.598320601872709412e+00 -5.614386629392017491e-01
3.249495354995611152e+00 1.173030323218990256e+00 -1.026655224246930231e+00
7.169755836534177362e-01 -4.753370947500334953e-01 -2.206681823367738993e+00
2.135070524151578386e+00 -1.762793342554933362e+00 -6.337327036555805496e-03
-1.519963043038401684e+00 6.998304772962182785e-01 3.430830222881993130e+00
2.386751829650358481e+00 1.161598390973445083e+00 2.692877711391690188e+00
-3.894941110910573823e+00 -1.101473955652994219e+00 1.352142284671349337e+00
2.080845024105609564e+00 -2.631835742733591221e+00 5.906112855526487460e-01
1.229472160844831574e+00 1.396209075809029310e+00 1.072023185577708704e+00
3.190379797665944261e-01 -4.161752036034117808e+00 6.242367305062995753e-01
2.825892750890476535e+00 -1.502423437233673775e+00 -3.562313436797133193e-01
2.105913624998356770e+00 3.245422183177537612e-01 3.745408794069692848e-01
-7.842111667598430369e-01 -1.111404301083143281e-01 -5.497438382527084499e-01
-1.342682596143714435e-01 -7.578736838947769394e-01 2.595517505765601474e+00
3.448790596007194481e-02 -6.471316068740712302e-01 1.490101065298415906e+00
-3.733803976041307204e-01 1.060089723815538676e+00 -8.177359787204164787e-01
-1.814038545124165180e+00 -1.301725720781204299e+00 -2.467336668096847818e-01
-3.276854035526504560e+00 -2.774343317149906563e-01 1.103994474095847167e+00
-3.635080072867201917e+00 -4.412788755809047281e+00 -1.823649424315393897e-01
1.342388035584757278e+00 8.337387151108368588e-01 -2.051901787712187009e+00
3.257114917227980744e+00 2.506311073053733574e-01 -1.471361860696521529e+00
3.391174913533052671e+00 -1.329609141719236609e+00 -8.942415558247939211e-01
6.187962032905536258e-01 5.789089852682101078e-01 -1.720666676345464330e+00
-1.437962844593523581e-01 -1.427747436825456573e+00 1.166953329967572728e+00
2.000593465765429235e-01 -1.706965140840673412e+00 -1.508168895317309799e+00
2.486496469775600904e+00 -5.038865768807021528e-01 -6.737846423365734250e-01
1.593986694833434248e+00 1.189586304432357355e-01 2.263737657677618031e+00
1.927492786369276123e+00 -1.084175818412215220e+00 3.107365052632725000e+00
7.389510537799492962e-02 7.056848942361104715e-01 -2.433400365496177553e+00
-7.411724324703423683e-01 -2.601083839107741102e+00 1.224241697698339904e+00
-1.427751447796674844e+00 -1.238183626705025575e-01 -1.851290510417643143e+00
2.739802413445839413e+00 1.945308241552576867e+00 -1.955419561909977622e-01
7.203050583814208929e-01 8.700700428284579013e-01 -1.762317584542560489e+00
2.780874244454543120e+00 2.783862798368509139e+00 -1.060014945816293075e+00
4.423636411145678848e-01 5.336424868369215035e-01 -7.333643268329130827e-01
7.921106317316473078e-01 -4.328185976798304968e-01 -2.286091974778140301e+00
-1.361705924658571654e+00 -1.427735113984971993e-01 -6.263558053409615800e-01
-3.362747199282171695e-01 -1.671461454171990074e-02 2.270064515459047971e+00
4.338500349333472172e+00 -1.447211687759005494e-01 1.162047469253266740e+00
1.862752360958455533e+00 8.125728671075770349e-01 -1.235713590307206733e+00
-2.071297707381584974e-01 -6.151152569180644569e-01 -1.722136627263937125e-01
-6.284436760504416020e-01 -8.404741679561693601e-01 7.275951761777469384e-01
7.997763351711055790e-01 8.309431793422505930e-01 1.513283827885921973e+00
-1.819930904333267208e+00 2.143187526447922320e+00 1.508446388116410519e+00
-5.108144574080990957e-02 -1.673805709307197298e-01 -2.390314785075244863e+00
-2.566112854569692736e+00 -7.832315777911488253e-01 -4.005059195432230545e+00
1.549250249529616319e+00 -1.365224033884327781e+00 -5.602998994321117809e-01
-1.692367233248429637e+00 -2.697917221960773215e+00 1.791022711880686291e+00
-2.495020789067277978e+00 -1.258863968950924228e+00 1.178649385949156692e+00
-1.343016189719381803e-01 2.412414844153031090e+00 -1.315167841098520418e-01
-6.773086225389721715e-01 -2.555882019711645636e+00 -1.670899097998518101e+00
-1.371393925202440744e+00 6.790094971004940749e-01 -2.242730329270853015e-02
1.503652423342627609e+00 -1.237924353118634579e+00 5.040069268994247231e-01
2.504244765075948065e-01 5.307364972072645237e+00 -2.994436021742549858e+00
-4.306870077559821652e+00 -2.303350413439911204e+00 3.025733336720778599e+00
4.645314433760103778e-01 6.608412175673584743e-01 -4.730455316275273603e+00
-1.137644913999364515e+00 3.241230795439360879e+00 3.798601772269210586e-01
1.926665546019011022e-01 2.114692418609312341e+00 -5.010172308390548057e-01
8.608275162421974436e-01 6.078061463719841573e-01 1.625990268812952166e+00
-5.696218003413867637e-01 3.574565212450018792e-01 2.071479990550514128e+00
1.567017836414225762e+00 -2.341843661247989594e+00 3.367591604584915022e+00
7.706393098404459296e-01 3.637944716254763566e+00 1.135517361778746404e+00
-2.021746740855854263e+00 1.134469750564537582e+00 -2.353031703496180516e+00
1.369031428702776887e-01 -9.274899149411753863e-01 5.122794539087566212e-01
-1.452349139393221522e+00 2.158222920194724281e+00 -2.577899361136105072e-01
8.935480866358016527e-01 1.122978689727210933e+00 4.820609629475288149e-01
6.099722114181647253e-02 2.653910864198788522e-01 2.204656030423941981e+00
1.072164311648305279e+00 -3.431631010900195733e-01 -1.387615572783444273e+00
2.139806477555520114e+00 6.510815214275791352e-01 -3.428686855478120799e-01
-8.348532943035203990e-01 -3.617925659289533691e+00 2.966239216654024347e+00
1.560183550186774903e+00 -3.204727986935468564e+00 9.849446847210344691e-01
1.520318619012407169e+00 1.225692141995301521e+00 -5.675107690915484060e-01
5.549242563335083896e-04 -1.420942019563492975e+00 -3.900406066348136580e+00
8.730638979700271474e-01 -2.187815110837434851e+00 -1.465385462580118814e+00
-1.076033966361285232e+00 -5.290535695956585238e-01 1.773613150630537039e+00
2.053253538378065457e+00 4.145855358387406042e+00 8.019205925573969634e-03
2.710076351026381225e+00 -1.312409459317800176e+00 -1.417121202778039990e+00
-7.175523266234319353e-01 3.966980132734099773e-01 3.120686499651500245e+00
-1.102495186644250724e+00 8.273944150065700720e-01 -1.173012587567073162e+00
-1.723757534251659118e+00 3.312472265052647469e+00 -6.339746115447130181e-01
-9.796556153728855909e-01 -1.007508434192176394e-01 1.626029762002043189e+00
-9.185113952110924851e-01 -1.080949762800387903e+00 3.039441043934743014e+00
-3.362353822167970741e+00 3.794933612420363089e-01 8.995779943931471456e-02
-1.681815248646218119e+00 -1.241183801074184689e+00 -9.135617366460850874e-01
-2.036984327757072943e+00 3.883041472918383530e+00 3.340295828966479141e-01
-2.543570178146636329e-01 -3.862242708380680956e-01 -1.089295512605180205e+00
-2.135707344633198890e+00 -2.076036167015998246e-01 -3.395851241308164958e+00
-2.568582010935374083e+00 1.505177982584323670e+00 -1.569470920124296898e+00
1.087115323274899348e+00 3.294443267819962551e-01 1.260912748798816985e+00
-5.840564110709686174e-01 -8.464217406160093327e-02 5.805579222799341910e-01
-2.787554228350125896e-01 9.035504120635362568e-01 -2.809330820427122233e-01
-1.094366686984432180e+00 1.656757054793340789e+00 8.675448412872945880e-01
-1.538710628239001954e+00 -1.136340743845366097e+00 4.190793801977809596e-01
4.118789281840359862e-01 -5.105687665207805370e-01 -1.325464148936660758e+00
2.449357327407993612e+00 -1.197479909182834479e-02 -3.732854861962201509e-01
-1.227858687952295913e+00 -2.250950131422134459e-01 2.592984765403441916e+00
-8.707356110860128284e-01 1.140660999560653366e+00 -1.538903953700144989e+00
-1.490162635667307667e+00 -2.655518936812212960e+00 -2.308551596486114743e+00
9.169084825668186722e-01 1.901458183392880974e+00 -5.696174204974003841e-01
3.329404155832123902e+00 -2.774621729593864661e+00 -3.419007985384722836e+00
-2.744427350767623341e+00 -2.199732770031780138e+00 1.209546011027984980e+00
2.397288995851173610e+00 1.152962498763327792e+00 -1.536049335146943084e+00
1.309193313363998357e+00 9.343279392138725825e-01 -1.783703694917670779e+00
-3.013145689274639771e+00 -1.750463461285328481e+00 -9.257138683426394676e-01
1.020646347785626906e+00 1.365292722022634075e+00 1.881533724160851850e+00
-1.207976510078175858e+00 3.001891125126289861e+00 -4.084049059718330987e-01
2.505500241311714449e-01 -2.969773680346456501e+00 -3.284490197587637272e+00
9.931446237295211976e-02 -2.159035224369839856e+00 -8.227470422162602715e-01
-3.242569194742509264e+00 -3.035879187633394150e+00 -2.890091759646005176e-01
1.592193538125502794e+00 1.574125497176645627e+00 -2.611362787238800554e+00
1.188172237947989540e+00 1.832229200511675593e+00 -2.878468552544800829e+00
3.682838394382441205e+00 -1.847727748824627980e+00 4.260885741782249325e-01
5.002519598486252494e-01 -1.093500467480306160e+00 9.568174854267982865e-02
-2.074457488480759171e+00 2.027544369920110778e+00 -8.782143702551424846e-01
-1.060028054719223345e+00 -6.871627419814656523e-01 7.508588302306421491e-01
1.152029264378086060e+00 -2.350353903532645727e+00 -2.916626607721138909e-01
2.465839740221498211e+00 -1.731952655752384995e+00 2.429951556714952776e+00
1.723976501458335253e+00 2.205242218632947337e-01 5.125446279483271361e+00
-2.209537949147953650e+00 1.383721149500811154e-01 1.052328634798532336e+00
8.375371970324334558e-01 -5.355022590431001150e-01 -1.959602552457271551e+00
6.933021100896333833e-01 1.295096101128200727e+00 3.570735113106183078e+00
-1.767007971881621842e+00 8.845779923832663982e-01 5.054178236498229060e-01
-2.450038671901151766e+00 1.971349600069617125e+00 1.667450374801200841e+00
-1.736840985824097849e+00 6.325068784316745241e-02 2.187646189178785061e+00
9.070568058618452278e-01 -3.724360489217203973e+00 -9.760609841828213895e-01
1.466854150534702805e+00 8.880573387971687493e-01 -7.583893356674860087e-01
5.424059212128741203e-01 2.276668588804683591e+00 -1.236646478887190176e-01
-1.831836143831352182e+00 -9.328356741786131279e-01 9.786200868705348110e-01
1.054403198425879040e+00 2.046297781587003498e-02 -9.308313566500774350e-01
-1.044259976987440774e+00 -2.218222434940918752e+00 8.463057971761822618e-02
-1.175978315539513819e+00 3.657682985530594233e-01 -2.375359676898007866e+00
-2.206820521458425333e+00 -4.833435956690750324e-01 7.674044596909326277e-01
3.058731143474656911e+00 3.679519575279457833e+00 -3.073631107856047429e+00
2.799078667496904815e-01 -8.286147258940604332e-02 -7.847348819824536692e-01
-5.773285576501976379e-01 3.926716329143670747e-01 -5.778406921429560805e-01
9.483511637323325250e-01 -4.761306514231319897e-01 7.722732560569242066e-01
-2.388107137075888287e-01 2.755136052097173938e+00 -8.993805391367792890e-01
-4.601167749368156867e-01 9.866459874774398120e-01 3.290780665217524908e-02
-3.449649737298229879e-01 -1.467755808672372098e+00 -1.117818553568653117e+00
3.060707705748824115e+00 1.855600368346565388e+00 1.469487029332711137e+00
-1.016852407384071899e+00 1.948097149852681564e+00 2.207393309365357048e+00
2.080331723342444317e+00 -2.241606655666568138e+00 -1.356919318647459960e+00
1.619849341437961776e+00 -5.545237941901594025e-01 -7.889683151795969795e-01
7.005530066769635189e-01 1.934353352968353271e-02 1.332596315848083135e+00
1.550201264657722344e-01 3.345627166133960273e+00 1.687917523890035909e+00
1.039726279820674115e+00 -1.441520965384926134e+00 4.074835381169187087e+00
-4.497316864655591384e-02 -3.402949460108301238e+00 -1.596590439546223816e+00
3.009655869930016880e+00 -4.460360182992569200e+00 -1.291041955028684907e+00
1.330742376876837829e+00 -1.702750316649228601e+00 -5.686591931399332944e-01
1.915418046435482857e+00 -4.542655671810746365e-01 -2.151299237095873007e+00
5.037134809437949778e-01 4.044472269472898063e+00 -1.364735025540897428e+00
-3.630588807030679099e+00 -2.534174283669264442e-03 2.667992199641784357e+00
-7.945976750808637634e-01 4.136392654815818082e-01 5.618403369608516051e+00
-3.499842842965315143e-02 -5.781875521716801636e-01 4.408419782071993547e-04
8.070935326977997093e-01 3.114780818762847403e+00 8.290603251052162115e-01
-9.697868108287599487e-02 5.417853754146062517e-01 1.084959858403724331e+00
-2.468826777523795091e+00 -3.913026552926969437e+00 8.038419053140671844e-01
-2.923080022663154143e+00 -2.764719594288913007e-01 2.137373784458052928e+00
-4.894924298486328595e+00 -5.786047809187235824e-01 3.720974084226899570e-01
5.796463724473095436e-01 -2.439944408127560305e+00 -8.892362662968308351e-01
-1.612439898353808188e+00 -4.035729211340245648e+00 5.065747258502057981e-01
8.980918975979205188e-01 -3.475193143059517542e+00 8.259899228696037099e-01
2.716053128792347837e-02 2.047986790731662232e+00 2.688623620259984470e-01
1.297267451562941487e-01 -7.553535237320931905e-01 6.931888282743549068e-01
-2.395593736750401437e+00 -6.989803152345959170e-01 -3.474801820999693813e+00
8.222115205437837693e-01 3.190796068674476960e+00 -4.239965931990286485e+00
-3.022394281185388554e+00 -1.447355778266131709e+00 -2.813914976552062130e-01
-1.957658445316652340e+00 1.923588745161266989e+00 -2.287846067380172155e+00
-2.086617698285546219e+00 1.362842689139754260e+00 1.765540292567366443e+00
1.400221182629822758e+00 3.229687545512625491e+00 3.134853544732850161e-01
-6.034246553067994928e-02 2.115604325161179744e-01 3.882901664916501350e+00
7.909008956620116049e-01 2.021707938313334618e-01 -1.225817692114757440e+00
-5.078191056407507231e-01 2.042577418050980143e+00 -2.754158591302330095e+00
5.885244776716096193e-02 -2.062124448365604046e+00 5.623990869675729032e-01
-4.103605395780338227e+00 -1.908668955063169914e+00 -2.403150379778004608e-01
-1.359513523558600001e+00 1.670887978473391433e+00 2.463068755867905968e-01
2.808047952467821684e+00 -3.750262119678160477e-01 8.980287733179248555e-01
4.054549628647837745e-01 -2.839166361156148177e+00 1.850908928779385398e+00
2.184633331315951388e+00 -3.283081828326299134e-01 -2.212097781678220354e+00
-1.343543711137069607e+00 -6.052618591526027769e-01 -3.485828641738175637e+00
-5.410266617623835268e-03 -1.543221854616102784e-01 -2.174279067171819513e+00
2.625252900735751752e-02 -5.317316089756828568e+00 2.160914264973321952e+00
-3.224214520874343570e+00 2.958497926026221858e+00 7.980014258330317967e-01
1.144209837304416277e+00 2.147971454972828376e+00 -1.011973033314567338e+00
-7.787931771824894156e-01 3.618135473178986317e+00 3.815099422176594590e+00
1.842546227212405796e+00 -4.878441048171970884e+00 3.541910499554857816e-01
5.758237369019855167e-01 -3.547033177700642970e+00 -1.071968799312431830e+00
2.770219065194217567e+00 -2.413599507501818398e+00 -2.664112827656202054e+00
1.942165848708728992e+00 3.860024931053907538e-01 -1.110773153809753389e+00
-1.018519503326675985e-01 -1.328528884006110466e+00 1.998944162408852865e+00
1.589687455418852702e+00 -2.449512379402669637e+00 2.072881945343888699e+00
-2.275632427309255856e+00 -4.438586880149698044e-01 -1.115853709425475460e+00
-1.391730853228077658e+00 -9.912008341666868061e-01 1.336055982437245104e+00
-1.224377983678015092e+00 -4.990828350112858081e-01 -1.220978372742912210e+00
2.647018107237744555e+00 -5.215489565401644489e-02 -7.157054277512051588e-01
-5.327872801071595887e-01 -1.175021785672202723e+00 1.075478328028447006e+00
7.882456878875593320e-02 -1.207606448434216828e+00 3.055966499030832728e-01
-1.744197209282592809e+00 6.113876302223716364e-01 -6.208963419134277961e-01
3.950721842091144131e-02 -7.407849063135862888e-01 1.060607326358274261e+00
2.366599214393643624e+00 -4.591040689198150337e-01 -1.218137897359205662e-01
-1.887708156282287941e+00 4.398211601581274444e-01 -2.828769068353703897e+00
3.433092274363745977e-01 4.384745467276045083e+00 -1.114055532442413066e+00
-8.813444972552000323e-01 3.998649722576595733e-02 8.277192968058849631e-01
2.596460263715471672e+00 3.558473850610230471e+00 1.512779085240076204e+00
1.518417288807679011e+00 -2.469921347963613734e+00 -5.190697501209124987e+00
-6.398833840715547616e-01 -2.914439734539634452e-01 5.753814361098720243e-01
-6.306288809284413821e-01 4.201431011254445069e-01 1.421497544889510189e+00
9.045334430370660650e-01 -2.374021960576588319e-01 -4.642518852501688054e-01
-2.195183416929920472e+00 1.682475748220234379e+00 -1.312220169653169233e+00
1.851782631863720940e-01 2.716499017476922795e+00 2.878209788657322132e+00
-1.771599980058087720e+00 -1.079747640415132270e+00 -2.968130512209449234e-01
-2.490245885235351953e+00 -5.800429033223902797e-01 -1.360653184312190511e+00
-4.210832641713458280e+00 -7.427912241359870826e-01 -8.935391765178755108e-01
-1.094611418030393857e+00 -3.034261858571597692e+00 3.123251344974264376e-01
-1.721923842702882235e+00 -3.978447740716321235e+00 1.387595962087076362e+00
-1.271807150283275512e+00 7.834535569608381822e-01 -2.299509982121591189e+00
2.015604280991076358e+00 -3.085917186346667229e+00 1.702895811180034524e+00
1.568611409671641921e+00 6.614639583498740372e-01 2.111692785352733970e-01
3.699627314951383195e+00 6.536343698877996600e-01 2.735939867040058093e+00
2.798717309171072642e+00 1.331878710092423146e-01 8.646402939342819061e-02
4.373901228557950382e-01 -2.208272316463058882e+00 7.350420615918416833e-02
3.039770276647899117e+00 -2.774006975332549363e+00 -7.168973218111122925e-02
-1.489538985750403111e+00 1.637880334369475221e+00 -3.796514320050883740e+00
1.486166758650717679e+00 -5.928229303102987569e-01 1.123452968963484233e+00
1.006142919799026592e+00 2.112189963663179681e-01 -3.333401636812779678e+00
-1.493469450625514172e+00 -2.763882865786703835e+00 5.396750053860134289e-01
-3.799046018264146118e-01 -1.747952897823525253e+00 1.294538010902861469e+00
3.187723299738587812e+00 -3.129802524283091802e+00 -1.367192156694049809e-01
1.810853284723469916e-02 2.915324481487334918e+00 -8.581612106736411505e-01
9.709031031281186719e-01 -6.605109182857876737e-01 5.349872013149453709e-02
1.875533889534525933e+00 -9.771737481572646544e-01 3.029898411292283544e+00
-4.413795941143431323e-01 1.073669514326416330e+00 -1.865844630125486070e+00
1.513276295818415607e+00 2.526151412679872088e+00 -3.150415509364620781e-02
5.023822132214482039e+00 -6.764449211404021112e-01 -2.190473625934960644e+00
4.427394141428280805e-01 -3.464693869453019937e-01 2.907459385533938678e-01
-1.598725707945568120e+00 -1.748698052558246840e-01 1.685459882199191739e+00
2.256160488262048069e+00 5.683626565064477942e-01 -1.288196301555576406e+00
-2.055615143762784758e+00 -2.102366398275981041e+00 1.203028651782678815e-01
-1.575558844110391821e+00 1.147794206358116353e+00 1.553330149640281155e+00
4.880023704128297890e-01 -2.339369273668022498e+00 -2.732864058077430491e-01
1.948615471059878423e+00 4.828043515854528955e+00 1.103718701173872274e+00
-9.944847938199167237e-01 2.203704944694044432e+00 2.165270913731609070e+00
2.514793547679202712e-01 3.121625853658717364e+00 -2.270053823627135314e-01
1.352502170274555438e+00 -1.450528729138755857e+00 -1.716864873940998182e+00
2.380088343550275987e+00 -2.589019249748433449e+00 -1.965050769100407546e+00
2.226638914250899326e+00 2.193166518077636962e+00 -2.039384994167919296e-01
1.425101850837837691e+00 2.167559380388915713e+00 -5.209458485113827031e-01
3.228027771251823497e-01 -1.119755036524688663e+00 -1.503676407769009682e+00
-1.228790338501666163e-01 1.507132141836461825e+00 5.178203513271751879e-01
2.208039339955368607e+00 -2.140732972288267089e+00 -2.296580034361586975e+00
-1.428923487825078942e+00 1.278582211439641680e+00 -2.717768782538235062e+00
-2.099027033369369022e+00 2.182131827769382693e-01 5.902755521770561842e-01
-1.142679256768361240e+00 -4.415090892451419280e-01 2.396485785313468675e+00
-5.690924397276574398e-01 -1.454254778975642148e+00 -8.592319536770345323e-01
-3.372843583681105484e-01 -2.660598243705772248e+00 3.399828071782649563e-01
3.324790388205263181e+00 -1.631475444627845217e+00 -9.991717989273185552e-01
2.318062762647726260e-01 -6.217104916815492377e-01 -1.785661311428841991e+00
3.112253214651527600e+00 -9.055284450356888559e-01 7.686510535717794301e-01
-4.888858694381163494e-01 -2.891850969554004447e+00 -2.501730322231311976e-01
1.112636641901928458e+00 1.237318786510355345e-01 -1.253521057813736794e+00
-7.324283238766857718e-01 -1.583470718339522021e+00 5.771446538338439458e-01
-1.000834442687204451e+00 4.377851575355117042e+00 -2.160553380473419563e-02
1.893863163114619663e-01 -1.838810402739967931e-01 1.323801483430922854e+00
8.565488259589831843e-01 7.914643591145952284e-01 7.838817228942217552e-01
-6.192249060685002249e-01 3.173806525256227529e-01 -2.273794805559940624e+00
-1.606901239413225158e+00 3.326105150831566437e+00 1.177453382493661938e+00
-3.914684579669530651e-01 1.096016756037539119e+00 -1.616031841823278581e-01
-4.220984561631024867e-01 -2.051954094062984069e-01 1.269048064370897344e-01
-1.479060573739249262e+00 -4.265988006409701661e-01 1.706916036759866806e+00
8.761207717602187417e-01 -1.542828061193508571e+00 -5.609287562561857676e-01
4.414630915127353700e-02 -5.497357586204421054e-01 -5.949116474438098656e-01
-9.098123122695411791e-01 -1.471285399544910999e-01 3.294382542467521269e+00
-2.090196281122374433e+00 -3.542075663568748367e-01 -1.770194706817510011e-01
-1.175669544485294926e-01 -3.363814582852986956e-01 -1.119813307868657182e+00
-2.435969226950639721e-01 1.056625642902398132e+00 5.502599222604869222e-01
2.542591690372137503e+00 -1.332743653470115919e-01 7.605895271842890715e-01
9.591131981315692556e-01 -2.508420860275869524e-01 -1.829901426640458739e+00
-6.413500516242552907e-01 -1.251817733349244843e+00 6.809116913822944595e-01
-3.295072799134723951e-01 1.358230116419338218e+00 -1.392435443397200379e+00
6.656357441761532323e-01 -6.799595494730551470e-01 1.098547650970826517e+00
-3.514396886281638821e+00 -1.853759754370419011e-01 -7.841411949292002859e-02
4.767199444487540405e-01 1.053672748758127886e+00 -1.046538011614042807e+00
4.261262735413271496e-01 -1.822501136421766699e+00 1.641930931632407109e+00
-2.812768045975017062e-01 2.458605212656813921e-01 3.854438255093989074e+00
2.539856447680988616e+00 -9.800754267618516646e-01 2.196766940901528020e+00
9.355431083967864492e-01 2.744383251190396056e+00 2.737871775815143405e+00
2.700134403870517286e+00 2.108588560227713793e-01 -6.385878592551711419e-01
5.353982931515319788e-01 1.453630303680031044e-01 1.498454253874327069e+00
2.022030838053752611e+00 1.432839397459730914e-02 1.260370239850647778e+00
-1.606758086116161000e+00 -5.279682686080108267e-01 7.672460720075784391e-01
-1.269363514203465160e+00 -2.293928888465885052e+00 -1.599820825598383678e+00
2.022498138143968838e+00 -1.704144788461996740e-01 1.692126911664583622e+00
3.746307430424497653e+00 -1.080065185690678664e+00 -1.929479480382108481e+00
4.520237137700455210e-01 3.426690888406892732e+00 4.063426453461647658e-01
1.007800877111311166e+00 2.246845570704653738e+00 -2.290437985999447812e-01
-1.465019588713999621e+00 8.294229536741010156e-01 3.322122126593320068e+00
3.449371048997231792e-01 -3.931920876044611379e+00 -1.303425391376695774e+00
-3.731150941504576823e-01 8.187879088995005938e-01 1.179000167108039232e+00
-1.687265382578026163e+00 -1.488124467621099178e-01 -1.760108121508289880e+00
-1.689401173115751886e+00 -1.151669886063068304e+00 1.779559133552249817e-01
-1.019695571799823064e+00 -3.784843653669948682e-01 4.004532580741616776e+00
6.628948069122148068e-01 6.029443259729622140e-02 -5.167057604250925307e-01
1.780884751099946817e+00 -7.367451142037073630e-01 5.910356505104082947e-01
1.439206330832924152e+00 -2.394087214829168975e+00 -1.236769975142855138e+00
-2.076006673819519310e+00 -1.164238869985491753e+00 3.154973554373874389e+00
-2.153740344923531502e+00 2.932186984327700863e+00 5.716670378057854274e-01
-9.788525330951181047e-01 -1.775413641962640676e-01 -4.562843151539803799e-01
-1.369224138023642290e+00 -4.476217254239974075e+00 1.765560911835927504e-01
-3.978787289046260001e-01 8.914302349166068895e-01 2.753616843714763895e+00
3.040776631018033416e-01 1.516943566957460021e+00 -8.369746839423003459e-01
-5.944577031606832485e-01 1.693306209864672729e+00 -2.524657723533839659e-01
2.181640299948769623e+00 1.215365338721228428e+00 3.927859364180064983e+00
-3.585541361724348119e-01 -6.931827424161518536e-01 -1.131964445077780823e+00
-5.918247066939172907e-01 -3.897832370496152055e-01 -6.366406658382838257e-01
-1.005862457271843313e+00 -6.684529283982532100e-02 2.874828340285817241e+00
-1.309623883440680370e-01 6.474946374927494919e-01 -1.101897363371070693e+00
1.794421119312638258e+00 9.047189200601660763e-01 -3.117598984199337897e-01
-1.351277907235044040e+00 -1.718370593819563419e-01 9.910997149229271441e-01
1.232261128428175923e+00 -1.166122512782439280e+00 -1.650516245975857527e-02
1.233366899171320225e-01 1.063993567666456252e+00 -1.610285888650124342e+00
-1.030414674992214535e-01 -8.326924625959902793e-01 2.220403458445745493e+00
-1.832984721314599164e-01 -1.154802468247547953e+00 -3.350829221259354895e-01
4.708723908060947760e-01 -1.197136009681498914e+00 -1.106298194585461969e+00
5.031122662788360955e-01 8.639431380662215831e-01 1.015084899123554485e-01
8.968361821636796627e-01 -3.564171156038611898e-02 1.160413929296853830e+00
3.608999146792564172e+00 -1.368753475766625094e+00 4.518676402487838972e-01
-1.645673891715126347e+00 4.715668245255691393e-01 1.578718535083790897e+00
-1.343767809603522434e-01 2.943652465273122742e-01 -1.217184884125831035e+00
3.292430539479727081e-01 2.626024421075523474e+00 3.318855055851590130e+00
-3.192826600468980924e-01 1.434675317889684720e+00 1.709606667715951822e+00
2.953327719473367807e+00 2.633569299830167409e+00 -2.385060856459374268e+00
8.511436734175650276e-01 -2.203972715818685035e+00 3.994765114641983583e+00
1.891891684650034211e+00 1.964550759709527694e-01 3.955304211363134037e+00
2.800699279330975955e+00 -3.931575293652713188e-01 -2.878045317392746161e-01
1.042946831157776533e+00 -1.795141951403022462e+00 -7.904253223821224861e-01
1.814041350966230759e+00 -4.654881573361054348e-01 2.280721437796521478e+00
7.671535802850750763e-01 1.176236451584902420e+00 1.131052018938566217e+00
3.463334153763011791e+00 -1.498104159031180771e+00 1.103870038111684160e+00
2.493529422113906602e+00 3.240697433203122979e-01 9.771056954142766093e-01
-5.219221416134373764e-02 -2.818625282191074444e+00 -1.423113078190168190e+00
8.720851192271045216e-01 -9.343913743873477618e-01 1.169274307800672652e+00
-1.001348555689538511e+00 1.289810253261546968e+00 4.114752811571206759e-01
-2.351584345564620371e+00 4.135454884833694500e+00 -2.464339939368979771e+00
4.778481642914823802e+00 1.249381933909657905e+00 -1.587412678875045335e+00
-7.625001526027325172e-01 -1.346357617626964820e-01 -2.210540587552914271e+00
-3.735183047727538064e+00 -3.430047222209213764e-01 1.596323929540877984e+00
-2.446059101514414191e+00 1.020755992025745185e+00 2.588543174807185210e-01
4.001405048287249855e-01 -1.897870473959374582e+00 -4.419836137741592341e-01
-5.333797462168792247e-01 3.871020113633147020e+00 -2.329451175221031178e+00
2.165759733753066796e-01 -1.072162317811065746e+00 -2.434174196677968638e+00
-4.308955867862435674e-01 -5.727401190847836686e-03 -2.158207858163672999e+00
3.806596624223898662e+00 -1.278217098808037022e+00 1.903190233447233037e+00
1.010358717912400728e+00 2.876911949594408019e-02 1.941203194920207431e-01
-1.996595446607650204e-01 1.640196511702271653e+00 -1.032616800332612633e-01
-4.698670468840178693e-01 1.664376351930454190e+00 -1.706385943742898759e+00
8.897190892246988891e-01 2.717131838236010122e+00 2.323784935677472241e+00
-2.916850784386611384e+00 -9.323626065357452086e-01 -9.198177738911901546e-02
1.324067348521543286e+00 -1.278450856711039751e-01 -1.778578156866646331e+00
-3.118640586330234110e-01 -5.738421983285900696e-01 -6.833050178795626595e-01
1.931927553074052950e+00 8.171528873907538126e-02 -3.144785786989853893e+00
-2.671012538942065806e+00 6.327441634788955049e-01 -7.129685753587375885e-01
-2.927197135250983115e-02 2.217613896510718163e+00 6.048166868496882564e-01
-1.992706113873251361e+00 -6.731974206195433519e-01 2.550226350903846750e+00
7.515093383665021332e-01 -1.778854230751856891e+00 -2.386491564289524359e+00
-3.192037808220601902e-01 3.325608406910311121e+00 2.114389432413011249e+00
-2.175790380378223254e+00 2.755565845375143930e+00 -1.156828122970124939e+00
7.403138437564736885e-01 1.546818927324120074e-01 -3.268072245559224598e+00
3.927910107790846705e+00 2.124410730084967391e-01 1.585959241599000258e+00
-1.845220175169721921e+00 1.300778601769017051e+00 9.502509646871472315e-02
2.524520029143185740e-01 -1.068201815118952624e-01 1.586110057591893829e+00
7.788207741465041911e-01 2.517808874674331676e+00 4.384914246827689710e-01
-6.310790174522886709e-01 1.746614579201362538e+00 -2.386063356216928000e+00
-6.090494421899788069e-01 -4.956265731384371098e-01 2.069914017178435817e+00
-3.357353199248366948e+00 9.951442706747790634e-01 9.428808339425427398e-01
2.785332937477361104e-01 -2.787805608205186747e+00 3.207072426618879035e+00
9.222830000063366729e-01 -1.740713603354100969e-01 5.841743919866554391e-01
2.686191480523507091e-01 2.581952327188722585e+00 -3.504633051305134916e+00
3.637535641428978894e-01 -2.745766712246457519e+00 2.516783861231687958e+00
1.051669901166061960e+00 -8.486841807864763387e-01 -1.385944492421183671e+00
3.584311132991201188e+00 -1.127095983803661827e+00 2.696109745472014541e-01
1.291934305532643323e+00 -1.281423531118900117e-01 7.693279130102743668e-01
1.740458323304893362e+00 8.637017374828280802e-01 4.984302644841274721e-01
1.221543416030286044e+00 8.717711125376534365e-02 1.643321093616967765e+00
3.469704119878380233e+00 -9.814443973416026035e-01 -3.072692621356004627e-01
-2.480691459583972691e-01 2.806605017517163070e+00 -2.067045010960715801e-01
-1.661201121018616444e-01 -1.262376466329435121e-01 9.952230269411783681e-01
5.540738210300224509e-01 -9.758269513815662766e-01 2.277899926393625485e+00
-1.348866001250801805e+00 1.866214933685380828e+00 -1.031830545426627443e+00
-7.014813810871995958e-01 -1.585216464050279939e+00 2.401263278970569293e-01
3.895659864175251563e+00 -1.624845348261190203e+00 -1.320211943110120911e+00
1.689656144011928207e+00 4.528188896318666501e+00 -1.927181596772588490e+00
-2.111708697564510739e+00 -2.684225935010233766e+00 6.149068003762415691e-01
-4.838380552412419711e+00 4.501093078466262831e-01 1.955830009652916868e+00
3.261765170045180628e+00 -8.762218647316515341e-01 3.355688108307806949e+00
-2.196792804561480406e+00 -9.178837316055776796e-01 -3.819009837463240853e+00
-2.610043136039163603e+00 -3.529067219581992210e-01 1.736370414668281015e+00
-2.818725573126213302e+00 -2.044383218842517724e+00 1.396984230708487873e+00
-2.618758990241334850e+00 4.697528467829411580e-01 -1.667638219946845801e+00
-1.418558122656930820e+00 2.050242532075854385e+00 4.677621860959069733e-01
3.896777191825141706e+00 9.108397624653785662e-02 1.379603591425301978e+00
-2.584057672387117588e+00 -2.290188073657008161e+00 1.177567690979110848e+00
1.964225481654360506e+00 1.604680446429659346e+00 -2.387193936586540666e+00
9.559150639439829567e-01 4.947696054488091577e-01 -7.945238326113447380e-01
1.448378720912192552e+00 -2.266658683574574784e+00 -2.342495922193451818e+00
6.107154532515096657e-01 -8.087772034799899368e-01 6.715193992962843472e-01
-1.579648500166502600e+00 -9.522533191633417715e-01 1.148437048832686935e+00
1.944352566373708013e+00 -8.939401288949831992e-01 1.270138765676434467e+00
-7.533294334322354624e-01 8.141089286217545462e-01 1.927259105391179395e+00
-2.541464823816835583e+00 -6.287205508518467489e-01 -1.063505580767123010e-01
1.128736111594233593e+00 -1.291658680609080179e+00 1.085411665963268657e+00
-3.192788612787146540e+00 -1.330361733615229802e+00 -2.711686470189659026e+00
2.479637830926001152e-01 3.990858734423900489e-01 -1.268578868150131156e-01
1.962246380666890833e+00 9.083702694074494710e-01 1.649362744863042129e+00
1.119980605172242294e+00 1.664599151671052324e-01 -4.409404533806607906e-01
-4.414764325092530584e+00 9.600689657358670859e-01 -4.248854166109978792e+00
-2.841685555776548355e+00 -1.336884474579800086e+00 -2.998610015436315113e+00
-2.964863416543574104e+00 7.026511972539338791e-01 -2.548994159655322278e-01
-4.068510655253649411e+00 4.158362629782245135e-01 7.250308100533561229e-01
2.301372883672742731e+00 -1.623756421746441747e+00 -1.410931771643870292e+00
-1.117111659711706562e+00 -7.620428832889344362e-01 1.728567010194411058e+00
-2.058224746041947828e+00 -1.104003070320600299e+00 1.089339916779394013e+00
1.178324439031732673e+00 1.704958247408409344e-01 -2.490702955083943237e+00
3.206510396082761893e+00 -3.119416074427205476e+00 -2.970132915684029040e+00
1.314350377078881582e+00 1.380307172209337851e+00 3.128361835346229469e+00
-7.721974232807411742e-02 1.866081576124472230e+00 7.453810612119964318e-01
2.078156813600292807e+00 -3.121211612489730669e+00 -3.267574064059668881e+00
2.659492305272478152e+00 1.927046509610679026e+00 4.651982203310133235e-01
1.384100020572903933e+00 -6.302014058792176909e-02 2.663395100107690094e+00
-2.327013593076482589e+00 2.017898961907548916e+00 7.826666757287948847e-03
6.469454258558819670e-02 -6.838155675077046691e-01 -4.763394515574361221e-01
-1.971749650296653167e+00 1.440005088530744715e+00 6.531652857253221756e-01
-5.588856224073454060e-01 -1.081630888516837974e+00 3.121855840307508415e-02
-1.913544851069075292e-01 1.062199472517716625e+00 -8.650428838879152815e-01
-1.001387311297589289e+00 -1.380598334281796236e+00 -5.369801468086223828e-01
2.630925218826403178e+00 4.088332660882836728e-02 1.020158771308382839e+00
-5.505932087287693788e-01 -5.772913905833441106e-01 -4.570340872070031701e-01
4.693500828138980618e-01 2.005538692103258303e+00 -5.568491581061688400e+00
3.118319788058618869e-01 -1.383445408558453327e+00 -3.325676862962457569e+00
-1.902104587892083920e+00 -1.750315805520927803e-01 -2.808726311548847665e+00
2.771521393204964490e+00 6.396178332266647670e-01 1.005982406709889254e+00
-2.374947804090700998e-01 -1.890748332644122343e+00 -1.335249192389728057e+00
5.024706378187075995e-01 -8.708245786449881898e-01 -3.393542693070702665e+00
-1.276708339696557060e+00 1.373250267374556355e+00 2.385529411315499004e+00
-1.926064562073895647e+00 -2.262184402817978945e+00 -2.550853653964662904e+00
3.360838414647734140e+00 6.720276260031957660e-01 -1.915954377031581002e+00
-4.094181377228665042e+00 -1.846140630665104254e+00 -3.210010634546459074e-01
7.725985914456646791e-04 -3.465464689735801684e+00 -1.784969455237521707e+00
3.726436017439346132e-02 5.870214799616561840e-02 1.600204710263143815e+00
1.580912355485936338e+00 -7.025262049681054409e-03 -2.450109994378197875e+00
1.397071745636002671e+00 7.353528563648342731e-01 3.610513900530399334e-01
1.842086854208841995e-01 4.616222308944394337e-01 -7.527638214795869809e-01
-3.230136972692864816e+00 -9.628464756136637104e-02 -1.786661832789420146e+00
1.071980900099443357e+00 -1.287266649215726311e+00 5.037589351686015959e-01
-2.069446998482114441e+00 1.348581174866464671e+00 3.638007620927456442e-01
-1.820082903210900271e+00 4.092318349841364444e+00 -1.127678401949939291e+00
1.431414611162756589e+00 -8.297222156819819006e-01 -1.600049901770390637e+00
5.081548959950082933e-01 2.368160379466000887e+00 2.342263357921886779e+00
-7.820136785653132583e-02 4.731111724462904733e-01 5.122696397831372650e+00
3.037966083682432483e+00 -2.659348866636758846e+00 -3.167602182152006174e-01
-1.337633995144860810e+00 1.591664894801843033e-01 -5.471861181700490295e-01
2.568891471431573148e+00 -1.918670013787113993e+00 -2.650276050231036074e+00
4.781355977958998832e-02 -6.098067023640787454e-01 1.129005730915185746e+00
1.299485541892102969e+00 7.547226838214944333e-01 1.123337069123063969e+00
-2.223003994546666751e-01 2.582616778102185262e-01 2.187706510358446987e+00
1.965624132771341515e+00 -9.956954258975493355e-01 -1.293467810078488545e-01
-2.104762815636791462e+00 1.217110640043932573e-01 1.250174873127585906e+00
1.545351477017909314e+00 -3.080071443642985685e+00 4.161993645661413055e+00
-4.297028076301176447e-01 -1.556913555584782949e-01 4.456298039413916889e+00
-1.701551619098646162e+00 5.835738522917499616e-01 -6.416787721698172797e-01
2.517931802372010086e+00 1.366540144901402076e+00 -3.219352651706020474e+00
1.728972585580243138e+00 7.176081542424427306e-01 3.986704680079226293e+00
3.674111999541181950e-01 6.214890286852792212e-01 -2.549332866946737663e+00
4.967449156689224266e-01 5.221787310711631935e-01 1.656562718193293815e+00
-6.497821729764250431e-01 -1.169391358213217158e+00 -1.932340601215784215e+00
8.742745777633607884e-02 4.629850529533567349e-01 -1.817594316305813917e+00
1.359815379992278805e-01 -9.739462249525898674e-01 -2.312905370090957202e+00
-1.709570206182782215e+00 1.576579611643131651e+00 4.855137358822464222e+00
7.596081075213904910e-02 -9.954450988190483018e-01 -1.615443519089685642e+00
-4.014343538267748923e-01 5.997274231131125566e-01 -2.120381652788061899e+00
-1.046296680186824313e+00 -1.091765429829667733e+00 -1.518371435984918472e-01
-2.395693113220043635e+00 1.736172505840554159e+00 -1.198493000100275374e+00
3.296570757504769578e+00 -3.367010537023268357e-01 3.115764672152085524e+00
-1.127863707177869212e+00 2.335384141008022940e+00 -9.532160881956172060e-01
-3.914960004182428399e+00 1.507250923590194747e+00 1.216562891900696330e+00
1.336522704921049742e+00 1.640363244460658620e+00 -3.204018590979850423e+00
-5.390136899887250088e-01 1.366448762853161858e+00 -1.529656271023486003e+00
-2.561609687512055089e+00 3.326212840811568316e+00 6.464969397426068021e-01
-3.835162079182968253e-01 2.245978310380682963e+00 2.046852180321534487e+00
-1.925480642734871406e+00 -9.310691890130339265e-01 4.219430112249423104e+00
2.644600637243234686e+00 3.261660188814751588e-02 -1.751219922945011165e+00
-2.909841919632789153e+00 -1.639827213971860376e+00 -1.129138685502994566e+00
-2.992158820494526861e+00 1.450600950121724075e+00 2.162768748215278869e+00
2.211507220657100259e+00 -1.680717129631119078e-01 3.543343554649453608e+00
6.184116190993146356e-01 -7.812808415693948128e-01 -6.396042987667711899e-02
9.042544599855922849e-02 -4.439718660749316093e-01 -1.938396146527517683e+00
-3.823312590331163219e-01 2.774542536872004916e+00 2.665153432657918486e+00
1.315425634994350501e-01 -5.347082583904395614e-01 -3.965690992998804898e-01
-3.288869212418983334e+00 2.408751570182236179e+00 2.058005689492928614e+00
-2.427033206430690537e+00 -3.307128769850779526e-01 1.787850948963501052e+00
-2.990151904449758646e+00 1.856120515197881682e+00 1.151639241851952489e-01
1.501112590410812686e+00 2.051700786319076819e+00 1.355405039232255859e+00
-1.063467256357077506e+00 -2.526214369015509664e+00 -1.046031062872387007e+00
-1.101404789925616967e+00 -5.153627050243617447e+00 -2.101363716302410811e+00
-9.039969497846893631e-01 1.329693726415926980e+00 -2.292211029773624897e+00
1.507679528479981323e+00 2.735039366720657839e+00 2.588888475486848861e+00
1.491553698275307038e+00 1.934318967899700148e+00 4.332736302738817158e-01
1.654589301855906580e+00 -3.270989822710144601e+00 3.323814144489176114e-01
6.963192196444095705e-01 -1.390449127354940195e+00 8.105455130553426146e-01
5.931931117828315170e-01 -1.519232441072233097e+00 8.884497870866658875e-01
-1.146294151734545741e+00 -1.858782094458324652e+00 2.404172741136537450e+00
-7.003055355748324384e-01 1.583004045242900837e+00 4.418873129761970442e-01
-1.505315117392928559e-01 -1.339486401763828605e+00 -8.469931840639946530e-02
-8.401095663606428232e-01 -8.913483688952394957e-01 -8.377136032607906957e-02
4.491159341638951696e-01 9.878320717142166085e-01 2.903074405003621905e+00
1.135335627083631449e+00 3.776444139349985907e+00 -2.100343678709407635e-01
3.887622719682657380e-01 5.386400917659025511e-01 7.145854911816329480e-01
6.578240386824093511e-01 -6.216871951056753831e-01 1.761967736870449386e+00
2.976050848652292746e+00 1.368481922602657219e+00 1.869885539081706183e+00
1.111354485478284637e+00 3.153734452336862115e-01 8.569299574832668354e-01
-2.976100587904697559e+00 -2.317435248258817193e+00 1.146354501001808635e-01
-1.811748288906660731e+00 2.361134549824477347e+00 1.097279323768908466e+00
-1.424154668584023842e+00 -2.325444468087632277e+00 3.335103937257704487e+00
-2.560692094034268784e+00 -3.470626090132571950e-01 -3.403545865974582529e+00
4.219100998881862852e-01 6.648269100053425529e-01 -4.887559328455200358e+00
1.480089690553133552e+00 2.030228023841846419e+00 -5.807571728477555206e-01
1.250151521823659184e+00 -1.985074516487789875e+00 1.365356990470238063e+00
1.201064565662814498e+00 -2.217870090775668324e+00 -2.588844127064076073e-01
-9.983627904168979050e-01 -3.517501434475750477e-01 3.431490754620492911e+00
-1.070183450300757899e+00 -2.806469908425622606e+00 -2.609505988919193165e+00
9.080834213062660698e-01 -2.619736448439681897e+00 -1.110323660162144677e+00
-9.255424193796696342e-01 2.923096081479824804e+00 -3.578155440935317233e-01
-2.047962403619942418e+00 1.816770303220289318e+00 -1.387170280752193507e+00
5.427504775003241244e-01 -6.201322796054892228e-01 -2.535885393542927635e-01
1.808729290511633003e+00 -9.003383127247813755e-01 1.345368922746874141e+00
-2.624012130587516367e+00 -7.733540262410008026e-01 -1.967191391904965059e+00
2.679406929221157529e+00 -2.306177638874569724e-01 -4.149535862868415914e-01
-9.429785566761907101e-02 -1.162259425315046224e+00 2.247357976201240337e+00
7.284340187477088557e-01 -1.194470064133230869e+00 -2.933994507042173350e+00
1.725597010372218021e+00 4.953863569111347509e-01 -1.437250172471403520e+00
7.805332229056565208e-01 8.814226463493764208e-02 7.131763084834328303e-01
1.306337449679974227e+00 1.831443129712626017e-01 7.233464830923780342e-02
-5.687199713683950275e-01 -1.709668621589645943e+00 1.866820401267414109e+00
-1.598005068422425623e+00 -4.812027381763416822e-01 -3.356026062188972148e+00
7.531113632856007989e-01 1.134345528364461675e+00 2.430229852681633496e+00
1.553519479425204075e+00 -1.468341383519897736e+00 1.080098914817504197e+00
2.016324779872253448e+00 1.222744810790946435e+00 -2.669857732581522480e+00
2.612930569177882023e-01 2.829096156189073508e+00 1.936363793530894717e-01
2.544732843141210843e+00 1.347679469396365404e+00 1.110061677821594373e+00
6.094066250981962973e+00 1.006062135205921804e+00 5.087873912940277243e-01
4.279178051845506370e-01 -2.321278341847280713e-01 -1.816370714382617782e-02
-9.085950949630774431e-01 1.435178573625040255e-01 4.167919676699137987e+00
-4.895796402389323010e-01 1.316537097718298646e-02 5.460899068733472417e-01
-4.546280242390592918e-01 -1.584098695272039725e+00 -7.408944222008381209e-01
-1.764690314726177767e-01 -4.063998477163972556e-01 1.599385159118887900e-01
2.291043830541349968e-01 1.039712778812007965e+00 -5.231026911672715940e+00
-1.063929449140575967e-01 -9.456626551981570650e-01 4.389466081683103260e-01
-1.094950884035588823e+00 -1.427462904210813122e+00 -1.822901905226382402e+00
-6.803320022967264125e-01 -3.535387236945995992e-01 6.789604641543625085e-01
1.212478642540558926e+00 -4.870075604212854792e+00 1.896249563261130255e+00
9.208738517919501723e-03 7.894070822307087953e-02 1.938985971804774167e+00
-5.778606005970381154e-02 -8.262380846999151096e-01 4.881965114100392800e-01
-1.239502403038751588e+00 -1.593084341090469147e+00 -2.113881594190684776e+00
3.466974824874360372e+00 -8.641636551317776194e-01 -3.243171453870468124e+00
-5.445552234451699336e-01 -2.378970885297119420e+00 2.696619086888698558e+00
-1.698552717690255287e+00 4.955646036454833592e+00 9.489779735265492233e-01
-1.508228856044574018e+00 2.657318863325570213e+00 -1.536284679716226842e+00
1.680303831924123692e+00 -1.325825060544152167e+00 -1.018450425776804114e+00
-1.200074729197334822e+00 5.721285693136792805e-01 1.092595691385573442e+00
4.081658376144066125e+00 -4.534637865319228189e-01 -2.384736041203919577e+00
3.239730390210715516e+00 1.988786860015188257e-02 -3.601053615806604213e+00
2.800725692948992651e-01 2.307650068111663622e+00 -1.148553961899676290e+00
1.636163472521167783e+00 6.003466538793155172e-01 6.455927420048660492e-01
5.526831142415085107e-01 -1.928517476895562077e-01 7.999254426148924013e-01
-8.326224842959361050e-01 1.441716373939952556e+00 3.606568232533796103e-01
-1.062330677991031092e+00 -1.166394114280781658e+00 -2.226192388795951160e+00
-1.555422472871457185e+00 -2.760624359489388890e+00 5.926775134367219255e-01
2.710306734371660808e-01 -1.547515707275239238e+00 -1.820316151666331761e+00
3.664851936778265595e-01 1.290927416592131838e+00 4.764480275338120130e+00
-1.681402256259739714e+00 2.869061499525933812e+00 2.562867940701927250e+00
4.890564200971502240e-01 -1.392802487305205394e+00 -1.261561070979972388e-01
-1.896709221670986878e+00 2.707152633138818931e+00 2.414774846082491599e+00
-2.530865257046094108e+00 -1.048298486738285101e-01 -1.121604396820867322e+00
2.525989787084633731e-01 2.166664333906797302e-01 -4.279250462154239543e+00
2.411066399306952768e+00 -1.195913031176361718e+00 -1.397374996310338235e-01
2.596374087794449004e+00 1.672955266772425009e+00 7.946176043771621123e-01
2.083275173862290330e+00 9.009403744539731251e-01 -1.401167637681381084e+00
2.839837232032033310e+00 -1.442224105706532811e+00 5.263284032100035148e-01
-2.940328577898878137e+00 5.548079900683837717e-01 1.985162917467362842e+00
1.985148029437081130e+00 -1.579920680325602733e-01 9.181432323356071290e-01
2.857121871986080253e-01 2.035046980143273565e+00 -1.669456324620662180e+00
-2.927978398741061916e+00 2.826830803962063210e-02 3.088585959116616486e+00
-2.218056399848324034e+00 1.688752123803926253e+00 -2.330328706030281527e+00
1.712476840887777185e-01 2.755379838973827655e-01 -7.533700504991959479e-02
1.728995717177558733e+00 -8.440029013545808922e-01 -1.076261744819704935e+00
1.085445768120135490e+00 -1.696392174642353146e+00 -2.085054844585330081e-01
-1.806882691341309854e+00 1.976288485740588907e+00 -1.489851447315541311e+00
1.044847475610387155e+00 -1.395495756291241785e+00 -1.355193354022545538e-01
-2.721325818937958996e+00 -2.073417435208004367e+00 1.524130331264085481e+00
-9.509598124535579844e-01 1.231268920265645939e+00 -2.386432225180956102e-01
2.121006098224352598e+00 -3.013786777992001120e+00 1.154849800758961154e+00
-5.316053033408868478e-01 8.103479836990376550e-02 -1.286386221209935954e+00
1.225504146164967390e+00 -1.427508539521613162e+00 3.972054742513196901e-01
1.913433730054896476e+00 1.667671463615437444e-01 3.497313511467510794e-01
-6.203068615781945905e-01 -4.496422804716795341e-01 4.782150567214158432e-01
1.929130915257765588e+00 -8.589283078029034124e-01 9.314378149695967668e-01
-1.705056016917910311e+00 4.845631366150406905e-01 1.891091589233612758e-01
2.038515750702423190e+00 -1.734877823134983510e+00 -3.448196223325163068e+00
-1.173759616543255557e+00 1.909752594162605455e+00 -2.350275383966138332e+00
1.320328689370910746e+00 6.927671334935855407e-01 1.422325515925797923e+00
-1.468116499583734802e+00 -8.614367477724790834e-02 -1.359184173230008508e+00
2.661371744907099934e+00 1.465625519304985636e+00 6.373786283612368209e-01
1.100565707103023483e+00 7.774287054294024557e-01 -2.218230664324297052e+00
-1.824885850709769164e+00 -1.306516783806809467e+00 -1.412310875103785168e+00
1.192556898501995866e+00 -1.772585190768850572e+00 -4.424143445405872566e-01
3.399295863109666360e+00 8.926936394256185237e-01 7.834987072464992819e-01
3.052613115796276033e-01 -1.956404928511394692e+00 -3.362127804648884499e-01
-2.096491432513492015e+00 5.941958919844964049e-01 -2.931457238638047191e-01
2.205086460039494156e+00 5.011183409067668793e-01 2.729953219740696158e-01
-2.769609148676705157e+00 6.558875286325230869e-01 1.068803091857815968e+00
-8.574409337808287512e-01 9.915016937980549727e-01 1.626498833179502945e+00
2.956298500468479973e-01 1.380887194168873622e+00 -7.126780682926423527e-01
-2.092822017875854090e+00 -1.822733153287700858e-01 -4.866145981257695041e+00
2.219127465779267006e-01 -2.269181412050107927e+00 -4.295531409721382587e-01
-1.793450396979764383e+00 -1.156178271969876326e+00 -1.049978975061032216e+00
-3.514036937464038446e-01 -3.013173387870393682e+00 5.356360705210485573e-01
-4.530594459787880446e+00 -5.493035672499870792e-01 -6.851865154221704612e-01
2.302715966724090624e+00 1.090469240738534573e+00 6.056095210308751753e-01
-1.749310240999278676e+00 5.471898107135266670e-02 -3.042126481122316428e-01
-5.952965405600999516e-01 -1.249606317158269642e+00 -2.089282841929311907e+00
-2.529044994004315816e-01 1.261903965628348612e+00 1.887891444706478739e+00
2.540683472651990016e+00 1.271583789907664963e+00 9.511065505236180329e-01
-2.187151247871168547e+00 2.435769423988876525e+00 3.096197235526576996e+00
1.584202184889880183e+00 -2.140103019367713411e-01 -4.062058833262950919e-01
-1.295094635515435577e+00 1.943013890044201775e+00 -2.856409019208664968e-01
-7.277485679272071017e-01 -8.332352841495874740e-01 -4.103392985462132048e-01
3.790033700229715752e+00 -6.189230978382050941e-01 1.231161605890955579e+00
-1.692825518834018883e+00 7.830208914786891405e-01 -8.971474811799803328e-01
-4.287692610828341966e-03 3.050039943150105737e-01 -8.922961952375048078e-01
1.502437678701424792e-02 -3.420178485407151303e+00 1.693719881316105846e+00
-1.849946292205196130e+00 6.157646193680997859e-01 -1.025732183149095506e-01
7.259037202330999028e-01 -1.610460152163652570e+00 3.113740320914915927e+00
-1.676997465670359011e+00 -3.147073782516115248e+00 2.759989146755885692e-01
-2.326898319956064165e-01 -2.094966508103057734e+00 -1.636004045567674314e+00
-7.116517249121157018e-01 -2.298082501259253174e+00 -1.904141594491150613e+00
1.347578972997028668e+00 -1.413675973236893757e+00 -4.036781290082695151e+00
-4.881647413445305145e-03 -2.510633919216274990e+00 -4.957566738949130136e-01
-3.599374903117433355e+00 -1.004080993041306380e-01 -1.419961433078396285e+00
1.926545118035098314e+00 2.225367317879644702e+00 1.517003623861365336e+00
6.796688895895016680e-01 9.679433701515361976e-01 -2.040116726039510109e+00
1.405228263161049984e+00 -1.080057014879170163e+00 1.009927068830655639e+00
2.743962185909060714e-01 1.046008118555777876e-02 -3.734500315977697493e+00
-2.882293642274250112e-01 -2.079605248102100568e+00 3.785052425720013325e+00
1.471336062184512405e+00 -3.165665607834390105e+00 -2.474579976530339454e-01
-2.272262532499978782e+00 1.486885922223784462e+00 -2.612566393582118618e+00
4.649837269645198390e-01 1.349472376172183630e+00 3.363432074832533036e-01
-3.248651864751178842e+00 -2.809911885589759351e+00 -2.472315253891056663e+00
6.966843938360279820e-01 5.494223597071615783e-01 -4.226238157526567528e-03
1.339930741106929446e+00 2.495352977639953451e+00 -4.084222756779412045e+00
-1.036361968324500893e+00 -3.866820345790555002e+00 -1.355909818074687578e+00
-1.353395208422673024e+00 6.266243504939784659e-01 -9.594150106274139736e-03
-1.048106265502997125e+00 -1.265113399397373106e+00 1.111272731739636255e+00
4.399238319774753658e-01 3.414533128952704111e+00 4.637840670592848213e-01
7.523394000254289837e-01 6.542067531940966019e-01 9.542106970379231612e-01
2.002128562886923702e-01 -3.327652709893133220e+00 -4.872220733969995221e-01
-1.244383187212754205e+00 -8.205476870957510993e-01 -2.974046992249054888e+00
-2.522356574027381448e+00 3.851850403151779179e-01 -9.116452474434160180e-01
2.078596789840716053e+00 6.931298328859761826e-01 1.551685350158999999e-01
-7.347191896001941114e-01 -8.220855459488722594e-02 1.381917211819197133e+00
2.698313750134467837e-01 1.535785845530233118e+00 -1.798432854544107506e+00
1.440576865695083253e+00 1.020784795733084005e+00 -9.430019073215514247e-01
-1.214459410093425146e-01 -1.042050183370768351e-01 1.889216759738707729e-01
2.593224224474121264e+00 6.173111480097115411e-01 -4.101311277772303754e+00
-1.130581701321409449e+00 8.642554388330813131e-01 -1.955060053991065860e+00
-1.061640627441495122e+00 4.792823319489188272e+00 -3.996382298026148749e+00
-2.253890967945643364e+00 1.873951239391493884e+00 1.275999196885102993e+00
3.850505442358947317e+00 4.235911406447022465e+00 -2.253991059608732250e+00
8.413692456793883112e-01 -2.937694598506459975e+00 1.110344523038590436e+00
-6.837746403666810080e-01 -1.882775912141904318e+00 -3.914936637656245555e-01
-2.617104814070719598e+00 3.252900197529601467e+00 1.821354156276083547e+00
-2.980484245877060179e+00 2.184988079470524092e+00 5.472110690311967396e+00
-5.380043535401075605e-01 4.858544571192219275e-01 1.279536212309127174e+00
-2.261448689818819968e+00 -2.394507237801477562e-01 -2.596001850802184818e-01
2.551118182297173576e+00 8.021869573816278187e-01 -8.739325027963201764e-02
1.301364849251529732e+00 1.715526558189355733e+00 -2.449373524515777445e-01
-1.495449462357708592e+00 -3.277681736306400362e-01 -9.123503412764465414e-01
-1.090692459561420691e+00 1.424639583666698517e+00 1.183166771666470246e-01
-6.863338660483528919e-01 4.967504810126495141e-01 -1.977625975063850516e+00
4.162907482717725927e-01 8.885615699984322768e-01 1.101925005680624459e+00
1.317628145844332632e+00 3.193318304612438485e+00 1.140171792281697183e+00
6.473276439898464352e-01 -3.517581175795545523e-01 -3.583189660980770630e-01
5.252818982093313549e-01 2.094674613747528280e+00 3.913043367284667062e-01
2.454200939677668281e+00 9.819707760549371001e-01 -4.291936263558764786e+00
-2.258972219792938496e+00 -2.556836455937149033e+00 -1.036093016346639306e+00
1.192380408380683932e+00 1.788470412270077192e+00 -1.309819807182028617e+00
-5.519402700910387427e-01 8.904532199379338042e-01 -5.523539296161634304e+00
-1.905774237578201191e+00 -8.756685041689166171e-01 1.488509289512469413e+00
-2.070984397910026420e+00 -3.558841887160927864e-01 -1.647140902474506285e+00
2.304869417256586728e-01 -1.089223873886618454e+00 -1.019542159715287610e+00
-5.823661623469033044e-01 -3.195454457982291441e+00 -3.140240333036629305e+00
-9.623913398847911971e-01 -1.898298152774450021e+00 5.529412108262889980e-01
4.842993554250317745e-01 1.805826728720393293e+00 6.711288639937752487e-01
1.868814945017921003e+00 2.445052130377335098e-01 -1.064205928942915103e+00
1.329680139439992859e+00 -7.046277997238435675e-02 1.949760833076177757e+00
4.729257853363744157e-01 -1.779613015869298875e+00 -1.009549643578943723e+00
-2.922671153340735017e+00 1.474327025670481017e+00 1.364464312854370087e+00
-6.728713976427397325e-01 -7.431600498885171380e-01 -7.106752255827229227e-03
-9.438899020254418737e-01 -4.858625143093781018e-01 -1.184501589214565831e+00
4.364375830402335565e-01 1.240323334362285257e+00 -5.207668552859354705e-01
2.843271697915920049e-01 5.846283718479807767e-01 -3.028617625395392476e+00
5.458383191805060708e-01 -1.002530617373107891e+00 3.171793172475231959e+00
-2.095738098466550792e+00 4.524235739394504296e-01 -1.064121120675964649e+00
-1.509282418418779415e+00 -1.510165051668046710e+00 1.300993030569047859e-01
4.028612933291167986e-01 6.810265376573819418e-02 -1.062593797516430127e+00
9.712869478815745472e-01 8.053377662537957171e-01 -2.587849628034819105e+00
5.954554412325163693e-01 2.977218675842554507e-01 2.141944786072653706e+00
-1.876268807337990174e-01 -1.572258514179614819e+00 -1.482211097837748737e+00
2.647855079932693201e+00 -4.120376075146586770e-01 7.109371254243241900e-01
-6.954059167470355574e-01 -3.131789048658362162e+00 -1.927479278550020103e+00
2.731392549614394816e-01 1.948096484222122449e+00 8.704214515422155074e-01
2.460595962358408162e+00 -1.667461333429126835e+00 1.758321391143800705e+00
4.947055598816642308e-02 -3.035009560138949070e+00 -2.918432031718522612e+00
-1.540482875412068076e+00 6.617329871175795519e-01 1.414931859394070734e+00
-6.675481369850912519e-03 -3.624204225969493431e-01 4.662121820438230313e-01
-1.192601702724765289e+00 1.003098110510626473e+00 6.214392373853052653e-01
-1.217971892673622269e+00 -1.847590576163392617e+00 -4.508782563188845627e-01
2.191358508253377080e-01 2.091575039544748549e+00 -4.268157542272722482e-01
-1.035619429925637824e+00 -1.530831447888094221e+00 -1.190701370509185120e+00
-4.169520692554972707e-01 1.845285379718473839e+00 1.983793387585504053e+00
-1.103190104443743991e+00 9.364115073469414519e-01 1.875062533412557020e+00
4.849304309060612495e-01 -1.888631865865498360e+00 -1.470057192783073008e+00
-7.136346820426267001e-01 -4.406350343354948906e-01 -7.437128936227148657e-01
1.281304227028051246e+00 2.182496259641998559e+00 1.380835299453980980e+00
2.441260821656477731e+00 1.534306478286093123e+00 -1.525264545278609996e+00
5.898058021097760673e-01 2.728228986572542661e-02 -8.206634701014015043e-01
-2.272184584609205915e-01 -7.153207159753300903e-01 1.495199134563131249e+00
-1.246761754206346939e+00 -4.973305453187515823e+00 -2.122833895435558560e+00
6.821493809075649395e-01 -3.350702929378742145e-01 -7.377195402052706408e-01
-2.249244147443145159e-01 1.945743018219783682e+00 -1.584090510996665202e-01
-2.036740831010939168e+00 1.926842960283551953e+00 -7.575385992191663309e-02
-1.558029919978140887e+00 -5.953570072204900088e-02 1.187308564102565578e+00
-2.399523302700830918e+00 3.329202434284340040e+00 7.011681227744467337e-01
1.898780186811741766e+00 5.362645707760357539e+00 -2.148369014456339876e+00
2.468339499232729661e+00 1.484994609122320952e+00 7.617919201645442229e-01
-1.175292511010535002e+00 6.887409497540353254e-01 1.132141260902500557e+00
1.410620491660084852e+00 1.516600284510811469e-01 -7.509678226392896283e-01
-1.169402156846415380e-01 -1.340770319693306289e+00 -2.077480061925704558e+00
-1.544282566816297386e+00 -2.031832171708242984e-01 1.180905755647207567e+00
-2.289646547177627001e-01 -1.300628688084810802e+00 7.803093695244091021e-01
-1.578831508408223838e+00 4.085245581280598226e-01 1.354694127830316841e+00
-4.026325907862367437e+00 -2.605355560621088529e+00 -2.199902883068225901e+00
-1.001628134600923703e+00 1.659230070760858933e+00 3.753636786262701808e-01
-2.209957180599809945e+00 1.696902760676789912e+00 6.704324263910745874e-01
2.348212983792094199e+00 -1.073235381424983537e+00 -7.561769768325712349e-01
7.166924238654710511e-01 -3.513834897690506942e+00 -1.738253914545633050e+00
-3.903128743986034599e-01 4.191356748799529575e-01 -1.959052697762319051e+00
5.292027526444602614e-01 -3.191498147451841128e+00 -1.628736206918308893e+00
-1.774600161521305397e+00 3.113453010210990080e+00 -1.280677351108907569e-01
-2.615598035993836223e+00 -2.019939474191570827e+00 7.646050896277369890e-01
-1.943721001995097675e+00 -7.706684166018716864e-01 1.532300121046878072e+00
3.006951585683975692e-01 -1.814082127436925651e+00 -1.569192814285862214e+00
-1.127106853997896119e+00 1.796170863036372634e+00 -6.938857243690806920e-01
1.747388936919611890e-01 3.438178404356093676e-01 -3.438836582245196727e+00
-1.434281228980280209e+00 6.988911682128017278e-01 -7.041055042773068928e-01
6.401943031624185432e-01 1.043333357524210303e+00 -3.973628677891670735e-01
-1.505385742517980630e+00 -2.389699833461035983e+00 -1.416565697825638459e+00
-2.820778472485670374e+00 -2.768370226550302071e+00 -1.921100628250903775e+00
-2.193211307327581405e+00 1.240495281300229902e+00 -1.124231925881009841e+00
1.042705157720906495e-01 -2.273000995160078919e+00 2.952920872057312796e+00
-9.270352715371681096e-02 -6.343269653837644295e-01 -2.035900050834513753e+00
1.252985360746307952e+00 -6.629987229934843074e-02 1.464164245598881531e-01
3.481152542271859218e-01 1.306965469287917347e+00 -8.739425636083388849e-01
-4.366992042340683278e-01 6.510220669827098128e-01 6.997648306032492327e-01
-1.192675984239342846e+00 -1.134433730368151982e+00 -2.292439146321984644e+00
4.367915099793554745e+00 1.372961243640526741e+00 3.939128598333164533e+00
2.493239853325874833e+00 1.049609076517756145e+00 -2.245536413616327387e+00
-1.397152739676009725e+00 -1.134560283066411657e+00 2.109188084890809556e+00
1.977408087202777165e-01 -3.804345216328940182e+00 2.295506881176002434e+00
2.525502347369701361e+00 -1.770518351326849205e+00 -1.324516670007441499e-01
2.121506045146031472e+00 -1.158060568053166234e-01 5.345713849227681891e+00
-5.795448679472111619e-01 -4.923559343828942669e-01 -8.420123660947422817e-01
4.217562837935725367e-02 2.934776027183921165e+00 8.790272291780304448e-01
3.391825109631425167e-02 -2.075906025945168862e-02 3.168507552595972054e+00
-1.001302033732551555e+00 9.670486582473147852e-01 1.307378630323281055e+00
-3.363286732340199148e+00 1.166454107095593606e+00 2.676817868959481483e+00
2.669806106693667358e-01 1.070414290439759109e+00 -3.068018115802038981e+00
-1.178653823693661007e+00 3.492434237547931142e-02 6.742653058974805713e-01
3.963151138275946117e+00 1.351181562440948891e+00 1.977242498603940746e+00
-6.539515721533554204e-01 1.148657409394974849e+00 2.973028948458147913e-01
-2.525199053305538399e+00 2.702723718764107885e-01 1.742643499554594466e-01
-2.184511303584920405e+00 -2.930673401279350720e+00 -1.442508040670545943e+00
-3.810639705787373543e+00 -2.143554350851376800e+00 1.079071964019523211e+00
-7.284069655020792601e-03 6.568893657819049325e-01 1.229319662386157086e+00
8.668309131620473007e-01 -2.206514581519005258e+00 -1.320824590095180717e+00
1.138323453102374205e-01 1.528469357997157996e+00 2.409803752226677975e+00
1.566711587802563921e+00 3.859391653591691007e+00 -6.627059710304445961e-01
-2.127143581802732886e+00 9.989772130442412523e-01 1.337329176174245182e+00
3.352053783611212978e+00 -1.232096078072752565e+00 8.513112101600209813e-01
2.358914960945946770e+00 1.768331071812684618e-01 1.790455286485703068e+00
-1.415817487626141791e+00 -3.268806201865049665e+00 7.801927265419839053e-01
4.854382947575787421e-02 -3.101397933409885788e+00 -5.048348323701568052e-01
1.199429871053348418e+00 2.107635650434134256e+00 7.716598096047676547e-01
-7.936353927894099769e-01 1.885071493130272113e+00 4.931694663152637048e-01
1.040590973848805723e+00 6.821660458351830325e-01 1.272185162915407064e+00
-6.465558760906577884e-01 2.679184335199719658e-01 -2.790851504781951764e+00
-1.334907637857111862e+00 -2.784117156861767306e-01 7.997185045852892582e-01
2.086749124854775150e+00 -3.106092407533594391e-01 2.813829081354367823e+00
-4.936946852275286290e-01 2.514128975828224366e+00 -2.512045231814228341e-01
3.089280856867165248e+00 2.370769258794199974e+00 -1.242541351003847661e+00
1.726298150442880444e-02 1.257470826184333257e+00 -4.450381078777275456e-02
-2.477872639926559817e+00 -6.480705118791434405e-01 1.579483558402422272e+00
-8.365232869772453173e-01 -2.880049864635461532e+00 1.616920739149624864e-01
-1.102677065014879138e-01 3.742542998316605196e+00 8.820277011031466552e-01
-1.410333531135563589e+00 -1.861023989345492513e+00 9.418733801025891417e-01
1.065047654983005909e+00 -1.823191996897222555e+00 2.732261447292729795e+00
-4.174192942079547608e-01 3.954882439354843182e-01 -1.504633062679325839e+00
-8.684512338853209723e-01 1.676317755925832653e+00 -2.554449775320865257e+00
1.929481947343208326e+00 1.081266621831964425e+00 6.211318617879207915e-01
-4.827371193359137891e-01 1.534709039151674226e+00 7.224024649781209950e-01
2.190995283454870268e+00 -1.289976166426563875e+00 2.358941839270312535e+00
2.992503655582395172e+00 2.061186292175316126e+00 -3.490911721060473649e+00
2.180344266281690313e+00 1.251675523550739966e+00 -2.113149451553730795e+00
2.828066987065115612e+00 4.460312768915596915e-01 1.093182864112710373e+00
-3.024116156029571734e+00 -7.079046521103438128e-01 -2.546510000517535399e+00
1.416450814900206634e+00 8.327904823240798171e-01 3.787154454038224483e+00
8.539832111701149975e-01 4.378626601060140455e-01 -2.406724938755768484e-01
-4.106741917159139277e+00 8.237926549116795227e-01 6.739740192174260569e-01
1.241970898515386279e-02 1.609709415692987422e+00 -2.314555233673844192e+00
3.540115535375636391e-01 5.618331853355200689e-01 -1.904663797222641231e+00
2.362255807385289508e-01 8.049921216256009648e-01 -1.909412732290778791e+00
-1.714954461140728581e+00 -7.972673702885744174e-01 -3.993135963801796251e+00
-9.938320519827237298e-02 -2.836217278528129215e-01 -5.122550350790517903e+00
4.467234662930254174e+00 -3.733810869441269276e+00 7.549814011333381147e-01
2.908043560135117556e+00 1.266331254221568677e-02 9.713753687867674458e-01
1.859164264800548416e+00 5.731072703019463033e-02 2.804398663502729594e+00
8.624835885625856680e-01 -2.382759562462728464e+00 9.259041800485975915e-02
2.506472404799551246e+00 -1.596823947607300676e-01 -8.714558925143840451e-01
2.493168856881179174e+00 -2.265876484661109164e-02 3.387540774495066964e-01
2.296673002958208587e-01 8.218586363547247808e-03 -7.138190108134778722e-02
-1.627081199776084341e+00 8.018138602247892877e-02 1.069756489404862787e+00
-2.041343475546423925e+00 -1.582422464539844809e+00 1.446621664236180105e-01
-9.476524569312237967e-01 7.505487323555757317e-01 -1.240471849464695353e+00
-2.467917868224281941e-01 -4.818295255477190175e-01 -1.324857903988212904e+00
-1.432568908501647531e+00 2.397164817464294828e-01 1.141014818596275820e-01
6.752236292732158862e-01 -8.167925526715653639e-01 5.722560028678812527e-01
1.683496879231213272e+00 -9.436560412675206733e-01 2.481414859895215930e+00
3.267863363241712005e-01 -6.781000592699015783e-01 9.387234253554479491e-01
2.543719706926661939e+00 -1.582342704747439432e+00 1.146744875087963189e+00
2.132876655199061222e+00 1.380801387388528090e+00 -1.630588643591575515e+00
2.764911176935424209e+00 3.406449527934046539e+00 3.959593195840483415e-01
1.630502027178726054e+00 7.114759334580871286e-01 2.785169936520354717e-01
4.794612921509480707e-01 1.294073073346867275e+00 -2.637296059240388235e-01
4.938915470043852007e-01 4.975929481294824042e-01 -2.900562991493092380e+00
-6.889820225413596511e-01 5.655427375550022839e-01 1.202548466849845621e+00
-5.256222317214944706e-01 2.740466375162665891e+00 9.905869710288810470e-01
1.258655546942494541e-01 -1.559243532105542673e+00 -4.908181374596545798e-01
-1.912817147334610279e+00 1.061961680439546113e-01 2.310503214153382667e-01
7.235747078399346055e-01 -2.413603985830867216e-01 5.137083317290102036e-01
3.122868959608130712e+00 -4.869126666180490837e+00 -6.428822274426130301e-01
-1.206122652903812265e+00 7.465422709814685254e-01 1.120401839700025493e+00
-5.082605268074795735e-01 -3.722675556736931846e-01 2.333087017112482453e+00
-1.669027721699396505e+00 -8.146139771672593621e-01 -1.043773052074708829e+00
2.543140900852779440e-01 1.517371090358762498e+00 -1.985537888733090339e+00
2.215676455277403534e+00 1.344866381805272404e+00 -5.330514977680393951e-01
-1.993094432297663809e+00 1.351700518900496251e+00 2.120127584249622277e-01
-1.818328211137327122e+00 3.679857532630627759e+00 -8.921687221947559587e-01
8.506217329381751124e-01 -1.606664020465619958e+00 1.401162081901354606e+00
-6.411231843220122073e-01 1.311266764212271285e+00 -3.124169764462627619e+00
-1.410936395364019269e+00 1.111980055286682090e+00 -3.428534549530317110e-01
7.408222754797537668e-01 7.767897680597263266e-01 -2.133409249039132316e+00
-1.179475928714705857e+00 1.761664347379115814e+00 2.500741649200269312e-02
9.495168232050897883e-01 -9.493100495288765706e-02 8.886899279525478645e-01
7.363978685605765406e-02 -2.414746075489826893e+00 2.479048848275704042e+00
1.427055549748423302e-01 -1.981453390433667749e+00 5.666417574910279642e-01
-3.664211745650156171e+00 -8.231408369771391342e-01 -1.582976974729652930e+00
-1.187077741277844822e+00 9.010094699807211227e-02 1.146436358926758770e+00
3.307870761079150790e-01 -3.478118149397113612e-01 7.956203739354349436e-01
2.098412986131478863e+00 -2.735625451783864737e+00 -2.100995429761961741e+00
-4.144884980642513650e-01 -6.035791651678591441e-01 -2.844335996779369324e+00
-2.480721505092308377e+00 4.996669949622667417e-01 -1.580430103612610493e+00
2.653294189046799367e+00 1.469628194126445742e+00 -2.910358424820346457e+00
1.839298416389881785e+00 1.181624504516668006e+00 2.633011006699698786e+00
7.282846155363202623e-02 -4.472312786254883932e+00 -3.666561211376461737e-01
2.729432600603223236e+00 -1.479959718615484698e+00 1.914371201412354173e+00
2.534736779098608839e+00 -1.657170393739872072e+00 -1.859781568998555068e+00
-1.502762530393503937e+00 -1.242585918411698520e+00 3.169656625262691652e+00
-2.205454347921160796e+00 -2.252189948140005615e+00 4.057426153427523552e+00
4.038185754014922413e-01 3.453370823692560876e-01 -5.999802811152478155e-01
1.000615761151848249e+00 -1.592089764982393740e+00 7.351824389735543974e-01
1.660864350423026714e+00 9.810981416184618720e-01 -3.034388497698787823e+00
-2.077943754892476846e+00 -1.753497033740426314e+00 5.504767594850356049e-01
-1.358491042070785748e-01 4.329593277507474691e-01 -2.007482565709712841e+00
-7.880484302032786381e-02 5.518451724752208021e-01 6.951596801799350134e-01
8.414309520944606158e-01 -5.471236973948518517e-02 -1.708747783230891715e-01
3.129031628855068359e+00 2.042228132642928795e+00 2.413815646437561746e+00
2.190541521054811813e+00 -7.073490809861044948e-01 1.427039076764635039e+00
-1.384266368328121999e+00 -2.100982669130820213e+00 5.698469459929090819e-01
-3.059297721126332359e+00 -1.480469607688586597e+00 -1.035601380111873970e+00
-2.831299385976299154e-01 7.746966481871369048e-01 -2.300322596549571053e+00
9.624339502952783398e-01 -2.917317693008789625e+00 -5.307381306990668346e-01
2.651212403138834439e+00 -2.479925898287004937e+00 1.305719365570262802e+00
-2.736030005531954856e+00 1.335436097552502144e+00 2.748665752971409582e+00
8.397727232782051798e-01 -4.627650270836872970e+00 1.263974405340423601e+00
5.414861258126885124e-01 1.038434858182300802e-01 -2.322548728710980837e-01
-2.231211006616332870e+00 -1.805338463572793817e+00 -6.033792109970917972e-01
6.503255287371383364e-01 -2.428176019154733467e+00 8.764256232146485637e-01
1.008327792650574262e+00 -1.230176503049805969e+00 -3.600326420869590094e-01
-1.165166908455663071e-02 -1.157433738209215912e+00 -1.006870493656935039e+00
-1.167186056139197792e+00 -1.630346595772535823e+00 -1.301528606811900968e+00
2.759490223844526469e+00 1.019453873118593812e+00 -1.103619973505839846e+00
-2.419809292548969759e-01 -1.681481579635651036e+00 -2.646409913527086211e+00
9.977828073277347221e-01 -3.080079446245591601e-01 9.929839098094718208e-01
1.080621618771437475e+00 9.055292050050648411e-01 8.455951501303375917e-01
1.444589470205666304e+00 1.463210630042330873e+00 1.052105920913496417e+00
-2.568047285297715643e+00 -9.595866768637772992e-01 -4.726429125116624164e+00
-8.469818828753411522e-01 -8.213567626126346832e-01 -1.318900045877256400e+00
5.509824681221637821e-01 4.589556537407388226e-01 -1.354383684546082822e+00
5.573745335974874537e-01 1.961655274590718978e+00 1.404803504668177716e+00
-3.186816845983464486e-01 -3.289063050643040498e+00 1.670624070434209463e+00
-1.763693641744645157e+00 -1.922707038398504320e+00 -1.071673842904863561e+00
8.042989441307759613e-01 1.328944648676521956e+00 -2.009774909984289426e+00
-3.294510910919024926e+00 -9.686597894487731786e-01 -5.702813797988838251e-01
-5.918010897639102152e-01 -1.285865263020022242e+00 2.139806622163110905e+00
-3.470829294742621141e-01 -9.536654062042512203e-01 -5.064847045546012616e-01
5.708693128052576560e-01 -2.943158729304162780e+00 1.224718222430004388e+00
-1.309655502986077691e+00 1.593458922721630033e-01 2.155521581171665257e+00
5.425316956519223854e-01 1.077410062012724490e+00 8.412809638506911769e-01
3.568701563533475785e+00 -1.167582607767907316e-01 2.230533931325767938e+00
3.214320227134435548e+00 -7.331040123176200130e-01 -4.290972838264471179e+00
-2.599260823468967807e+00 -5.561178461562354958e-01 4.241492771613242785e-01
-1.479433437777718241e-01 -7.005998217312452148e-02 -1.972112448009286867e+00
1.350317500445147534e+00 -7.866667596104873761e-01 1.265732522116415737e+00
3.165391355378422977e-01 1.989504545023309312e+00 1.526737905333200640e+00
-1.911662650824813570e+00 1.087354583012612785e+00 6.241078914966147195e-01
3.968281048597956939e-01 3.595784642478278670e+00 -1.632805834429666703e-01
-2.652979478341277453e+00 -1.047495261358796920e-01 -1.479609117895204773e-01
-1.960892290035827878e+00 2.140382152110714142e-01 1.065907977060515988e+00
-1.051527934635877237e+00 -1.329069865715624799e+00 -5.689469134550078078e-01
-2.262997608936879956e+00 -8.419815943768601540e-01 -1.323049392283305092e+00
-1.148580986579281316e+00 1.400498949425112327e+00 -2.195005990511201599e+00
-2.255009920865838957e+00 1.382100776414781421e-02 2.294085180203362384e+00
-3.582974896673856602e+00 2.021177367738034469e+00 -7.555102159922051641e-02
3.662578884369604992e+00 -2.377285910031572413e+00 1.591272708593937768e+00
2.354543601734044866e+00 1.366031416664516662e+00 -4.898852743942533894e-01
2.474204027741891132e-01 8.705943518441038309e-01 3.999815024490490645e-01
-1.269437441743750394e+00 -1.369406757185351875e+00 -1.639715332355860866e+00
-3.810152244250404330e+00 -1.982320883867570327e+00 -3.855785646884599127e-01
-3.009039937179414093e+00 -1.326333653253205291e+00 1.419310100129740571e+00
8.515056637811798668e-01 1.672406827382529881e+00 -1.362750838347611682e+00
2.760953850318500269e+00 4.683872761446747468e+00 4.105630848245464648e+00
-1.948639889608945186e+00 2.860441718166084613e-01 2.967723621098884657e+00
-1.926233822684036534e+00 3.494974483656421604e+00 -1.389263743395070971e+00
6.936041275205311329e-01 5.165919147969664366e-02 1.028331422342710910e+00
3.213230631576903917e+00 3.294631165369918513e+00 -1.360978596070319568e+00
-2.220704728380253901e+00 1.582065756748262553e+00 -2.539381164543958125e+00
2.231946022102979210e+00 -9.937688191200800825e-01 9.264405304061201774e-01
1.543724595154448043e+00 -2.726130971547386483e+00 -4.833369759443218588e-02
-1.176100381542425577e+00 -7.740852058355048859e-01 -5.617763888516711379e-01
2.745379993287158094e+00 3.850098856768967570e-01 5.790359450604008806e+00
-4.597843726808607201e+00 8.265295185819324653e-01 2.057448827085017751e+00
-3.515901152979508115e-01 1.036363960802375805e+00 1.675567020446646849e+00
3.048106336424523111e+00 -3.815288314035431561e-01 -2.854154275419749531e+00
3.144055549284010986e+00 -1.512251490855050784e-01 4.058586030677734158e+00
-1.273046640235866889e+00 -3.270733476391627925e-01 -3.120358810480010070e-01
-3.040473367794497284e-01 2.022177405011619467e+00 -2.349004150562806981e+00
4.124430265141951213e-01 2.784710199504469852e+00 1.168268047069874083e+00
1.337542754600057116e+00 -3.701195729316303917e-01 -7.030971487885571136e-01
1.296299420971237293e+00 -1.869191762342602425e+00 7.560602399556133335e-01
2.128327701518855919e-01 1.848153101585695124e+00 -3.603409538050403427e+00
-4.893404360988216906e-02 3.000583677156738904e+00 1.927609801854940352e+00
-2.950961738076429697e-01 -2.951421934204151665e+00 -1.726062918883356945e+00
7.945798988181529410e-01 1.049022209103343428e+00 8.545494428440891799e-01
-9.710533687838429628e-01 -1.767546664415484692e+00 1.996798874331334961e+00
6.148993683988536185e-01 -3.450068577728495622e+00 1.301706611834332339e+00
1.524026208311633157e+00 -1.292827543202823115e+00 7.317188496409284815e-01
4.708239601657995266e+00 7.941385047669671238e-01 -2.836185854769305514e+00
-1.449526270013910656e+00 -7.538315273593094723e-01 2.279153865199217588e+00
3.126686982933163161e+00 2.581691635553082342e+00 2.402122897474131824e-01
1.830172030087297008e+00 3.181447596638629971e+00 2.351327371375087516e+00
2.882645953011178097e+00 -2.883018636173066085e+00 -2.963036858119080463e+00
2.363272310306597124e+00 -4.936891142995907811e-01 1.433698600087746078e+00
9.449552111916575958e-01 -1.037423912663263809e-01 1.647692706268214735e+00
-1.546369843329903652e-03 -4.687747037292405494e+00 1.574137220895281297e+00
5.134911609614677408e-01 2.821294031632919364e+00 -4.577308946159660552e-01
-3.493845772893304780e+00 -2.633215570705354391e+00 1.477926374550208033e+00
7.562105498175440976e-01 4.883988188811932418e-01 6.244828381844864662e-01
4.979300341792814444e-01 1.288457941674997942e+00 1.932170969293923957e+00
-9.598415257145449520e-01 -1.197424831076039808e+00 3.293153579046543822e-01
-2.594535885749067461e+00 -5.943391638188044723e-01 -1.105765398777119879e-01
9.596755159841424687e-01 -2.269062766282638588e+00 -1.636462181840374175e+00
-5.829306145273694950e-01 -1.283226861958163045e+00 7.486528242968986113e-01
1.685924402677870138e+00 -7.122832963841981835e-01 1.445795831046972291e+00
-1.657539410089366783e+00 -1.610940714663537054e+00 4.746880600422508922e-01
1.647867879113727119e+00 3.105948990488677897e+00 1.246349973387453680e+00
-2.254254793684641545e+00 6.151936193689570009e-01 -1.979940655121731063e-01
-3.739155542431527923e+00 7.432620235269741249e-01 1.624982846835414607e+00
1.223686359071752161e+00 9.776521580212718110e-01 5.348914897208527641e-01
-4.270899531054849763e-01 2.304640151259358394e+00 -2.028500829363359959e+00
1.972131499279067723e+00 2.512942123008330420e+00 -6.543479175347298726e-01
-2.031654560980006519e+00 3.701096970792355084e-02 2.335158822672752432e+00
2.625013724716354968e+00 -1.439662820935657006e+00 -1.664706119433789766e+00
-8.539164752263639357e-01 -1.976380695979489843e+00 -4.435196024191623287e-01
-1.081119550396048901e+00 4.244036235138650137e-01 1.766470638398516702e+00
4.374796059961360228e+00 1.730190906335588474e+00 -1.368982118219287836e+00
1.123898616631502145e+00 -1.373069608985211465e+00 -1.980288909828910260e+00
3.213007000074344699e+00 -3.541152938143399709e+00 -1.922404784647195441e+00
1.915202429267937267e+00 3.934377020148903115e-01 -5.600255509481790739e-01
-1.052811969027842354e+00 4.352582998770166078e+00 -7.680274942233595858e-01
4.066817751411484494e+00 -2.073600867065288345e+00 1.311103076060700090e+00
9.460594726964983991e-02 1.130933683731028871e+00 -1.840235634416210075e+00
-7.053186264673489969e-01 1.930059673888818994e-01 1.668158769966128219e-01
-3.406135287942044787e-01 6.261045354488778969e-01 4.405924284668814167e-02
3.473784949443082581e+00 -7.017160558134277228e-03 2.792450259507164856e-01
3.123992668665619421e-01 -4.145240739935632246e-01 5.288346056203271361e-01
-1.332083962737091731e+00 1.120619283312036085e+00 1.884205552064929678e+00
5.223666475803900866e-01 9.883285635597723884e-01 -1.152793569583793198e+00
-1.710026042101427945e+00 1.188439459119247088e+00 -3.585362695961327173e+00
-6.079318235898798495e-01 3.235750458783268613e+00 2.010155900425544928e+00
-2.825804683084015778e+00 1.878188477665750256e+00 2.681199635662319558e+00
2.346734627588249911e+00 3.078564186073827535e+00 -3.230341281682321680e-02
-1.458359824903862956e+00 -3.326246402629572940e-01 2.176760877164507849e-02
-1.222618352193698410e+00 -3.111317092627850833e+00 1.293389621031135306e+00
7.664314759953049228e-01 -8.962602720767434139e-01 -6.609491839784342737e-01
-2.501497247181684980e+00 1.495895974798684136e-01 3.952574116012222971e-01
-8.741947018670742642e-01 3.086520598831225204e+00 -2.286434976465776980e+00
8.061276556203537114e-01 -1.685876111288728829e+00 3.042772243262014342e+00
1.127778529917800920e+00 1.865411200597530517e+00 -3.906304331302729027e-01
-2.614263305771486579e+00 -3.173399993530064744e+00 9.167692962848880134e-01
8.580733530192423686e-01 -1.585257594721386276e+00 -2.088044512459555635e-01
1.225474599049314772e+00 -1.631115757233578378e+00 2.365233873945733922e+00
-2.509398804418914608e+00 -1.369289418857210450e+00 -4.853968056627197547e-01
-4.825313591016159975e+00 -8.234942476388514843e-01 1.798329488658231945e+00
1.868519589386386626e+00 -4.294757999540571802e+00 1.029141932221916189e+00
4.244024008212973875e+00 -1.662093690852630923e+00 -2.471047720629344191e+00
7.818212685622365488e-01 2.506270527009813343e+00 -2.775019318732824258e-01
-7.484105605926524296e-01 2.517607078114101893e-01 2.469086987714935510e+00
1.976857055414546593e+00 3.307974080228758273e-01 -1.778013052972166053e-01
3.607329482752930971e+00 3.967898539850936435e-01 1.727296138801617698e+00
2.132982804215864281e+00 3.076355126383352179e+00 -5.936108235325918692e-01
-8.338811983142047080e-01 3.683841603462962300e-01 -4.028256854421072397e+00
-5.845510230876260760e-01 1.175399956701237425e+00 2.782626417195750435e-01
1.175372943577808194e+00 4.039181280865975943e+00 -8.516834865880472671e-01
2.606559878233659713e-02 3.511890640976088052e-01 -1.350402939662325441e-01
-1.529457498498454138e+00 -3.139051232353812448e+00 -8.340766099113443577e-01
-7.131314121745243595e-01 1.998670438793736404e+00 -1.805858125933153424e+00
9.375189759610833562e-01 -1.501213010159184513e+00 -1.955255858538037961e+00
5.277489884066291381e+00 -2.750720380691127787e+00 -5.470373041809787340e-01
4.264490504453947728e-01 -4.340140715036751473e+00 1.058073490137936723e+00
8.511880001105660565e-01 -1.029701881338964453e+00 -7.638853773817061432e-01
-3.498876807161114821e-01 -3.806002025414889189e+00 -3.724748953535280682e-01
6.250924732091530656e-01 1.329915404991241168e+00 1.821045422963009308e+00
1.851167274375556671e-01 1.692643172322878753e+00 9.795095284150331372e-01
-1.801359616519886131e-01 5.127225231413569118e-01 2.222678608980245940e+00
-2.355194474135079985e-01 -3.926482595521661456e-01 8.011930367051509627e-01
4.589692001261373444e-01 6.892372861332967116e-01 2.015710549462446100e+00
5.690797321775925566e-01 -3.103932443303289435e-02 -1.656213458589861576e+00
-3.429477719130209490e-01 -1.195618077110105204e-01 7.541617087656828922e-01
3.148394663705007090e+00 -7.769883437941268456e-01 2.926418047421501245e-01
-6.076892802950147054e-02 -1.904549295655917129e+00 -1.419876450419804703e-01
-2.922962274878985189e-01 -2.393827991619838613e+00 -3.440414240746793695e+00
-2.816966759826797784e-01 2.885876323081027484e-01 -2.519085677792570199e-01
-1.569563008250546010e-01 -9.180657211160999642e-01 1.255693713771358189e+00
-1.553635931263027681e+00 3.217940944040538653e+00 -8.553125456195641574e-01
-2.409652791304594199e+00 9.590343852173087713e-01 -1.292666112128494582e+00
2.380365482899384766e+00 -5.883176504602466439e-02 2.719165551816298820e-01
2.202251988237962976e+00 -1.079751953537704701e+00 -2.561748348797451502e+00
-2.357633976801085218e+00 -1.702989306760034127e+00 -6.183793334050452506e-01
-1.287670555164483144e+00 -2.306729192593798494e+00 -2.703108697350779799e-02
-1.573944463704278762e+00 2.512478226166342532e-01 1.910545759809815503e-01
-1.106456652202484570e+00 -4.928772964558089775e+00 2.907500761870738248e-01
3.373374429194957447e+00 -2.716708532069953552e-01 -8.611614829515458203e-01
2.373008314542696784e+00 2.501495814130394804e-02 1.618523050513479111e+00
5.854748206663805687e-01 4.090405010457311419e-01 1.577693035892637985e+00
7.511490150933598509e-01 1.487255547674304568e+00 -1.540830140196226550e+00
5.320431673937889849e-01 3.848782402628927013e+00 -1.951094718409780437e+00
2.563898847152255467e+00 -1.887298129801676883e+00 -2.487162892528234526e+00
-1.169035140862273447e+00 -1.087900978556834097e+00 3.086432860962401437e-01
6.174203433931623186e-01 -3.920026855897134510e+00 1.380187220979965490e+00
2.742414624109018595e-01 2.385177940844241729e+00 -3.145324594363869686e+00
-8.895859873599710754e-01 -2.533132269347095455e+00 -1.902524455569549966e+00
-1.827948048155012550e-01 -2.829880694135326724e+00 -6.318063171821359791e-01
-2.247685192836484269e+00 -2.237053223517568856e+00 2.011407653782353755e+00
2.267205600593294346e+00 -6.811860625657170099e-01 3.503560181892714898e+00
1.208247468713635975e+00 -1.451606377561922345e+00 2.643616739648786851e+00
-5.265689637850388127e-01 -3.980594295285171835e+00 -2.425008085201059149e+00
8.585517954703149046e-01 -1.026498175290580184e+00 -4.930483660799480639e-01
2.632587159982861191e+00 -1.903340295992185904e+00 -1.389873177802057214e+00
4.896675852825405628e-01 -1.657431083737577471e-01 1.449973065992211430e+00
1.023488840546276091e+00 2.180228914294036202e-01 -3.323084969583860460e+00
1.383841999556676861e+00 1.467973059487132748e+00 3.254833598219000645e+00
-4.247130873801162609e-01 -4.588691862002443056e-01 -3.685092489420757622e-01
-3.851353823175009961e-01 -7.599933015067538156e-01 9.398653479705566527e-01
2.823499651090382478e+00 -1.923751731545629617e+00 3.722434376700812231e-01
-1.295434113624039485e+00 1.127323789916551355e+00 1.999469605670136096e-01
-2.634772821696974354e+00 -1.941276344858140268e+00 2.066847360837663850e+00
1.007587527836132368e+00 -2.340868584597732838e-01 -2.337228107188418780e-01
4.212354107070325759e-01 -1.086469676678738505e+00 -1.448572661241831760e-01
2.048571707957975718e+00 3.633108678642707812e+00 1.498229039778571803e+00
1.073785456488907553e+00 1.721359312871989511e+00 -9.522918167828312574e-01
-2.448135567820966862e+00 -9.033471419235847844e-01 -4.512668851261267822e-01
-4.195302792626748878e-01 1.473999583562625837e+00 -1.254288372704435162e+00
-2.068830064441752548e+00 3.531984992575547960e-02 -3.172313526421892682e-01
-3.692378795706672268e-01 3.239636202367214945e+00 2.786064606478054539e+00
5.356843608465031159e-02 -6.554434399157563762e-01 3.658272896397222862e+00
-2.676525126928908649e-01 -9.453676611064504298e-01 -1.279462074783948466e+00
-3.349504817584971206e-01 3.083062607787126486e-01 -9.732303021161431422e-01
5.742637422175812523e-01 6.917478233544743782e-01 1.645388617836826661e+00
-2.399257079670894299e+00 -3.097696200425909652e+00 1.162720804952851239e+00
4.712147481238218027e+00 1.703264792642926739e+00 -8.861931599786069258e-01
-1.101764046135858210e+00 -5.890006804987040212e-01 1.765149955136238735e-01
3.733239220955422155e-01 -3.493529304952859071e+00 -2.090052483473784584e+00
-1.330396522620663546e+00 -2.005070788423169326e+00 -2.208686485223140039e+00
2.291445758437555824e+00 -8.458759754653258911e-01 -3.218781225613933206e+00
2.511021543466942063e+00 3.107432687789914105e+00 4.835979936873712748e-01
8.384746692832211190e-01 -1.488924740322168594e+00 -2.144245076018786111e+00
4.313264115178639280e+00 -8.060981480012405775e-01 8.039588148372572851e-02
2.006995637660675680e-01 -2.225546977210186128e+00 1.902315489157012207e+00
-6.365974931529682079e-01 -2.244799894708928711e+00 -4.701754832514594140e-01
2.608804185557571209e+00 1.565501396933237366e-01 1.380567912362505645e+00
-3.965663025545414833e+00 -5.163024368308031381e-02 -6.359597045707819918e-01
-9.351039778211677200e-01 -2.647861499324295043e+00 5.398382736275204180e-03
9.287301768161534410e-01 3.198180326147993524e-01 -1.133029944763380703e+00
1.313707091374750835e+00 2.157357004070201256e+00 1.867002251671024959e+00
1.765258569774393604e-01 2.985090911923197754e-01 -6.943752517310765038e-01
-1.679033394340916141e+00 1.335081682965803429e+00 2.026191236434315091e+00
-1.355782573155083659e+00 -4.275327131182575791e-01 -9.183171092290680626e-01
9.468792819858747878e-01 1.359159254165234199e+00 -3.003928875411104205e+00
3.517824101868783915e-01 1.249745115433978704e+00 -6.107478516445057348e-01
1.194591560980442280e+00 3.578636593663344190e+00 9.352060239925524820e-01
-8.663352380949020937e-01 -1.455425640997729309e+00 -1.532601172989477512e+00
-5.325880592253747770e-01 -3.169537380823796435e-01 1.298070098776353820e+00
2.444194025798292813e+00 1.369346945364800616e+00 1.824686826940835338e-01
3.836518637913867158e-01 -1.550950328805004164e+00 1.345768323523401699e+00
-4.573171148386310669e+00 -1.836833744018335546e+00 -2.257403186024238284e+00
-2.483161911880004680e-01 2.443231238761620183e+00 3.733205474463369811e+00
-3.647671642002520365e+00 1.990898512659367681e+00 1.526427609819611675e+00
-4.321672303109578728e+00 1.389060311726875996e-01 -1.050067250036707152e-02
6.011873144994074325e-01 -7.301366656598756721e-02 3.573490835607847638e-01
6.793966635380064290e-01 1.512149887182085983e+00 5.718469493397428938e-01
-4.294268931717924787e+00 -9.621298459278160298e-01 2.624067768274719548e+00
-3.171584274397449388e+00 -1.022977925461282245e-01 2.680685868311572850e+00
3.834147871747412228e+00 -2.172072067293808306e+00 -1.503724047146997256e+00
-1.422185463405426731e+00 3.699587372089492732e+00 -2.571204180750719548e+00
-1.717991448825912704e+00 -3.581080920368082676e+00 2.616747635479073963e+00
4.712358466931385048e-01 -5.480784777412505138e-01 -6.372830175828662069e-01
1.360814453013292347e-01 1.533609416315449447e+00 -1.930364251878791126e+00
1.499757219983376688e-01 -2.857370001685480165e+00 -1.271986468870474729e+00
7.655952975726484366e-01 1.912417056065282894e+00 6.215478742714042326e-01
-2.297754048733774201e+00 2.687073291857261736e+00 -3.310006388433967661e+00
4.464788042229945741e-01 -7.958587180472557199e-01 -1.528278646914325023e-01
7.611054981595165303e-02 7.940275744597570240e-01 1.113351318532503242e+00
-1.939343081788232004e+00 1.521384191884495252e+00 1.374239574499129812e-01
8.636505668433533955e-01 5.092650653882823120e-01 3.551442042605388316e+00
2.454975390745397501e+00 2.218621306506552315e+00 -1.862880615822726238e-01
3.428776624447174015e-01 4.681851794589101168e+00 7.927139421316047319e-01
-2.654533384608519953e+00 1.067583819748225693e+00 -3.435026081366511774e-01
7.921977778864522923e-01 -3.377131490856328244e-01 -4.645348626603642561e-01
-2.435006406348872332e+00 -1.206551746865754060e+00 3.031833486807652411e-01
2.373057995599577197e+00 -1.444079799153024091e-01 -5.875703609348660317e-01
-1.918645871194747166e+00 1.911098070083305345e+00 -2.130986727839422112e+00
-1.316178558991663694e+00 -1.097604548288739101e+00 -1.621519584646392564e+00
-3.696240644432600586e+00 -6.610192748096251902e-01 1.301591890951652841e+00
-3.767567020972277358e+00 -1.807365530360342643e+00 -7.329109441896272115e-01
-1.080771430598298943e+00 -6.388275284658216924e-01 6.703756902351868385e-01
1.792277118773340172e+00 -4.182291664865410930e+00 1.348635572019793782e+00
-2.552853068515368307e+00 -1.982030122728457022e-01 -7.008834900473323026e-01
-1.236120539516424977e+00 1.159575669697318068e+00 1.329031352960668322e+00
1.080658261549011456e+00 -1.292694540249571755e+00 4.136206371594060016e-01
1.158102511066738893e+00 2.436631060242333113e+00 -1.429488785690488095e+00
-9.117845993861247722e-01 -9.570396460785577375e-01 4.199571478822060833e+00
1.650977071685716391e+00 1.038123825483646234e+00 -9.275248424900505162e-01
-3.332960770674514017e-01 -7.794772754919323532e-01 8.162608435101845750e-01
-1.231948262993358689e+00 -1.803415930964004932e-01 9.467402717063584383e-01
7.821412474694325878e-01 1.303959476476783397e-01 -7.942751926457576328e-01
-1.339094549530352563e+00 -6.981493821307899195e-01 -3.548314505762646398e-01
1.629071055848725802e+00 2.716774294552969593e+00 3.213181005591369654e+00
3.047105773853457933e-01 -4.455541019384998136e-01 8.380306969024053920e-01
1.013252674979301521e-01 1.215153761302716129e+00 -2.134697234659710396e+00
1.656442607053420613e+00 9.620496424377114053e-01 -2.337060299824072818e+00
2.248164314802055586e+00 1.449725529704378957e+00 -2.240641629825365744e+00
-1.275313680954176521e+00 -1.689178757343793580e-01 2.619451933204213212e+00
-7.532130640738061989e-02 8.440623769366485396e-01 1.161903463968103845e+00
-2.422420650557767452e+00 9.880674477336297556e-01 -9.366986813923005029e-01
-1.344708920883929681e-01 -3.320247802182891395e+00 -7.039489381257302281e-01
-9.882628461649274332e-01 2.761878471373689359e-01 -1.094093110779165601e+00
-1.922001224610280223e-01 -2.366813666203322897e-01 2.477338917249170436e+00
1.773495756866032780e+00 -2.398155468902255283e+00 5.988504269111874501e-02
-6.805755555193393480e-01 -2.392444164990217836e-01 2.335654380018055698e-01
3.123308059286277263e-02 -3.738382461334845974e+00 -2.833648221072924689e-01
-2.033445109596589973e+00 2.349915818747949914e-01 1.282734666998421647e+00
-1.339306791866315738e+00 -1.845965326294822795e-01 -4.415408710319819741e-01
-9.691652031402797629e-01 2.113089836269604060e-01 1.275021994197241826e-01
-1.114886112822824460e+00 -1.734109950401255151e+00 2.295922298824854546e-01
3.928964268996115727e+00 1.281188590665212956e+00 -9.827295759199492498e-01
2.630735465509027593e-01 -2.004943720064919166e+00 -5.835240569509030362e-01
-2.529472454577554430e+00 -8.142868154506236467e-01 5.915038245090313840e-01
1.587180651690365485e+00 4.185002774626305766e-01 9.802120959129964062e-01
-1.749351697769651937e+00 4.097307109175154505e-01 -2.698494366709176084e+00
1.367333944131325474e+00 5.144232425039803047e+00 4.048998001805206748e+00
3.143865956363371406e-01 -4.176433963754931124e-03 6.003656264708249202e-01
-4.138426291575837190e+00 -3.438640794045364046e+00 -1.440147372791062086e+00
-7.751237073399309674e-01 1.620973617083691698e+00 -4.202980522568669497e-01
-4.766748312707714819e-01 -2.681662453940094615e-01 -6.320712990568755352e-01
7.791921194384979765e-01 4.486583146937826783e+00 -1.588300396308228446e-01
-6.392819416845213487e-01 3.761595961939830923e-01 -1.224428296096345736e+00
2.060157164223369364e+00 -2.097618413813950866e-02 -1.653314974312855234e+00
-4.123561823967445417e-01 2.401397937918882786e+00 -1.086813907132310408e+00
-9.158838616701916457e-01 8.554600096241012086e-02 -4.408263732612655583e-01
1.751381302075529556e+00 1.465174493517814591e+00 -1.267628620206298962e+00
3.382765684543420637e+00 9.004062046646544859e-01 1.035460054640629624e+00
3.647602598717889499e+00 -1.279877699135932856e+00 8.626206894152173010e-01
-2.287968405234594549e+00 -2.983346297575943940e+00 -3.437217867374853797e-01
1.839220332921778001e+00 5.824960821437515923e-01 -1.188344292278029624e+00
3.982621754398189218e+00 1.045619777780417259e+00 -6.373296852990785188e-01
-7.443831309492797699e-01 -7.465394775586806642e-01 -1.398254015008631168e-01
-8.157720574892747267e-01 -3.272885547434380982e+00 9.722770972339205287e-01
4.582558413043967271e-01 -4.302157459418811669e+00 -6.042648995289342517e-01
-5.402565212085099766e-01 1.586981108807179908e+00 1.073747588444385226e+00
-7.873296306564544489e-01 1.776112370867490631e+00 -1.170330875721238506e+00
-2.128318466709114010e-01 2.677143278803821413e+00 2.601410230680534230e+00
-1.140030752490107879e+00 -2.030598790716316770e+00 1.452071695202639123e+00
5.123555631417668899e-01 -1.937936719672205821e-01 -5.776127083856056332e-01
-5.930084395991427199e-02 -4.037260890076968423e+00 2.065565837217436140e+00
-2.233719816889047916e-01 1.806624885587982066e+00 -9.333576361670389843e-02
-2.014927519054686034e+00 6.774712937066645901e-01 1.753309867726646099e+00
9.147863223570723568e-01 6.983972732264396299e-01 -4.784483370231297217e-01
-1.144352605101879999e-01 1.863689072601678376e+00 6.275386216067757594e-01
-9.369119406760380020e-01 1.228561386101326924e+00 1.363253643657570680e-01
-2.793551849987127245e+00 -7.606176242623523542e-01 -3.824895495531396294e-01
-1.026013059413064976e+00 4.972870458918620534e-02 -3.532738084332150419e-01
-1.568588625270848746e+00 -2.326575392239022211e+00 1.140486199923420374e+00
4.423131266830115038e+00 -3.672743276185765904e+00 -6.357337604161674705e-01
3.447523539491345712e+00 3.785834030223929059e-01 -2.922288108157457653e+00
1.773973725070804974e+00 1.763633470968317685e+00 -6.618487747553398748e+00
2.116841871827007948e-01 -1.346011688976614940e+00 -3.152564555849058259e+00
2.374986581010170017e+00 1.061228294091597579e+00 1.300362952814592354e+00
5.018942599159705725e-02 -3.643002761965047132e+00 -2.413181192876304948e+00
3.849454810201121902e+00 -1.285172073786014613e+00 -3.055557196050266544e+00
1.804666920508729844e-01 -9.298958665624097730e-02 2.885108987865755203e+00
1.048271539493800253e+00 -1.523303891091248197e+00 -8.478658119521936820e-01
3.159337146519559658e-01 -3.069946719163961779e-01 -3.079975092230365696e+00
2.175646288234878156e+00 3.612226558721672726e-02 -1.909441162989912177e-01
2.560489639982072241e+00 1.220113323948251782e+00 3.209094396394792104e-01
-3.646407840739140926e+00 1.062893478404498687e-01 1.515624828270222491e+00
-1.004423032823172690e+00 -3.679125875565691040e+00 -9.837424472756101101e-01
-1.522190685478628014e+00 -4.495264222329872217e-01 2.015448587722422080e-01
-2.175903220553541129e+00 3.421109950710593317e+00 7.237875361095527094e-01
-1.129735359378394449e-01 1.285706117413955019e+00 -1.299935480406524624e+00
8.801280479399529177e-01 1.531603149853721646e-01 -3.010118080262464524e+00
-8.026266282264575835e-01 2.713145267529328386e+00 -1.552575768220456620e+00
4.569866845920537712e-01 1.924712387933559032e+00 2.621821111251174674e+00
-3.154374814919200354e+00 -3.325915620428560704e+00 3.166789918257850278e+00
-4.006976735552178481e-01 5.096275934850293510e+00 1.207778663814280229e+00
4.643881889914944217e-01 -2.277412062876827292e+00 -3.857333218855596990e-01
4.654929948560088349e+00 -7.677264490125907948e-01 9.575698173917800426e-01
-3.947311437766142017e+00 -3.302304455376388947e+00 7.025600850301511047e-01
-3.463397540372832761e+00 1.287749026236205407e-01 -8.132381749122080672e-01
-7.289094980835617577e-01 -1.498100629757189051e+00 -1.131730696340627063e+00
-2.070421652348587216e+00 1.371151701770455755e+00 -3.335077719174678990e+00
-3.181344597694258369e-01 1.280176502223992208e-01 1.958320652133260231e-01
1.737090740695074631e+00 -3.282038598968297194e+00 5.658710345887645321e-01
2.382555173453337005e+00 2.868423839590850122e-01 -2.025758941218114284e+00
3.093049359983497393e+00 -1.782640910929607081e+00 -2.545508259714047483e+00
1.707440423875633995e+00 2.077748018380142891e+00 -1.728428688812470471e+00
7.852085608972705355e-01 1.587537080916596066e+00 -5.551690950093214560e+00
-3.349090387991476625e+00 -1.645067616682172329e-01 5.309101498031844162e-03
-2.243387997259693289e+00 -6.464638650999759983e-02 -8.123519341206498767e-01
-1.912892842436769936e+00 3.931324290156266721e-01 -1.765581103793958828e+00
-7.792873806453286534e-01 2.677192393743156984e+00 -1.010264582229166264e+00
-2.587813942908166354e+00 2.237171380713574464e+00 -2.146747060779872207e+00
-1.703931598764492072e-01 -1.183192775725796508e+00 -9.935631947798044816e-01
-1.084150466665393386e-01 2.096385973389858492e-01 3.048275992047527749e-01
1.014267738101183758e+00 2.260440974685283155e+00 9.692885482354758608e-02
-3.018158682599235476e+00 -1.739561854124320295e+00 2.236934938688259766e+00
1.144405247149425042e+00 1.360213027033045641e-01 2.615307108126160962e+00
4.905999410058989874e-01 -2.222436285124888666e+00 -2.178718400777422293e+00
-4.465297122777008854e-01 1.321947026829999094e+00 -1.835008815320432751e-01
-2.103805145622202222e+00 2.163004221646846137e+00 -1.915949378537808334e+00
-2.610296269128823177e+00 -2.049731425164987186e+00 -2.521142440416916930e+00
-1.646542208515536343e+00 2.773471918159461591e+00 1.319282657054097474e-01
-1.348200514364647828e+00 -5.699897483325465641e-01 3.403242264682904833e-02
-7.459695199618007200e-01 -2.021357500701194687e-01 3.613927408956100873e+00
2.049899846770852629e-01 2.991756685564060714e+00 -8.307440494742123205e-01
-1.202987787487066695e+00 2.104802656924596338e+00 -1.413346853572682971e+00
1.765847482614069541e+00 -8.462486564243838494e-01 -2.283936590647209997e+00
1.071367260730591159e-01 1.409229782098897488e+00 1.782682056522713054e-01
-5.288244570180773430e-01 -6.440138990420528620e-01 2.471008486342305854e+00
2.788327755671618835e+00 -1.809466927412599846e+00 9.275519963595123540e-01
-9.658067571743831348e-01 1.787814559237272949e+00 2.857054802982211816e-01
1.150563041034876832e+00 4.160733270715054388e+00 -6.045357055569092752e-01
-3.344323721560260587e+00 -6.959659963757230949e-02 -2.281702768849144025e+00
2.840836851328018220e+00 -2.374647343939320532e+00 -2.019281638600615381e+00
1.179967082763037522e+00 -1.377499451704311761e+00 3.998840506772678716e-02
3.029401855272051414e+00 -1.957281281312480137e-01 2.323616354356359270e+00
1.496094636223737284e+00 -3.764629886609258680e+00 -5.270441009231853213e-01
-6.729048656477036594e-02 -7.408405787923213470e-01 -1.438467507528277123e+00
3.924252906391369145e+00 2.281130278202082362e+00 -1.103051045422180021e+00
-2.806743289400216224e+00 7.485326697474670166e-01 3.749170519766751863e-01
6.052015112316915246e-01 -2.007022018859514201e-01 -2.020529097491802872e+00
6.329789308044512230e-01 3.069412467493910501e+00 -4.179336873067177049e-01
-2.771464716736763423e-01 4.546845868638039190e-01 5.302749438887665034e-01
-1.712362858815186462e+00 -7.887201988425776578e-02 6.367655307717760005e-01
4.307433022269878009e+00 -1.784168775108754046e+00 1.610460182618254521e+00
-1.965673293150752843e-01 1.474960316844097896e+00 -2.008741481926019645e+00
6.859771029049676061e-01 1.881353168156885802e+00 4.535307597363546495e-01
3.368052827331700971e+00 -9.265552932006436704e-01 -7.179388064053480178e-01
-2.804074894105581528e+00 6.132597168107854942e-03 -1.396323518701755084e+00
-1.150213618783951786e+00 -4.963714803603538894e-01 -5.646075144032086657e-02
-9.501597043357720151e-01 -8.612389114034042503e-01 9.878199118221865360e-01
1.774940106836002895e+00 2.408203191138920563e+00 9.474593915196461991e-01
-6.881727266874060334e-01 1.550818623821720532e+00 -4.805393969956393896e+00
-1.330816590835374402e+00 -2.139973503937625310e+00 -8.619793951938770071e-01
4.960176207510383906e-01 -7.119110001478121119e-02 -1.603378515716482378e+00
3.776998519375273755e+00 -1.777240430850826947e+00 -7.089575129874324810e-01
5.587641106473507646e-01 9.983618252841273133e-01 7.715573163328907080e-01
3.547918457993260333e+00 -9.747189190832866723e-01 -7.833638734977951268e-01
-6.662531696103136669e-01 -2.149282435987367457e+00 -1.192187964155678459e-01
2.559671902050758341e+00 2.402793282072192227e+00 3.566363429010323549e-01
4.391248529803683631e+00 1.066023599537459093e-01 -8.712576896427410844e-01
-7.640754602938418794e-01 -1.514870711037040074e+00 1.193804568190868665e+00
1.200833666154964563e+00 -4.338968822792223179e+00 -2.729520517028813931e+00
-1.074263125388263296e+00 -4.028991539494018781e+00 -1.820353077445853618e+00
2.227388763691029006e+00 2.760467815231302247e-01 -1.772688708190994777e+00
-2.931614544396438760e+00 1.515852471651265132e+00 -1.483487687987861126e+00
8.989818157161323375e-01 -2.476699159166696695e+00 2.579772898253189339e+00
-7.077524515571295138e-01 6.040055273861023588e-01 -2.158328068474983930e-01
-1.043086278946012024e+00 -1.428803409283565806e-01 1.243081947775526164e+00
3.102352444084269578e+00 3.717477489909458699e-01 3.218010780837783358e-01
3.756312034039904768e-02 -1.643047147112281614e+00 -2.183159482256508355e+00
1.458327273653095668e+00 3.026838407237094852e+00 6.753101353370469795e-01
-5.702653928366290259e-01 -4.447208882834813082e+00 -1.871325742959882188e+00
2.398446685754545449e+00 8.502805494126984831e-01 -1.732511139631077279e+00
1.615127487762937575e+00 6.121901818989569088e-01 9.687283318365184082e-01
2.568177310275896019e+00 -1.129539962933206132e+00 -1.745678363606473216e+00
6.466058396440179656e-01 2.795049289221486433e+00 2.739023884517016505e+00
4.270971696183435973e-01 1.120402808731006061e+00 3.627456555626829005e+00
3.524488544597502715e-01 1.203277565476659650e+00 4.370159607102641175e+00
8.366469898411192929e-01 -1.077626129238707930e+00 1.843066998706869741e+00
9.156912159954818664e-01 -2.632481817851060502e+00 1.928604789876029235e+00
-7.736736253926205231e-01 1.962080984755954216e-01 -8.748716758404695426e-01
-1.632822151126336552e+00 2.826640554193158295e+00 1.207407777330962162e+00
9.746866568365413208e-01 3.775604582068708304e+00 7.647376189504144772e-01
4.328444545465606197e-01 -2.040259418204686259e+00 -5.262380631392465702e+00
3.146043683598997553e+00 2.291716325926926867e+00 -3.449317667204335081e+00
-3.702092173751446502e+00 1.932064088155944215e-01 1.882339544881194704e-01
-2.378005565038105562e+00 -2.452852833618801132e+00 -2.435445316669552496e-01
6.247686773575934494e-01 -2.527913918065224363e-01 -3.731405229124984402e+00
1.632501974057118055e+00 -2.454089985260992091e-01 -1.655700877680059691e+00
-3.034125613218006667e-01 -9.190950682449993137e-01 -1.408947775063065233e+00
-4.912878381733867705e+00 -1.783169820694768370e+00 -2.606102423667726153e+00
1.040638616392384863e+00 1.622677577371444135e+00 1.930559212899099819e+00
-2.958578854925338342e-01 -4.079446327371152869e-01 9.974432373259572993e-01
-1.029170848154688400e+00 -2.005039048201353591e+00 1.827014878484874760e+00
-3.260531742632113872e+00 6.273277682478064499e-01 1.615274527443612218e+00
1.998159139681117358e+00 -9.665883758913631496e-01 -4.638315380602411886e-01
1.582065460697017256e+00 -3.191486143531220288e-01 -9.335855881126152722e-01
-7.587105828636543370e-01 1.045063017028577290e+00 2.340105399240810069e+00
1.267985321210473269e-02 -1.112665675392421116e+00 -1.241204058306697222e+00
7.020419686057713937e-01 9.142519791378549421e-01 -9.497446252586375648e-01
1.053051166336895106e+00 -7.209608230337587464e-01 -3.755420944220849488e+00
2.415248763847080316e+00 -1.836053644823286479e+00 2.342438284351883393e+00
-4.122174752113152429e-01 1.587856130324642179e-01 -2.668413422980092431e+00
-8.723801256727474751e-01 6.892956117288338014e-01 1.359973470776147941e+00
-3.275062040889669679e-01 -5.096854864524311690e-01 1.190494213317244920e+00
3.177426622640868281e+00 -3.395698896468871131e-02 -2.732272579539819723e+00
9.528421293134131664e-01 -6.288346571273337737e-01 -5.883307234793622165e-01
3.549583141429327071e+00 1.902463049899670855e+00 -1.549647636480830926e-01
1.747651052751590495e+00 -1.589847109225621891e+00 -7.825077709975587492e-01
-6.811379195034991119e-01 -3.697104877949837221e-01 2.851807804383536649e+00
2.266699760471850844e+00 2.669247187728792881e+00 6.939910438782304070e-01
1.419448679845709271e-01 -1.728144352660111016e+00 -1.219645495367935872e+00
-2.347133603392059231e-01 2.368372079653042750e+00 2.254634630034724196e+00
6.237692825415318554e-01 -2.018939945201283503e+00 -9.233590326932440417e-01
-2.649461758338305994e+00 1.030169282556822052e+00 2.312975359320962099e+00
3.392726498448067396e+00 -6.888568386135154320e-01 3.841134694679195327e+00
1.179203299996666399e+00 2.918969129875240931e+00 -2.864631179739979494e+00
1.872502036889972299e+00 3.569034812147667157e+00 3.361895306109710102e+00
1.026367909861422456e+00 -9.231235565466144877e-01 8.790538875343012482e-01
3.533140736784216251e+00 2.607342603121086677e-01 2.044199661836128001e-01
-3.242616044620717286e+00 -2.011467913918290051e+00 2.070815384036943096e-01
-2.253582399917439805e+00 -4.509412894363128643e+00 -5.316987613144884550e-01
1.154366879440894555e+00 8.079487376975226232e-01 1.519932250558646336e+00
1.801949531774321711e+00 6.497994155854457388e-01 2.102562836775754285e-01
-1.965925427596334263e+00 -5.942569193710079967e-01 3.838441607686382984e+00
-2.205524014673834743e-01 -2.052792617362188654e+00 -3.663635977809490907e+00
7.429640447472780629e-01 3.062215926549247680e+00 4.691405136070021520e-01
2.553687368391133194e+00 -4.628556958694727275e-01 2.518309343676773393e-01
1.263483334419511106e+00 1.921802195902364341e+00 5.778149577014252136e-01
-5.409568629844147686e-02 -2.436530757765441813e+00 4.633528822167924943e+00
-6.378605335015511413e-01 1.709567338326442920e+00 -2.745175878382907886e+00
-5.137241567752005578e-01 7.433486188129360128e-01 5.799018796718460322e-01
-1.821376327657751037e+00 -4.270127094034260051e-01 6.327691510590747193e-01
4.884265314558648985e-01 -1.822786730509173558e-01 1.479167116998386378e-01
1.321062891886944257e+00 -5.191931485799833323e-01 -1.719516180732155175e-01
-1.530901598183004753e+00 7.749883606362986121e-01 -1.869494610877760588e+00
1.523602507238646098e-01 2.083250233396772622e+00 -2.939466121857408965e+00
2.066525259791983427e+00 -1.393647887688832965e+00 -4.620440444577400552e-01
5.042902701758197326e-01 -8.204328796825456627e-02 -2.127315960789346594e+00
1.342605593371153594e+00 -1.166442058005352500e+00 1.263806740574999754e+00
4.309612223519897478e-01 3.069334687184441801e+00 3.152942987740177117e-01
-1.121840194638627164e+00 -8.669185628868307791e-01 -2.336020615333426864e+00
-9.411689992296493057e-02 7.440580198429823655e-01 2.239981170016624556e+00
1.025899789260674488e+00 -1.099710702016368780e-01 -4.946166876012109137e-01
1.538980980862824532e+00 -1.629646534149902903e+00 7.547985423810528172e-01
-1.389640772872608121e+00 -1.799853932616837460e+00 -4.147348554993474101e-01
3.100653259419791752e+00 2.181471726039736492e+00 1.027511201913935635e+00
3.380310201775860168e-01 3.515184279821813029e-01 3.871024429891155028e-01
5.867000079427995285e-01 3.812478613511988829e-02 8.562698979316506476e-01
1.651375703379522442e+00 -3.143528655240062530e+00 2.469553672299991398e-01
2.958463003710945505e-01 -1.321446852412120565e+00 7.829785806284493832e-01
1.663939536747007786e+00 1.244074930558188852e-01 -1.796015545417930070e+00
-1.603278484012098659e-01 7.940778267785758571e-01 7.450189768915759479e-04
3.642620727802075575e-01 2.386820491450495629e-01 -9.702780808157873693e-02
-1.221279170014691662e+00 2.522022781052660978e+00 1.474620278462606793e+00
-1.378402704195213602e+00 1.729107106286187079e-01 -1.226327852090178805e+00
-1.301046479557548707e+00 4.449904650923484639e-01 1.450204170568365702e+00
-3.708715566198328428e-01 -4.323833806062664209e+00 -2.425482216605998609e+00
1.669304405889080245e+00 -7.908579985850555660e-01 2.363959950942728927e+00
6.006274107839323362e-01 6.383170881220988357e-02 1.309854730241411191e+00
3.192780015365500046e-01 -1.753081453402749235e+00 1.711891726657025048e+00
-1.049378188106300014e+00 2.079237570768667498e-01 -6.336335673228629117e-01
2.735472771949819595e-02 7.527913488004820408e-01 3.911180233877157963e+00
-8.392098408096260176e-01 4.959571567803594538e-01 4.239997345391525729e-01
-5.921044845634317433e+00 -5.261306286690413669e-01 -1.061685445307652520e+00
1.156245156872115265e+00 -1.122718565817773934e-01 2.093201391937907996e+00
7.163058489811308105e-01 8.203755117509176076e-01 1.002956116619960314e+00
4.195877868629971807e+00 3.613572296173368503e-01 -1.313129514461793157e+00
6.643701334551290749e-01 1.586301486095911262e-01 6.380924560992868866e-01
4.996674623995531750e-01 -3.488852938608340892e+00 -2.694391378091517186e+00
-2.876041986012670137e-01 -6.138471587455592848e-01 1.919783993189093652e-01
1.774066510273684560e+00 4.062785794851374810e+00 -1.372060578274146403e+00
1.325623264914359112e+00 -1.064790892980219672e+00 -2.387663369968390903e+00
-6.107495366597409658e-01 1.155258844593751583e-01 3.146040677387284545e-01
2.297913058679931508e-01 1.422727577854457470e+00 1.986121711171138449e+00
-6.933063007917811271e-01 -1.003315183104397823e+00 -3.128128315609242094e+00
-1.871496884509747660e-01 -1.297180305397140021e+00 -9.995035863232666351e-01
2.436434985464813519e+00 -3.598613303357809934e-01 1.434881826078322264e+00
-2.341908180501159009e+00 -5.300594318097727742e-01 1.488618092610043631e+00
-2.502081090069108171e-01 1.272703638502647339e+00 5.489744964797564908e-01
1.389746250406707739e+00 1.559431906136171109e-01 -1.526833200947455893e+00
-1.712821902791605844e+00 -1.456528606005134119e+00 -1.131261376498397642e+00
-1.011340711665331682e+00 -2.485573268233744582e+00 -8.454152465431989949e-01
-1.453582585505738489e+00 -2.235989127000028276e+00 -8.262283272750723384e-01
-1.645369274116644798e+00 -1.716472636285769626e+00 4.430805054964761514e-01
1.115010783878839229e+00 1.733395268152442936e+00 -1.056150091615339237e+00
7.325493965572364985e-01 -5.789300264070457169e-01 -2.699524239712450147e+00
2.286411216928443846e+00 1.538344053668490308e-01 5.092986163288729884e+00
-2.831947509197823454e+00 6.208998650544652609e-01 6.136844339351676947e-01
1.498130421253742739e+00 8.089160325007479502e-01 1.197288776420027734e+00
-1.701716409361778037e+00 4.194595890488198364e+00 5.455253130597337297e-01
5.027573166780276992e+00 -5.034073634359682581e-01 1.792625158426163656e+00
5.593615442461780107e-01 1.422865588872285647e+00 1.838600171510915260e+00
-9.759567840295793051e-01 -2.795227459395580372e+00 -1.657470809909399989e+00
7.513854197423723846e-01 -6.982182944297228300e-01 3.020070202672788362e+00
-4.869806354564277240e-01 2.121583792536707147e+00 -1.051238528237007586e+00
1.555516476342903687e+00 -2.525836321579812083e+00 1.004367683906875586e+00
1.328642619375474787e+00 -2.418015759571258805e+00 -2.581878000439592480e+00
-2.886881931873164220e-01 2.251259036597649921e+00 -1.733007652312081037e-02
-5.088192715090374740e+00 -2.505240256717924829e+00 -5.568766688879716042e-01
1.767463554235885859e+00 -1.341513341461334052e+00 3.931978114471534003e+00
-2.364253783671771414e-01 -2.616837229033767365e+00 -1.712353561195141927e+00
-4.433020791963814489e+00 -2.384922152354588057e-02 2.300245339304761494e+00
1.233164015823742937e-01 -1.359960502264919491e+00 -1.810689570405578652e-01
-1.017259725451761909e+00 2.481707783194275763e+00 2.599652614936374603e-02
1.578434953171206356e-01 3.668432887574596180e+00 1.460877198668663057e+00
4.390772698892968923e-02 -2.084672031228757216e+00 3.317855669734521840e+00
2.741152193758372047e+00 -1.105128847870777253e+00 -1.853523921275769482e+00
-4.752623741441249772e-01 -2.906952214967643666e+00 -1.022757836945619614e+00
5.671318533473319601e-01 1.843549708663676956e+00 2.899557592254837779e+00
3.370452873002083294e-01 -1.614920957956194503e+00 -1.609105170997405521e-01
1.137696074317027906e+00 -1.039317645239638654e+00 2.079170416245479380e+00
-3.444202459379139825e+00 -4.311900566585746136e-02 -1.342121632031532785e+00
3.262194265111848512e+00 1.318719037332451549e+00 -2.847828711401345192e+00
2.694023084417585867e+00 1.005077942395743662e+00 -1.771933364141903278e+00
1.144659225526290847e+00 6.806353931901325260e-02 -1.432081861405668288e+00
3.251230485426207295e+00 -2.636121183217241981e+00 1.401970289470293451e+00
1.372819945860416668e+00 2.035825815735752276e+00 -2.609180870232564065e+00
-2.098860050526229148e+00 -2.612045167321417338e+00 1.381045564971220108e+00
-1.057999018461108109e+00 -3.863133994429174045e+00 3.028152802575968305e+00
2.327080013946128734e+00 1.725134546223072718e+00 -1.352501938489532041e+00
-1.958614055473021365e+00 5.249090707005996670e-01 -1.164614279571495992e+00
-1.463028627388836655e+00 -2.612367633499708575e+00 -2.140959182970098240e+00
2.892267177270845327e-02 1.319210201614769540e+00 -2.204633956428983854e+00
-6.300436222991439017e-01 2.624474219427089583e+00 3.038241974212600560e+00
6.853054834212182200e-01 9.336252399697920756e-01 1.068918809102304079e+00
-8.611297170411937041e-02 1.018927262436147174e+00 2.705909957575000302e+00
-4.115119381864642989e+00 -5.876122520556722462e-01 -3.042302253965292747e-01
-1.724476460967589109e+00 -3.908042846537125303e-01 -1.186716487918896279e+00
8.973626252472621800e-01 -1.978627951412220420e-01 6.306169135248429480e-01
2.583131533635319443e-01 4.361760095970120155e+00 -3.079605518456851598e+00
-3.565233916505971656e+00 2.417150341753337095e+00 -2.879819979219187864e+00
4.237886823651974000e-01 4.300110448647425088e-01 2.672128894048905856e+00
3.708850287854804084e-01 9.711130824329713418e-01 -1.061532906730710879e+00
-2.302595595128186012e+00 4.460317457600862845e+00 8.702480001417564059e-01
2.474348291082393014e-01 4.616144529128878737e+00 -1.772155391411891268e+00
7.868687040641790809e-01 -2.476644859282840727e+00 3.829884566114483135e+00
1.072004941049612858e+00 -2.667346096900607977e-01 9.686519050355448801e-01
2.590920258559163525e+00 -8.913846195740263711e-01 -4.877354860002901527e-01
-1.573890161138014276e+00 -9.510092579705489158e-01 -2.843385279226027240e+00
1.227384050050901731e-01 1.243671742486118115e+00 -8.310679440968457010e-01
-2.967818224604435340e+00 2.622086703721237200e+00 1.571661304584008878e+00
6.667493975244486171e-01 2.409681228267829489e+00 -2.142660070501530012e-01
1.986652796719078795e+00 -1.584353023790740833e+00 -2.254305863927937637e+00
-9.315830115505998599e-01 -9.522145596934271650e-01 -2.330381512724311044e+00
-5.910968279875875031e-02 -7.364386809075550155e-02 -4.147004889444203674e-02
-1.532166330829829670e+00 -3.978202770226315632e-01 -2.631646549887634023e+00
-1.779482324527923431e-01 -4.455814973833262527e-01 -2.677464141479198201e+00
-6.098850918896970841e-01 -6.728470118860085947e-01 -6.408874609171826275e-01
-8.956012230025286458e-01 -2.256790295265787005e+00 -3.115146517189331554e+00
-5.248142834970297432e-01 4.496654970833475345e-02 9.289649051507501420e-01
7.175312667544395673e-01 3.352609619185660694e+00 -2.456661612306975329e+00
2.994880358433036793e+00 -6.744626621933400568e-01 8.500548763548890774e-01
1.995903753231401123e-01 1.155569902362938883e+00 3.190414435214768751e+00
-6.580536847986643290e-01 -4.975850464154661368e-01 3.235021126880271436e-01
-4.216057417096001458e+00 2.136604976488799323e+00 7.137692881452605276e-01
1.111009274612309028e+00 -1.630715190439916640e+00 9.044456193304138969e-01
6.057015449747809033e-01 -2.154667777164044118e+00 2.109072637892059454e+00
-3.223502669681882260e+00 -6.170885678317649115e-01 2.890169125571904196e-01
-1.217482439440923159e+00 -1.132583650977075473e+00 9.785685972621294137e-01
-2.122458357451575406e+00 1.051307992799694224e+00 5.084452451396863637e+00
1.393087392602929464e+00 1.557155085653405102e+00 -7.201155950024223928e-01
-1.958927446599145750e+00 -1.162426115106246050e+00 4.901575067874001657e-01
-1.398918473467048340e+00 1.933491371431465877e+00 -4.519918892294356727e-01
-2.450901532698332996e+00 1.681306145157519805e-01 -5.372761188331815624e-02
7.571662731885042685e-01 -1.242061807025004877e-01 -3.974776572532218832e+00
-1.196727588577918278e+00 -1.172018107087232919e-01 -1.783035699912685068e+00
2.964240559497022698e+00 -2.425587813618697297e-01 -4.316975938924192846e+00
2.087273895389123890e+00 -1.851952586865902139e+00 2.510345717088228734e-01
-1.572895114517965931e+00 -1.363721315468942263e+00 -2.924455241068256162e-01
1.400301750370047671e+00 -6.488918682319648745e-01 9.874992088531481249e-02
2.317639104456250099e+00 4.928977621549768817e-01 8.211486108894748837e-01
-3.646187964871659304e+00 1.765913818511203048e-01 7.127685515986788012e-01
-1.365108622041515618e+00 4.145700142130412935e+00 1.764198720807412579e+00
1.382305325211520053e+00 -6.451484789654465812e-01 3.176911517343217639e+00
1.189225289768595983e+00 1.660158914433798039e+00 -5.076593225729846282e-01
-1.555003323792571113e+00 1.271322557570193856e+00 2.095984287202925067e+00
-2.448524230523525524e+00 2.846161359602487284e+00 -2.484157740795688518e+00
-3.251089483076487485e-01 5.204036189234502174e-01 -3.861023064102589331e+00
-3.949474188774463324e-01 1.172957983754777445e+00 -3.490063369936505566e+00
1.325907374132427430e+00 4.562793785168896971e-02 2.701775323430397613e+00
-4.183421360064532024e-01 2.222842077459247889e+00 2.121795122509489762e+00
1.003017998998151222e-01 -1.660654369214466408e+00 5.689173385446604225e-01
2.086381111929446863e+00 -2.100906470582556640e+00 -8.717880424898822866e-01
6.193463603630373626e-01 -3.787532623655452291e+00 -7.278146151696502919e-01
-7.782543585121409757e-01 -3.859398168977605348e+00 1.023432744313311327e+00
-1.401698980105702486e+00 1.183762551454096812e+00 1.313475043547529877e-03
-3.259187614863731319e+00 -1.078224525904943221e+00 -9.608442998364455923e-01
-9.366836511978319235e-01 -4.220869992186949970e-02 -1.597246045995759145e+00
-1.941649241962795647e-01 1.819551598453149399e+00 7.345710237930322961e-01
1.321842296881673207e+00 8.361667299766847306e-01 -2.076593548428525171e+00
-4.411789886428806540e+00 -1.697611532861137196e+00 4.475863979299537498e-01
1.284166992955051878e+00 -1.472093737322229368e+00 -1.338602073041499585e+00
-4.387514441435278911e+00 -6.612798834803108594e-01 -7.981525323263877203e-02
-4.064698235808384297e+00 2.353716203908271520e+00 -4.306723895839830174e-01
-2.800697815045448014e+00 2.878082097687222785e+00 -1.604938713275843698e+00
1.771695594679923769e+00 -2.530192761453299521e+00 -2.135464558331872098e+00
4.536990906484346109e-01 -2.010085206368205757e+00 4.049776674990736985e-02
-9.694988354429393551e-01 5.737463159467390827e-01 4.254642756123170777e+00
-2.241995368206142203e+00 7.123479705089372782e-01 2.850431374964252917e-01
4.822732290675355138e+00 -1.243279971712325377e-01 6.384314608458734330e-01
-1.311767508036012497e+00 -1.341501359785912229e+00 -2.669560616621014848e+00
8.076495509733336853e-01 -1.682042463543967470e+00 -7.718264150478653107e-01
4.458136129614160281e-01 -5.724314097302053428e-01 2.391447812316972177e-01
4.019098399838259006e+00 3.165972591308047202e-01 1.432048917005420696e+00
-4.526899236665731657e-02 3.420042673335107253e+00 -2.005858452836264849e+00
6.114366697812746720e-02 -2.752403115057422411e+00 -2.256611245548514777e+00
1.667833177621870444e+00 3.020069465670434550e+00 2.270162850594623194e+00
7.882381179901599699e-01 2.212574059197334186e+00 -4.635302087707096064e-01
1.206482308585622443e+00 1.198945797706096217e+00 1.096224486332347148e+00
1.172886099068729981e+00 -8.016746096680218425e-01 4.510333983138042346e-01
-4.545913716601930610e-02 6.506386924039829767e-01 -1.330744994520262958e+00
-3.474390454342021206e-01 -3.182996870671040313e+00 1.807751627514841530e+00
-7.599016665301835394e-01 1.015441333623227527e+00 1.342855999818693080e+00
9.433533549358236181e-01 -1.581081948275136817e+00 -1.935605890731075585e+00
-1.268929500161005697e+00 -2.048767881547065350e+00 -1.119026051331766247e+00
3.671921660910929752e+00 2.438394641329546086e+00 1.101499446462231191e+00
3.778989247997545320e+00 4.127114302784810618e-01 6.111449739658948443e-01
2.919301082747845832e+00 -5.547249166250851626e-01 2.646639012514442335e+00
-3.124550993855829795e+00 -4.026714747711808151e+00 1.668082498830338434e+00
-2.104258136095312093e+00 5.585813524694732912e+00 -1.284453861453284551e+00
4.583421148048155702e-01 3.030345000555351831e+00 -2.306463907010818826e+00
2.869654096175520697e-01 -4.260975990951667569e-01 -1.448396712037264056e+00
9.937809685408185434e-01 -2.725377771510150704e-01 2.592355213773911427e+00
-1.187926925951049428e+00 -1.616248729943122520e+00 2.202784983155775755e+00
-2.732938211158775221e+00 -8.443679814878630729e-01 1.992530821725778445e+00
1.556878038461189551e+00 1.499158469495536661e+00 -2.607183446588943188e-01
1.225478881935639253e+00 -6.521673699746782793e-02 -1.824186641780035201e+00
1.325459640576769127e+00 5.879333307196659142e-01 -1.356373669607842114e-01
4.475528079046017460e+00 -5.201155533147427956e-01 2.112326771049703567e+00
1.035013121706174433e+00 9.391326362801278860e-01 -2.739819890254071133e+00
-1.318016769898165741e+00 -3.900432678706620693e-01 1.350778350763655600e-01
5.494221343821409365e-01 1.396601341074001246e+00 -1.057604010394031846e+00
-1.733379506563852201e+00 4.002353312402139984e+00 4.393619062948905252e-01
-2.307622356131694197e+00 -1.640235210662579712e+00 -1.042657395675233190e+00
1.720205863739220770e-02 3.528288453254893042e+00 -7.394227698630190249e-01
-7.491054501495861828e-01 4.108277244888427493e-01 4.534694737552261157e-02
3.309780531826623795e-01 2.968113540256851479e-01 -1.862231381287544063e-01
1.689611281673391251e-04 -2.138657363447940440e+00 1.296734880600551587e-01
1.731876488208801135e-01 1.700280655386104289e+00 -1.187266809234087672e+00
-1.573417094102041558e+00 5.832452478772603977e-01 1.047191783719108704e+00
-2.288038484925594584e+00 -7.542554732234246773e-01 1.896142069001298225e+00
-2.309087853495220832e-01 4.099659635336467822e-01 6.583353566804923673e-01
-3.075631932576363137e-01 1.177341625782966306e+00 1.458803193654426344e+00
6.553312948679205219e-01 1.158220727001844530e+00 5.417288553542585205e-01
-1.017962788565950072e-01 -2.492426692324242049e-02 2.125885040206910437e-01
3.565722876267916508e+00 -1.603897628258230013e+00 6.169180759887347154e-01
-1.506327962653768004e+00 1.357501465875568802e-01 1.894750132656334518e+00
-8.200087437623293507e-01 1.052941617991083101e+00 1.095450417817707356e+00
-1.034214020267857803e+00 -2.127062262953816507e+00 1.015966425138518925e-01
1.618248707478589399e+00 3.903145138720263696e-01 -2.857761451587414570e+00
-7.155487245966926091e-01 1.997023319836688904e+00 -1.341658346558165738e+00
6.749980799629549111e-01 -2.033846556803010408e+00 2.532958807664763334e+00
-1.964953082953621477e+00 -9.192994384869192237e-02 1.501970346387798250e+00
2.391350364983384935e+00 1.006763467399949485e+00 -2.276688178384510763e+00
5.626632288869758414e-01 1.945875017826417253e-01 1.060965433950135539e+00
-4.078457377327713296e+00 1.466747147962576214e+00 -4.610778014664300706e-01
1.180379047038265128e+00 -1.824416403887756166e+00 -3.511003975087958473e-01
-9.686047903886830790e-01 -5.575625448788096294e-01 -7.751296802309441958e-01
-1.273372635042280043e+00 -6.783994614761798547e-02 2.793785918183205652e+00
-3.178637074335444179e+00 4.487797547981767776e-01 -1.271788840521846708e+00
5.397409264714719157e+00 3.100179162435488855e+00 -1.129637600479923565e+00
-2.480917429475327562e+00 1.308175476013464955e+00 -1.124759957228017360e+00
-2.647721538588998946e+00 9.093769200424971499e-01 -1.206433094796482974e+00
2.842334518370893015e+00 8.866235169656145887e-01 -7.008203385875848568e-01
-1.156175320376646720e+00 1.144052765978096770e-01 -2.101652064153061439e-01
-1.386529782212074791e+00 1.128965628232777352e+00 -2.036775709054080341e+00
9.463600651691292942e-01 -1.020833135255037050e+00 -1.319586340311499795e+00
1.229094949482423482e+00 -2.320846696104828411e+00 -1.972823965426140802e+00
1.784282741616150414e+00 -4.112317388552306774e+00 4.078791483599916168e-01
-9.668740458556464301e-02 -1.383875543732515201e+00 -1.517003768654040963e+00
4.553737381630197922e-01 1.069972180348981006e+00 7.461758631162117295e-02
1.984610491303787860e+00 -6.951451350246347083e-01 -2.596395010597121633e+00
2.619457965257687149e-01 -2.306134115274900698e-01 3.782690239921644437e+00
1.782107121988629195e-01 -8.647252961050663211e-01 -7.621872955413265538e-02
-1.566462186923319289e+00 -3.907494871684191184e-01 1.662473772376330539e+00
-6.567303834267457230e-01 7.480021563559173803e-01 4.153024536915470577e-01
-7.373946505517448013e-01 -6.123958426961785273e-01 3.274269893862154834e+00
-2.628853744368832679e+00 -9.883315319261268828e-01 -2.589840514671836846e+00
-4.066935620307934762e+00 1.659876441627509136e+00 -1.247149638382054511e-02
1.033857657998507928e+00 -2.339725706570921382e+00 -5.935716107192768876e-01
2.677987300808501114e+00 3.173356343408192171e+00 -3.875171902179990191e-01
-2.517577560020203720e+00 6.038860458959565136e-01 9.893948159276434451e-01
-2.199003694640786044e+00 1.025427534235347160e+00 7.323426152394975075e-01
-4.310396968072523372e+00 -8.427704186235636108e-01 -1.784822040088641426e+00
-8.360122995988900074e-01 3.252219448054999074e+00 -3.495593662938570323e-01
-3.442606726784580573e+00 1.637388532112818540e+00 -1.472315482229472394e+00
-3.699486230660898212e+00 -2.173077534908692154e+00 -1.565311964538263823e+00
1.113775614733750974e+00 -5.088844775852042757e-01 1.465946178372941944e+00
-4.065834868033408878e-01 -8.549975198842026947e-01 5.611846977764860078e+00
1.217007035455893948e+00 3.702885157103108948e+00 5.272753894772553851e-01
-1.528504471616782157e+00 1.500125126107324292e+00 -2.448067993642511819e+00
1.569487594250358997e+00 2.282386388248807574e+00 -2.464827289326223969e+00
-1.912159642371203283e+00 8.228070692908244499e-02 -2.589764579852989801e+00
-7.335274680171698092e-02 2.340436885470216222e+00 2.127324844953128125e+00
2.793993586896582837e+00 -4.370615411088815683e-01 -6.807108517428995809e-01
-4.140076083485458303e-01 -8.091076395450677028e-01 -3.876914464999025034e-01
1.267953264622941223e+00 2.835097009595294537e+00 2.503799299449914528e+00
-1.481803313720684079e+00 2.879988405930466455e-01 1.010502900492197931e+00
-2.346811082107619129e+00 2.518624719178756965e+00 2.922607393039541535e+00
-1.610947721659087284e-01 -1.026224604299325049e+00 3.229018322175613021e-01
1.215848607795690040e+00 8.427569241052838001e-01 1.355870970947908316e-01
2.080891447224497703e+00 -1.739286921814415354e+00 1.107769218096054553e+00
-1.295632646343732430e+00 -6.672999650473941946e-01 7.820064355840037340e-01
-9.272655812261376695e-01 2.146117410516681367e+00 1.041259325547113201e+00
3.677337964319481234e+00 3.238849082642624833e+00 5.887381880212680940e-01
2.610621756340630317e-01 -2.244784009888064702e+00 -3.147451698020003352e+00
1.135161891617977092e+00 3.159258098278324489e+00 -2.301763534111286869e-01
2.263310824696691093e+00 2.309348741135242467e+00 2.334980459170083567e+00
-1.234958966624624566e+00 2.307526166115169364e+00 6.980017031046131804e-01
-2.867140943562371258e-01 1.538600911690850781e+00 -2.524055338065157583e-01
1.028040292982807191e+00 6.233813573469417779e-01 8.508587558438985843e-01
-8.392552210679616875e-01 3.409077305265840185e-01 4.433541129467234221e+00
1.382197523924483473e+00 -2.814234230488865229e+00 -1.589302572721978057e+00
-3.949721547151844314e-01 -1.399423617134160747e+00 1.526317122835693540e+00
-2.919688914438680616e+00 2.711185935608803055e-01 -3.017167026265612506e+00
2.529721600675816973e+00 -3.334699591537694019e+00 1.192449322618743368e+00
-7.832505091241560580e-01 1.302138833057689737e+00 6.782824896947363680e-01
8.035666969287669215e-01 1.666712373688513438e+00 -1.717390991775391784e+00
7.484836340540169664e-01 -7.578889898881714382e-01 -5.185139910930876006e-01
4.692387548333545877e-01 -4.608691967570793802e-01 -3.013296791101861549e-01
-6.483174829374716008e-01 5.650591718192078394e-01 -1.479944737797053600e+00
2.260915538844083361e+00 -2.398870491964101959e+00 -4.826394934401013193e-01
1.973988696238479168e+00 -2.882140125303502831e-01 -3.226837851021762571e+00
2.652392711707364903e+00 5.314248660071819730e-01 -3.587455949710026015e+00
1.458374843282941979e+00 -3.393261928106853897e+00 -8.527751724894219176e-01
-9.081110968263708116e-01 5.983225959458313842e-02 -7.809635495729988497e-01
8.020133353921733432e-01 1.487352584858485371e-01 3.310151883911943038e+00
1.164703631601804457e+00 3.447765644252907880e+00 -1.307624760411781439e+00
1.918129946878581737e-01 -2.461233075605679943e-01 4.811597247371753205e+00
1.306673810737331021e+00 1.234807609430973896e+00 7.147961429641522813e-01
1.318092120198383510e+00 -3.867220167891783689e+00 -3.069251368692021753e+00
2.971043175289306948e+00 1.179106195843674598e+00 7.001797194986512096e-01
5.862835214650655713e-01 -2.226310578011675645e+00 1.051581346829537217e-01
1.762508405993770566e+00 1.077200631952618615e+00 2.594631098392635171e-01
-7.263671140757258504e-01 -2.150092788688920731e+00 3.270969139656319802e-02
4.432544721557041267e-01 -2.856293842215702483e-01 -4.496850917706096684e-01
1.769527697142130984e+00 1.253002774370478578e+00 -1.997373684979206976e+00
2.100836644810390563e+00 3.655783564816574849e+00 8.165153517837135944e-01
8.874925660385651893e-01 5.734751042100842966e-01 7.429950093686612522e-01
-1.039939654440745764e+00 1.495055413737911731e+00 -2.819425353160582404e+00
8.499056024157769507e-02 1.747307946340187268e+00 -2.933563193568108352e-01
2.529432324911017882e-01 -2.416141506334030797e+00 -4.379342429971501693e-01
-2.577217993345218172e+00 1.823515244050467832e+00 -6.256564573558707210e-01
-8.308314606260147617e-01 2.692287368732548369e+00 2.942430455094551256e+00
-8.809872785803882222e-02 -4.539486154452549549e+00 -6.656579743355203194e-01
-3.493635157315901463e+00 -1.033766793719895105e+00 -4.537556586476621523e-01
-1.435658924680215665e-01 1.358686469710160605e+00 -4.344839333002196824e+00
-3.776244395798737941e-01 -1.102613657777039569e+00 4.154994409299778146e-01
1.974088781858212779e-02 2.770294279330358655e+00 -2.370343888571481372e+00
9.336991334939179765e-01 2.485592417459848491e+00 1.935495470433302501e+00
7.459789628540647310e-02 -1.471847484274950046e+00 7.792890805664688392e-01
-1.247155174476776374e+00 1.517154555198760635e+00 9.693899315297188624e-02
-1.298155769668066561e+00 1.412838634677603844e+00 8.644079945790710262e-01
1.776997812693595913e+00 2.389317489633903335e+00 -5.382577089197432052e+00
1.622112533804142220e+00 2.026525521882847958e+00 2.414813588484649554e+00
-4.053416530250202043e-02 2.308414547324099786e+00 6.898957314532905283e-01
2.721097736562603370e-02 5.961363661329343033e-01 2.712373916656094508e-01
-8.839423946838422808e-01 -3.915037390008983653e+00 -8.664011638789416159e-01
4.706578028674959668e+00 3.100323309230925695e+00 -2.380242979081724997e+00
-1.314652593389837865e-01 3.798642595490357987e-01 -1.616681445046459720e+00
2.389334115003977743e+00 1.370561109530797239e+00 -2.427195350125280093e+00
-2.397580785093848643e+00 -3.353617073574192808e+00 -2.240974373734081482e+00
1.660866176997380039e+00 5.967089068045219324e-01 -3.216720782561058312e-01
-1.625412510803049548e-01 -8.324588710656810608e-01 2.525955582687862577e+00
-1.227175466249631919e+00 2.012773403759281710e+00 -1.010156028204526546e+00
-1.623177775370145293e+00 -4.208371580767563458e+00 5.596297984302035511e-01
-1.794710572939098414e+00 2.231728635268116712e+00 9.196022306011392144e-01
-7.548565390784847118e-01 -2.449475806540888367e+00 2.876960469518183294e-01
-8.119812283679567200e-01 4.656756599235727379e-01 2.044929026586967513e+00
-6.853856254740825493e-01 1.104132805111764037e+00 -4.366220475404275270e+00
1.047674494332526685e+00 4.692517692188683531e-01 -3.059466317800787483e+00
-1.889484632930965136e+00 -7.447765597485104250e-01 2.008550554538540922e+00
-6.597056242866444764e-01 -1.437974548706902667e+00 7.218824417104490188e-01
-1.971317999532659959e+00 1.526795778205508380e+00 7.127924770166046420e-01
-3.162131583221511888e-01 3.528252275104994062e+00 1.134668147164080154e-01
-7.715988218030150891e-01 -9.971497808419047537e-01 8.905877951319293162e-01
-4.228034418404965855e+00 1.523348004499284425e+00 1.770936902779564948e+00
-6.870858328902853529e-01 2.834583146833842826e-01 2.915238854178072714e-01
1.368628585606130654e+00 -1.034351272456383919e+00 7.648709551198038525e-01
-3.652356443400306851e+00 6.998456166476199058e-01 4.009133734329431986e-01
-2.913990953315446220e+00 -2.115766050472747573e+00 8.819555139216765927e-01
-4.028825920867771387e-02 3.621688408191520825e+00 -4.025288149575025898e+00
2.519985836743756202e+00 2.586331822440557371e-01 -2.976352935293028690e+00
3.066340385319346051e-01 6.803629887914580676e-01 6.675030526519079022e-01
1.141642572353524621e+00 -3.240769994134003351e+00 3.728174588225345865e-01
-6.273408084110823069e-01 -1.472799970210920462e+00 2.060726090333247829e+00
7.754747688416639695e-02 2.775301577547452325e+00 7.489773208057841636e-01
-2.864133865198086881e-01 -8.616421714889993533e-02 -1.507164625289987958e+00
-3.024130331434320973e-01 -1.040608878210477872e+00 -2.593279897256759448e-01
2.562579553008559330e+00 2.155541621986760692e+00 -4.571317725873571547e+00
-1.062907704727569902e+00 -6.048851905338845647e-01 -1.227630904262490885e+00
6.954818463105497672e-01 9.380413855291834802e-01 -6.854390176303730708e-01
-1.142339260877805573e+00 7.975811019821861247e-01 6.003520296037877513e-01
1.680091636378189701e+00 4.197226006921887631e+00 1.770977569677613994e+00
-1.503172036734684358e+00 -1.023615287133715857e+00 1.897364271927508783e+00
2.219870742050252144e+00 -5.921855383705750819e-01 2.201029332479071510e+00
-8.409422825509669241e-01 8.348421036296335696e-03 2.284478107954515114e+00
5.782877872146707787e-01 -2.402866300643621833e-02 2.488728818104023688e+00
3.388666439915701822e+00 1.979579937978152016e+00 -3.391803122919281765e+00
2.478858415669875193e+00 2.977640791554921673e+00 5.015883222173225242e-01
4.040075459043468431e-01 -2.621742998454232421e+00 1.453789532401091877e+00
1.796375889626758093e+00 -1.493394843286299123e+00 -2.957985719068696451e+00
-1.099855976640111255e+00 9.096581077753471689e-01 -3.120668226571061243e+00
-2.600117409857274797e+00 -2.265047328455696896e+00 -1.059563922109412859e+00
1.051154129371524582e-02 1.300907629692713341e+00 4.268677011483245742e+00
2.069630051595924947e+00 -3.202051177080710076e+00 2.339701289108063964e+00
5.487985490421484203e-01 -1.932241569853195617e+00 1.840474579664783672e+00
2.718437414963292387e+00 -9.926461497207885731e-01 1.349048668568510134e+00
1.546494366272719523e+00 2.473352864835997256e+00 3.323027912753638846e-01
-5.868083403634547501e-01 1.414456185984157122e+00 -2.132016563181728053e+00
-2.464587353614898779e-01 -1.684169097432442808e+00 -1.764579373548154084e+00
-1.830152070617428392e-03 1.919310267991760854e+00 3.364319293437841640e+00
1.749396562109780895e+00 -2.108467537869699537e+00 1.810292574696138246e+00
1.000450787927199825e-01 7.679425389026669491e-01 -9.479647951594405431e-01
-5.562271079136935081e-02 1.289305300428387646e+00 -2.815829887529509856e-02
-9.407743996990938773e-02 3.610942651962041894e-01 4.394626893693498459e-01
1.302691816587367990e+00 3.626695088084431973e+00 -2.762032035300822086e-01
3.255149371217499699e+00 -2.095093763586337032e-01 -2.168470423171947381e+00
-1.941783079883818486e+00 7.491484411476592165e-01 -1.398851843087832725e+00
-3.845178538050105788e-01 3.842045521178557022e-01 2.371766903156958595e+00
-3.433922964018669699e-01 -4.010274571370258112e-01 1.698103917829996146e+00
6.896300627152271989e-01 5.433126734403712077e-02 1.063054346379206594e+00
9.045336269979976640e-01 -4.492500092400006362e-01 -1.577712911346840885e+00
-1.649531705667731885e+00 -1.862318889274080957e+00 -3.218989457608315785e+00
3.221616079255360088e+00 -1.805065564696632485e+00 -1.156648685879567845e-01
1.369758179030178269e+00 2.094101154277482113e+00 -3.528557055992994851e+00
1.151179462185022873e+00 1.204324973404967247e+00 -3.555422199529926441e+00
9.843736673329331888e-01 8.659644062743365733e-01 3.713003169416459581e+00
-7.858127023972925063e-01 3.534447461783011502e+00 -9.425723888245727267e-01
3.024679334027917221e+00 1.076344522310001661e+00 -3.249042717329569951e-01
7.613300060441839934e-01 -1.949190759201843814e+00 1.156638904042528004e+00
-2.210308325383714134e+00 -1.824871159205534166e-01 6.002392806795261437e-01
1.841161648161330877e+00 -2.357197427135925505e+00 -1.742254167825959765e+00
9.933296299846184896e-01 -1.858090518974305994e+00 1.235671776821750667e+00
-2.052329926558848161e+00 4.184608738648035065e+00 -1.358096292778712355e+00
-1.917500630157151775e+00 -2.280382350117630352e+00 -7.263536670508715654e-01
-2.456379786821110134e+00 -7.245603709468928511e-01 6.931164376470211330e-02
-2.767168002916755090e-02 3.236541206567394191e+00 1.109298436097340135e+00
-1.533840709050430906e+00 3.684270800778302934e+00 1.017471138991285384e+00
9.301529577449729747e-01 8.596671799413586612e-01 -9.169223913184760821e-01
-1.747596528139603311e+00 -2.176746341795010142e+00 -1.514290368067608084e+00
1.111809461088633516e-01 3.635146940519054848e+00 -3.421535728706343732e-02
1.672544790308871931e+00 -1.770149532067469167e+00 -2.090459475234241804e+00
-1.170170547661336213e+00 -1.769286163403451351e+00 -6.376433519770634550e-01
-8.039384360764739723e-01 -3.775584491310634006e-01 2.625694480772169243e-02
3.948739297953836935e+00 1.738505242620107749e+00 -1.153140449429859826e+00
-2.598168896080197854e+00 3.949045874243686249e-01 -1.228615045131444122e-01
-6.454614631539524749e-01 -6.135406048479616903e-01 1.114598442533015543e+00
9.530509676364355975e-01 4.161611971947291044e-01 -2.170937295630881891e+00
3.776999502027058031e-01 3.536399476465315939e+00 -4.032580842968404689e+00
1.368895383223790452e+00 2.056154586317532118e+00 -1.369038351767400963e+00
-3.561621609432121360e+00 -2.255623346528600415e+00 -1.308518064113661339e+00
1.287143335003524180e+00 -3.529439970232063351e-01 -5.350642907387164193e-01
7.665085536166712510e-01 2.302220241161844427e+00 4.268793651597577288e+00
-2.053948206852954428e+00 2.046714228644197942e+00 -2.220442368161826163e+00
2.752739920507470739e+00 2.518943756979306059e+00 2.956833484136290213e+00
3.415896568218134366e+00 -3.139756970611042419e+00 1.016971188774269674e-01
-4.379276079582754555e-01 1.916119693258420686e-01 -2.114652958043276243e+00
1.454981583889455032e-01 2.835420556099014000e+00 -4.626412890344900330e-01
7.688323996543754424e-01 2.376502084046177909e+00 -1.766647698434947067e+00
-1.208187167067922729e+00 -1.550296057188052412e+00 1.854609026995643672e+00
7.470960474236012505e-01 2.287556248773863210e+00 -1.114418713035333575e+00
-1.709582667341372764e+00 1.984155226927510007e+00 8.671126235365941293e-01
-2.688177351196614939e+00 1.800569020531057607e+00 1.665150441160770933e+00
2.831071322748414332e+00 -8.805645875047281995e-03 -4.123697312640973500e+00
2.146497358729662963e+00 4.036716502793412431e+00 2.015313165217791802e+00
1.388851472110217422e+00 9.418601234538759304e-01 2.504392484625102888e+00
1.326372095548450813e+00 -2.811135662750204656e+00 -9.088045502192942937e-01
3.906520746816801171e-01 -2.552367451716182067e-01 -6.190723222844835005e-01
-5.199083413372757034e-01 -4.834892875113098398e+00 4.644181033356782895e-01
-8.796047074383331887e-01 5.252297143497504095e-01 -7.103517389262442583e-01
4.526852881501968739e-01 1.805188782472429754e+00 2.304711200177779418e+00
2.717229708216289286e+00 -8.194152209678156051e-01 -2.606740896901610594e+00
3.865185130742589958e-01 -1.498400114997892274e+00 -2.146705095361064242e+00
-1.368805733420313642e+00 -4.805454596781755239e-01 -1.997344755644019809e+00
-8.719399690065829933e-01 -6.343832140173254475e-01 -3.429982678812958791e-02
-7.633138165129814690e-01 9.886277566383450122e-02 2.979506977023485548e-01
-3.310453338270014978e+00 -3.440902372980608970e+00 -2.942026834353906814e-02
2.105294788270410944e+00 1.202633189767744248e+00 2.542655948835921720e+00
6.465537995802304039e-01 2.656664698958186577e+00 1.222384290051278466e+00
-6.236285271715298340e-01 -1.068567030915580467e-02 -1.480466743636042137e+00
1.374616418446190425e+00 -1.810990086079171890e+00 1.606619015778023296e-01
3.072996422649325154e+00 -1.755695139260216919e+00 2.930729716035057955e-02
5.993858463866443831e-01 4.625960411239945502e-01 2.474627928045111336e+00
5.272664718362010117e-01 -1.101559287215201799e+00 1.200594385303342060e+00
-1.846944623032982902e+00 1.137889820370256988e+00 -1.542067578868263400e+00
-7.373421713501729924e-01 4.664614633822498080e-01 1.638965041062974137e+00
-1.664906979897869954e+00 1.991474705793012223e+00 6.328288988005109639e-01
-1.382821010694450958e+00 6.113120446886045889e-02 -7.323765211936111852e-01
-1.419591282683602795e+00 3.528539246058258083e+00 -2.582631761826108541e+00
1.777300596715701397e+00 -2.130713154246799856e+00 2.715166893677716242e+00
1.869429643433083488e+00 -9.846569957406092755e-01 3.540408253650020876e-02
1.582072115982165128e+00 -3.139668217183253507e-01 -5.484463765618834419e-01
-1.103622628420314888e-01 2.403698026036221069e+00 2.496948609844171774e+00
-1.231100313295351967e+00 -3.002336185198356322e+00 1.459262284874388804e+00
5.579042730174969655e+00 6.371967997722824961e-01 -2.026785286076395298e+00
-1.667549116414198673e+00 2.856140255638590225e-03 -8.997670532500737783e-01
1.094225694740442067e+00 9.365093908160118108e-01 1.275331143370958820e-01
-9.187658323866738641e-01 2.653526200969925863e+00 -2.048052769440265930e+00
3.976934792873831004e+00 1.953002136883090212e-01 -1.569995870633735802e+00
-2.453147174514315465e-01 -2.316396261141597357e+00 -2.812671695708187425e+00
-1.266307444635997870e+00 3.825182197988469923e+00 -6.867003076735810341e-01
8.397162783320964996e-01 -3.551080212496214639e+00 1.583528844037015215e+00
1.016974188494777609e+00 -9.125493836965353767e-01 -4.353549066944425450e-01
-2.566688810912899577e+00 1.367133785840014326e+00 1.164608804766601668e+00
-2.028367370525502977e+00 -3.897575740138383149e-01 7.389910766738536640e-01
1.107183672345255721e+00 1.269217948252036321e-01 -2.498998168393332664e-01
-2.872879927391060573e+00 -2.022730919665230775e+00 4.906082592649480545e-01
-1.158845435448585759e+00 -8.531041347050029033e-01 1.634280180554281481e+00
-1.273883459245645611e+00 8.621021686241130411e-01 5.755508815358777452e-01
2.215837607225801253e+00 1.401244964164793272e+00 -1.682159972834076367e+00
-3.908985415103453653e-01 1.838876855907673580e+00 1.998396195963769717e+00
1.147942453579964495e+00 1.928876113951049076e+00 -2.958519509769991784e-01
2.961204171047827405e+00 -6.105324701920495922e-01 -2.311387556257495479e+00
8.425590588700679895e-01 -6.735040076343800086e-01 1.941575837808672544e-01
2.967880274546281227e-01 1.606651758992328149e+00 -4.263793521840264500e-01
1.033413549745828552e+00 1.262770659076135615e+00 -2.373370132676929867e+00
9.795576565013968118e-01 3.205443985988883776e-02 2.758785389805316512e+00
7.598743518564237132e-01 2.494925479925061307e+00 1.263074823494077181e+00
1.870023482896820521e+00 -3.733461145023501127e-01 -8.544783048679437387e-01
2.935134072519117954e+00 5.338185306711995537e-01 -2.786614724550265709e+00
2.108718739575800249e+00 2.069786755509205989e+00 2.337187721060710821e+00
5.657565510909233764e-01 -2.407613316697897687e+00 6.313859137615982497e-01
-2.614704979638623250e+00 3.097102681679214875e+00 1.859944449462104021e+00
2.236167979700098396e+00 1.671126653308648180e+00 -8.295944757153661531e-01
1.698516611529469755e-01 -1.406156167858797490e+00 7.323787740649349842e-02
-1.877348736568965171e+00 3.198172513760907609e+00 -2.033152634726808738e+00
1.487569352908940212e+00 -4.687413845451192662e-01 1.507792627020986487e+00
1.880045592569179247e+00 -1.381174965882185690e+00 -1.683055524724831775e+00
4.055555436230671718e-01 -1.355040496665037120e+00 1.307352516382000340e+00
3.240881903972538947e+00 -1.337075438211067502e-01 6.913809872274536694e-01
-7.452338104076551284e-01 -4.188665509356347960e-01 -1.891520338744594243e+00
5.461865040755903289e-01 1.020678091140293064e+00 6.979690581536538430e-01
1.377954290676402849e+00 2.817615517500855926e+00 -1.950856139463322148e+00
-3.920201016811312722e-01 -3.585759848684471951e+00 -3.280343641777747621e+00
1.631752839326817472e+00 4.033778254355278037e+00 1.163341702158184665e+00
3.598315459076910638e-01 -6.868532175834263231e-01 -5.569872797780174301e-01
-1.511201017144990111e+00 -1.553772680524377447e+00 2.440644135446417562e-01
1.064787348005675760e+00 7.580456768459067352e-01 -1.082025412972479117e+00
-7.649624182431238317e-01 1.057682996988426716e+00 -3.676303260289086605e+00
9.738541732021512021e-02 -1.372119932734848557e+00 2.411739367047631699e+00
-1.091177492824091377e+00 -7.866823200853493292e-01 -7.907766083536155177e-01
-7.526996195367737785e-01 6.638167673832023885e-01 1.746788984227385155e+00
-1.184478452090641509e-01 2.373188817174682608e-01 5.249412679416228800e-01
2.084520529857223359e+00 -2.659159225001537230e-01 -2.855230166835756589e-01
-2.991422818657694549e+00 -3.039661969749451131e+00 1.495844601933888685e+00
4.245553594372484807e-01 2.652971224183359400e+00 5.986200195663356205e-02
-1.866687030005259040e-01 1.748251220208610679e+00 -2.283370611864801614e+00
-1.386871451586196180e+00 1.600130442500256267e+00 2.112768553648230796e+00
5.878021389988193901e-01 3.320886649541016089e-01 -1.844219747219562278e+00
-1.031208012415246067e+00 -1.385534940289395056e+00 1.508964012406323274e+00
-7.340241364677725366e-01 -5.958078593194932049e-02 -8.019553591705957940e-02
-1.260579513560312170e+00 -6.486661150257327924e-01 -7.647592166868696362e-01
-4.257256978601677844e+00 -2.637699516776683240e+00 2.041819131613497706e+00
2.201936488230776590e+00 -9.943441062247118101e-01 -1.632417200548147207e+00
2.073149248780171039e+00 -2.233680279010742620e+00 1.724439763472995546e+00
4.114531122021038989e+00 2.479810454718818669e+00 -9.995494853094615273e-01
2.567423149441883101e+00 -1.362022036574903616e+00 -6.762335318047154598e-01
-5.707857903216702333e-02 2.023963091812454262e+00 1.031212646276908229e+00
-5.977404302165822969e-01 -1.335504976379708220e+00 2.284581942776595376e-01
-3.424088818615527163e-01 -6.936197337986582667e-01 -2.205469221791818590e+00
-1.050894289534304082e+00 1.011687227035159564e+00 5.806619283372366214e-01
-1.027591817316162670e+00 -5.424850728456306337e-01 -4.757934928513985473e-01
5.834539474970023010e-01 6.359151736306962732e-01 1.936443645930387092e+00
-7.857382924564053628e-01 -1.212787272048787335e+00 -3.121061997605977467e+00
1.602708154754961090e+00 1.295937295549997259e+00 -3.274209683764120360e+00
2.241745349327590731e+00 -1.090554525989307244e+00 1.925057812864578555e+00
-1.081142907766298178e-01 -2.623982323378448722e+00 1.558664148659970161e+00
1.817493515236298762e+00 -1.424054234585890866e+00 1.256240398593652552e+00
-2.043049563745158004e+00 -2.976835607121483207e+00 -2.745357206816141371e+00
-2.212830216948886985e-01 -1.888222484404396440e+00 -1.015152675198871188e-02
1.092382550548266495e-01 -3.003654394992115173e-01 -3.448146964639812406e+00
-1.353915891265132787e+00 -2.574090206768728795e+00 -1.609174228779561178e+00
-6.201476449900300558e-01 -1.258616794627605673e+00 -4.220404734928339119e-01
-2.833869845777370333e+00 -4.418597711385642057e+00 4.436375402873233287e-01
-3.320786507971176693e+00 1.520595748923934676e-01 -2.353448733162531337e+00
1.649475414173787291e+00 -9.505938261686415203e-01 3.285782189072638637e+00
9.324646136136184316e-01 -1.850800902381338320e+00 8.559602520920721602e-01
-9.095131084475686079e-01 1.937055532742466779e+00 5.649930962729508011e-01
-1.758729518260915503e+00 3.388670440057290900e-01 2.136522623184663239e+00
-1.042625451429524341e+00 1.844976085927859222e+00 -3.997232709164531439e+00
2.259081062309855614e+00 3.437477386784116185e+00 -1.218860582823824423e-01
2.154793013555349745e-01 2.154231121469494692e+00 3.423706290320419066e-01
6.444981272606544742e-01 2.404520330913202830e+00 -9.176637376191111584e-02
-4.546410127123452494e-01 -1.099777651857243521e+00 3.306942825901485472e-01
1.637734107420143470e+00 1.772431396013144145e+00 1.453850356545475009e+00
7.941084685614761829e-02 -2.037592990868307141e-01 -9.935766822734263259e-01
2.125056828850831359e+00 5.557373749084112413e-01 -1.449701325609117353e+00
8.444453500112009126e-01 3.786453069219169798e+00 -5.069004568451153103e-01
-1.155250549858372056e+00 -2.194231489754658870e+00 1.156792830483732493e+00
-2.287434698755292928e+00 6.714593020481265384e-01 -1.552280292457128175e+00
-4.210193425852460258e+00 1.370261909621799612e+00 7.658492636774807405e-01
1.538662106236017735e+00 -1.107328718559512648e+00 9.053077400850519929e-01
-2.194903150784501822e+00 1.453117378397166037e+00 2.378524138321606696e+00
2.695801226877610812e+00 -1.450414481722029025e+00 1.002766659301200347e+00
-1.186090346173716004e+00 -6.960481863158604066e-01 9.885747148705809062e-01
9.552750267577656551e-01 -1.961488511925277844e+00 -2.649853430860894754e+00
-3.636531031152848703e-01 8.086958956499432638e-01 1.096685698650625429e-01
-1.280865126005097610e+00 2.485639316964017631e+00 -5.012373827894734291e+00
3.924237069922372756e-01 2.730883105545323986e+00 4.179493772493192982e-01
-1.134174353212504149e+00 3.674130805769284525e+00 1.880176044547657410e+00
2.918719726405795689e-01 -5.644154421777034664e-02 2.749159210505167650e-01
-1.486383276082841265e+00 -4.178004136417040826e+00 -1.712994979249301108e+00
1.723103426192527543e+00 -2.486192473081646703e+00 -1.772441668583652152e+00
7.308032223171574415e-01 1.388352978360407608e+00 -3.603874387856700334e-01
-2.232275505080145717e+00 -2.009879068305302052e+00 -8.945844054580969207e-01
6.859101263760898348e-01 -7.938461846110814735e-01 8.289721952306271513e-01
2.667477865282095628e+00 1.373071083853826257e+00 -5.128328171639995325e-01
1.246149297048175564e+00 8.984243543704441004e-01 3.769411202432310648e-01
2.342986858471989287e+00 -1.922496577030705089e-01 -1.033820677543441979e+00
1.335849637948972601e-01 -1.117086842179040085e+00 1.043911006214076620e+00
-2.831917934803965253e-01 8.983363897612427484e-01 4.355014679028128555e+00
-1.050159017613552681e+00 -2.215481428628343963e+00 2.705381441442052282e+00
-3.263382398092223635e+00 9.515754855473869123e-01 3.194798840979293786e+00
-2.418219789192867619e+00 6.264266131981658381e-01 1.037334093312859418e+00
1.134205638839551389e+00 -3.006482793080631932e+00 9.317364374531044158e-01
3.372528691645172216e+00 5.722844898493726351e-01 1.813208656045830758e-01
1.467800363194754709e+00 -3.590156787811556338e+00 1.465994716846446444e+00
-1.136407694425167314e+00 -4.827664621707691839e-02 1.306284054064956179e-01
1.174757293024209781e-01 3.113543568947825246e+00 1.895298074718945402e+00
2.400579420124344665e+00 -2.123996535854395518e+00 8.513634758760771915e-01
6.243306330467330856e-01 -9.866966001365389261e-01 -2.571033766769909024e-01
-3.514589994430373121e+00 -1.397911009230438539e+00 2.260759631229172673e+00
1.989211072370571154e+00 1.325418727297921206e+00 2.403302520101329609e+00
1.665487921467313059e+00 -2.770910309225468549e+00 3.328288235460120870e+00
-1.086296521816113581e+00 -1.160019582353763123e+00 -3.088648617214856174e+00
-1.049867098675489441e+00 -1.374533328852446834e+00 -2.564514510915479661e+00
-3.456793809664377992e-01 -1.569741378749271554e+00 -1.476876615245627855e+00
-1.073706479542358289e-01 2.307529949646041967e+00 -1.021269629961066849e+00
-3.345181637927092666e+00 -4.185519586718648433e-01 -1.052008086193917391e+00
2.721074829474729562e+00 -6.941606967074427370e-01 -2.024460746141390821e+00
1.046347694980857890e+00 1.434364180428355784e+00 -1.804119826474002819e+00
1.979890718796100790e+00 -2.766883565693403657e+00 1.811168612563431313e-01
-1.216423341216962273e+00 -4.380598224884781899e+00 3.392095681780028793e-02
1.243754692642995652e+00 -8.230649980272978228e-01 -7.510347854064912676e-01
-1.885067681635976544e-01 6.033982388945967612e-01 6.525433756254216400e-01
-1.735696984265859832e+00 -4.123730294691006493e-01 -1.706918447214897716e+00
9.507078821284413728e-01 2.283235144348175982e+00 -1.075648618364691167e+00
-1.777887528239578296e+00 3.845574873204457567e-01 -2.350409087647662432e+00
1.638767775588539477e+00 8.355074787393104718e-02 4.755429812317346183e+00
9.467868797903460365e-01 1.810441210761662978e-01 -9.593562466775977793e-01
5.044677554426906241e-01 -1.215956995919534434e+00 -1.631823102788706903e+00
-2.499746757076096504e+00 1.653845510434650778e+00 2.990815148215043573e-01
3.123124153135551917e-01 2.095237431746171719e+00 1.609270410291014253e+00
-3.304863016083645633e+00 -1.279654495365521560e+00 7.524681624803887248e-01
3.581719992084455573e+00 3.069713752215913471e-01 4.073177045312285638e-01
1.384113183979232442e+00 2.967013874462238299e+00 -2.890184919651557216e+00
-1.465688219914855983e+00 1.501856808421384581e+00 3.232143118151682426e-01
-1.705196553466607812e+00 -3.334052350618174732e+00 8.788347140700450977e-01
-8.411234673839982356e-01 -3.904435474542847784e-01 -1.638653626423692555e-01
-3.890700465376886186e-01 -4.691850849191816497e-01 -2.038852797129849126e+00
-1.157763066735258528e+00 2.802053649123461554e-01 2.139086502341153384e+00
-2.973880939167598214e+00 -1.945274271650902387e+00 1.150016451920988558e+00
-2.514118576387037507e+00 4.045381373624398869e+00 -7.145529327220193627e-01
-1.097294030932009834e+00 -2.070761992347816272e-01 4.076845554571746355e+00
-1.647289708034273881e+00 -6.895938549875277879e-01 -1.676215716503972830e+00
-3.292044741917347084e-01 -2.936652934609607080e+00 -1.847296440777861370e+00
1.890429859834052095e+00 -1.438075280305999293e+00 -3.472875614000528799e+00
-9.489444573573591057e-01 1.332286452937386567e+00 -1.846631874141265506e+00
-2.890741594046526419e+00 1.151557100655442145e+00 1.061817606834537964e+00
-3.686259037016826889e-01 -1.145564063248453612e+00 5.039955574705221597e-01
-1.187178868639251345e-01 1.836719969062105828e-01 -3.055949486461160713e+00
2.298145867745325643e-01 -4.900265947578309467e-01 4.584324403304301798e-01
1.474415902616305236e-02 1.018010013149419857e+00 -5.415974463932122784e-01
3.588942591345916089e+00 -2.532272809739123387e-01 2.842139868281719495e-01
1.136716434335622194e+00 -4.879238204862284545e-01 -1.035923931878905170e-02
-2.277345517265945585e+00 -2.150793633684709161e-01 1.022669391844200915e+00
3.883746678089300408e-01 -7.481948615598258412e-01 -7.292700784345279574e-01
-5.264563677435731837e-01 -1.428920181667181710e+00 1.421276505655391320e+00
-5.319097640877958888e-01 -1.399433235296797529e+00 1.500007022666120848e+00
3.459226516107647420e-01 1.320098495840412722e-01 -3.875134477580211012e+00
1.953144465842683308e+00 -2.068329511309416335e-01 -1.997968130715386703e+00
7.411865827941983564e-01 1.416117688938323127e+00 3.568735050728959912e+00
1.429076364288814682e+00 2.749392830918966357e+00 2.407087119399258651e-02
1.642537062730491937e-01 1.816863309547648575e-01 2.792191918508521553e+00
3.756272795345905191e-01 -7.517251149219685846e-01 2.547881275024410197e+00
1.415047767937195333e+00 -5.115327552694153290e-01 2.848075962530565164e-01
9.215508082674570001e-02 1.461549416411731084e+00 -1.028020567629237547e+00
-2.126727783804496230e+00 -2.330934728403396772e+00 -1.884558022412086808e+00
-9.395297208764968877e-01 -2.187255110030659200e+00 -4.881079864805883961e-01
1.975157229287012095e+00 1.392253749890736580e+00 1.821675613180135045e+00
3.138386341715443617e+00 -2.454902422568706388e+00 6.675560577529777717e-01
-1.828431931781826281e+00 1.022408206007964004e+00 -3.993198786642955800e-01
-2.123070534428571410e+00 3.819342940420350274e+00 -1.257617861748306254e+00
-1.418975883277548089e+00 -1.690389749804783182e-01 -4.319582095185033888e-01
2.649681878712574434e+00 4.288875464989346575e+00 8.113019642628389594e-01
4.108740705631876988e-01 6.555482082597992033e-01 5.374309732970757869e-01
1.729916749099924989e+00 1.649061938533748828e+00 1.993671828964416859e+00
-2.123306550075142685e+00 9.074922608024508230e-01 -9.267294718030154588e-01
-3.312321368955387091e-01 8.281540145283659837e-02 6.228856188099174407e-01
2.044902075538252706e-01 -1.011112012521704351e+00 5.433950562397571460e-01
-1.578306168662921172e+00 -1.427390524455935283e+00 3.231117039754223708e+00
-6.477076295276117390e-01 -5.921753213227970436e-01 -3.041730937724023587e+00
-4.174723483500754284e+00 1.219309372520733570e+00 2.990012630801234472e+00
-5.630605638227036414e-01 -1.800340193437819147e+00 -2.727440631410821270e-01
-4.058426806796996411e-01 -2.985524410627715675e+00 1.687431504536377469e+00
-2.963289539375337789e+00 9.466062202144376325e-01 -3.162632318762284456e+00
2.563513801842495443e+00 2.119438231863945088e+00 -2.179648912925649107e-01
1.185903506541455377e+00 1.909703566681650866e+00 -1.440181265267599132e-02
3.538042790818468397e+00 -3.257214810645824521e+00 -1.130764625045952154e-01
1.000671163605108216e+00 2.479220168925229395e-01 -7.780861249844556182e-01
1.460041367383839439e-01 1.363508038364053654e+00 7.239960031756887959e-01
-1.934671293124587965e+00 -8.683960663501030242e-01 -1.046337237616818738e+00
-9.069963935191462934e-01 -1.244753685376572161e+00 3.118691304942520712e-02
6.678831635433890579e-02 -6.827977645439190502e-01 -4.984347831813591867e+00
7.005536226148710854e-01 1.610675097554306934e+00 3.039852994151873045e+00
5.911639250717385385e-01 -1.502782305397484253e+00 1.427657208535391131e+00
1.557312784901088432e-01 3.098525243215608960e+00 1.267684420870439643e+00
1.929976671511274278e-01 -2.263293549940106342e+00 -3.126402821190854109e+00
4.902913397064011747e+00 1.208492356007665691e+00 -2.094738980975104248e+00
2.521493574145781125e+00 -4.966416487731376006e-01 -8.471842617659668395e-01
9.470631873281752933e-01 -3.296813067505517392e+00 -1.024213276518099125e+00
1.056215683829587526e+00 -2.785624014504429979e+00 2.928559509257193216e+00
-1.798754819733183297e+00 9.195615027946778541e-01 -4.091271174938821975e-01
-1.529465619619310379e+00 -1.874113611676419433e+00 1.887553367852904951e-01
1.230825369831007182e-01 1.766429919023366102e+00 -4.107070281891915808e-01
2.228945254382340146e-01 1.633194573193121890e-01 1.251160921119604419e+00
1.233762722565155290e+00 -1.493387014413183056e-01 2.248094489827797027e+00
-9.740232407262656711e-01 -4.544336961933854169e-01 -2.740642140460649134e+00
-1.378670348259271039e+00 -5.437647826347301594e-01 2.908470499160080713e+00
-2.013020256768951910e+00 6.544224056119659627e-01 1.706385127245066968e+00
7.167292889858196681e-01 6.943160881396086559e-01 2.061583356967442160e-01
1.558594074709128974e-01 1.701921541923349324e+00 -2.999649432422433648e+00
-1.431474530908771747e+00 -1.119072766529675272e-01 -2.016282290223049944e+00
1.584927111959363533e+00 2.696696881025399062e+00 -2.284926495934199497e+00
-1.439326804939920823e+00 -1.171457649585730537e-01 -1.504859942320137256e-01
-3.349716684102123310e+00 -1.189260653695414893e+00 1.954544213969670263e+00
-4.133849344265438930e+00 -9.294241126320506030e-01 -1.382010705132537876e+00
2.536672736079285784e+00 3.963340193120167276e-01 9.640349323648506052e-01
4.012972861648180789e+00 -1.103803766637093675e+00 -4.256778429486575810e+00
2.675573890219832829e-01 2.881825521945489577e+00 -2.433884269264618094e+00
2.351925427339653929e+00 -4.722673920584040119e-01 -2.602809092551327641e+00
7.443010912939310719e-01 -4.236916517795088488e+00 -2.191550846740564662e+00
-4.180404799133031202e-01 2.464632909424106177e+00 -2.794648202423465122e+00
-1.143899327104369812e+00 -5.955795133198887870e-01 1.931270638410431673e+00
-1.777006063787327284e+00 1.774356237450495311e+00 3.099083190919234898e+00
4.389936311417089065e+00 -1.111954844584316149e+00 -3.133536848204417691e+00
-4.634196559616378108e-01 4.989382727927482025e-02 -4.173984628115566253e-01
-2.297284922983246769e-01 3.852095894693192246e+00 9.808399642040532829e-02
1.262925984497676568e+00 1.280161973637797601e+00 3.082335621986730168e+00
2.595221243946255640e+00 -2.576570840436905652e+00 1.479519201151699104e+00
-2.242451553961240934e-02 8.371981828840646678e-01 7.411283050121419969e-01
-8.736209344714133129e-01 -1.725653481987518445e+00 1.335620915114883678e+00
4.414040509531748313e+00 1.019967177521845514e+00 -1.241690732659375351e+00
-3.271394308700164899e+00 -2.343900224062877680e+00 1.898030258632787126e-01
2.075802293421877831e+00 -1.678936607385896673e+00 2.151763683496647594e+00
-1.781585018555019939e+00 -1.164045711319379839e+00 8.741691309956196865e-02
-3.067391774671353932e+00 6.947757439731223617e-01 8.441167213226392629e-01
-2.260860195203515666e-01 -1.298123055309587270e+00 -1.402759113579412853e+00
-2.362186427087884510e+00 -3.542428892248383754e-01 3.478704750872867457e+00
-2.463393879085344282e-02 1.785462097181566454e+00 2.074876534774296566e+00
-1.572908675182577154e+00 8.428129308162790601e-01 -1.698012971360092216e-01
-2.741940448420053522e-02 9.384637178993439077e-01 -1.665867382637890248e+00
4.134045938639091311e+00 -9.721280072695417385e-01 1.822341311931735763e+00
9.775551180614675539e-01 -1.915506806173515597e-01 -5.646882223119245037e-01
2.060834805697394412e+00 2.568146842053161460e+00 3.662021351482962483e+00
5.574680004632576180e-01 -8.291792830742031883e-01 -6.609698348172843296e-01
1.418463746548794813e+00 1.211261511232013310e+00 -1.899092466577917415e+00
-2.828232398187470853e+00 -8.673508630901322070e-02 3.413745166831767541e-01
-3.442496222352238178e-01 1.296791738749923095e-01 2.008512347647328777e-01
2.821093015927582215e+00 -2.320729924301535352e+00 2.007892222595152099e+00
-7.785207994993434966e-01 -1.289748607693555371e+00 1.533805174302077079e+00
-4.369397161711072286e+00 8.236475183272487510e-02 1.751223123110297042e+00
3.296166397765205036e-01 6.376666168405848989e-01 2.068470755878515366e+00
-6.441789247260258922e-01 -4.645346032201912445e-01 3.198246526428068504e-01
-2.194958365419488189e+00 2.262654956624014169e+00 7.977981653130534756e-01
-7.725780612061375896e-01 2.408968372080372844e-01 3.225233718682859241e+00
-1.154503181134253875e+00 1.850041509980998589e+00 6.043026877530282004e-01
7.124808747363160499e-01 -8.322144846900371151e-01 1.144573558434539562e+00
9.865892281468909841e-01 4.256619770245850254e-01 7.233925809764317760e-01
1.280452265765492870e+00 4.530729224185042092e+00 -2.350017274506574161e+00
-3.953769692196204000e-01 -1.941114384708035656e+00 -2.487365490803165269e+00
-1.880904834841220286e+00 1.929097277918188302e+00 -6.168504899610575132e-01
-2.403016248872184235e+00 -1.847882927313887924e+00 1.684986446439133978e-01
6.555670945483485501e-02 -2.688714771687524263e-01 -5.134217513797025845e-01
-1.281641917677617037e+00 -2.095527567623181486e+00 2.937441581253158240e+00
-8.130602681635024087e-01 1.722046130378045214e+00 -1.283157212299776528e+00
-3.452467221565337141e+00 -1.763010551351669841e+00 -9.414167389792459373e-01
-2.231326552393500862e+00 -1.413650308640977515e+00 9.502829327345676536e-01
-1.462275658726729821e+00 -2.284951315482186995e+00 -1.659247427354741955e+00
1.404827082273585326e+00 1.119315701595075874e+00 -4.906605306059731220e+00
-6.593896202722995259e-01 1.251786258533252649e+00 6.320781621904330017e-01
-1.314256207186074610e+00 7.324125941400221329e-01 2.678874632511314413e-01
2.944196441613307069e+00 -3.158360323970891059e+00 1.652755931942949674e+00
-1.997388057571005238e+00 1.455728151097185119e+00 -2.124174940925377675e-01
2.199745735601389196e+00 2.091672881428420894e+00 8.633252633277606058e-01
-4.844485715406870452e-01 -1.831397253700888017e+00 1.160102919620880524e+00
2.377118804977522148e-01 -3.582391972217311427e-01 -2.587363435399434031e-01
-8.887594254196383714e-01 1.270333374426866557e+00 -2.267083196085938113e+00
1.397705869322445560e+00 5.839309634098347468e-01 8.480955758606226746e-01
1.475871797219146797e-01 1.005184048377489203e+00 9.020619779281372486e-01
5.839490344359269391e-01 -2.694104814686684168e+00 7.808267413151072089e-01
3.082922248259140741e+00 2.232161566903289263e+00 2.759504922170366470e+00
9.855789641571115478e-01 -2.367501269343383896e+00 -3.273186279966612044e+00
-3.101300492573950240e+00 3.533915496063592676e-01 -1.013423432797322832e+00
-1.831012355493266908e+00 1.008671951689612545e+00 7.099521328833003908e-01
5.626980495296189932e-01 -3.641346679378598128e-01 5.337104393985309114e-01
-6.339976299925010883e-01 -2.315981820590403917e+00 1.187067033263746962e+00
-4.168214140338519225e-01 -2.374104801107417562e-01 -7.256611522785908486e-01
-1.838186907407177495e+00 -1.040023985394735950e+00 -2.492544959071252730e+00
-2.956363873993425262e+00 -1.999645097809954752e-01 -1.303565705814530684e+00
-6.701130142291888969e-01 -1.429042631674959596e+00 -9.882898605782551860e-01
1.452625726803562056e+00 -1.568851285039192467e+00 7.376075055351511978e-01
2.187862681978010315e-01 1.867430376246967949e+00 -2.179668499266073756e+00
2.339544619114649129e-02 1.235358570830396685e+00 4.472544843383467139e+00
2.711981354804509969e+00 -2.857059315258483334e-01 2.928684196497388648e+00
-7.209106597554528761e-01 -1.058347988507427839e+00 -3.201501469247171050e-01
-2.902047167137336015e+00 -3.310502331870530668e+00 -1.376916248450464897e+00
-1.179822183957706550e+00 -1.046848171023453178e+00 -1.331954338398910531e+00
4.377313916357989942e-01 2.263450876025046021e+00 3.706135419074113813e+00
-3.921541414184669616e+00 -2.818009744915802806e+00 1.497872431260431902e+00
-1.795196991727809444e+00 -2.408557614636603006e+00 -9.746490668051992490e-01
2.715870418690821797e+00 -4.051390423828336862e-02 -2.920685821133427451e-01
-2.469523263573934757e-01 -2.531488526869760225e+00 8.091987113052889757e-01
2.803366977035431251e+00 3.329140920199200604e+00 -1.184999771181653561e+00
1.724925876655226897e+00 1.394920594110568235e+00 1.005723518918362203e+00
7.657233276815009759e-01 -1.039665976430644623e+00 3.305451707344528867e+00
9.884057715731563443e-01 -6.267836907652750422e-02 8.060698754679748168e-01
3.406660881188218859e+00 2.365908386208193104e+00 -3.406065073978479685e+00
1.682476011641742542e+00 6.564291723131324696e-01 1.193913293745890725e+00
2.807218920982132548e+00 1.275939254256474253e+00 -8.283874046634861488e-01
4.328982721729043859e-01 1.830023677299554397e+00 1.100827540367626423e+00
2.343578835911309000e+00 -2.169787936406322726e-01 1.173894223456497743e+00
1.087759907744394877e-01 -2.302408840351091168e+00 -5.901324588678418248e-01
-2.573336080995271558e-01 3.705247761364583337e+00 9.619814150207689485e-01
-6.600123182375267072e-01 -8.857336230727977933e-01 2.138034115797033952e+00
-1.074802739150561015e+00 -3.628908322744214821e-01 -7.456775657164322890e-01
2.965893427982977837e+00 -4.421791874091550723e-01 7.703812683162820918e-02
1.047875415357810480e+00 -2.530686711022843927e+00 -1.657488606723238611e+00
-2.768591667638249820e+00 5.165512588428363694e-01 -2.138726970655658199e+00
-1.455753103852849284e+00 -9.459084301386972982e-01 -3.112930570220653781e+00
-4.116055470795926041e+00 -2.167593242079499216e+00 -2.227056464774271216e+00
-1.343911697332322186e+00 -8.256433403386900238e-01 -4.002010701493396438e-01
-2.167334522132704500e+00 -1.942486060913243273e+00 -1.815007524840743347e+00
-2.849438966621408387e+00 2.224242788502402701e-01 -1.403535384157056143e+00
3.105718941474187034e+00 -2.303859502291726868e-01 9.967360828460647415e-01
-3.427784329994138179e+00 3.001138463508783882e+00 5.792327006010681290e-01
2.203084269213674951e+00 1.017444227701230330e+00 -1.961995769321552563e-01
6.989783691655487852e-01 -3.002388882266747161e-01 5.404710323525020454e-01
1.975585526633007738e-01 6.360384237543674490e-02 1.370078174791158565e+00
5.302951667416286874e-01 -9.416044179438134432e-01 -4.646978435674358199e-01
3.925156665397318445e+00 -5.479380244547423645e-02 9.931692128780837958e-01
2.264609442181643839e+00 1.415754286237309589e+00 1.574661506173774983e+00
-1.143988353892940735e+00 -2.187196709660863103e+00 -7.300905596939231967e-02
2.324126491081343338e-01 1.306241568596951286e+00 5.313696125351270449e-01
-3.494197409822527578e-01 1.581241853715162682e+00 6.630435013141746659e-01
-2.141551145206262330e+00 -2.819042934021394609e-01 7.230560102701142355e-01
1.344710371970597951e+00 -1.084412627471184054e+00 2.155479240273264985e+00
-1.629101089601721952e+00 6.179082027608331362e-01 8.428553745489889559e-01
8.459481080933263231e-01 -9.246670257691819161e-01 -1.296117785218601354e-02
-2.968585512998843101e-01 -1.398695733230715277e+00 5.438038191548789646e-01
1.069161132915970258e+00 -2.543732376531626205e+00 2.833152277683063769e+00
-1.351300569413741215e+00 3.498120709404807016e+00 -1.726223992834735155e+00
5.315642245207632399e-01 1.998433233511359264e+00 -6.922545951710840084e-01
1.250863610568534678e+00 3.363164188541383659e+00 -9.296293573102510921e-01
2.513932705477901486e+00 3.261771679181850181e-01 3.171946236326942614e+00
-2.661537015357707592e+00 -1.718953458162027825e+00 7.186030978351136689e-01
-1.870551919726645140e+00 -2.639413067733749507e+00 3.409550715881413563e+00
-3.798590765602119834e+00 1.917210504730496368e+00 -7.898167928056393228e-01
1.495065191992263953e+00 1.155177999982754944e+00 1.177769238890864045e+00
-3.083653306685081752e+00 1.672720980342484176e-01 1.434160508042528592e+00
-2.852450067155386237e-02 -2.232231747123321952e+00 -5.508723582981314593e+00
-5.922469190591157506e-01 -3.507372806787004027e+00 -1.870786247256901236e+00
-1.154873539175196084e+00 -3.045737702496070121e+00 4.552780429265854689e-01
9.692113602419663021e-01 1.216645535604703898e+00 4.011465132009162105e-01
8.685719368447790689e-01 -1.098014176267183339e+00 -6.200154629870219258e-01
5.405826440202298855e+00 -8.032434078629375751e-01 -1.126889896960115399e-02
1.123647525754943866e+00 1.050976560362472334e+00 -3.489261688563344954e+00
-1.032629273898029387e+00 -7.679657892226529059e-01 2.927270993881788463e+00
-1.157235198737057491e+00 1.690832680920113296e+00 9.060300614321807888e-01
6.294487048701669085e-01 2.657193454523024467e+00 -1.731486241866334819e+00
-1.085248401679585362e+00 -1.322546907710502317e+00 5.068927393556233341e+00
-2.902803507591329435e+00 -1.870151544044230674e+00 -7.870837242381775178e-01
1.886964536971998951e+00 -1.001757164338117123e+00 5.250573554751486460e-01
1.523876380796306051e+00 -2.600892015715717154e+00 1.989692488438375428e-01
-4.011081200150460324e-01 1.601332756961192816e+00 -6.326535384984258714e-01
1.067800489445992262e+00 1.204911699676888548e-01 -1.648921076934084795e-01
8.560018352576587164e-01 -3.986069683047628320e+00 6.597025431477195057e-02
2.386719305590959905e+00 -1.411294315209830508e+00 2.786988129133023850e+00
-1.785795282062284217e+00 -5.893696525755076632e-02 1.635132536964633232e+00
-9.683264629761253461e-01 2.489464983253856900e+00 1.463774972723655754e+00
1.152307091122069194e+00 2.707992114423484614e-02 -5.476915064995035998e-01
-2.014203609820606644e+00 2.511175018763413203e+00 -1.683329991912111190e+00
-2.324750348142908596e+00 2.811937016238629794e-01 -1.076041727189206654e+00
4.335228020787021408e-01 -7.037467178933568546e-01 -1.424225257087156082e+00
7.000995530351427076e-01 4.146042011336895428e+00 8.304661716351882106e-01
-1.137851899929201716e-01 -5.414218153716903181e-01 -1.596198950393282967e+00
-5.107412768309528062e+00 -2.189525336092646324e+00 -1.836284427919452789e+00
-6.983563031751022221e-01 3.046584767180775533e+00 1.143421929413586113e+00
-9.946195860398481248e-01 -2.944326113818693358e+00 -2.884997748682696539e+00
3.004583487171408329e+00 -3.890942500926277692e-01 -6.143561498365608387e-01
1.015234308768722782e+00 1.871682580363464243e+00 1.086286711789898440e+00
1.324331082328676024e+00 1.412813736285995825e+00 -9.980988030758494167e-01
-9.161915698187789170e-01 -5.736603214469729872e-01 9.735716827240928906e-01
2.150405181512433650e+00 -1.446636765464740515e-01 2.913638423587671666e-01
8.046408152074701059e-01 3.229805103689494583e+00 -3.026019203275716496e+00
5.897666707163966571e-01 -3.055001896030405395e-01 -2.293600824128537941e+00
2.311046083605739376e+00 -6.074795821828430364e-01 1.671367572973613713e+00
-1.783695752848373672e+00 -2.686110783486501230e+00 1.866059549790662020e+00
4.810546743057328989e+00 1.829329086684879369e-01 7.805045573554628691e-01
-2.419608375823670166e+00 -2.206444448353295673e+00 -6.597829827738559416e-01
1.453440120013997083e-01 1.193407627906226676e+00 1.457225905495638241e+00
5.341946598686231340e-01 1.082747295029892198e+00 -3.272214019507740379e-01
-7.389038065875999095e-01 8.733601905022465584e-01 -1.585304791650385070e+00
3.795930437608605046e-01 3.413596044234550320e-01 2.115391465643834679e-01
-1.480506099564249389e+00 -4.291579956062127610e-01 3.984423253444743240e-01
2.020325615779711703e-01 -1.849979982704254233e+00 -3.528680199989526756e+00
-2.216263927429215297e+00 -3.019245232922036060e+00 -1.941268449213897629e+00
7.705506400271157075e-01 1.675033787270666374e-01 -5.760345896983626313e-01
-1.502489976819528117e+00 5.823470810810676968e-01 -1.825646199167302752e+00
-1.369866070756494247e+00 6.507939266997899708e-01 -6.885566116573427209e-01
1.100269527962231209e+00 3.484164378544977847e+00 1.108280123086620161e+00
-3.439244870805535648e+00 -2.060647631123031953e+00 1.093544714503603910e+00
-3.291961360463862896e+00 1.355440106993295313e+00 4.229581707398879509e-01
6.971683407653804787e-01 -5.132146417638701053e-01 -4.157692043883307598e+00
-2.021471536447973172e+00 8.920231430731152544e-01 -1.293818709606724404e+00
6.698457004260509606e-01 -9.470780135261378518e-01 -1.791562054356900857e+00
2.886377225736346253e-01 2.173523938125331512e+00 6.078054658606732996e-01
2.163959726768484693e+00 -3.287813798499309215e+00 2.161277532594583217e+00
2.776616641731518786e+00 -8.490495933626838188e-01 8.884604216741083249e-01
-6.308187521390367092e-01 -1.905865792854013918e+00 7.014541977471481227e-01
5.581342238106865583e-01 -9.363075092618328155e-01 4.204359461491987693e-01
3.547931682766542139e+00 7.450734343190509312e-01 -6.794113111321028464e-01
1.245589485508014960e+00 -2.565377033303199994e+00 2.671840606164431975e+00
-3.422525095713045307e+00 -1.917966365132448336e+00 -3.292611660430622700e-01
-8.267592606779591291e-01 -2.213408037134495299e+00 3.908923589294013151e-02
3.437370533216166812e+00 -3.066756325136216765e-01 4.325265853942478422e+00
1.744477219978617655e-01 9.267456679687203769e-01 -1.982322200759610853e+00
5.883006206245200431e-01 -1.270184217451601205e-01 2.831004024012919729e+00
-3.812032268342420593e+00 6.159601914899031083e-01 4.084088624077491403e+00
2.987649786813790231e-01 1.296253376185001471e-01 -5.239150438305592017e-01
9.409573911659879775e-02 1.477685251376637421e+00 1.308136282132565720e+00
3.729389366516377091e+00 -3.820143475675539246e+00 2.268255724682443630e-01
-6.940820589233011040e-01 -1.828961640640345498e+00 1.290816330565346837e+00
1.932927607698743167e+00 6.405102338205287404e-01 -3.448844193613816334e+00
9.896530627836003235e-01 2.788928972465461786e+00 1.415410557617974519e+00
5.622499467618790048e-01 -1.173324027710547668e+00 1.702991507371700131e+00
-1.359612873502743735e+00 8.815618442076706973e-01 1.051507335481014938e+00
2.618593703994414046e+00 -1.471761453602566938e+00 -1.473617270193292583e+00
5.071053893119733535e-01 -5.976676444921910081e-01 -1.408325678065197317e-01
2.708744609339990284e+00 1.426065333691222792e+00 -2.232401858833707564e+00
-8.310653477885263651e-01 2.641960536662801395e+00 -1.540029994632026167e-01
1.121473481286355378e+00 1.839261213837560582e+00 8.550830433601078751e-01
2.040703361739229837e+00 1.022565950049654226e+00 8.690637392200183386e-01
2.980952233070656821e+00 2.585220315493821364e+00 -2.766316166133563570e+00
8.520805294294147014e-01 3.636691605870252531e+00 -3.469970060847714866e+00
-2.038310331956470378e+00 -3.854063892384337331e-01 6.928806020848313763e-01
1.205421663047110625e+00 9.892901582293710527e-01 3.404488817702834957e+00
-1.273545955082429348e-01 3.937748435845191963e+00 2.896590279404222534e-01
-3.709778321882048480e-01 -2.233418301837930997e+00 2.106262782205471140e+00
-1.672235465609609006e+00 4.957342041047574810e+00 3.927049435656420950e+00
4.269674376446867647e+00 -1.209619047704878048e+00 -1.153577610526683062e+00
-2.653701869346891118e-01 6.968493869552063735e-01 1.261278599764137143e+00
1.434287231772434446e+00 3.293384930232586161e+00 -3.573567405021642052e-01
-7.228747026903711292e-01 -1.366108573965971296e+00 7.466782492298782437e-01
-1.136405202150432697e-01 -6.439526012024407997e-01 2.643768485978255089e+00
5.191027875399598646e-01 -4.738849540783529157e+00 -6.836759309292094189e-01
-4.898851871188207419e+00 7.221990568532890009e-01 2.334672352132012574e-02
5.952320474321689536e-01 2.407006965025689560e+00 -8.782649218931176671e-01
-2.895021660847996725e-01 3.082243848203286340e+00 -1.425031445958304444e+00
-1.399663379368265126e+00 2.296757587163191783e-01 4.459008648611268555e+00
-1.197151602311628649e+00 -4.526935169663716674e-01 2.046861400395683650e-01
-2.127961419789709652e+00 3.283953625185234149e+00 3.785363769317544147e+00
-3.314652830447302190e+00 -1.317889722594574486e+00 2.603968508460068332e+00
1.309500780977889689e-01 1.337701992475595070e+00 2.038263999087611023e+00
1.677359999003256441e-01 -1.131036013600940526e+00 -8.692690766476898201e-01
8.114921734139627363e-01 -3.521943387167269179e+00 1.916240057992906642e+00
7.591502981132534078e-01 9.058406156064691128e-01 -1.292374640981402756e+00
-3.944795750584825789e-01 -1.202237292127165569e+00 2.365165808337332365e+00
-3.220669643384170833e+00 2.359288143284780315e+00 1.668819595154310276e-01
-1.940611838054106641e+00 -2.321970632966707360e+00 5.677783158566931387e-01
3.043484712666228442e-01 2.751835066312940281e+00 3.602559507751790235e-01
-1.960709065682924468e+00 -1.231516864561070790e+00 9.883036172274008851e-03
2.490054239516347412e+00 -2.127075650496070836e+00 -3.017969693702677314e-01
-2.309271057546014472e+00 7.216862219579261994e-01 1.655634027772449279e+00
3.305770449592352556e+00 1.520018923598436267e+00 -3.903166921758433605e-01
6.246594854514812001e-01 -4.861391733178172525e-01 -6.749997981836475258e-01
-1.995377998121013130e+00 5.993444864385044646e-01 2.447149403587993988e-01
4.612010878423817850e+00 1.854802616551516570e+00 -6.635724402515794651e-01
4.636051034573923646e-01 -4.495087777696810671e-01 -3.633457705301114116e-01
-4.320775191396972303e+00 1.292031866043103161e+00 4.145406867081462110e+00
-1.366530975131618142e+00 -2.137592672929923943e+00 3.419389166701921057e-01
-1.374654625575397526e+00 1.619608777451767789e+00 -8.093672620778024074e-01
-2.937231381290024701e-01 -8.830733073775721698e-01 9.990369718614713346e-01
-1.759800658083004787e+00 -1.850738875939574424e+00 -6.353467703525422783e-01
-4.372051209866571142e+00 1.197704127687774012e+00 2.631284427239448220e+00
-1.020249766811584635e+00 2.647806142660998674e+00 -3.545702564094976861e+00
2.438429864071010034e+00 -2.244083450058590667e+00 1.079613340878413652e+00
-4.348313505836161608e-01 3.153742679920493952e+00 -4.832854462822886998e-01
6.644869479099465258e-03 1.696998085844300563e+00 3.643650362780291196e+00
2.805055833874804616e+00 -2.053162948937255372e+00 1.723971761336477115e+00
1.936896849883549487e+00 5.951753979830589625e-01 -5.783512872296531215e-01
-8.266648125944553449e-01 -7.004585845988389736e-02 2.119018318943897625e-02
-2.863159029162828505e-03 5.909614323850892248e+00 -5.329806345101261167e-01
-9.172191333721090301e-01 1.732354102768733251e+00 3.747674875523345772e-01
2.539270968723968291e+00 1.067779077009744615e+00 -3.303795380753023814e+00
-6.014619405473621283e-01 2.040043196120307489e-01 1.224231392885396730e+00
-1.287062159534949624e-01 -7.242338164541881618e-01 -7.924577829380019534e-02
-2.903300354365021541e-01 1.094107913968928036e+00 -1.250966860362713762e+00
-8.999923920921820697e-01 2.002679804985916523e-01 1.201292770534182264e+00
-2.878087811766290915e+00 9.428808614148211920e-01 -2.025043206642273552e-01
-2.807771690848549717e+00 3.354598888007546270e-02 1.345279162902849990e+00
-2.260350219700113961e+00 1.693983609100680798e+00 -2.280034594909068790e+00
-2.854418384430090772e+00 -2.684685421041066444e+00 -1.547851967340129864e+00
1.305454887346104265e+00 3.869582975906969313e+00 -2.045598339853314518e-01
3.295475853187783244e+00 -1.426632446822106326e+00 -2.493684785077792565e+00
1.312344213220042743e-01 2.452376835347124029e+00 -7.029043838897379715e-01
-1.166077315264033576e+00 1.428558168937089645e-01 -3.838700549441903309e+00
2.836235682198123831e-01 -2.323967110707821249e+00 -6.599476752473413255e-01
-2.521642458627702865e+00 2.095715913364205596e-01 1.758540942480337765e+00
1.438938314751831760e+00 1.111954862475104389e-01 -2.726946818247556248e+00
-1.285147093038357280e+00 -8.733647389825661689e-01 2.606008226457236621e+00
6.965817163784960853e-01 6.970124251642303426e-01 2.662059919226976046e+00
-1.751109187211301599e+00 -1.539933200513400546e+00 5.528473450226600860e-01
1.779409963391798133e+00 1.375957326865733465e+00 -2.134308379929353183e+00
1.978787130734401156e+00 -9.401449682497803328e-01 -1.096121152905583651e+00
-1.385834012162187046e+00 1.319416439799291352e+00 -1.645282176898057225e+00
6.455837694802417648e-01 6.736830802523587902e-01 8.719934231859027829e-01
1.723390902173287831e+00 -1.948670093521884805e+00 1.430166465117176600e+00
-1.888411122591400648e+00 -1.912755055778746216e-02 -5.613723295421019222e-01
1.249586528419361020e+00 2.123566526675003896e+00 4.681907067193108674e+00
-1.329924618379394019e+00 -2.688536631564941271e+00 -4.396422012712010385e+00
4.534388311903552182e-01 9.398519261612858777e-01 -2.603051759870024906e+00
2.605827273513266817e+00 9.662843256861808339e-01 -2.411987049470543654e-01
1.383085222528833480e+00 1.489981487135507487e+00 1.367820655301181798e+00
5.597680865269242245e-01 5.748336524351728150e-01 -4.253341406859397766e-01
1.861810631892796941e+00 -1.994536483831847173e-01 -2.026114021794354514e+00
-1.825370972807526249e+00 1.844755684369134285e-01 -2.686362793549184058e+00
-8.547644035819307318e-01 5.648666702755229113e-02 2.945623496245327377e+00
1.091968199223590563e+00 2.158540748740911674e-01 -5.656145691150235577e-02
-1.125137032776267754e+00 3.749025250109291107e+00 1.054647755780256491e+00
-3.164707469862799716e+00 1.984915048231594259e+00 1.149380052392280582e+00
1.167011719587699003e+00 1.083452496601285731e+00 -1.038260607116948453e+00
-1.336996094093389209e-01 -1.456088888756615685e+00 -1.055652836620717849e+00
-1.367635037777095608e+00 1.560542905308485828e+00 1.209541667393644049e-01
-8.615257758716140524e-01 -9.809633749865894758e-01 -2.337331707943115025e-02
2.184840201775222202e+00 -1.464642698749647476e+00 3.830509401514936130e+00
2.091574320120769492e+00 -1.922038514077802240e+00 1.961951542127926773e+00
2.034888735674778459e+00 9.426965618989220363e-01 -5.635057826975796713e-01
7.573338685998007858e-01 2.233047517169868712e+00 2.131244331201172848e+00
-1.297259770725742722e+00 -8.108544266604769124e-01 1.495156446546805906e+00
1.285145674467823129e+00 -1.387464187761527912e+00 -1.445743183662755227e+00
7.696450033231935217e-01 4.156694847423803019e+00 2.300274416270283062e+00
1.004823674468695582e+00 7.396256679100365883e-02 7.537324727963402582e-01
3.813558881980874116e-01 -3.896376426425079309e+00 7.352696466080074211e-01
1.770152200735318759e+00 -8.902402510879736663e-01 9.076392320011447135e-01
-1.821795262556076711e+00 2.884669324916999122e-01 -5.745283827151983047e+00
-9.573650399478338124e-02 4.912062809451694378e-01 2.819357806241568731e+00
-1.044970218496205083e+00 -6.729208886824079860e-02 -1.487392172188194417e+00
1.459406381816794163e+00 1.280325642811866171e-01 1.514215087353939504e+00
1.637691396376174557e+00 4.887003438044953407e-01 1.999620372525867940e-01
6.551448190119957271e-01 -3.709219275937562621e+00 9.389921463026651427e-01
-1.939140933569004632e+00 -5.281058360335408430e+00 3.043923238930281716e+00
-2.143417895983598775e+00 3.199375122744431366e+00 -1.844433542211449506e+00
2.365620250169394367e+00 2.870080491263133027e+00 -1.472277855206589825e+00
1.851187901834489002e+00 2.110204408769448481e+00 -2.758895632228920203e+00
1.115933064235014482e+00 -7.041738807129847011e-01 2.244404063039474373e+00
-5.482142481000684686e-01 1.872271275801070112e-01 -2.939649730816522144e+00
-2.722108310119972230e-01 3.484581353147528926e+00 -1.383312764525748140e+00
1.976748228384203609e-01 2.496959146118947093e+00 4.494490697520912015e-01
2.298368501853481849e+00 -6.397385133214489317e-01 1.066165023826989966e+00
2.971937465852609317e-01 2.811543310909446092e+00 3.421854111008673094e+00
-1.036261154632472481e+00 -9.269771043921543052e-01 1.424961954826540422e+00
-8.631216422490178841e-01 -4.526117953771455205e-01 1.054522516128577836e+00
3.490393161098863661e-01 -2.574417230910445831e+00 -2.802972748500472955e-01
5.406432526966630014e+00 -2.241055962136706103e+00 1.026541474452646874e+00
-1.898841274240332944e-01 -2.316501957359823560e+00 -1.436535199546327357e+00
2.104267890257022489e-01 8.766351948800712446e-01 -3.039082226424887415e-02
2.578901929246022462e+00 -2.967697352381524656e+00 -1.649964168007804766e+00
-1.036525034445122229e+00 1.984459755264727177e+00 2.875476925670325534e-01
6.598079062168820119e-01 1.112546976473985705e+00 4.154396694705658200e-01
5.898518388074843605e-02 -3.044194254834229785e+00 -2.613533913553109045e+00
-1.730186667504214348e+00 3.613791092470751476e+00 2.018613004714436610e+00
-1.384760106808521130e+00 1.396810988296699474e+00 -2.144707518864997997e+00
-3.154802860670247178e-01 -7.515669848429482047e-02 7.027545975910960419e-01
-2.339206998669974169e+00 -1.799770751836510252e+00 2.037932650843194693e-01
-8.259945437405595559e-02 -2.791846861620356002e+00 9.511060041661071329e-01
2.126599208091871418e+00 1.387237323307006109e+00 2.418476229100425368e+00
6.617786631038203859e-01 1.714603751060412851e+00 -3.552965989271023028e-01
-1.288143567767818576e+00 1.739058420260906956e+00 -4.311566218767147185e-01
1.910007105464126331e+00 -4.021815187687841409e+00 6.829010262351717930e-01
-6.542697520265050581e-01 1.055334688109923896e-01 3.945949811132611063e-02
5.299199096482895555e-02 -1.737689375113454116e+00 2.991874013318704950e+00
1.483807576410864026e+00 2.042812379571046222e+00 1.670656427639745534e+00
1.093513570776085464e+00 -1.189464668695533245e+00 1.715691899500861872e+00
-9.325464401913585721e-01 6.072090601700053103e-01 9.978926801070918673e-01
2.017057849181854490e+00 -2.892462368070624068e-01 -1.988130802444712852e+00
-6.484496561656778457e-01 9.229532305181490370e-01 -1.958312992039012101e+00
8.361275939744284846e-01 1.841466165774259034e+00 3.353952993561005069e+00
-1.287533618302203475e-01 2.119042779618938166e+00 -4.706632330302158440e-01
-1.369068197837121748e+00 1.098507346646591776e+00 3.804944417502237886e-01
9.105128454529900495e-01 3.951991023995709451e+00 -1.801708448276014840e+00
8.710089222302347389e-01 -1.437280817480151851e-01 -1.711992873552995453e+00
-1.989405729955802560e+00 -8.119827383640938478e-01 1.000406320566782581e+00
2.409968145027758357e+00 2.982790004368992776e+00 1.982916803673150652e-01
5.465707106860582254e-01 1.434091739397726384e+00 -4.240113407660088818e+00
1.767862499870993975e+00 -7.104067643595126658e-01 -5.407571429302562294e-01
-5.719161361978463143e-01 2.143550282288035902e+00 -1.379560399560239903e+00
-1.407666749416176089e+00 1.697616907339282610e+00 1.515063532885560504e-01
-3.120064979083507328e+00 -3.097695923485582759e-01 -2.778587646132732569e+00
1.677316574989815345e+00 3.889487399207145479e-01 3.185491945353664978e+00
1.165299382084209467e+00 -7.313908902675863022e-01 -4.704139204026889232e+00
-1.592071130788775379e+00 1.198347729252843497e+00 3.075503607992354560e+00
-6.791311039628816770e-01 1.014286998404156037e+00 -3.257201853953470838e+00
-2.158068962961023018e+00 2.864563302756308327e-01 1.007341950752995485e+00
4.876377955024309152e+00 1.127541575322644318e+00 2.307241360216208736e+00
-1.666294886867349501e+00 1.405603101809869804e+00 2.084610292525341801e+00
-7.751032029770776877e-01 -3.614856724772608776e-01 -4.041230565940767128e-01
-1.467657798795916513e+00 1.660359317636638243e+00 2.750032895591592919e+00
8.510152370276879985e-02 2.111853299982425103e+00 1.032812285610220648e+00
2.567785329841511643e+00 -2.427925551425958339e+00 -3.417121397141787309e+00
-1.449830801556632132e+00 -1.814915806371866669e+00 6.675241329923299327e-01
-3.477635548595454651e-01 7.609166863294348770e-01 5.254758405182593073e+00
-9.343487594084621817e-01 -1.304365791749704462e+00 3.565640201718408342e+00
3.450047088864343081e-01 -6.523556370289135264e-01 2.249248220019147926e+00
2.046238202192588451e-01 1.092731462580915025e+00 4.337248376805033501e-01
7.617025808396046815e-02 -1.007085927801907754e+00 -1.605318352058666687e+00
-1.589992506417778451e+00 -1.778091655053149367e+00 8.364446776394655059e-01
-2.401822080924000069e+00 1.579813842209311314e+00 -2.304459900608285317e+00
-4.817129414979828717e+00 1.081559573664502949e+00 -1.708146392758874477e+00
-2.547712299456040275e-01 -2.060504491021140971e+00 -1.210334075855327596e+00
-1.913303579036700786e+00 8.540141950184630959e-01 1.344828753347250050e+00
-1.391451857951789606e+00 -1.198025252375527705e+00 1.725309978278731116e+00
-1.492754057795670608e+00 -5.966494136301501161e-01 2.232123689149543289e+00
1.519097796108758835e+00 -7.076088400701409098e-01 -2.896733962677122687e-01
7.560749849040070414e-01 1.020031057924312590e+00 1.505143301720257787e+00
1.101623792057154771e+00 -1.005561520751190097e+00 6.658179665240023803e-01
3.805653888020354980e-01 2.053388075725788298e+00 -3.811106578341148521e-01
-2.716703887424513741e+00 2.320578335337982190e-01 -6.010444632841004386e-01
-6.893737112291464797e-01 -7.345844149914451116e-01 1.572250479682177460e+00
-2.089366017986991064e+00 4.606158077639836979e-01 2.076030164956653934e+00
2.430410345084484669e-01 -1.557768913231484031e+00 -2.315156805429824605e+00
1.717319595679880351e+00 -4.355500936631976572e+00 2.462706167804416868e+00
-2.413250027604667558e+00 -3.436081232945370489e-01 4.400354975175706507e-01
-2.122358335192432666e+00 -1.358362806881453499e-01 4.453256553452432653e-01
2.463462350028508274e-01 2.220650952904163755e-01 1.067805089723190548e-01
6.454584809398079825e-02 -6.801154626322062358e-01 3.694666018036018684e+00
-5.913127532411382309e-02 -2.565926104818000777e-02 -3.085572643643320623e-01
7.943602998059685616e-01 1.567812169180677229e+00 1.261383292535562806e-01
2.463102663152462846e+00 -8.136733607669879298e-01 -1.257091591245989293e-01
1.591008974701592749e+00 1.949036794293214081e+00 1.309825554499308709e+00
1.221090753158335707e+00 2.717800833149817130e+00 -1.322100158592417682e-02
1.112313187356040789e+00 6.571439542363096686e-01 -2.656440798982016460e+00
8.834734177100794783e-01 1.382344790407775470e+00 2.653288259464789078e+00
1.852947997858383822e+00 1.379920109700469022e-01 2.155243469367744968e-01
-1.539880824340584375e+00 1.611470185184110948e-01 -1.364189489512570574e+00
-2.442335193322918929e+00 1.315233883381312641e+00 7.759572796623209756e-01
3.264169641663275723e+00 -1.082217957065821912e+00 -1.333391768366802399e+00
3.187514891344517487e+00 -4.458642974540434345e-01 1.168478513286702380e+00
1.679273587471572737e+00 -1.727535446571474509e+00 1.406395313073913522e+00
-1.119356891584989855e+00 2.427346205665774193e+00 3.257379418057756215e+00
-2.142010326705719725e-01 4.805733574386020779e-01 3.878702194903575151e+00
-5.734246361419960358e+00 7.159839302902964997e-01 -8.211659987030404118e-01
-1.029686749067566937e-01 2.236022866149546928e+00 -8.736763471237946055e-01
1.376920171927371372e+00 2.180491133417375771e+00 2.886033161008180858e+00
1.068978992717417142e+00 -1.145414358419909240e+00 -3.109793470059004084e-01
1.960654386877833222e+00 -2.172215181691210084e+00 3.059930416319466051e+00
1.247389071191782772e+00 2.522876724239951685e+00 4.170415125864004868e-01
4.331041623524089168e+00 -5.088127038702594529e-01 -1.394685824874403401e+00
-6.196035560442341161e-01 -1.303037254513626841e+00 -3.462146496912437144e-01
-1.103038316865305291e+00 8.056345370834405717e-01 1.985662377974615866e+00
-1.509304993029340736e+00 -4.566502855838413311e+00 1.410987315498180683e+00
3.753214475940548134e+00 -2.838650488464940391e+00 -1.910804947052238800e+00
4.242966809249668181e+00 7.530223109499879774e-02 -2.174911396508431238e+00
1.794220143340630624e+00 -1.918541327465259627e+00 -1.092560491154427105e+00
2.615294379189651242e+00 2.208724538479893251e+00 -1.135138390274106568e+00
1.972362361032556022e+00 6.068683499024376538e-01 -3.957763007703246072e-01
2.874284764079130028e+00 1.859129877187054358e+00 3.032338305356273578e-01
1.911028335896153008e-01 1.100915353557712972e+00 -9.173366692536656375e-01
-2.322260784181708004e+00 -2.132346618263014637e+00 1.506703455392122359e+00
2.762172257012501575e+00 -7.970954688548900213e-01 1.137497237183324517e+00
-2.261094347452962783e+00 1.348304204462230649e+00 5.112914144423027496e-01
2.508893096168401726e+00 -1.914689470020176421e+00 -1.336637805515759281e+00
-6.804349329713692551e-01 1.275272429462029344e-01 2.337235296598952072e-01
-1.099092840674006144e+00 -2.580585381115328425e-01 -4.931580113383675634e-01
1.099801034620921936e+00 -1.336999907664751630e+00 -3.637147122074422256e-01
1.154351790087632335e+00 -3.596931149120095039e+00 9.701741519423027205e-01
1.459606770218627059e+00 1.312247536182660435e+00 3.009914850243566420e+00
-2.492735175015398652e-01 3.648195017197978451e+00 8.126026562239693218e-01
-5.338366415629219874e-01 3.163317186859284091e-01 -2.708581183181431040e-01
1.740830242098902803e+00 -1.726823833845933187e+00 -1.168658208748276639e+00
1.772900127770582035e+00 -7.576114174175330174e-01 -2.512086933927796473e+00
-1.022206494809303257e+00 1.201961393888728580e+00 -1.348377349711314954e+00
-3.147664746803457092e+00 2.230661492263471324e+00 -1.053960482628393924e+00
2.979467777241856297e+00 1.511310845249951518e+00 -1.154447715993561774e+00
2.187933905384123356e+00 -1.091073322138286672e+00 1.654633165148370610e-01
1.662959433226317563e+00 -1.515095918134948372e+00 -3.270669521603573049e-01
6.871487647626102202e-01 -7.257238708651361225e-01 -7.142708894126242880e-01
4.970795542305318782e-02 1.318370949560195182e+00 2.622232704372223083e-02
8.553108918826046736e-01 -1.009522086232928460e-02 2.641588726156098854e+00
1.815112778110486158e-01 3.820608201941687820e+00 3.271253854559720509e+00
2.544050244596656629e+00 -1.741581287125771427e+00 1.955748442532478648e-01
1.544015091151390129e+00 2.108090951728940066e-01 2.316459448342460536e+00
1.446936338057997151e+00 3.613339298946159239e+00 1.831056811766320902e-01
2.207280230957512135e+00 1.107369797733291916e+00 1.828867067622724774e-03
2.061151475382179132e+00 2.292451792390613363e+00 -5.226384323450788960e-01
-1.322261304616062949e+00 -1.305951474761982700e+00 1.009847142854271906e+00
3.387021181315115648e+00 -3.366607777517722333e+00 -1.348545495733243671e+00
-1.782814972699371836e+00 -2.570497129997935115e+00 3.316153247513927149e-01
9.077309849705653480e-03 -1.425271567175633525e+00 -1.623090377216306335e+00
-4.523971185459411681e-01 1.427990728137903620e+00 -1.558874138440903279e-01
-2.026391909272150738e+00 -4.871869346105498488e-01 2.588885576513940023e+00
1.674770723272198114e-01 8.576222443532085515e-01 -5.762278865458401178e-01
1.525522219248179656e+00 4.919730969567298051e-01 9.240972376117436715e-01
-9.723069283579163224e-01 -1.521594096108737082e+00 -2.488268316834705562e-01
2.724512165979128930e+00 1.819800819118881918e+00 1.372218023311735369e+00
2.474293905157330276e+00 -1.863784589035423656e+00 2.563234876962137698e-01
1.913247484915793439e+00 3.878754565759331419e-01 1.864509395726604291e-01
-2.780175591630807741e+00 -2.117932531877784186e+00 1.208388339268969824e+00
2.405853288145427538e+00 2.612441271572876061e-02 -1.907877497299718339e+00
9.386038235539894137e-01 5.129514420020310217e-01 -7.510022081662010018e-01
-2.448893150524885876e+00 1.308247192513667390e+00 -3.863404050010163626e+00
-2.021254186568639810e-01 -7.333744217132708298e-01 -2.450918306198305974e+00
2.424736643183345031e+00 -2.584953783522481174e-01 -7.159448748202901225e-02
2.111518933563084843e+00 -1.653082555762560357e+00 -4.405354191552840470e-01
-4.284741639233855676e-02 -2.612262197385235130e+00 3.737979327796741025e+00
-6.949531715194878778e-02 2.914288269301781309e-01 4.328789921055910539e-01
1.434258210672126665e+00 2.048608158782211142e+00 -5.524815738611708049e-01
-4.110678137160894252e+00 3.484787996119698139e+00 -1.047489672628403090e+00
-3.223362042307040265e-01 -5.822376635922265065e-01 -4.741498361447161747e-01
-3.602946277656977614e-01 -1.428381128114956988e+00 -2.107635665425503735e+00
-1.171552849236816352e+00 -1.095434631067623288e+00 2.838339268761377099e+00
-1.495603960806702881e+00 7.551815632152961699e-01 1.724217859864898283e+00
6.003899605105498249e-01 -6.882577492266305219e-01 2.738678281120853431e+00
7.520297156166817765e-02 -1.129139938663147325e+00 7.147907881977140221e-01
4.427999677699407943e-01 2.774060080051160337e+00 -6.046497887582811398e-02
1.599692669333605544e+00 1.169115824808597826e-01 2.895836295086092083e+00
-4.193361715148938629e+00 -1.063739463516039097e+00 1.944700635065751138e-01
-2.059428408163893609e-01 -3.940380770680166900e-01 1.320517798558836997e+00
-2.717536478088554475e+00 2.822881150347224644e+00 -2.467508248482632449e-01
-4.570000454736361517e-01 1.182772306523971695e+00 7.287661629613583214e-01
2.228939918760253214e+00 2.864527507597977030e-01 6.160423590098615954e-01
-3.362411500465932512e+00 -3.310388629183766085e+00 2.961186056730539473e+00
-2.129825019816564247e+00 -2.132879052481816640e+00 -1.505757123780677498e+00
1.691162910894137061e+00 -1.337591743176682613e+00 9.249873633012642982e-01
-4.290559649663377439e-01 -1.550825750281137783e+00 -1.748974018870220526e+00
3.807149206507554062e+00 -1.909161407877605354e+00 2.596383313468253462e+00
-7.854604552905318782e-01 5.071316126747906772e-01 9.971004117414866696e-01
-2.336408432385609135e+00 9.231153330699697346e-01 4.205341993837663495e-01
-6.170989932303594383e-01 -1.767192373469563815e+00 2.734207887558900207e+00
-2.812305795710241085e+00 -1.001224393388137512e+00 1.923767208615333013e+00
1.931642458076038293e-01 4.381412824973503817e+00 -1.816594918610957565e+00
-1.408107017251792437e+00 -3.297758375558880184e-01 -1.729196516690612695e+00
-5.160947193365950092e-01 8.750759759692664508e-01 -6.251750488401681682e-01
-1.202545668708995263e+00 -1.230931267406231155e+00 3.392896691421758870e+00
2.649583046189995184e+00 5.283437402249502313e-01 -3.247698652006336228e+00
-1.721673567686186956e+00 1.334058695481040058e+00 -1.427651980608429128e+00
-9.576019901624549524e-02 -1.103985601030739172e+00 9.815854050047992940e-01
-9.711819865532003160e-01 8.584864988094211835e-01 1.080166600380276121e+00
-1.658049196616758536e+00 2.099122502440939897e+00 1.280848795693296793e-01
4.300057166014275567e-01 -8.365980399691318459e-01 -3.539221929796924071e-01
7.929331100717035286e-01 -1.646819915109045906e+00 -9.154801845256226034e-02
3.875197252946640525e-01 1.735634774314585294e-01 -8.816318874128653560e-01
1.183026719204693045e+00 -7.057008948359011491e-01 -1.814064058171093619e+00
1.531033829317979489e+00 2.445125236144258363e+00 4.603189594503305226e-01
6.099106050545565205e-01 -7.517572428169645438e-01 4.730252051992329676e-01
3.267842166175493279e+00 1.648328882265897466e+00 2.165292541150379974e-02
4.089393482695857784e-01 5.446321425162750085e-01 -8.714687313944706748e-01
7.441628444033355771e-01 -6.617665711154716024e-02 -3.728413530688615918e+00
4.012414065113903305e+00 -6.765428423850334827e-01 -1.938116604547915456e+00
-1.384707546433865843e+00 -1.373413595143576194e+00 -7.200052796937004285e-01
-1.130302334000834241e+00 1.105487547220850963e+00 -5.782881755291473524e-01
-3.926841843492014039e+00 1.318891410227726713e+00 -2.612437634947719634e+00
-2.885980117895209140e+00 -2.904031256252476711e-01 -5.323327311658452299e-01
2.625061274018872570e+00 6.094865846544269550e-01 1.579512052476204742e+00
-1.442106545464156175e+00 4.795401541401008494e+00 1.460674778803637164e+00
1.767470366319547903e-01 1.797436262786618055e+00 -4.051974016693785430e+00
8.610960894292596368e-01 -1.607436705273160404e+00 9.155675560056607543e-01
-1.456512821661401835e+00 -6.730122157352786960e-01 1.518178784306011497e+00
-1.923149773736518631e+00 -1.751769586860682848e+00 -2.266913415802046614e-03
-1.021773542808165569e+00 -5.204589438968718756e-02 6.760501314422896757e-02
-2.854723041330496702e+00 8.555355687578516388e-01 6.875229045593201915e-01
-1.032402180579224282e+00 3.469518584518344717e+00 2.874156896027742381e+00
2.326288003848588026e+00 -2.488784301093319440e-01 -1.654768833986397292e+00
-2.244625967760457197e+00 8.861226846523930778e-01 -1.856657337722881440e+00
1.432937084191782118e+00 -1.607089445558057550e+00 1.373587565193922000e+00
-4.073888771744407222e+00 1.489477740033420816e-01 2.525589779524594736e+00
-8.048857377973208660e-01 -1.175176565243460786e-01 -2.861936508609859597e+00
-3.244995314603951631e+00 1.822646760524511800e+00 3.974356765411157233e-01
1.312577202977179169e+00 -9.737403598794510673e-01 -1.631064719024949428e+00
-1.447990045496491129e+00 -4.717153918905123144e-01 -1.182687689152494226e+00
-1.256573075831696640e+00 1.926777985460176978e+00 8.579450609059483535e-01
6.041023496813342497e-01 -1.960568291585023548e+00 -1.771583213136932455e+00
1.044284321434114204e+00 6.074243397083267659e-01 1.317591979483281106e+00
3.931378635521009524e-01 2.032730932624891573e-01 -1.864313379992855291e+00
-3.159504006221082406e+00 -9.962666919812928068e-01 -8.690642986274921267e-01
-9.982998238593280282e-01 -5.868568700191630905e-01 3.846454529071902106e-01
2.511356393817547605e+00 2.432933983054520688e+00 1.404172604494897003e+00
7.267422949476727290e-01 -1.086159684821777383e+00 5.435938037902779962e-01
-1.402478203263344048e+00 8.416476523832637779e-01 1.452836873895928971e+00
1.473685736345009545e+00 -1.678544889922136907e+00 -4.436927178520611470e+00
3.384702877281572153e+00 -1.993462141695641954e+00 9.689075053361717593e-01
-1.959540916013748246e+00 3.121269340426796823e+00 8.250000669306291057e-01
5.107870299787504731e-01 -1.115974896639144287e+00 -2.179564155509873480e+00
1.291542048309009871e+00 4.240419269946650971e+00 1.977074278991330925e+00
1.351615181244282260e+00 -1.834924784061336078e+00 6.680557722622022521e-01
3.277891412372002655e-01 1.442934285422666107e+00 -1.406085429139513510e+00
-2.275393735544678497e-01 -7.407389693532356878e-01 -3.723046501758807691e-01
6.069751905487397181e-01 7.531925769840386309e-02 6.715046668166049226e-01
-2.042884934720740731e+00 -1.093176485585213520e+00 2.112315546625755491e+00
4.894160734985966710e-01 1.856225260468787441e+00 -2.403934454167809154e+00
-1.695640686614900527e+00 2.110750460421141117e+00 1.181123625246027625e-01
3.817948832422949357e-01 5.348353515306346617e-01 2.698361146129334642e+00
-4.445251158340043141e+00 -7.391781255833054232e-01 2.232602359213215593e+00
2.849882193203625569e+00 1.111262452799348793e-01 8.548483196563226860e-01
-1.625540130922128179e-01 2.181769187649548053e-02 -2.672917402837573064e+00
1.230523818163949734e+00 -5.077407686192664249e-01 7.468348598487348222e-02
3.299604762043301776e+00 -6.445112522709568470e-01 -2.450583242724355681e+00
5.050430713046701880e-01 3.039167801669277469e-01 5.435298436600012328e-01
-1.641765124424805933e+00 3.438261676120349275e+00 5.003056501501632614e-01
1.577929498739644831e+00 -1.351320671853096567e+00 -5.407032646048975932e-01
-2.877200716847113093e-01 -2.056304393135042652e+00 -1.848218455775182401e-01
-9.559309538195879252e-01 7.091709954908097524e-01 -1.522474413540209293e+00
1.975323662199158503e-01 -2.210383861542777328e+00 -3.104045938118091263e-01
3.855354632125611025e-01 -6.736990516371968996e-01 -3.335004161750603657e+00
-6.442910442541219251e-02 2.681166207461277651e+00 -1.416987807514460629e+00
8.022784462137965145e-01 1.147890121658976526e+00 1.734175128850737435e+00
3.976139947102027006e-01 -1.070179849774153702e+00 -2.749321375124580968e-01
1.474619689066268391e+00 -9.704766324998419513e-01 2.610956020056165450e+00
-9.169501493925383828e-01 -3.040953063530545286e+00 3.986844108410254051e-01
-2.518825652684065997e+00 4.039819986418012321e-01 4.381984741965812002e-01
-7.253024557529655914e-01 3.537655584116553009e-01 -2.521809947461615131e+00
9.213058978453075865e-01 1.639809428072160680e+00 7.376315598639104909e-01
-1.980711689058455072e+00 -1.477412482162348661e+00 -1.941646902856093149e-01
-2.117875838344635220e+00 -3.306481524172087294e+00 -3.520766805328256588e+00
-1.097192587492841875e+00 5.616051632986114317e-01 -2.053645105129771331e-01
1.749041006300734669e+00 -3.539039317425407560e-01 6.833293279815206844e-01
-4.037978249274800646e+00 2.567383308105793960e-01 -4.044269465416382991e-01
-6.781724787192724424e-01 2.610997176217848992e+00 -7.083216453735751150e-01
2.230030720756226881e+00 5.444742251387233445e-01 2.637293357087404200e+00
3.875168787994976771e+00 -5.791893025518011218e-01 1.019071369068055288e+00
-5.541603723262767955e-01 -1.661646898842996878e+00 2.414339016848654484e-01
-1.864077271319896756e+00 2.511567559851029863e+00 1.303847149137136618e+00
8.090955057596748157e-01 -1.502599885944227553e+00 -6.599283003493909838e-01
1.460372624748333292e+00 1.282847423969012857e+00 -5.717774920268782202e-01
1.114296847291358361e+00 3.633460826539061550e+00 2.937313586554791023e+00
-2.728956094252128928e+00 -3.948389438305850013e-02 -2.054917380242759162e+00
1.337323569865509931e+00 -1.861260928485135135e+00 -2.168722413777350311e-01
-5.975583641467311358e-01 6.914443449241486350e-01 2.453321262949330173e+00
-1.636591161275008588e+00 -6.098129003919032787e-01 6.880003358877556652e-01
2.882327981442409648e+00 2.266770407157750800e+00 8.959832942948577905e-01
3.600705268810645787e+00 5.334728251592321113e-01 5.820400636248262982e-01
2.569627841297138726e+00 -2.488928388676075465e-01 1.694336589301685958e+00
7.517999079167480003e-01 1.637886705725425524e-02 1.918149352697937626e-01
-1.991483796037601728e+00 -3.118336410013216042e+00 3.554092478610880068e+00
2.240936855195562849e+00 5.671174262712453951e-01 -1.456725355429448587e+00
-7.123809232026442340e-01 1.040701778960018586e+00 -1.065302192889963750e+00
-6.149096282875370356e-01 -4.014068370964891663e-01 -1.639577093663406426e+00
-3.863637421039765041e-01 8.129636203029824149e-01 -4.800180988326578913e-01
5.946050960641076077e-01 3.024023914916871281e+00 -2.075108188929942754e-01
-1.272512518594614672e+00 -7.639897197510230331e-01 9.099350483244192933e-01
-7.240210985816681877e-01 -4.645491722498677589e+00 3.843258330343343743e-02
8.411219075988045635e-01 8.931858357504578461e-01 -3.687682630917493154e-01
1.847229956910093618e+00 3.784165783438831809e+00 -1.526279913980234104e+00
-2.097273514613197332e+00 -2.082747359823184929e-01 1.487246542372672398e+00
9.466046789290737395e-01 2.913724282553233014e+00 5.100943695671796840e-01
7.517619345847246226e-01 -3.005161057454501794e+00 1.224640946434852440e+00
1.059813976720891532e-01 -2.449242002991218303e+00 -1.783412515714279056e+00
2.011027104406926391e-01 3.528136545172140259e-01 -2.646284887038766076e+00
4.595729024566053700e-01 3.645016605901217899e-01 -5.990309372190797399e-01
1.127847115858218618e+00 1.390344395580018211e-01 -9.977878228264801530e-01
5.133585540605890563e-01 -3.034199726214164561e-01 -4.230212540755884376e-01
-2.081024696815882091e+00 -2.826704836379660968e+00 7.981343654346828576e-01
4.642268118347849359e+00 2.001348199143763440e-01 -8.455282553329506179e-01
1.224421475437930784e+00 -1.053621872044218311e+00 1.436052125824313075e+00
1.675943073607788936e+00 2.234397699123908065e+00 1.268004202978587180e+00
-6.280481837113816024e-01 1.226123383818861212e+00 -2.163421316729368105e+00
-3.893393728243456087e-01 -2.888118941728192279e+00 1.803891681045033613e+00
3.119223364485793848e+00 1.741845152053920431e+00 8.401536787842438236e-02
4.636916301084133551e-01 2.185038998330893545e+00 2.873744984893378263e-02
7.465478154342386485e-01 4.791151594030499949e-01 1.667182315190699260e+00
-2.521784429909471825e+00 -1.662537168594150572e+00 -4.298117141427667320e+00
1.013653250418185214e+00 -4.704254051634216283e-01 -1.596627641451291990e-01
2.269801780279391057e+00 -1.766180446690481798e-01 1.171270230748675978e+00
-1.081940140599685574e+00 5.329943845935132263e-01 -1.131315091869958378e+00
1.486551653112212268e+00 -9.444462287964771052e-01 2.798280061929945717e+00
-3.122060150007375801e-01 1.705012199840694409e+00 -1.840932043311163779e+00
-7.840276849218805744e-01 -1.723177318285900039e+00 -2.448539020963143908e+00
3.956111729510036756e-01 1.239144438742656673e+00 -7.767456308852562774e-01
3.985439431021289280e+00 -1.857687084065849925e+00 8.357873690712593895e-01
1.096215206969107792e+00 1.150120871524316968e+00 -3.377525304156138386e+00
-1.881930108088287756e-01 -1.541593590886083387e+00 1.454018470732040269e+00
2.056446190337851476e+00 1.809360458829391005e+00 -1.016573590157267670e+00
-3.345071472455335204e+00 -2.655910351604299002e+00 -1.312072692043822819e+00
2.949152268129625387e+00 3.577151851830854490e+00 3.066640157574403780e+00
-2.888797853156137130e+00 4.095343264887635892e-01 -1.768066295661761267e-01
1.700861574186762759e+00 -3.297215539511376470e+00 9.404939449880405089e-01
-3.663925352034955174e-01 -3.378082526809243369e+00 -1.645987404574538848e+00
5.717231912085115608e-01 4.686729769483961167e-02 -3.736249602292081029e+00
9.823440068239119860e-01 -2.039315587304915134e+00 1.125297571406873365e+00
9.741273917417034856e-01 -1.295810309586269637e+00 -1.125599821419554170e+00
-2.893401426200867821e+00 -1.646930650168339783e-01 -9.165766611417186516e-01
-4.495091732703378473e-01 4.114628902333173244e+00 -3.482075308867478292e+00
8.382808811440520813e-01 2.426816682964405281e-01 1.377209521741984966e-01
-7.617176168291859284e-01 -2.144937313714842642e+00 -1.023923215257352526e+00
2.140349248004411731e+00 5.619499671063337143e-01 1.311190745306918037e+00
1.154797192927989435e+00 1.161632715168969598e+00 4.477222007832510897e+00
-1.636842623405439845e+00 -2.098323075944795946e+00 -5.018583443117979881e-01
9.316578854254881081e-01 1.817426977775851993e-01 1.033418176483406947e+00
1.986515580448316443e-01 1.124908331843254228e+00 -9.114026604036570278e-01
-2.078683755501509189e+00 -9.139837505849287558e-01 4.145277127918079785e+00
2.664484945122779003e+00 3.197581023759784036e-01 3.171597244251119552e+00
-2.887668387879578358e-01 -5.266703711693070389e-01 6.840249609832865785e-01
1.875381293625736356e+00 3.364774295294828965e-01 -1.111016025645690686e+00
-9.933574064231789347e-01 4.625566282188852796e+00 2.382704083477992452e+00
1.226836235219733062e+00 1.863049395610115511e+00 1.568082534297875197e-01
-3.605026798678991451e+00 -2.950347847345114793e+00 1.212253745287025453e+00
-3.616969988443620387e+00 2.516615837030895975e+00 1.125066369559125867e+00
-1.113829628341780786e+00 1.752252049713810989e+00 -9.371611373896406860e-01
-7.703081098688635553e-01 1.128929276456933417e+00 -4.792239691136297719e-02
-3.241578452162294344e+00 1.090793617275258365e+00 9.904440625722707447e-02
1.417769151931362437e+00 -9.704741420528585349e-01 -9.526945832614968079e-01
-1.475626907096253326e+00 2.646140327887677168e-01 2.599435905412950110e+00
2.365686038198923313e+00 -1.781824144375759200e+00 -3.244348675521517844e+00
3.290975315799207213e+00 4.054757412937141647e-01 8.034890932568337085e-01
5.396783268122894661e+00 2.694422245708445462e-01 -2.351011740296214292e+00
7.899151692470979258e-02 -1.086784412300106251e+00 -1.820885910071181835e+00
3.466623418609856011e-01 -1.536811152662013846e+00 -3.158953583982102131e+00
-2.311028066196685771e+00 7.029609913126547149e-02 -3.005707747198185786e-01
-5.449478028940778485e-01 -2.783688393480053258e-01 3.326372519091558289e+00
1.044782898710613139e+00 -3.537711852311808514e+00 7.344053410068893117e-02
9.808089378406440462e-01 2.594977518589258181e-01 -1.011336350687563890e-01
1.173872124397711270e+00 1.942052170569037672e+00 -3.028775679924391007e+00
-1.035400048920963378e+00 1.180393555771655834e+00 -1.297408155926060291e-01
6.774603674283092847e-01 3.078809646008008105e+00 2.391471199069715059e+00
-1.908981033179726561e+00 1.098082254914024114e+00 1.261185618341943870e+00
-3.753778934222197439e+00 -1.369295262906796706e+00 -1.715491722557567877e+00
1.942183938786838260e+00 2.065991217267180158e+00 -1.701595676814243729e-01
-1.438637087001841397e-01 5.519731007684592905e-01 4.014773022086315812e+00
-1.798701277685949229e+00 2.279912776333904212e+00 3.046237634370665859e+00
8.359069507099260443e-01 -4.418548083684044947e+00 2.087175329168262650e+00
-1.895040079534061173e+00 3.933165393230830809e+00 -2.299788514652709726e+00
3.140126160699177604e-01 2.364443691222612554e+00 3.113636516453540448e+00
2.456739130138212879e+00 1.583310495445650057e+00 2.043231442945123988e-01
1.940183498459967515e+00 3.622778826260361296e+00 -1.854168617152949894e+00
-3.227498032318977916e+00 -5.002302103600253513e-01 -1.187180225017135715e+00
7.862915286458354025e-01 3.272427816293537184e+00 -1.193114950513207040e+00
4.613366870758905391e-01 -1.409767129350912196e+00 -5.352316707900466319e+00
-1.351587190681949879e+00 -5.137516756249377314e-01 2.638482274521078530e+00
4.659820377711703654e-01 1.915815914301560507e+00 -1.243183819585324867e+00
2.815448660919905866e+00 1.143885927005247938e+00 -2.592037299418023633e+00
-8.600137752755772358e-02 -2.748291533184639146e+00 4.853281112730273850e-01
-7.855356245475064725e-02 -3.487937727505103336e+00 4.285458565031902700e-01
-3.463893183221541161e+00 -2.075709953554554676e+00 -5.989628373953950757e-02
-1.494695767269802911e+00 -1.224479841347905884e+00 4.893248192933463692e-01
-1.275399239847380572e+00 3.538768581262265567e+00 -1.661043768367027829e+00
7.188617998619177829e-01 -1.430193632041572238e+00 -3.174058963066323513e-01
-1.864405767750628995e-01 2.977693983646983789e+00 2.897205462756125893e+00
2.406370862725696558e+00 -8.187924418394450232e-02 -3.552776689841629754e+00
9.630328898584865627e-01 -9.382315819141152646e-01 3.068540097973059932e+00
-5.070836065591355357e-01 1.646781349812317663e-01 1.673438913681894125e+00
-5.333982503976202327e-01 -1.015654781927787687e+00 8.221254309636266688e-01
-6.249099666257562635e-01 -4.206204931071400033e+00 2.635404420611336396e-01
-1.387362029412127384e+00 -9.662527831021930913e-01 1.149569038673739163e+00
-1.479669660414987264e+00 2.146587003349507583e+00 3.971572557557470629e-01
-2.838488722379104989e-01 -1.879312521847053219e+00 -1.175669090940322015e+00
-8.548166358980709978e-01 9.095033181444491799e-01 1.918968112978988616e+00
3.802726424349237577e-01 1.154289013061233993e+00 4.788276678745201131e+00
-3.137463648542046624e+00 9.085335923736730379e-01 7.229459294140497816e-01
1.574223515972020149e+00 -6.891247998252750806e-01 -5.713773650489742950e-01
1.127450776385834796e+00 2.185283462579751923e+00 -1.755099566547402290e+00
-5.470539716447682110e+00 1.367899779932939319e+00 -4.021402244507791407e-02
2.477164451060203665e-01 1.171921259965624129e+00 -2.981681318179588036e+00
1.657482784338125681e+00 -3.324723291201984843e+00 -2.797948660343724470e+00
-6.284338760789419664e-01 -8.110754446870908074e-01 1.863072955094314587e+00
1.551959370239352154e+00 -2.136633862489908164e+00 3.573264237271647659e+00
1.032860631809531915e+00 -2.801090526111462697e-01 -3.914168895408989712e+00
3.231245865883875634e+00 3.478956057634752685e+00 -1.370360713194193059e+00
-5.230173413925461867e-01 -8.082702845149626336e-01 5.418081797334596272e-01
1.486136043515492444e+00 1.932409855222340767e+00 1.682209426548499254e+00
1.337893468049217605e+00 -1.727950102007283384e+00 -8.770383875528954265e-01
3.817263824167965724e-01 4.115694633521195800e-01 2.873292975443340613e-01
-6.049907804775703779e-01 1.425158189300866018e+00 -1.276093826010306520e+00
1.055554116026806488e+00 5.504180882597345913e-03 1.280579948882429431e+00
-9.919178358377637172e-01 7.833029470834916852e-01 1.193409849943514178e+00
2.609440370478693705e+00 2.393368076481727780e+00 -3.997371928033359167e-01
2.175269720354224390e+00 3.195815953528640674e-01 1.279602989911037270e+00
-4.042804582559680782e+00 -3.786661319650795332e-01 -5.047171345045653457e-01
-1.159978534500316849e+00 1.892367400743913741e+00 8.123680920127513971e-01
1.343282638366626036e-01 -7.945322489272516053e-02 8.344167548603663720e-01
-2.235431823253539285e+00 -3.103847547318306699e+00 -8.539679013992364232e-03
-2.172745573266045671e+00 2.983346135331887083e+00 -1.359700719754369791e+00
-1.526039956661241037e+00 -3.744030809018493167e-01 1.898562900432316569e+00
1.017284291179372469e+00 -7.039153239000972562e-02 -1.307412338361104487e+00
2.339337131177478823e-01 -2.849553028875740690e+00 7.414564840811419533e-01
4.184472130976892301e-01 1.400807115756798948e+00 -6.929063140995964099e-02
-5.105665357949136229e+00 -4.962247494402951542e-01 -1.804889275694940287e-02
2.207358230277926547e-01 -1.090742044703246316e+00 7.983927738221595349e-02
2.848076604605949136e+00 -3.153529653179947823e-01 1.776764279262361468e+00
-1.865772319694618542e-01 -3.050118220839165284e-01 7.965539675274603271e-01
-1.126877190712260779e+00 -8.202594325640668593e-01 -6.928015694415745607e-01
2.214688192870660544e+00 1.113430016015766855e+00 7.146219262427049301e-01
2.790759802967284653e+00 8.697418944171653177e-01 2.271164715358572561e+00
-1.382942980721259874e+00 5.073022873604945415e-01 2.006464341618670488e+00
1.013549698165646523e-01 1.340762381688872296e+00 5.274589286213704931e+00
9.874111133124389150e-01 -1.120041007126112209e+00 2.707640851927556103e+00
2.299393446222612256e-02 9.932870245879257265e-01 3.341211669635501202e+00
-7.610723233912451979e-01 -2.652306607732804355e+00 -2.635841267700126611e+00
3.029567307403047138e+00 6.894869208479442735e-01 1.323100241661453458e+00
2.592324320441648400e+00 4.811508492308723128e-01 -3.101466192180123427e-01
-2.426553252201929300e+00 1.091244108695702097e+00 2.944362460115043767e+00
1.233822878783259247e+00 8.241108347404115797e-01 -1.124632729560766542e+00
-1.232280500657669142e+00 -3.473014416643035229e+00 1.077544638285637291e+00
-2.267768384317807862e-01 -2.255234259737575186e+00 -2.269579356097856326e+00
-1.225032702678381380e+00 2.267609105119724244e+00 -7.667580375227112111e-01
6.266409581519695182e-01 1.797137800105273353e+00 -3.449871420453892945e+00
-2.871440669750340291e+00 -1.317211783368247735e+00 4.686782352322263479e-01
-2.610202335771587112e+00 -1.355287793165664167e+00 1.898368299643217405e+00
3.094714654093229100e+00 -3.521032699984395276e+00 3.195464058595456208e-02
-1.465522854284614651e-01 -2.240640580481058741e+00 -9.419116153026987903e-02
-4.935703934654443459e-01 -2.076307218072246386e+00 -2.442913225756418172e-01
1.867866151187687285e+00 -5.066318167433244701e-01 2.187627963938771070e-01
-1.600883189741989288e+00 -1.250957382733070000e+00 -1.664449947091059201e+00
-1.893263673001004468e-02 -6.385467850020093428e-01 -1.381904356620920371e+00
2.654370615163774261e+00 8.526276246460902097e-01 8.304922662061585692e-01
9.534114659323522645e-02 -1.615670804782114889e+00 -1.532729365159164026e+00
-1.013918289883769974e+00 -3.072019508249008157e-01 2.501823599580009994e+00
9.262495069976930950e-02 2.752876228191327268e+00 3.839187427828184007e-01
1.464801590754351013e+00 -9.708332243858855959e-01 1.521689067708784926e-01
-7.277975060041849131e-01 -5.049597506124134938e-01 -1.324149690036610760e+00
-1.107834323149019390e-01 -1.232032573698461198e+00 -3.577363949261130327e-01
-1.614810681852615781e+00 1.280445888822404177e+00 -7.135215069464869719e-01
-1.821437831057034773e-01 -2.933354762929833104e+00 -2.358980999164650427e+00
3.842487170137119934e-01 4.109235169630469642e+00 3.010226234666570022e+00
4.096127916213636588e+00 1.576990786687764157e+00 -2.787145189929791100e-01
-2.969280060423515444e+00 9.630679105670039153e-01 1.301752553531767109e+00
2.055912487504277131e+00 2.098977098154360732e+00 9.111579046530762227e-01
-1.717662018330641471e+00 -1.448500877132965048e+00 -5.405354555098046410e-01
1.633097062645729958e+00 -2.125032830351662128e+00 -9.832975430857526788e-02
3.520931025979865403e-01 -4.765741359079957440e-01 1.328729300537803970e-01
-5.799894960070177685e-01 -1.058852580871050941e+00 3.319625754722533184e+00
2.719941956341012101e+00 8.296299659879261545e-01 1.122408095885507384e+00
-3.806280939166848953e-01 6.452966337099522720e-01 -1.888326849587985967e-01
2.847502408679800201e+00 2.476882896651523058e+00 -2.218577575044923478e+00
-2.206797852926624948e-01 -1.481380819497930101e+00 -1.032041227976411735e+00
-9.847899148811645187e-01 1.203832881936423016e+00 1.575962452234917155e+00
-1.355240803032567998e+00 1.559409117478172346e+00 2.815613104521050403e+00
-2.569557877729928830e+00 1.524963844988562078e+00 -5.857506248432645668e-01
-1.505046904114762940e+00 1.499859926340544547e+00 -3.522929989106451831e+00
-1.044174216478586381e-01 2.779337267123598854e-01 4.361924674953402969e-01
-9.599668156429215227e-01 2.826907380380804247e-01 2.445822160677716628e+00
1.167541907252850342e+00 -2.610749686267573200e+00 -9.454251160993770720e-01
5.681483078003457532e-01 3.320888750160531977e+00 6.455770701149285418e-02
3.851343972396900295e+00 -2.502755316065770508e+00 -2.303423918922093527e+00
-9.483990189813374938e-01 7.023376381848257521e-01 2.500069906072698966e+00
-5.084304283226959154e-01 -2.549119037500191087e+00 1.680245909713687480e+00
1.794816862487860487e-01 1.456180661112357111e+00 4.135907253400775474e+00
-1.247508445402062405e+00 3.083752193243096240e+00 1.135548058650086123e+00
-9.543200778770887238e-01 1.770193509657405961e+00 -1.239344087363286162e+00
2.174517080825288495e+00 9.891695762641234957e-01 1.041686688708328257e+00
-1.081288875276525951e+00 -1.183937083413070246e+00 4.382903527950831046e-01
1.152023404736193690e+00 6.453146546187435995e-01 -2.666742514423161126e+00
-1.296413694840942377e+00 1.237011878198227555e+00 -2.314630573122516743e+00
-3.717217578282903112e-01 -1.386146857978429514e+00 1.306165879815166242e-01
-1.619686592045106899e+00 5.192100150885370358e-02 3.187276292744516404e+00
1.015680227564583316e+00 6.442972391454705461e-01 1.765118442365189555e+00
-3.707504226480708098e+00 3.554113302857647705e-01 6.943007443060469353e-01
1.328161759156058219e-01 6.317950686303149821e-01 -4.653259988625662452e-02
-3.578665028891347966e+00 -1.256983590716109100e+00 1.389585983398822444e+00
8.435397495463764495e-01 -3.589875698563322004e+00 2.604254563472350181e+00
-2.731227619878338952e+00 -2.821985847914214030e-01 2.179906008537229933e+00
5.959405792484319120e-01 -8.016818492439710120e-01 4.686533134062650596e+00
1.415643431520337669e+00 -3.243521755823193686e+00 5.121818937122122328e-01
-1.557753174130213747e+00 -2.773988522911645660e+00 4.013138223478689981e-01
3.790877190990090906e+00 -3.881962238573090751e+00 3.388618465560513937e-01
1.114254063479856782e+00 -7.883980278743001335e-01 3.437463141780909393e+00
2.391203207983625401e+00 -1.969597058750429397e-01 -1.026765928490558366e+00
2.470048079183912448e-01 1.958764062403877571e+00 9.638042924396637012e-01
1.931350152312254043e+00 1.404206295188425990e+00 1.519576039188545113e+00
2.200235730783362875e+00 1.001449493722887496e+00 -2.225909437562981541e+00
6.659707456431282480e-02 -2.609620318317494192e+00 -1.196856537759159789e+00
6.152197578976075221e-01 -4.712858796803374162e+00 7.618854913206671853e-01
2.689209682958469294e+00 9.816165521502060454e-01 2.893280449882904115e+00
-2.509732287593481548e+00 -4.941808740488810692e+00 9.460086224634282059e-01
-2.463648387089257541e-01 -8.810944238559625941e-01 1.584444261666246634e+00
-3.100425343784221077e+00 2.289704384651941815e+00 -2.226253114716581383e+00
2.632964937174913089e+00 -2.393197173745570172e+00 -3.180559736532150961e+00
9.127004640779281530e-01 2.929963609083131804e+00 -9.281868087202376216e-01
-6.563398528284459799e-01 -9.007238668395948222e-01 3.133755253286347298e+00
-5.976013180608011899e-01 -5.041051574229279408e-01 -2.420123538225488424e+00
1.011922791722263293e+00 -1.318695171498656560e+00 -2.456808223831109528e-01
1.217312984008733362e-01 2.088709388323410909e+00 9.363091740696304344e-01
-7.901042189278127958e-01 -2.603745615171854322e+00 -1.868798883547594381e-01
-1.084847486498045632e-01 -2.352330161795245234e-01 2.223220886095182536e+00
1.974022654096966756e+00 -3.220289064373332621e+00 -4.882050851134585034e-01
2.932791171848020184e+00 -2.631407466970940856e+00 -1.690000954324767657e-02
-1.595149124199856994e+00 1.834105629058611631e-01 1.283004709056130732e+00
1.296111534295844248e+00 1.933067317668375695e+00 -2.555511583588937263e+00
1.415809805235820784e+00 1.046179991657706365e+00 -1.100367972661490251e-01
-1.544776558161487845e+00 1.045361502110966345e+00 1.194187385195559364e-01
2.760407527558663254e+00 -1.598468440122470247e-01 1.698635462629023207e+00
1.657934888890406855e+00 -5.934393111568682377e-02 -1.377604632826709419e-01
3.614949372781246950e+00 3.855084961230836882e-01 -1.624198190081111992e+00
-1.226665527636568553e+00 1.073255699726830548e+00 -2.392497728913402177e+00
-2.019672088571387469e+00 -4.230641412118088418e+00 -9.559800403011097236e-01
4.637452248969928248e-01 1.114794306773743804e+00 5.459412729225424643e-01
8.965924841649385302e-01 -2.775739008965897536e+00 2.873891778526328711e+00
1.507332625660709802e+00 -2.634050431165146033e+00 1.115115215251587522e+00
-4.078641431577098575e-01 1.693519854730232588e+00 -1.556872985754693017e+00
-4.121500856534856538e-01 3.387704874628544527e+00 -2.659084959867356268e+00
-1.519274022789882883e+00 -1.091608856157045171e+00 -1.988205815808933741e+00
2.154428475139757992e+00 1.454797430597982721e+00 -4.285196251780631016e+00
-1.936756252042765469e+00 -1.321823279926640504e+00 1.364350791865965418e+00
2.040962553221735032e+00 8.496573879542741736e-02 -1.971539528559464571e+00
-2.386346481965401001e+00 1.725295840008062909e+00 -2.263296486407263330e+00
-5.496286372262623177e-01 -2.145049091086531856e+00 1.137774188866138791e+00
-1.604816521693038345e+00 -4.308428527284822729e-01 1.353845911678136060e+00
3.329930616118054187e-01 -1.000456546720238427e+00 2.822874120610075477e-01
-9.477179277383019906e-01 -8.163438794454142000e-01 -1.480272339522699099e+00
-2.755635535165196437e+00 -2.278579676262057596e+00 -5.938728568406964614e-02
-1.846012725702531387e+00 6.930926814887027332e-01 4.694116246884184607e-01
1.015343297495714614e+00 4.478360121210931410e+00 -3.246164412063879956e-01
-8.303536571345124795e-01 -8.139907247171397353e-01 9.215104042578331489e-01
-2.051326811859560895e+00 1.448704887128613450e+00 -3.292544465793836306e+00
-3.102726493838117605e+00 -3.538860349761293822e+00 -1.791625102741852826e+00
1.264834170581341954e+00 1.700598393666972186e+00 4.589260174309459095e-01
2.674407349253417721e+00 7.540968040720165411e-02 -3.499387643322910080e+00
1.629714787809329435e+00 -1.003439476205052250e+00 3.940131678698810536e+00
9.198371497538717634e-01 1.887336353871905237e+00 -2.615072320967612551e+00
1.459187186292425498e+00 2.576208392932455848e-01 4.203386691481818538e-01
-3.447149201545914199e+00 9.554299492826144879e-01 -2.017565996448263288e+00
8.460162589799508082e-03 -3.121716017470339555e+00 5.620583716691769371e-01
2.842063023335990923e+00 -3.205688488144248227e-01 -7.901298593593796271e-01
-6.008220161605206666e-01 -1.562752314076565119e+00 2.262723470012744653e-01
1.794632753924586765e+00 -2.114928772872054275e+00 3.452158302587767236e-01
1.229210562536624973e+00 -1.291844796293169173e+00 1.212748992075433296e+00
-8.708075314628075381e-01 2.079071208139558410e-02 2.283866950349215053e+00
2.430866455555140693e+00 3.465250874324457442e+00 4.618581141013616831e-02
-1.845079083140304554e+00 2.277368803557071608e+00 -2.462282651362417862e+00
-3.816222183847148286e-01 2.025608627477053059e+00 7.503509162919855813e-01
1.192836327573882249e+00 2.099107319405247640e+00 1.549785028633529738e+00
1.476550091721955393e-01 7.927399784945048378e-01 -1.015463022860854325e+00
-1.691908774799313786e+00 -1.221492480613333848e-01 5.539465089266274456e-01
1.202860778937102415e+00 1.377391791774879914e+00 3.410784059496565490e+00
-4.125310355287362674e-01 1.852651684339953198e+00 1.167561872850611859e+00
-1.193177603049982105e+00 -2.163609073312373177e+00 4.280387545790150128e+00
1.994333442054194050e+00 -1.176748538056313187e+00 -6.109216785617407192e-02
5.033076685390635019e-01 -9.131328787305614814e-02 -1.990467849301585379e-01
2.774274032030481507e+00 1.268187146244433849e+00 1.286584625287520600e+00
2.102110376658460567e+00 -3.751975503851161520e+00 2.778579664920022285e+00
-1.818728808928750551e+00 3.111590836700240281e+00 -9.642164847068245004e-02
1.450799043069942895e+00 6.305372825501681655e-01 -1.353422564299257225e+00
-4.010127045166760329e-01 7.276110032569423902e-01 2.547138117556980497e+00
8.040772732715269211e-02 2.897644149227113886e+00 -2.279448118513381694e+00
-4.396479914499145991e+00 -9.857691447046140754e-01 8.221476722180038887e-01
-6.913380499740398033e-01 -1.084017576178318398e+00 -2.072932073668100339e-01
-2.171495369188846780e+00 2.221300309807555440e+00 2.281874983825642911e+00
3.504679844464331229e+00 2.656690809786890206e+00 1.935906849398315366e+00
-2.863952796352278729e-02 -3.519893980610416251e-01 -1.925262358803673912e+00
-1.120918833957920357e+00 1.558261548876018532e+00 -1.130530011632317811e+00
-3.530782412873016418e-01 7.981347971421686172e-01 1.371779707033380147e+00
-1.696884679888058800e+00 5.382794728346940172e-01 3.578664673729762269e-01
1.031653795026570508e+00 1.681012847295006996e+00 -2.825202231189463564e+00
2.263252722964453678e+00 6.816722311600463824e-01 -1.855109032654701506e+00
1.974578416374984657e+00 -3.191377780723432700e+00 -1.254608320274821054e+00
-1.626799187412308223e+00 9.264768387916467729e-01 -1.794493745122950346e+00
-1.983696901083940478e+00 -4.227970032071072803e-01 -9.142491295956576280e-01
-3.963298210817576273e+00 -1.462526495913541558e+00 4.749733722587994755e+00
3.180936551723729355e+00 -3.623174981827846919e-01 -3.621099091349230026e+00
-1.645350950068553697e+00 -1.868551201060410227e-01 -9.607035724083783368e-01
1.102413093273412859e+00 -1.101422925719875157e-01 -3.259251783728224439e+00
8.408855497002308832e-01 -1.874102283993997808e+00 3.677561048325279636e-01
2.394173980378829558e+00 -3.220160050619096936e-01 3.099181636631475278e+00
1.873423046065450626e+00 -1.554035971782592451e+00 1.837559070729860577e+00
-1.443881476595084701e+00 -3.808528421915744921e+00 -3.585052001898914736e-02
-1.624851529094333946e+00 4.121535100066316404e-01 -1.880103619294622552e+00
-2.978700454260706731e+00 -5.144245767900494926e+00 -3.067467516037489239e-01
-1.660581735313143126e+00 1.166787993675357571e+00 -1.451757772978186756e+00
-4.162284092392388501e+00 5.724382016766829118e-01 4.347207281314014460e-01
1.383598943810209647e+00 3.683879067964509257e+00 -6.260121659684705353e-01
7.596034578775210377e-01 3.139834853248322233e+00 1.849823267620524847e+00
1.510380491504457634e+00 3.296890490321624512e+00 -1.737147860750708483e+00
-2.342425312651709834e+00 -2.467787282810582461e+00 -2.077629710009156749e-01
1.587288560830317774e+00 8.851964396427092208e-01 -3.394460868060875103e-01
-2.506213844084862252e+00 -5.136498427977410630e-01 -1.835095933817899150e+00
8.027965092252241641e-01 1.442581677800362172e+00 -3.673845043682982592e+00
-9.899877256959173366e-02 -3.030288397873490691e-01 -2.352897895524657557e+00
2.405217804641450741e+00 -1.949310660746646606e+00 -2.607399309410377786e+00
-1.046909081222363591e+00 1.345292501686854658e+00 -1.554463354443334611e+00
1.878642207511257656e+00 -2.663373440856899421e+00 5.357504256511746998e-01
3.453180784978483242e+00 1.888523352338766559e+00 2.161435616361865542e+00
2.626350812680414926e+00 -1.945959518204864458e-01 -6.378389651756483092e-01
1.131651402124757844e-01 -2.702482207225062050e-01 1.102148309032147527e-01
2.098195039559809238e-01 2.235432494770482670e+00 1.247651962474695342e+00
7.160665387553295513e-01 2.818790597965751488e+00 7.541829373192924235e-01
-1.223166675199923281e+00 -2.666950887174609708e+00 -6.976733711345854960e-01
-2.756712428969792406e+00 2.481361128552678486e-01 -1.164488893865827768e+00
-2.099303256413478369e+00 3.247408551407359401e+00 -1.255857369623542663e+00
1.228150141483879687e-01 -1.181659111909366233e+00 -1.938418009020059563e+00
-1.954684545368865767e-01 1.296645110024779113e+00 2.283173518230697141e+00
-4.380761772270700544e-02 -3.128085938138879252e-01 -9.382651780216355597e-01
1.856790901995742038e+00 2.693730535240623780e+00 3.747063848213711079e+00
2.878588158288187149e+00 -1.365620900202535015e+00 1.275852489972341797e+00
-3.052755355900756307e+00 4.250623886271008844e-01 3.350178384556493638e-01
-1.345822750788202793e+00 -2.985365985810833678e+00 -1.165741746557852565e+00
6.368285828402879822e-01 -1.820258641522730647e+00 1.863058119794775758e+00
4.308967403955939801e+00 -6.551695626375377834e-01 -1.273960779701781565e+00
1.067380335868267194e+00 -8.689167531568618985e-01 5.006492265471123027e-01
-1.071995428611900669e+00 -8.826926594753594646e-01 -7.161587579338146714e-01
-6.956579569551071818e-02 -1.859997268767149547e-01 1.008746490166267051e+00
-4.149519377702289846e-01 2.200222630102178556e+00 7.309163617444180971e-01
-1.857263568179041480e+00 -3.143896608391132830e+00 8.988211260850191842e-01
-8.409439238534592853e-01 -1.450664468890658254e+00 1.161332707043716619e-02
-2.677162592804827046e+00 -2.520905957898317507e+00 1.265516369622023740e+00
-2.415633647856300081e-01 -1.195194502044936158e+00 1.438169350972403615e+00
-1.701003590232050833e+00 -6.016728448586148303e-01 1.695134174595036292e-01
6.332480704244912717e-01 8.527379899016622744e-01 2.062675560356214965e-01
1.455776057113191135e-01 -3.057109850660285399e+00 5.235030463805220163e-02
8.288990523007916389e-01 -1.219643903825524234e+00 -3.066704453300790778e+00
3.209346271458169420e-01 1.024771492715438326e+00 -2.812315315504773316e+00
-3.382689081812387144e+00 5.620879734385121340e-01 -1.180723804072042915e+00
-1.804720481361862472e+00 -3.036807321496036716e-01 2.465608548334078609e+00
-2.643680452404010506e+00 -3.066167874954788708e+00 -2.335544276031709110e+00
1.973440928504548220e+00 2.448258693722469570e-01 1.597289365017237062e+00
-5.573077527070854909e-02 -3.319316365927701962e-01 -9.562403000857711000e-01
9.263742137602080096e-01 -2.085635493148245700e+00 -2.561062326512399512e+00
6.191050234457187162e-01 2.500563691180784698e+00 -1.025447606361638675e+00
-3.269662308261021000e-01 4.038270202910696050e+00 -2.342508669595528836e+00
-1.007590505230061551e+00 7.607899281929829671e-01 2.390559792477449097e+00
-2.572152267759247213e+00 -1.699364514879080357e+00 -5.970159012543375665e-01
-1.757591253845698642e-01 1.318516240511158122e+00 3.261815974531891427e-01
-6.132539472281561821e-01 2.599280038296079010e-01 7.699569240556327632e-01
-8.489740968051392445e-01 9.624746983500124253e-01 -1.568767713171993261e+00
-1.430637140316697531e+00 -7.737674933824526535e-01 -2.077687199866382173e+00
-3.308326091662169954e+00 4.522882235333206324e+00 -1.267643966094126329e+00
3.079933057814804087e+00 1.490924665189720666e-01 -5.608182141267449516e+00
-1.382772616773814356e+00 -1.223496196590719287e-01 -1.944957819395027210e+00
-6.230673156744569452e-01 -3.177947076213895272e+00 -1.290200666619901293e+00
-7.369223688228717650e-01 2.503433486852071788e+00 -4.931779120847507580e-01
-1.233438922288637718e+00 1.643002826836160057e+00 3.330958663844436618e-01
-9.885516382352440568e-01 -1.115448654236323556e+00 -1.375605168573657888e+00
5.878115575997182596e-01 1.919060873807864276e+00 -1.894760062846181370e+00
7.807762371432633297e-02 9.261156503082865754e-01 2.455719988414677424e+00
-7.299914674458887198e-01 2.871431872859126599e+00 -4.605965888762167393e-01
2.875414564477100310e+00 -2.095255492884214199e+00 5.022856308280524429e-01
-6.011444599145393530e-01 9.020654866977751984e-01 3.939787180044115544e+00
4.555870004510521043e-01 -7.359283362875831402e-01 9.871484724763526231e-01
2.644933185738363335e+00 -9.299707989882295411e-01 -2.819876103522332311e+00
-2.343347136536582997e+00 4.829005233796739738e+00 -1.199358219495807454e+00
2.809748135848663342e+00 1.521693685983192879e+00 -1.942315373588417993e-01
6.302015359637240521e-02 -3.370206877889952990e-01 1.587939594470352933e+00
3.496863453326570781e+00 1.996582575054884234e+00 2.252612510244180744e+00
-2.413149294541150791e+00 1.647555372937061779e+00 -2.438699052035332215e+00
-5.486650800165246977e-01 1.218934852250163292e+00 1.043713622896216497e+00
-4.603556695285079825e-01 -5.722228027116984528e-01 1.407742315359866270e+00
-5.680661870079674047e-01 2.122285860352256304e+00 5.622716044993939649e-02
-1.115120698550531753e+00 -3.029678095122743997e+00 7.956358659055566829e-01
-2.353948103835964645e+00 3.841505728998136360e-01 5.540198397318462087e-01
3.968887517957291777e+00 1.562254901412833963e+00 -5.081211166641818044e-01
5.966013914611119073e-01 3.332630955172748877e+00 2.556266942627646532e+00
4.554771216158357561e+00 2.880480767070903170e+00 -4.554856869803960984e-01
-1.503223056458681706e+00 1.103700288941990459e+00 -5.291961302142741963e-02
4.274634220437545373e+00 -1.771786979164047926e+00 -1.275762663446310619e+00
3.442554276166736593e-01 -1.170476814676193689e+00 1.868769448782816367e+00
-1.070061478225229123e+00 1.025490887745675206e+00 -2.074129191938450134e+00
2.415015374001266313e+00 -1.885807248598187214e-01 -2.861182933483154001e-01
-1.779567558772691571e+00 -1.102211150381910754e+00 -1.641404432059643481e+00
2.776529822309377504e+00 -1.213328515959701148e+00 -3.771202859342910330e+00
3.498051208125237732e+00 2.584486132449097529e+00 -5.419731497892740224e-01
8.306616546527209044e-01 -1.309784044787100366e-01 3.248633152874128349e+00
-2.671866989955638871e+00 -4.046734433965451516e-01 2.086639270778040789e+00
-1.151328412621048791e-01 4.620383359770240117e-02 -5.383367555675263594e-01
3.754862074445088904e-01 2.758914640622794234e+00 2.385339982445414453e+00
2.043746417916448621e+00 -1.236554031603137149e+00 -1.773200295039095042e+00
-1.091937440623085509e+00 -3.976794417693325090e-01 -1.025140078198609528e+00
-7.239762387343665617e-01 1.649706053288715057e-01 9.809506726426935053e-03
7.303101639914720833e-01 -1.087390954248106834e+00 3.385171006987082176e-01
-7.251362778395337681e-03 8.198930115766602800e-01 -9.155806794811058857e-01
-1.600010485735754218e+00 -2.136992864427384120e+00 -8.030822461463263950e-01
1.999195956931799634e+00 1.056878075268066208e+00 -1.196941531203286058e+00
1.428378635182122158e+00 5.143860397609104629e-01 -2.058991421644837949e+00
2.187731523013735746e+00 3.206169934795294996e+00 -5.364642718180295811e-01
-1.246189076345648239e+00 -4.142151682683051561e+00 4.570724295805483894e-01
1.880033862368938991e+00 2.583000435025712527e+00 2.699602948084423915e+00
4.012191428145704286e+00 -8.905048748499811984e-01 -4.194656825229571041e-03
-4.608841201682313815e-01 4.557706330216683699e-01 1.786894453831714857e+00
1.946843480601330612e+00 -2.736078534663200390e+00 -1.373631407336589838e+00
-2.195399336231971699e+00 -2.439997778635582537e-01 1.206981550482389975e+00
1.387398034928635449e+00 1.041142052405370722e+00 1.898531139405953971e-01
-1.372729952946894594e+00 1.072157976541708857e+00 7.213758873486079970e-02
-1.531793386066579998e-01 1.690636503081382358e+00 4.153337958774470984e+00
-1.086188473027905221e+00 5.788985822532887182e-01 1.872296886184466880e+00
8.014840207227010849e-01 -3.366922523502768883e+00 3.055553314786855434e+00
9.993986652978826823e-01 -2.280789338545440526e+00 2.176856588802652759e+00
7.615448697608155904e-01 -1.796902361949989535e+00 2.339416700748236266e+00
4.034869739811763334e-01 4.398527655119033875e-01 -4.832355426930574627e-01
5.686168941966179835e-01 7.050148211940882037e-01 -4.140406321896859865e+00
2.177061851268385084e-01 -2.869555249896644344e+00 -1.569437714731205968e+00
3.154159761621592728e-01 2.515674479067870450e+00 7.260833800303407859e-01
7.079063227425135274e-01 -7.066564520347489164e-01 -1.377223960616304588e+00
4.116445952519973139e-01 4.279422192519801577e-02 -1.938135831195668457e+00
1.391129220102520492e+00 1.370295883475371790e+00 -2.053754201377546273e+00
-1.356176746339292638e+00 -6.795137673366532516e-01 -2.269991281596910881e-01
-2.335500586067972950e+00 1.382247060929770566e+00 -6.811103545566369322e-01
-5.042284430047706545e-01 1.547611971555342913e+00 5.459463276253494479e-01
1.066498257299947072e+00 7.672644404755202263e-01 2.637449076249631097e-01
3.789381811028637248e+00 2.130399936840710051e+00 -2.283175073121749055e+00
2.775167126693584674e+00 2.134630896417674784e+00 1.399008120139331401e+00
-1.003310675457759871e+00 -1.035926548315754037e+00 1.465247351433310197e+00
6.503995539897086120e-01 -4.160258196223342447e-02 -1.887326845589036919e-02
3.898503645239932425e+00 2.043120658836489745e-01 1.782622993686920676e+00
7.102019489890083748e-02 5.838342145435291286e-01 1.385674665886129420e+00
4.482786948706559471e+00 -1.397824043703969732e+00 5.419654511163867205e-01
-6.877436433649676273e-01 -1.926454869444152118e+00 1.367115205799139588e+00
7.673108664820977864e-01 1.556715320750731157e+00 6.136799519003909298e-01
-7.610730909449773263e-01 -3.064837963025232259e+00 2.574828060963818555e+00
2.822128142016945063e+00 -3.932188781481692486e-01 -1.451355023789598020e+00
1.608302492052307242e+00 -6.389050620881778775e-01 3.026044010027000297e+00
-2.346959290993213987e+00 9.717411575084373698e-01 -1.742415918566531330e+00
5.397914046717036674e-02 -9.749332917380982844e-01 8.946359313032289373e-01
1.009025813951363926e+00 -1.587140971158972125e+00 -8.121638570389153600e-01
1.485242083514901390e+00 6.359129009760062790e-01 1.920209332161282978e+00
-1.188071189829698726e+00 -3.180647152804714661e+00 -4.623767235345494164e+00
-1.080572301236488064e+00 -2.869192394069628005e+00 -3.093866436851562818e-01
-1.149756374356881855e-01 -1.151119679185971800e-02 7.464962370924014268e-01
-6.830084078235392209e-01 2.751165207054115935e+00 1.888345793323480681e-01
-9.087300823816651940e-01 -5.330495933510946971e-01 4.609694425665243900e-01
-2.052579552753994285e+00 -8.992455036341887586e-01 -3.940590927184481007e+00
-2.464207956862632110e-01 3.066516804787927652e-01 2.265701544068780660e+00
6.499810760695882150e-01 -2.561012597512299926e-01 -2.029118035516078056e+00
1.636388215216796338e+00 1.518245627710852252e+00 -4.159238174389388476e+00
7.166494561470496683e-01 -1.055641329056324906e+00 2.361709729080756937e+00
-3.221962445895424132e+00 1.825550597517441087e+00 1.115483616155242608e+00
-5.076256914204449799e+00 7.546585415596097635e-01 1.274012305631665232e+00
-4.287650593338933724e+00 5.713382683171842613e-01 -7.281034095748453172e-01
8.274224708910091763e-01 1.956630817390747401e+00 -1.193903762077923369e+00
2.449386797933714721e+00 -9.878308354148007675e-01 -5.676897353299582560e-01
-1.987157658506391478e+00 3.523640439221803256e+00 -1.638375462136419936e+00
-1.969686461651174447e-01 3.168380316020606435e-01 -3.198076726405986836e+00
-6.514884775758073010e-01 -1.056293679138841757e+00 -2.302551638804800849e+00
-1.196717632513672802e+00 8.399273649981588985e-01 2.627902971813722566e+00
-1.817096246550465199e+00 1.025220464104282213e-02 -5.178001688332516395e-01
7.385220720228214963e-01 3.420033409127891111e-01 -3.681578030793081435e+00
1.789521365273714748e+00 2.123566448000136830e+00 -4.171885074504089630e+00
2.812659360964794519e+00 6.692941475896968528e-01 -1.663521447978390855e+00
7.512559205750906077e-01 -1.320900473711909218e+00 1.822896048784786505e+00
6.291698899292323954e-01 4.536853106242909051e-01 -3.898474669198510045e-01
7.558466335355359944e-02 5.189862010364101330e-01 1.977194648499654983e-01
-1.796380118204489840e+00 1.113101146848044953e+00 -8.564037323666696677e-01
2.169194959099917774e+00 1.160231481013402233e+00 1.581733900743855337e+00
-2.570562082615925004e+00 -1.105430404882615347e+00 2.812434765646841583e+00
1.361400348669007387e+00 1.236740238816201876e+00 -8.600194153351500281e-01
-2.431973607698632467e+00 -7.511079260889186315e-01 -1.067601116898151403e+00
-7.267341841816549186e-01 -2.972668127936163085e+00 2.341261888699299298e+00
-5.017099413214075598e-01 -1.276206480594660686e+00 1.045645918051856471e+00
3.073402319491489454e-01 -1.116183355355290452e+00 -7.830134931251570007e-01
-3.404906168702077213e-02 2.313134199348894082e+00 -5.865145240949389827e-01
-2.856081040701686558e+00 -2.469307053653189143e+00 -7.056531135513642861e-01
7.172625524954477916e-01 8.422874833249548443e-01 -2.883796815754710696e+00
-2.145845815517695987e-01 2.435985146462621653e+00 2.459927900416073232e+00
-2.930638444994196901e-01 4.712086815434511911e-01 1.501906983432198806e-01
8.278172650087031181e-01 -2.731065294625598217e+00 8.521764777489934106e-01
1.237360713982826876e+00 9.462651469842687790e-01 -2.717655640906571968e+00
3.101801999835300805e+00 3.499083888757610894e-01 1.092495984326892211e+00
-2.664075502287738484e+00 -8.183388541298470820e-01 8.526029876093257909e-02
-2.276832657988454134e+00 9.321690797857161703e-01 1.500811642934468892e+00
4.958863385762316001e-01 4.684705854854699369e-01 4.359641041839674713e-01
7.796028520340264611e-01 9.412390363526548231e-01 -2.357639528177871924e+00
-1.755189032904431512e+00 -4.997701193541794207e-01 1.467429333875075237e+00
-1.038142867544638692e+00 1.852404410854039118e-01 2.879240711857091739e+00
-2.014816743241355512e-01 -5.966240902923015677e-01 2.256834578180600959e-01
-8.748633960143341604e-01 -4.376359560307988561e-01 -2.015179844113566876e+00
2.528788510598119821e+00 -3.888555003448237457e+00 6.503190539059194863e-01
1.059047113383296129e-01 1.742260438038653048e+00 -1.761602704563434818e+00
-1.297575245283911105e+00 -7.176430909809222713e-01 -1.113582167763075947e+00
3.134415299065229088e-01 -2.372653038862638564e+00 -1.296718991874871829e+00
2.026824486161893368e+00 -1.331408684566220302e+00 -1.822107601351174999e+00
-1.127587814484834361e+00 6.841963424577062192e-01 1.429603747139087444e+00
-2.323039057582095612e+00 -5.995700136339771058e-01 -1.485506695189487525e+00
-2.746192593147162242e+00 -1.974454603169331079e+00 -1.597972278058714002e+00
-2.276368380408393954e-01 -2.900760749269307937e+00 -1.367339866254118963e+00
2.275918741434915571e+00 2.088854004813046839e+00 2.632216379291272723e+00
2.628836084648918714e+00 3.106119671172564267e+00 -2.317509448596501098e+00
1.109567966637937664e+00 -9.011921890731579010e-01 -1.022823798994832334e+00
-1.592082703318602466e-01 1.953482897550230968e+00 -1.337766236016029398e+00
1.354977014333294871e+00 9.836917346700571052e-01 -1.096936908725722887e-01
-2.067475597935953591e+00 1.747788307117143836e+00 1.641870282538594905e+00
-1.276864047055131124e+00 1.814624016102361681e+00 9.378809237307791369e-01
-1.783427329084154467e+00 2.915990953130852770e+00 1.274033965158533732e+00
-2.417631251350621790e-01 2.679507481634313404e+00 -2.797664198078740672e+00
-1.248245362205465669e+00 1.700243715656467314e-01 7.320145836154484664e-01
-2.012758919517346978e+00 -1.518981126721412833e+00 -5.185749597615587625e-01
-1.579037207751315508e+00 -1.394131367226741247e+00 2.574280510637119601e+00
6.345809807148324877e-01 1.232867263217175324e+00 1.362107588200392572e+00
-1.720193843589304938e+00 1.688705455875626482e+00 -3.892013721087723255e+00
7.991948332513887365e-01 -1.609419601694588309e-01 1.753897181062471222e-01
9.504359836896585367e-01 1.554300621561789164e+00 3.207803019836660052e+00
-1.120457126940964221e+00 1.060176711225127244e+00 -8.063782447596793412e-01
-2.081099235830892624e+00 2.086605433562136014e+00 8.480595459854697316e-01
4.791432227733398719e+00 6.676798879436712797e-01 -1.211097019629408189e+00
-3.384136613057461829e-01 -1.198177710782416749e+00 1.421323781512743967e+00
-1.163018968920626284e+00 1.563665577967153775e+00 6.243426239827823410e-02
5.866861676131101405e-02 7.917712201126024807e-01 -1.667808380819136405e+00
-4.066482165577998131e-01 -4.886716779192030735e+00 -2.193537952637139021e+00
8.353570063705589854e-01 2.047091785492266336e+00 3.083554802210724866e+00
1.159514391069725175e-01 -1.238695628335522020e-01 -6.919250182326756038e-01
-1.844305581236913294e-01 -2.043097812678860592e+00 -9.004468627275546977e-01
2.738574257607652163e-01 1.497039451053716053e-01 1.624157697022658331e+00
3.374158288692490792e+00 -2.702677636710035247e-01 -3.914632103673261199e+00
-3.856803998556831981e-01 -4.050061932487818428e-01 2.981031046396391382e+00
-1.191797890404728166e+00 -5.022174510974053430e-01 6.816863074625788554e-01
-6.385832863695215522e-01 2.674401931649371900e+00 2.285800810242617054e+00
-2.057967916337001046e+00 5.599055146664435600e-01 2.101186130728329271e+00
-2.048004624577234978e+00 8.186321078802115681e-01 1.441478655884068871e+00
-7.140265656475038858e-01 2.365165688641270858e+00 3.068634891561071498e+00
-1.232407275924286116e+00 -1.414981712576811379e+00 -3.915588494912068951e-01
-3.008236037516102135e-01 1.414527290658240233e+00 -1.384697578985237154e+00
1.605102429356249027e+00 -6.017544007004421713e-01 3.106982915841071113e-01
1.527613338365798379e+00 -2.905571177103346558e-01 -2.415293927353883152e+00
1.411646772736757427e+00 -1.446847413583685515e+00 2.972224246567001238e+00
4.169287724516458349e-01 1.309268013381795548e+00 8.283703610656514282e-01
1.936637373479293434e+00 4.883567095496856858e+00 1.054912193436615464e+00
-7.002902261290171460e-01 1.917749727557871778e-02 -1.617114859137577909e+00
2.118615030265934784e+00 -1.748396370653402476e+00 1.146861268399802292e+00
-2.421296164012788354e-01 -2.252769201157102774e+00 -7.268580081287275840e-01
3.155441563991723264e-01 1.735226158663368379e+00 1.950771672672698909e+00
3.544983283680662289e+00 -4.547939321170744176e-01 2.972106475389320490e+00
1.419293707220132816e+00 1.380245671249427764e+00 -4.641188114719554392e+00
-2.090421976437482343e-01 -1.343456245181780195e+00 -2.099880770564837906e+00
3.717508591359235393e-01 -1.811682493512042635e-01 1.120006100907478208e+00
8.914793913916241319e-01 1.254270573932412924e+00 -2.047200070646167713e+00
1.959246881847818145e+00 -6.388008217455066751e-01 -5.368661654073970668e-01
-1.674001344174983030e+00 -7.556507209947257442e-01 -1.411284226403213271e+00
-1.619625917411258609e+00 -1.793258426095385438e-01 -6.163044061274277619e-01
1.989667184564898883e-01 -9.168625858139302087e-01 2.913089733311439833e+00
2.243721150570162415e+00 -5.342400665594007059e-01 1.623224099580405699e+00
4.800230589633627809e-01 1.600429876178093735e+00 -5.440931641645024852e-01
-3.918139938632445585e-01 5.270178316296968424e-01 -8.316302117505495195e-01
-6.524720896444242690e-01 -5.156582395760300752e-01 -3.210646594177546831e+00
-6.259991737458753258e-01 2.735040100712768485e+00 3.091148779478420927e+00
2.909598083036074812e+00 1.171536231834730213e+00 -3.290210675308956390e+00
-2.605690485444009052e+00 -1.348249175400895172e+00 -1.774309189681785304e+00
2.226815999650124112e-01 2.678075957123481565e+00 5.719898368488543383e+00
1.206076253709897683e+00 -2.673540612704487618e+00 4.048980151927313642e+00
1.521460230520313761e+00 -1.778092181804240779e+00 2.283098265667628635e+00
2.167689121958063403e+00 3.171490871339463613e+00 4.972817607238001258e+00
3.326670428136948021e-01 -6.394165117363189710e-01 2.988834593814912122e+00
7.055351072529599810e-01 1.107900094587004058e-01 8.580998246020424824e-01
-3.097198301010589461e+00 -1.235972217628471315e+00 2.067481315738250558e+00
-5.099166533042399641e-01 -1.331131497915415407e+00 -3.682227876356466423e-01
2.105958839464431576e-01 4.379884862757883468e-01 2.874209014015209895e+00
-1.436264577387718067e+00 -4.283179402301381167e+00 -7.713574622427042948e-01
2.272990334873189244e+00 2.222828479422919390e+00 1.956166301204387947e+00
-3.260133086619588783e-01 -2.556990737167980643e-01 -1.357411929872534673e+00
-2.580839610080026270e-01 1.820515500046393287e+00 2.028829904117094518e+00
-1.488965170358040879e+00 2.943313946857136099e+00 -3.304921944550889279e+00
-2.498689470210386343e+00 2.289064527788350567e+00 -2.963858993013594123e+00
-1.263652829671405797e+00 1.645139123246097679e+00 -2.971398518116439291e+00
-1.135362390015787870e+00 -7.673014544456977504e-01 -9.926417393364337372e-01
1.732033659290976413e+00 -1.943409270392736810e+00 -2.352801493859059345e+00
-2.168985919265294271e+00 -2.227641556707585124e+00 1.414857088449426481e+00
-3.907023278569748959e-01 3.778490977810885498e-01 2.726724986732128042e-01
-4.388084639802395936e-01 1.456402067482601925e+00 -8.210309741384000382e-02
1.074200477874176052e+00 7.328056726089532402e-02 1.903801050033482767e+00
-2.416869778487745535e+00 1.233122218975424067e+00 2.639570503293931392e+00
-5.164212579154412452e-01 1.112663205198548139e-01 2.396565582367601088e+00
1.470530473281428829e+00 7.871186737463066185e-01 1.137012920224320878e+00
1.022763449737080554e+00 4.720889777554038158e-01 9.336980663995788632e-01
-2.274926354019704888e+00 -3.428235974571109956e+00 -1.888371642304653708e+00
7.389426017092349808e-01 -1.206350523809134323e+00 -6.984819622011214646e-01
-4.086546753005972477e+00 -1.199416184182401368e+00 4.711285274639966381e-01
-4.096105187637837375e-01 3.524352434832131120e+00 1.818754965387132660e-01
-1.501949819857470336e+00 -1.493010685708352492e+00 1.596192073226886832e+00
1.573064077285630802e+00 1.436633974228672450e+00 -4.280477084853707703e-01
-1.330475708496915876e+00 -3.013299686845052339e+00 3.478436405392971720e-01
-3.778812487041850687e+00 1.476851301999138055e+00 -4.202597447712304479e+00
-1.342395097448392249e+00 5.437587120700814181e-01 1.018505545347157870e+00
-2.116611824091270688e-01 -9.838875824075898890e-01 -1.806938878112939184e-01
4.303277799724844144e+00 -4.677830893647806354e-01 4.187912852130449282e-01
1.942997607681222760e+00 1.530276829332689603e-01 -7.895317138923060307e-01
-1.171641923938172847e-01 2.745485019088580003e+00 -9.861237464695601362e-01
1.668851238712901086e+00 1.465757275402577831e+00 1.621744597969010826e+00
-9.480892141499563941e-01 -1.527033704907707845e+00 -2.744468222628684728e+00
1.389362329306851884e-01 -1.282464563397251123e+00 2.174601875027351472e+00
-3.088816593328028940e-03 8.338404262540732859e-01 9.377277664399318313e-01
-1.133070726189208122e+00 4.035882642176392143e-01 -1.256077039172463605e+00
3.923639161114245710e-01 -6.662679907423695314e-01 -2.056144934597421425e+00
1.326170923925389378e+00 -1.416075101880879927e+00 -1.986214752359739322e+00
1.470053468036054189e+00 -6.201115172460425207e-01 8.545854941105415215e-01
-1.604138720139024921e+00 1.524548466492306575e+00 1.656750797533252273e+00
2.017762746128209106e-01 -8.827603762094609063e-01 -2.231098364192392047e+00
6.307018515352543764e-01 4.062493592580366020e+00 3.709815374512489411e-02
-1.552670600669513179e-03 2.229215480864106258e-01 8.729325318585479110e-01
1.296279608979823861e+00 1.429105187096229246e+00 5.915349593181965515e-01
9.832227194713821783e-01 -3.553098974721964898e-01 -1.634148311039515633e+00
2.551679244990226358e+00 1.556138236710040923e+00 -2.015364523041279998e+00
-1.659801827943687247e+00 1.886670191871433477e+00 -8.237992653075283389e-01
-1.398122413443921408e+00 -6.151324642640483287e-01 -1.621631667777893027e+00
-2.747142380710443810e+00 -4.672744584247016775e+00 1.907430549815281928e+00
1.670549296568315523e+00 1.090283020264390723e+00 4.206049248428471721e-01
-1.220206277598597511e-01 -2.355450553040809414e+00 -8.427808729144836697e-01
3.115166421474885539e+00 1.262040851592139967e-01 1.495970157907013931e+00
4.269111843474266976e+00 7.095207312523615917e-02 -3.662279879460554888e-01
3.975300250050965989e+00 -1.308925171688530176e+00 3.040554040900565358e+00
3.185909118065502477e-01 1.587259510750794892e-03 -4.656392772833136129e-01
-3.357907941622234604e-01 3.001158260703531422e-01 8.633678464747286396e-01
2.503713276243325847e+00 -2.648614175644855573e-01 -2.548262651125918765e+00
1.387604744194684603e+00 -1.282994620510124806e+00 -2.911426561688750247e+00
-1.429085902465143665e+00 2.879155067579588057e+00 -1.078536805260400522e+00
1.373468965456689839e+00 -4.831408251661292730e-01 -1.221197402822685740e+00
-3.372854127135058278e+00 1.396647724863319784e+00 2.339133054129250766e+00
1.170493863101994547e+00 1.246099901611866123e+00 -2.922135465898220819e+00
1.491495179756259448e+00 -8.776314014607845548e-01 -8.804179180062048360e-01
-4.434357051409309469e-01 7.404302980496114683e-01 3.069336654160919053e+00
-1.569120666921738128e+00 -8.930233480462438367e-01 -1.216195471529055050e+00
-5.484903786471903020e-01 -2.925599450082521535e+00 1.089280052399847820e+00
2.107855799402050589e+00 6.969970176745130530e-01 1.355177505605596355e+00
5.420324362374557836e-01 3.430946008155955629e-01 2.842091691782024032e+00
9.072838155237904489e-01 1.727083999395911951e-02 -2.260305551061454032e+00
-2.685739263043157576e-01 1.268510046260497459e+00 1.742660010764144618e-01
3.929541390000357293e-01 -2.002778611067818737e+00 1.748390889998063358e+00
2.495148970381918296e+00 -5.182443288543205767e-02 -6.575736829482564660e-01
1.431896543536513411e+00 5.650075545280698996e+00 3.620009091943322321e+00
3.348890537663807621e+00 2.984591678909915835e+00 -2.021055566942624004e+00
3.299328273612425200e-01 1.171289894813453136e+00 5.609444185631940805e+00
-8.130321269139375584e-01 -2.314769482508159726e+00 7.399076042519216190e-02
6.098269519492947044e-01 -7.265293045788534521e-01 -7.900263023385359906e-01
2.497626321941356586e+00 -3.587007404349438766e-01 1.021104805479640776e+00
1.021106144421702666e+00 -4.177216840058708969e-01 3.075361490999414915e+00
-2.215938588920064678e+00 1.531873329436721054e+00 1.281213765524281456e+00
-2.221233848982362424e+00 -3.764629708193374946e-01 -2.607567126449739536e+00
1.216101270790075350e+00 1.164788383797095372e+00 1.762061981223001991e-02
1.512274178367271960e+00 -1.733972148074012010e+00 1.551398411958347656e-01
-7.620010146121799499e-01 1.880705303817592267e+00 5.763371529290922668e-01
5.301720429277632096e-01 -1.217590191804184506e-02 1.813053712103240178e+00
6.029936834723508277e-01 2.102955781682802339e-01 -4.077930940208198685e-01
-2.175950142016989552e+00 -1.734012600482550681e+00 -3.158112203078720648e-01
-2.333799036794242276e+00 1.472246134789046978e+00 3.606390996403633142e+00
2.659267470976308889e+00 7.744198224501845917e-01 1.642351832865979411e+00
8.744205877381299175e-01 -1.301393202226735213e-01 1.540678059223659080e+00
-8.824696890069207988e-01 6.353972583897586901e-01 2.709943516639585326e+00
-1.288346653431329925e+00 2.693095432134434919e+00 -9.219054850850461058e-01
3.760051720812732090e-01 1.616750589503861635e+00 -4.359722152951167606e-01
-1.814821522632620754e+00 7.092899904972334302e-02 2.301323429362557071e+00
-1.307656129946746182e+00 2.352791075514959029e+00 1.491016966495494200e+00
-2.435618908136901184e-01 2.837534545697154797e+00 1.185810454397015601e+00
1.331580523697337703e+00 -2.865305938075311865e+00 2.447876858223736019e+00
-5.107350430709954869e-01 1.496623162416991448e+00 6.390781150899136343e-01
7.848223680796372059e-02 6.234836923950539678e-01 1.949947920697750803e+00
-5.055792717418217563e+00 -6.456075783094512854e-02 1.007606642128808350e+00
-6.139066317239373349e-01 -4.744735885362077465e-01 -6.779718103954472941e-01
1.324223047582588020e+00 -7.796000615814763224e-01 1.474510807655917022e+00
3.782367251287030996e-01 2.959530069733724567e-01 -1.775840981073187219e+00
-4.142195562078662796e+00 -4.919796311565246549e-01 -2.750671633291453144e+00
-1.204849368044117464e+00 -9.593419452493797683e-01 1.381145421805052953e+00
6.259164647789225988e-01 -1.313234904997940378e+00 1.588020422904431461e+00
-1.349199517760264255e+00 9.774783397361498649e-02 -2.254252250259263679e+00
-1.023312720735371828e+00 2.778948357371104017e+00 1.201974505903239121e-01
4.113472844080766855e+00 1.206128602151375295e+00 -3.601648939714138908e+00
-9.706231126015225641e-01 -3.041355607744453682e+00 1.571123989196851589e+00
-2.242567987127231099e-01 4.406396056512517312e+00 -2.078058007767144666e+00
-3.041941796246980800e+00 -1.309401664169010659e-01 1.088105071247918026e-01
2.074406730262872589e+00 2.324024119248372156e+00 1.295345620896864447e-01
-4.132177876907919822e-01 1.404769368605930935e-01 3.170996128172248074e+00
1.602554858247683400e+00 -1.040310205694529033e-01 -2.364608182592295105e+00
2.880142471907708446e-01 -3.291718539899608498e-01 -2.764068848098138798e+00
1.866406617892379050e+00 4.839060643557718144e+00 -9.787387160995187907e-01
-2.505452020394531409e+00 3.960934482266008638e-01 -1.011375701559714457e+00
9.793280900240018960e-01 -8.938032769479004047e-01 -1.242890883561466486e+00
2.517935483319967638e+00 -5.199697233398011598e+00 9.874013249104589551e-01
-1.859207396740504559e-02 1.066698348284795150e+00 -1.065914319411682243e+00
-7.652175789239610282e-01 1.775680213152023512e+00 -3.854809976388096970e+00
3.126008267239045235e+00 -4.462280662683398291e-01 1.535789043419643951e+00
7.769529316415364484e-01 3.024032395415187757e+00 -1.750125916935295900e-01
8.715861583488871966e-01 -1.940596809296203373e+00 -2.411950274195252764e+00
1.008174953596204348e+00 7.755706343677891690e-01 -6.124301914334038255e-01
3.162103996206467205e+00 3.745995274131365349e+00 2.954002985026245476e+00
1.582490117067443913e+00 5.204722024721336604e-01 -1.068467738487000274e+00
9.819293937550250817e-01 2.169554894707028669e+00 4.436300797493228920e+00
-1.286997173315056753e-01 -6.388611579230986104e-01 1.334583541809169605e+00
-3.894465502241762689e+00 4.384126244919298587e-01 3.224354038253728905e-01
1.770779124222549683e+00 1.508423569641989204e+00 1.398740266567328083e+00
1.521857939434979878e-01 1.182434475773245453e+00 3.192136651473029829e-01
1.595419835699409150e+00 1.889441971305533707e+00 6.087818471017432120e-01
2.168392281844895852e-01 5.298948588093985279e+00 4.488097133391947408e-02
-1.489404556054702677e+00 -1.669060021189935128e+00 9.397136926570073268e-01
9.149582819650516063e-02 -3.084535063981669545e+00 2.770612732226568897e-01
1.359113016051471057e+00 -1.790337446223340789e+00 -3.172507455229302220e+00
4.096500548560256583e+00 -3.102725035295237799e+00 -6.655584262689039354e-01
-4.271162200782961937e-01 9.539137389168738101e-01 -4.336584050673613966e+00
-7.817719036583130332e-02 8.671266953950101941e-01 -1.642398035816784674e+00
-7.005695290224323024e-01 -1.088141093546625360e+00 -2.029024399565713122e+00
-3.513835972647717520e-01 -4.622550155458617027e+00 -1.300325462377110997e+00
-1.344968208606553750e+00 -1.410586601470467105e+00 -3.204101196897231940e+00
-4.516889257757103593e+00 -1.805333219662861866e-01 -2.160019332475066278e+00
2.423284830562935088e+00 3.072942588847483059e+00 2.480346266474137418e-01
-7.224387008040954461e-01 8.097498516711232330e-01 5.679273200363140761e-01
4.448073479781634809e+00 -4.543144832245488707e-01 -8.053554765101628155e-01
3.181023202562849872e-01 7.167461168624057466e-01 -2.832098763725123369e+00
1.860683963115866257e+00 8.732085607458622833e-01 3.004465225856945754e+00
1.013021426086632371e+00 -3.818809609542149208e-01 7.962827903696746423e-01
-1.690272484846354839e+00 -2.026880697049282976e+00 -1.326988911229570300e+00
3.875802362526568512e+00 -3.385240648186293999e-01 -1.401160836051816294e-01
-6.637230760335580682e-01 -1.316651204995444857e+00 -9.368725937028169470e-01
-1.906550661545975967e+00 -8.272575835030716584e-01 -2.671106307980412528e-02
-1.181703151785819667e-01 3.299758890681840362e-01 -6.982756231948188397e-01
7.837018684106772382e-01 -3.005468808925444435e+00 -3.472441308363807821e-02
2.521039702402632976e+00 -9.461897634414971614e-02 3.541333066740127711e-01
-2.705451835701147445e+00 8.486442867310792781e-01 1.108384091859626830e+00
2.050538370868962290e-01 3.636540344909382494e-01 7.612708511410403167e-01
-1.335582026218512242e-01 -4.599029828401920428e-01 2.040805326341703918e-01
2.042019553245394137e-01 3.776322717086539438e+00 -6.404152593743985822e-01
-1.488440897239368954e-01 -2.463722567981051714e+00 4.793599019174216380e+00
-9.663082198599545203e-01 1.013614517563759643e+00 1.953021036715841541e-01
-4.638302327390677604e+00 1.023985397274736586e+00 -1.593824929824164238e+00
1.491189976113304727e+00 -2.544337647425780169e+00 -1.403870319711381986e+00
-7.276639834863389833e-01 -1.268353475461712287e+00 6.025963553476351153e-01
1.118585162541931188e+00 8.706817919136217165e-02 1.049080851420175042e+00
1.489523480642525932e+00 -8.079466266638293259e-01 -1.223430570187569399e+00
1.046477610182029672e+00 2.549848050254369669e-01 1.297058164488684717e+00
-1.256562469322164421e+00 1.126908356551345580e+00 1.621820366640945199e+00
-1.518925447904519443e-01 -3.117295966003839069e-01 2.679218524659525147e-01
5.472209244942726203e-01 -6.697692814381803750e-01 4.428080093130516204e+00
6.273873300838914702e-01 -8.078265980062284690e-01 -9.519857269932970045e-02
2.811859986983250348e+00 1.506766775636106948e+00 -3.037555458342158787e-01
1.055346253616596952e+00 -2.626356967501099593e+00 1.034437823148952607e+00
1.311459880958783186e+00 2.515114433257712445e-01 -7.024912964703461382e-01
-9.534816607705174363e-01 -6.639273948532586900e-01 1.173692098455424160e-01
-3.689284861111704839e+00 -2.632831729220927564e+00 5.968589568334551343e-01
1.320777007994394237e-01 -4.041142186675451775e+00 9.323276935278560495e-01
-2.547192581545870915e+00 7.420096434352152492e-01 1.031273980044862260e+00
-1.739283887778190429e+00 -1.856881115480913946e+00 2.491012128948570048e+00
1.652449025361959256e+00 -9.939692980255323551e-01 2.317639823403218724e+00
1.096199266299620279e+00 2.407996001063763547e-01 -2.007968647497612835e+00
3.962108211805315250e+00 -8.593103204068658352e-01 -3.321192720545456667e-01
6.191730896872269518e-01 1.354300301221977421e+00 5.436756159524331888e-01
-4.706107166998925173e-01 1.965327293324124591e+00 -1.134402666013039962e+00
9.172751035763238026e-02 1.589190446132783041e+00 -2.293434936498730536e-01
1.776672958571489547e+00 -1.126265769989494903e+00 2.118077809839456815e+00
-1.000745003202349270e+00 -1.275345722558241190e+00 -1.416423160181031315e+00
2.277057083430902296e-01 -4.653478380520960356e-02 -2.425204561634464628e+00
1.769553462977460079e-01 -7.371421592460272176e-01 3.486728134070311846e-02
1.316837020859873419e+00 -1.067760270990995908e+00 -1.041553309187774612e-01
1.159154181470519879e-01 -6.219529115439185185e-01 2.558247037636883547e+00
-4.665766884507887569e-01 -1.365524169933244547e+00 2.088853328989468405e+00
4.699285582197318401e-01 -2.382209708453512764e+00 6.075978830223077720e-01
1.965136203591521857e+00 3.451696045669585544e-01 1.582467199883326181e+00
2.638051823660280348e+00 1.168485528367126269e+00 1.361111216670070068e+00
1.441906278655037399e+00 -1.908350529383447680e-01 -1.694829491347651818e+00
2.567652922498283363e+00 -9.839789920120196598e-01 9.405398396167193864e-01
-2.312938854760132390e+00 -9.441386510868094994e-01 -1.141249110881496387e+00
5.553090995985479061e-01 -1.752356596992366011e-01 -2.949908958819701943e-01
-1.085987588664280024e+00 -3.296111700188102400e-01 1.418860440298194359e+00
-9.550458675675181919e-01 -8.592472259430963266e-01 -2.264545776028635604e+00
1.523032698500747850e+00 -2.606350629697842258e+00 4.966276706062632829e-01
1.513519895195970799e-01 -3.356899785462131636e+00 -2.630791761008584029e-01
-2.329746226746025162e+00 -1.547735734814005726e+00 -1.100995287016447666e+00
-1.514630908567928591e+00 7.953678533848801413e-01 -3.342429378732008072e-01
-3.612500342089260297e+00 1.598571991387186975e+00 9.681454020168492880e-01
-1.519591692474743017e+00 -1.345293763242321194e+00 -1.357295366619950761e+00
-1.381893183386692758e+00 1.336009823590860623e+00 -1.394024131033323177e-01
5.646403437028805344e-02 2.193429751280391748e+00 7.436585690333441523e-01
5.196959801988018657e-02 -3.367638957672756672e-01 -4.361578537938285649e+00
9.358430403795879871e-01 1.846795818900230257e+00 -1.214542529286665173e+00
-6.659032635425674584e-01 -4.933714476196220389e+00 -8.557248697711393459e-02
-3.088825029458520888e+00 -5.126378478771349140e-02 5.647871428606676680e-02
-2.679740560371490776e+00 4.374538824353854105e-01 1.095125909657857832e+00
-1.541789395569715726e+00 3.293894348826407636e+00 2.430141190651660121e-01
3.973424530361374885e+00 -1.963657907413409509e+00 -9.871678876825931148e-01
4.275008546427665479e+00 2.072192528907729869e+00 -1.474336903514694708e+00
2.679639141615449471e+00 9.788450177017514464e-02 2.633717210530424957e+00
-1.330838878224021471e+00 6.522520083239095046e-01 -3.632507223113199402e-01
-1.236439932903049987e+00 -1.028668987221276421e+00 2.087217920058015874e+00
-3.044665073375187436e+00 1.282663329107460171e-01 -1.665122662974876544e+00
-1.762229158299919884e+00 2.051841505860653836e+00 1.346437162052224190e+00
-1.641605244431312505e+00 2.746939968463282256e+00 2.927483728820447606e+00
1.142486203624690777e+00 -1.295712328612347752e+00 1.937436734685560991e+00
-7.760691088916474856e-01 6.921631795743481419e-01 -2.447581149282507695e+00
-2.715407199266284710e+00 -3.621478728481025144e-01 1.529137354044067365e+00
-2.339962326224404254e+00 2.319827259351931126e+00 -2.135031941485042051e+00
1.722096668449110801e+00 1.431012814099434260e+00 2.349106547249752097e+00
-4.476279307317327039e+00 -6.019004683684542334e-01 1.030388658195841689e+00
5.593312205238146761e-01 -7.776918174264457750e-01 -1.529653436077893947e+00
3.409774459998005103e-01 -6.348781720899641101e-01 8.696609841631109949e-01
4.902891690117039958e-01 -6.852394606084933892e-01 1.943854404249779622e+00
1.143881701432951647e+00 -7.768257018768991440e-01 5.693037832668438325e-01
-4.211266985308961819e-01 1.783633936897147221e+00 -1.390667641633903440e+00
-2.513175842621937495e+00 -2.239164871129881274e+00 6.126046260677405764e-01
-3.600698462817856771e-01 -2.682226154191515111e+00 -7.128079930237505302e-01
2.918914957418452527e+00 1.043996293493900662e+00 -1.324140729622718671e-01
5.999471159442159029e-01 -4.065338148691768794e+00 -3.375704850231960652e+00
-2.544725071050001564e+00 6.635176146417095522e-01 4.399500385634300126e-01
-2.607553938088560397e+00 1.444719493754642148e+00 -1.335856981559709888e+00
2.258720041457384919e+00 -2.560350209284350864e+00 -7.656321169117118186e-02
-1.492993102320449461e+00 8.557279001092421566e-01 4.415504495225219816e-01
1.174725911433059794e-01 -1.070861912408043626e+00 -4.028907305801717520e+00
7.960385977928089440e-01 -4.110228124441734493e-02 1.028023306315835272e+00
-5.775167668029363988e-01 3.501869797273090557e-01 -7.042990827240827034e-01
-2.182182663297447256e+00 3.353309558905412491e+00 -1.037509718267440650e+00
-1.710000470720017152e+00 -2.449314650738466936e-01 1.988662796415472611e+00
-6.547348903952345811e-01 3.747501126072796396e-01 2.986844148015671330e+00
1.416942703104922874e+00 -2.759287917601045415e+00 -1.081592829007243184e+00
-7.404962099434403422e-01 2.546654899497161395e+00 -1.946157015610600061e+00
-9.112321791402716586e-01 1.334627956838115193e+00 -9.385934409432399317e-01
-2.614194549234225562e+00 1.749182677537373554e+00 -3.359891766469823349e+00
-2.336387620010436539e+00 -1.336567643846023223e+00 -1.498386664536080159e+00
1.638746360797570079e+00 4.471472615330389644e-01 -2.151643723258668039e+00
-1.791082837257103488e+00 -4.307897636837553224e-01 7.421187906257651345e-01
1.161249017930612970e+00 -4.325635570373169259e+00 1.062789868710527497e-01
1.610771774536542633e+00 1.290334221642909673e+00 1.126428160755005514e+00
-1.119901473298244021e-01 -1.663328292090131777e+00 3.954394943881255897e-01
-5.647402523163392862e-01 1.065790565459881822e+00 -1.308810099481894085e+00
3.447639916040414310e+00 1.531309686310718732e+00 2.008183710184145099e+00
-1.412097731468198614e+00 -1.128129422086097344e+00 2.687710978485802649e+00
2.529164974491509010e+00 -2.058813974232641009e+00 -1.266411427535102163e+00
1.496349406657502934e+00 2.401711809803407149e+00 -1.621925302851227935e+00
1.938711165029627148e+00 4.246104152924907282e+00 -2.113892804884078824e+00
-4.030253821841440764e-01 -5.818838049680575830e-01 -1.383513565728616834e+00
-5.489735773816482034e-01 -1.335552902600285474e+00 3.517810641125018289e+00
1.494647734032554576e+00 1.607497083922057479e+00 -5.660202519324769588e-01
-2.781037263445811369e-01 -2.566330019561495313e+00 -2.891022173964542308e+00
7.779525401183191580e-01 1.072199667255332167e-01 9.840871082172062412e-01
-3.615409162643038243e+00 3.753259691165564127e-01 2.843313006860708647e+00
1.595133779798771467e+00 1.524173975906650380e+00 2.312777755486429943e+00
1.212183412942467342e+00 -1.112919639498336721e+00 -2.422616565673417988e+00
-1.827776592296462832e-01 -1.514384403147825520e+00 1.587798755109611104e+00
1.142354736984696334e-01 4.323320659364964791e-01 -2.129222422451094443e-01
-5.150160040544334850e-01 3.095220446740550302e-01 8.147295931926274992e-01
9.251024187930253495e-01 5.087376851708048653e-01 -4.397658694571654481e-02
2.681282325150590840e+00 1.330172250500999631e+00 -5.166449916016471744e-02
1.720684124497189882e-01 1.284142379771078701e+00 -6.221589378694427630e-01
-5.487568819161248168e-02 -6.436154230878685656e-01 -1.954620650390997416e-01
1.762657386605262166e+00 1.508278110268979955e+00 -3.809246830257680960e-01
