5000
3
0
2.000000000000000096e-04
2.000000000000000096e-04
2.000000000000000096e-04
2.000000000000000096e-04
2.000000000000000096e-04
2.000000000000000096e-04
2.000000000000000096e-04
2.000000000000000096e-04
2.000000000000000096e-04
2.000000000000000096e-04
2.000000000000000096e-04
2.000000000000000096e-04
2.000000000000000096e-04
2.000000000000000096e-04
2.000000000000000096e-04
2.000000000000000096e-04
2.000000000000000096e-04
2.000000000000000096e-04
2.000000000000000096e-04
2.000000000000000096e-04
2.000000000000000096e-04
2.000000000000000096e-04
2.000000000000000096e-04
2.000000000000000096e-04
2.000000000000000096e-04
2.000000000000000096e-04
2.000000000000000096e-04
2.000000000000000096e-04
2.000000000000000096e-04
2.000000000000000096e-04
2.000000000000000096e-04
2.000000000000000096e-04
2.000000000000000096e-04
2.000000000000000096e-04
2.000000000000000096e-04
2.000000000000000096e-04
2.000000000000000096e-04
2.000000000000000096e-04
2.000000000000000096e-04
2.000000000000000096e-04
2.000000000000000096e-04
2.000000000000000096e-04
2.000000000000000096e-04
2.000000000000000096e-04
2.000000000000000096e-04
2.000000000000000096e-04
2.000000000000000096e-04
2.000000000000000096e-04
2.000000000000000096e-04
2.000000000000000096e-04
2.000000000000000096e-04
2.000000000000000096e-04
2.000000000000000096e-04
2.000000000000000096e-04
2.000000000000000096e-04
2.000000000000000096e-04
2.000000000000000096e-04
2.000000000000000096e-04
2.000000000000000096e-04
2.000000000000000096e-04
2.000000000000000096e-04
2.000000000000000096e-04
2.000000000000000096e-04
2.000000000000000096e-04
2.000000000000000096e-04
2.000000000000000096e-04
2.000000000000000096e-04
2.000000000000000096e-04
2.000000000000000096e-04
2.000000000000000096e-04
2.000000000000000096e-04
2.000000000000000096e-04
2.000000000000000096e-04
2.000000000000000096e-04
2.000000000000000096e-04
2.000000000000000096e-04
2.000000000000000096e-04
2.000000000000000096e-04
2.000000000000000096e-04
2.000000000000000096e-04
2.000000000000000096e-04
2.000000000000000096e-04
2.000000000000000096e-04
2.000000000000000096e-04
2.000000000000000096e-04
2.000000000000000096e-04
2.000000000000000096e-04
2.000000000000000096e-04
2.000000000000000096e-04
2.000000000000000096e-04
2.000000000000000096e-04
2.000000000000000096e-04
2.000000000000000096e-04
2.000000000000000096e-04
2.000000000000000096e-04
2.000000000000000096e-04
2.000000000000000096e-04
2.000000000000000096e-04
2.000000000000000096e-04
2.000000000000000096e-04
2.000000000000000096e-04
2.000000000000000096e-04
2.000000000000000096e-04
2.000000000000000096e-04
2.000000000000000096e-04
2.000000000000000096e-04
2.000000000000000096e-04
2.000000000000000096e-04
2.000000000000000096e-04
2.000000000000000096e-04
2.000000000000000096e-04
2.000000000000000096e-04
2.000000000000000096e-04
2.000000000000000096e-04
2.000000000000000096e-04
2.000000000000000096e-04
2.000000000000000096e-04
2.000000000000000096e-04
2.000000000000000096e-04
2.000000000000000096e-04
2.000000000000000096e-04
2.000000000000000096e-04
2.000000000000000096e-04
2.000000000000000096e-04
2.000000000000000096e-04
2.000000000000000096e-04
2.000000000000000096e-04
2.000000000000000096e-04
2.000000000000000096e-04
2.000000000000000096e-04
2.000000000000000096e-04
2.000000000000000096e-04
2.000000000000000096e-04
2.000000000000000096e-04
2.000000000000000096e-04
2.000000000000000096e-04
2.000000000000000096e-04
2.000000000000000096e-04
2.000000000000000096e-04
2.000000000000000096e-04
2.000000000000000096e-04
2.000000000000000096e-04
2.000000000000000096e-04
2.000000000000000096e-04
2.000000000000000096e-04
2.000000000000000096e-04
2.000000000000000096e-04
2.000000000000000096e-04
2.000000000000000096e-04
2.000000000000000096e-04
2.000000000000000096e-04
2.000000000000000096e-04
2.000000000000000096e-04
2.000000000000000096e-04
2.000000000000000096e-04
2.000000000000000096e-04
2.000000000000000096e-04
2.000000000000000096e-04
2.000000000000000096e-04
2.000000000000000096e-04
2.000000000000000096e-04
2.000000000000000096e-04
2.000000000000000096e-04
2.000000000000000096e-04
2.000000000000000096e-04
2.000000000000000096e-04
2.000000000000000096e-04
2.000000000000000096e-04
2.000000000000000096e-04
2.000000000000000096e-04
2.000000000000000096e-04
2.000000000000000096e-04
2.000000000000000096e-04
2.000000000000000096e-04
2.000000000000000096e-04
2.000000000000000096e-04
2.000000000000000096e-04
2.000000000000000096e-04
2.000000000000000096e-04
2.000000000000000096e-04
2.000000000000000096e-04
2.000000000000000096e-04
2.000000000000000096e-04
2.000000000000000096e-04
2.000000000000000096e-04
2.000000000000000096e-04
2.000000000000000096e-04
2.000000000000000096e-04
2.000000000000000096e-04
2.000000000000000096e-04
2.000000000000000096e-04
2.000000000000000096e-04
2.000000000000000096e-04
2.000000000000000096e-04
2.000000000000000096e-04
2.000000000000000096e-04
2.000000000000000096e-04
2.000000000000000096e-04
2.000000000000000096e-04
2.000000000000000096e-04
2.000000000000000096e-04
2.000000000000000096e-04
2.000000000000000096e-04
2.000000000000000096e-04
2.000000000000000096e-04
2.000000000000000096e-04
2.000000000000000096e-04
2.000000000000000096e-04
2.000000000000000096e-04
2.000000000000000096e-04
2.000000000000000096e-04
2.000000000000000096e-04
2.000000000000000096e-04
2.000000000000000096e-04
2.000000000000000096e-04
2.000000000000000096e-04
2.000000000000000096e-04
2.000000000000000096e-04
2.000000000000000096e-04
2.000000000000000096e-04
2.000000000000000096e-04
2.000000000000000096e-04
2.000000000000000096e-04
2.000000000000000096e-04
2.000000000000000096e-04
2.000000000000000096e-04
2.000000000000000096e-04
2.000000000000000096e-04
2.000000000000000096e-04
2.000000000000000096e-04
2.000000000000000096e-04
2.000000000000000096e-04
2.000000000000000096e-04
2.000000000000000096e-04
2.000000000000000096e-04
2.000000000000000096e-04
2.000000000000000096e-04
2.000000000000000096e-04
2.000000000000000096e-04
2.000000000000000096e-04
2.000000000000000096e-04
2.000000000000000096e-04
2.000000000000000096e-04
2.000000000000000096e-04
2.000000000000000096e-04
2.000000000000000096e-04
2.000000000000000096e-04
2.000000000000000096e-04
2.000000000000000096e-04
2.000000000000000096e-04
2.000000000000000096e-04
2.000000000000000096e-04
2.000000000000000096e-04
2.000000000000000096e-04
2.000000000000000096e-04
2.000000000000000096e-04
2.000000000000000096e-04
2.000000000000000096e-04
2.000000000000000096e-04
2.000000000000000096e-04
2.000000000000000096e-04
2.000000000000000096e-04
2.000000000000000096e-04
2.000000000000000096e-04
2.000000000000000096e-04
2.000000000000000096e-04
2.000000000000000096e-04
2.000000000000000096e-04
2.000000000000000096e-04
2.000000000000000096e-04
2.000000000000000096e-04
2.000000000000000096e-04
2.000000000000000096e-04
2.000000000000000096e-04
2.000000000000000096e-04
2.000000000000000096e-04
2.000000000000000096e-04
2.000000000000000096e-04
2.000000000000000096e-04
2.000000000000000096e-04
2.000000000000000096e-04
2.000000000000000096e-04
2.000000000000000096e-04
2.000000000000000096e-04
2.000000000000000096e-04
2.000000000000000096e-04
2.000000000000000096e-04
2.000000000000000096e-04
2.000000000000000096e-04
2.000000000000000096e-04
2.000000000000000096e-04
2.000000000000000096e-04
2.000000000000000096e-04
2.000000000000000096e-04
2.000000000000000096e-04
2.000000000000000096e-04
2.000000000000000096e-04
2.000000000000000096e-04
2.000000000000000096e-04
2.000000000000000096e-04
2.000000000000000096e-04
2.000000000000000096e-04
2.000000000000000096e-04
2.000000000000000096e-04
2.000000000000000096e-04
2.000000000000000096e-04
2.000000000000000096e-04
2.000000000000000096e-04
2.000000000000000096e-04
2.000000000000000096e-04
2.000000000000000096e-04
2.000000000000000096e-04
2.000000000000000096e-04
2.000000000000000096e-04
2.000000000000000096e-04
2.000000000000000096e-04
2.000000000000000096e-04
2.000000000000000096e-04
2.000000000000000096e-04
2.000000000000000096e-04
2.000000000000000096e-04
2.000000000000000096e-04
2.000000000000000096e-04
2.000000000000000096e-04
2.000000000000000096e-04
2.000000000000000096e-04
2.000000000000000096e-04
2.000000000000000096e-04
2.000000000000000096e-04
2.000000000000000096e-04
2.000000000000000096e-04
2.000000000000000096e-04
2.000000000000000096e-04
2.000000000000000096e-04
2.000000000000000096e-04
2.000000000000000096e-04
2.000000000000000096e-04
2.000000000000000096e-04
2.000000000000000096e-04
2.000000000000000096e-04
2.000000000000000096e-04
2.000000000000000096e-04
2.000000000000000096e-04
2.000000000000000096e-04
2.000000000000000096e-04
2.000000000000000096e-04
2.000000000000000096e-04
2.000000000000000096e-04
2.000000000000000096e-04
2.000000000000000096e-04
2.000000000000000096e-04
2.000000000000000096e-04
2.000000000000000096e-04
2.000000000000000096e-04
2.000000000000000096e-04
2.000000000000000096e-04
2.000000000000000096e-04
2.000000000000000096e-04
2.000000000000000096e-04
2.000000000000000096e-04
2.000000000000000096e-04
2.000000000000000096e-04
2.000000000000000096e-04
2.000000000000000096e-04
2.000000000000000096e-04
2.000000000000000096e-04
2.000000000000000096e-04
2.000000000000000096e-04
2.000000000000000096e-04
2.000000000000000096e-04
2.000000000000000096e-04
2.000000000000000096e-04
2.000000000000000096e-04
2.000000000000000096e-04
2.000000000000000096e-04
2.000000000000000096e-04
2.000000000000000096e-04
2.000000000000000096e-04
2.000000000000000096e-04
2.000000000000000096e-04
2.000000000000000096e-04
2.000000000000000096e-04
2.000000000000000096e-04
2.000000000000000096e-04
2.000000000000000096e-04
2.000000000000000096e-04
2.000000000000000096e-04
2.000000000000000096e-04
2.000000000000000096e-04
2.000000000000000096e-04
2.000000000000000096e-04
2.000000000000000096e-04
2.000000000000000096e-04
2.000000000000000096e-04
2.000000000000000096e-04
2.000000000000000096e-04
2.000000000000000096e-04
2.000000000000000096e-04
2.000000000000000096e-04
2.000000000000000096e-04
2.000000000000000096e-04
2.000000000000000096e-04
2.000000000000000096e-04
2.000000000000000096e-04
2.000000000000000096e-04
2.000000000000000096e-04
2.000000000000000096e-04
2.000000000000000096e-04
2.000000000000000096e-04
2.000000000000000096e-04
2.000000000000000096e-04
2.000000000000000096e-04
2.000000000000000096e-04
2.000000000000000096e-04
2.000000000000000096e-04
2.000000000000000096e-04
2.000000000000000096e-04
2.000000000000000096e-04
2.000000000000000096e-04
2.000000000000000096e-04
2.000000000000000096e-04
2.000000000000000096e-04
2.000000000000000096e-04
2.000000000000000096e-04
2.000000000000000096e-04
2.000000000000000096e-04
2.000000000000000096e-04
2.000000000000000096e-04
2.000000000000000096e-04
2.000000000000000096e-04
2.000000000000000096e-04
2.000000000000000096e-04
2.000000000000000096e-04
2.000000000000000096e-04
2.000000000000000096e-04
2.000000000000000096e-04
2.000000000000000096e-04
2.000000000000000096e-04
2.000000000000000096e-04
2.000000000000000096e-04
2.000000000000000096e-04
2.000000000000000096e-04
2.000000000000000096e-04
2.000000000000000096e-04
2.000000000000000096e-04
2.000000000000000096e-04
2.000000000000000096e-04
2.000000000000000096e-04
2.000000000000000096e-04
2.000000000000000096e-04
2.000000000000000096e-04
2.000000000000000096e-04
2.000000000000000096e-04
2.000000000000000096e-04
2.000000000000000096e-04
2.000000000000000096e-04
2.000000000000000096e-04
2.000000000000000096e-04
2.000000000000000096e-04
2.000000000000000096e-04
2.000000000000000096e-04
2.000000000000000096e-04
2.000000000000000096e-04
2.000000000000000096e-04
2.000000000000000096e-04
2.000000000000000096e-04
2.000000000000000096e-04
2.000000000000000096e-04
2.000000000000000096e-04
2.000000000000000096e-04
2.000000000000000096e-04
2.000000000000000096e-04
2.000000000000000096e-04
2.000000000000000096e-04
2.000000000000000096e-04
2.000000000000000096e-04
2.000000000000000096e-04
2.000000000000000096e-04
2.000000000000000096e-04
2.000000000000000096e-04
2.000000000000000096e-04
2.000000000000000096e-04
2.000000000000000096e-04
2.000000000000000096e-04
2.000000000000000096e-04
2.000000000000000096e-04
2.000000000000000096e-04
2.000000000000000096e-04
2.000000000000000096e-04
2.000000000000000096e-04
2.000000000000000096e-04
2.000000000000000096e-04
2.000000000000000096e-04
2.000000000000000096e-04
2.000000000000000096e-04
2.000000000000000096e-04
2.000000000000000096e-04
2.000000000000000096e-04
2.000000000000000096e-04
2.000000000000000096e-04
2.000000000000000096e-04
2.000000000000000096e-04
2.000000000000000096e-04
2.000000000000000096e-04
2.000000000000000096e-04
2.000000000000000096e-04
2.000000000000000096e-04
2.000000000000000096e-04
2.000000000000000096e-04
2.000000000000000096e-04
2.000000000000000096e-04
2.000000000000000096e-04
2.000000000000000096e-04
2.000000000000000096e-04
2.000000000000000096e-04
2.000000000000000096e-04
2.000000000000000096e-04
2.000000000000000096e-04
2.000000000000000096e-04
2.000000000000000096e-04
2.000000000000000096e-04
2.000000000000000096e-04
2.000000000000000096e-04
2.000000000000000096e-04
2.000000000000000096e-04
2.000000000000000096e-04
2.000000000000000096e-04
2.000000000000000096e-04
2.000000000000000096e-04
2.000000000000000096e-04
2.000000000000000096e-04
2.000000000000000096e-04
2.000000000000000096e-04
2.000000000000000096e-04
2.000000000000000096e-04
2.000000000000000096e-04
2.000000000000000096e-04
2.000000000000000096e-04
2.000000000000000096e-04
2.000000000000000096e-04
2.000000000000000096e-04
2.000000000000000096e-04
2.000000000000000096e-04
2.000000000000000096e-04
2.000000000000000096e-04
2.000000000000000096e-04
2.000000000000000096e-04
2.000000000000000096e-04
2.000000000000000096e-04
2.000000000000000096e-04
2.000000000000000096e-04
2.000000000000000096e-04
2.000000000000000096e-04
2.000000000000000096e-04
2.000000000000000096e-04
2.000000000000000096e-04
2.000000000000000096e-04
2.000000000000000096e-04
2.000000000000000096e-04
2.000000000000000096e-04
2.000000000000000096e-04
2.000000000000000096e-04
2.000000000000000096e-04
2.000000000000000096e-04
2.000000000000000096e-04
2.000000000000000096e-04
2.000000000000000096e-04
2.000000000000000096e-04
2.000000000000000096e-04
2.000000000000000096e-04
2.000000000000000096e-04
2.000000000000000096e-04
2.000000000000000096e-04
2.000000000000000096e-04
2.000000000000000096e-04
2.000000000000000096e-04
2.000000000000000096e-04
2.000000000000000096e-04
2.000000000000000096e-04
2.000000000000000096e-04
2.000000000000000096e-04
2.000000000000000096e-04
2.000000000000000096e-04
2.000000000000000096e-04
2.000000000000000096e-04
2.000000000000000096e-04
2.000000000000000096e-04
2.000000000000000096e-04
2.000000000000000096e-04
2.000000000000000096e-04
2.000000000000000096e-04
2.000000000000000096e-04
2.000000000000000096e-04
2.000000000000000096e-04
2.000000000000000096e-04
2.000000000000000096e-04
2.000000000000000096e-04
2.000000000000000096e-04
2.000000000000000096e-04
2.000000000000000096e-04
2.000000000000000096e-04
2.000000000000000096e-04
2.000000000000000096e-04
2.000000000000000096e-04
2.000000000000000096e-04
2.000000000000000096e-04
2.000000000000000096e-04
2.000000000000000096e-04
2.000000000000000096e-04
2.000000000000000096e-04
2.000000000000000096e-04
2.000000000000000096e-04
2.000000000000000096e-04
2.000000000000000096e-04
2.000000000000000096e-04
2.000000000000000096e-04
2.000000000000000096e-04
2.000000000000000096e-04
2.000000000000000096e-04
2.000000000000000096e-04
2.000000000000000096e-04
2.000000000000000096e-04
2.000000000000000096e-04
2.000000000000000096e-04
2.000000000000000096e-04
2.000000000000000096e-04
2.000000000000000096e-04
2.000000000000000096e-04
2.000000000000000096e-04
2.000000000000000096e-04
2.000000000000000096e-04
2.000000000000000096e-04
2.000000000000000096e-04
2.000000000000000096e-04
2.000000000000000096e-04
2.000000000000000096e-04
2.000000000000000096e-04
2.000000000000000096e-04
2.000000000000000096e-04
2.000000000000000096e-04
2.000000000000000096e-04
2.000000000000000096e-04
2.000000000000000096e-04
2.000000000000000096e-04
2.000000000000000096e-04
2.000000000000000096e-04
2.000000000000000096e-04
2.000000000000000096e-04
2.000000000000000096e-04
2.000000000000000096e-04
2.000000000000000096e-04
2.000000000000000096e-04
2.000000000000000096e-04
2.000000000000000096e-04
2.000000000000000096e-04
2.000000000000000096e-04
2.000000000000000096e-04
2.000000000000000096e-04
2.000000000000000096e-04
2.000000000000000096e-04
2.000000000000000096e-04
2.000000000000000096e-04
2.000000000000000096e-04
2.000000000000000096e-04
2.000000000000000096e-04
2.000000000000000096e-04
2.000000000000000096e-04
2.000000000000000096e-04
2.000000000000000096e-04
2.000000000000000096e-04
2.000000000000000096e-04
2.000000000000000096e-04
2.000000000000000096e-04
2.000000000000000096e-04
2.000000000000000096e-04
2.000000000000000096e-04
2.000000000000000096e-04
2.000000000000000096e-04
2.000000000000000096e-04
2.000000000000000096e-04
2.000000000000000096e-04
2.000000000000000096e-04
2.000000000000000096e-04
2.000000000000000096e-04
2.000000000000000096e-04
2.000000000000000096e-04
2.000000000000000096e-04
2.000000000000000096e-04
2.000000000000000096e-04
2.000000000000000096e-04
2.000000000000000096e-04
2.000000000000000096e-04
2.000000000000000096e-04
2.000000000000000096e-04
2.000000000000000096e-04
2.000000000000000096e-04
2.000000000000000096e-04
2.000000000000000096e-04
2.000000000000000096e-04
2.000000000000000096e-04
2.000000000000000096e-04
2.000000000000000096e-04
2.000000000000000096e-04
2.000000000000000096e-04
2.000000000000000096e-04
2.000000000000000096e-04
2.000000000000000096e-04
2.000000000000000096e-04
2.000000000000000096e-04
2.000000000000000096e-04
2.000000000000000096e-04
2.000000000000000096e-04
2.000000000000000096e-04
2.000000000000000096e-04
2.000000000000000096e-04
2.000000000000000096e-04
2.000000000000000096e-04
2.000000000000000096e-04
2.000000000000000096e-04
2.000000000000000096e-04
2.000000000000000096e-04
2.000000000000000096e-04
2.000000000000000096e-04
2.000000000000000096e-04
2.000000000000000096e-04
2.000000000000000096e-04
2.000000000000000096e-04
2.000000000000000096e-04
2.000000000000000096e-04
2.000000000000000096e-04
2.000000000000000096e-04
2.000000000000000096e-04
2.000000000000000096e-04
2.000000000000000096e-04
2.000000000000000096e-04
2.000000000000000096e-04
2.000000000000000096e-04
2.000000000000000096e-04
2.000000000000000096e-04
2.000000000000000096e-04
2.000000000000000096e-04
2.000000000000000096e-04
2.000000000000000096e-04
2.000000000000000096e-04
2.000000000000000096e-04
2.000000000000000096e-04
2.000000000000000096e-04
2.000000000000000096e-04
2.000000000000000096e-04
2.000000000000000096e-04
2.000000000000000096e-04
2.000000000000000096e-04
2.000000000000000096e-04
2.000000000000000096e-04
2.000000000000000096e-04
2.000000000000000096e-04
2.000000000000000096e-04
2.000000000000000096e-04
2.000000000000000096e-04
2.000000000000000096e-04
2.000000000000000096e-04
2.000000000000000096e-04
2.000000000000000096e-04
2.000000000000000096e-04
2.000000000000000096e-04
2.000000000000000096e-04
2.000000000000000096e-04
2.000000000000000096e-04
2.000000000000000096e-04
2.000000000000000096e-04
2.000000000000000096e-04
2.000000000000000096e-04
2.000000000000000096e-04
2.000000000000000096e-04
2.000000000000000096e-04
2.000000000000000096e-04
2.000000000000000096e-04
2.000000000000000096e-04
2.000000000000000096e-04
2.000000000000000096e-04
2.000000000000000096e-04
2.000000000000000096e-04
2.000000000000000096e-04
2.000000000000000096e-04
2.000000000000000096e-04
2.000000000000000096e-04
2.000000000000000096e-04
2.000000000000000096e-04
2.000000000000000096e-04
2.000000000000000096e-04
2.000000000000000096e-04
2.000000000000000096e-04
2.000000000000000096e-04
2.000000000000000096e-04
2.000000000000000096e-04
2.000000000000000096e-04
2.000000000000000096e-04
2.000000000000000096e-04
2.000000000000000096e-04
2.000000000000000096e-04
2.000000000000000096e-04
2.000000000000000096e-04
2.000000000000000096e-04
2.000000000000000096e-04
2.000000000000000096e-04
2.000000000000000096e-04
2.000000000000000096e-04
2.000000000000000096e-04
2.000000000000000096e-04
2.000000000000000096e-04
2.000000000000000096e-04
2.000000000000000096e-04
2.000000000000000096e-04
2.000000000000000096e-04
2.000000000000000096e-04
2.000000000000000096e-04
2.000000000000000096e-04
2.000000000000000096e-04
2.000000000000000096e-04
2.000000000000000096e-04
2.000000000000000096e-04
2.000000000000000096e-04
2.000000000000000096e-04
2.000000000000000096e-04
2.000000000000000096e-04
2.000000000000000096e-04
2.000000000000000096e-04
2.000000000000000096e-04
2.000000000000000096e-04
2.000000000000000096e-04
2.000000000000000096e-04
2.000000000000000096e-04
2.000000000000000096e-04
2.000000000000000096e-04
2.000000000000000096e-04
2.000000000000000096e-04
2.000000000000000096e-04
2.000000000000000096e-04
2.000000000000000096e-04
2.000000000000000096e-04
2.000000000000000096e-04
2.000000000000000096e-04
2.000000000000000096e-04
2.000000000000000096e-04
2.000000000000000096e-04
2.000000000000000096e-04
2.000000000000000096e-04
2.000000000000000096e-04
2.000000000000000096e-04
2.000000000000000096e-04
2.000000000000000096e-04
2.000000000000000096e-04
2.000000000000000096e-04
2.000000000000000096e-04
2.000000000000000096e-04
2.000000000000000096e-04
2.000000000000000096e-04
2.000000000000000096e-04
2.000000000000000096e-04
2.000000000000000096e-04
2.000000000000000096e-04
2.000000000000000096e-04
2.000000000000000096e-04
2.000000000000000096e-04
2.000000000000000096e-04
2.000000000000000096e-04
2.000000000000000096e-04
2.000000000000000096e-04
2.000000000000000096e-04
2.000000000000000096e-04
2.000000000000000096e-04
2.000000000000000096e-04
2.000000000000000096e-04
2.000000000000000096e-04
2.000000000000000096e-04
2.000000000000000096e-04
2.000000000000000096e-04
2.000000000000000096e-04
2.000000000000000096e-04
2.000000000000000096e-04
2.000000000000000096e-04
2.000000000000000096e-04
2.000000000000000096e-04
2.000000000000000096e-04
2.000000000000000096e-04
2.000000000000000096e-04
2.000000000000000096e-04
2.000000000000000096e-04
2.000000000000000096e-04
2.000000000000000096e-04
2.000000000000000096e-04
2.000000000000000096e-04
2.000000000000000096e-04
2.000000000000000096e-04
2.000000000000000096e-04
2.000000000000000096e-04
2.000000000000000096e-04
2.000000000000000096e-04
2.000000000000000096e-04
2.000000000000000096e-04
2.000000000000000096e-04
2.000000000000000096e-04
2.000000000000000096e-04
2.000000000000000096e-04
2.000000000000000096e-04
2.000000000000000096e-04
2.000000000000000096e-04
2.000000000000000096e-04
2.000000000000000096e-04
2.000000000000000096e-04
2.000000000000000096e-04
2.000000000000000096e-04
2.000000000000000096e-04
2.000000000000000096e-04
2.000000000000000096e-04
2.000000000000000096e-04
2.000000000000000096e-04
2.000000000000000096e-04
2.000000000000000096e-04
2.000000000000000096e-04
2.000000000000000096e-04
2.000000000000000096e-04
2.000000000000000096e-04
2.000000000000000096e-04
2.000000000000000096e-04
2.000000000000000096e-04
2.000000000000000096e-04
2.000000000000000096e-04
2.000000000000000096e-04
2.000000000000000096e-04
2.000000000000000096e-04
2.000000000000000096e-04
2.000000000000000096e-04
2.000000000000000096e-04
2.000000000000000096e-04
2.000000000000000096e-04
2.000000000000000096e-04
2.000000000000000096e-04
2.000000000000000096e-04
2.000000000000000096e-04
2.000000000000000096e-04
2.000000000000000096e-04
2.000000000000000096e-04
2.000000000000000096e-04
2.000000000000000096e-04
2.000000000000000096e-04
2.000000000000000096e-04
2.000000000000000096e-04
2.000000000000000096e-04
2.000000000000000096e-04
2.000000000000000096e-04
2.000000000000000096e-04
2.000000000000000096e-04
2.000000000000000096e-04
2.000000000000000096e-04
2.000000000000000096e-04
2.000000000000000096e-04
2.000000000000000096e-04
2.000000000000000096e-04
2.000000000000000096e-04
2.000000000000000096e-04
2.000000000000000096e-04
2.000000000000000096e-04
2.000000000000000096e-04
2.000000000000000096e-04
2.000000000000000096e-04
2.000000000000000096e-04
2.000000000000000096e-04
2.000000000000000096e-04
2.000000000000000096e-04
2.000000000000000096e-04
2.000000000000000096e-04
2.000000000000000096e-04
2.000000000000000096e-04
2.000000000000000096e-04
2.000000000000000096e-04
2.000000000000000096e-04
2.000000000000000096e-04
2.000000000000000096e-04
2.000000000000000096e-04
2.000000000000000096e-04
2.000000000000000096e-04
2.000000000000000096e-04
2.000000000000000096e-04
2.000000000000000096e-04
2.000000000000000096e-04
2.000000000000000096e-04
2.000000000000000096e-04
2.000000000000000096e-04
2.000000000000000096e-04
2.000000000000000096e-04
2.000000000000000096e-04
2.000000000000000096e-04
2.000000000000000096e-04
2.000000000000000096e-04
2.000000000000000096e-04
2.000000000000000096e-04
2.000000000000000096e-04
2.000000000000000096e-04
2.000000000000000096e-04
2.000000000000000096e-04
2.000000000000000096e-04
2.000000000000000096e-04
2.000000000000000096e-04
2.000000000000000096e-04
2.000000000000000096e-04
2.000000000000000096e-04
2.000000000000000096e-04
2.000000000000000096e-04
2.000000000000000096e-04
2.000000000000000096e-04
2.000000000000000096e-04
2.000000000000000096e-04
2.000000000000000096e-04
2.000000000000000096e-04
2.000000000000000096e-04
2.000000000000000096e-04
2.000000000000000096e-04
2.000000000000000096e-04
2.000000000000000096e-04
2.000000000000000096e-04
2.000000000000000096e-04
2.000000000000000096e-04
2.000000000000000096e-04
2.000000000000000096e-04
2.000000000000000096e-04
2.000000000000000096e-04
2.000000000000000096e-04
2.000000000000000096e-04
2.000000000000000096e-04
2.000000000000000096e-04
2.000000000000000096e-04
2.000000000000000096e-04
2.000000000000000096e-04
2.000000000000000096e-04
2.000000000000000096e-04
2.000000000000000096e-04
2.000000000000000096e-04
2.000000000000000096e-04
2.000000000000000096e-04
2.000000000000000096e-04
2.000000000000000096e-04
2.000000000000000096e-04
2.000000000000000096e-04
2.000000000000000096e-04
2.000000000000000096e-04
2.000000000000000096e-04
2.000000000000000096e-04
2.000000000000000096e-04
2.000000000000000096e-04
2.000000000000000096e-04
2.000000000000000096e-04
2.000000000000000096e-04
2.000000000000000096e-04
2.000000000000000096e-04
2.000000000000000096e-04
2.000000000000000096e-04
2.000000000000000096e-04
2.000000000000000096e-04
2.000000000000000096e-04
2.000000000000000096e-04
2.000000000000000096e-04
2.000000000000000096e-04
2.000000000000000096e-04
2.000000000000000096e-04
2.000000000000000096e-04
2.000000000000000096e-04
2.000000000000000096e-04
2.000000000000000096e-04
2.000000000000000096e-04
2.000000000000000096e-04
2.000000000000000096e-04
2.000000000000000096e-04
2.000000000000000096e-04
2.000000000000000096e-04
2.000000000000000096e-04
2.000000000000000096e-04
2.000000000000000096e-04
2.000000000000000096e-04
2.000000000000000096e-04
2.000000000000000096e-04
2.000000000000000096e-04
2.000000000000000096e-04
2.000000000000000096e-04
2.000000000000000096e-04
2.000000000000000096e-04
2.000000000000000096e-04
2.000000000000000096e-04
2.000000000000000096e-04
2.000000000000000096e-04
2.000000000000000096e-04
2.000000000000000096e-04
2.000000000000000096e-04
2.000000000000000096e-04
2.000000000000000096e-04
2.000000000000000096e-04
2.000000000000000096e-04
2.000000000000000096e-04
2.000000000000000096e-04
2.000000000000000096e-04
2.000000000000000096e-04
2.000000000000000096e-04
2.000000000000000096e-04
2.000000000000000096e-04
2.000000000000000096e-04
2.000000000000000096e-04
2.000000000000000096e-04
2.000000000000000096e-04
2.000000000000000096e-04
2.000000000000000096e-04
2.000000000000000096e-04
2.000000000000000096e-04
2.000000000000000096e-04
2.000000000000000096e-04
2.000000000000000096e-04
2.000000000000000096e-04
2.000000000000000096e-04
2.000000000000000096e-04
2.000000000000000096e-04
2.000000000000000096e-04
2.000000000000000096e-04
2.000000000000000096e-04
2.000000000000000096e-04
2.000000000000000096e-04
2.000000000000000096e-04
2.000000000000000096e-04
2.000000000000000096e-04
2.000000000000000096e-04
2.000000000000000096e-04
2.000000000000000096e-04
2.000000000000000096e-04
2.000000000000000096e-04
2.000000000000000096e-04
2.000000000000000096e-04
2.000000000000000096e-04
2.000000000000000096e-04
2.000000000000000096e-04
2.000000000000000096e-04
2.000000000000000096e-04
2.000000000000000096e-04
2.000000000000000096e-04
2.000000000000000096e-04
2.000000000000000096e-04
2.000000000000000096e-04
2.000000000000000096e-04
2.000000000000000096e-04
2.000000000000000096e-04
2.000000000000000096e-04
2.000000000000000096e-04
2.000000000000000096e-04
2.000000000000000096e-04
2.000000000000000096e-04
2.000000000000000096e-04
2.000000000000000096e-04
2.000000000000000096e-04
2.000000000000000096e-04
2.000000000000000096e-04
2.000000000000000096e-04
2.000000000000000096e-04
2.000000000000000096e-04
2.000000000000000096e-04
2.000000000000000096e-04
2.000000000000000096e-04
2.000000000000000096e-04
2.000000000000000096e-04
2.000000000000000096e-04
2.000000000000000096e-04
2.000000000000000096e-04
2.000000000000000096e-04
2.000000000000000096e-04
2.000000000000000096e-04
2.000000000000000096e-04
2.000000000000000096e-04
2.000000000000000096e-04
2.000000000000000096e-04
2.000000000000000096e-04
2.000000000000000096e-04
2.000000000000000096e-04
2.000000000000000096e-04
2.000000000000000096e-04
2.000000000000000096e-04
2.000000000000000096e-04
2.000000000000000096e-04
2.000000000000000096e-04
2.000000000000000096e-04
2.000000000000000096e-04
2.000000000000000096e-04
2.000000000000000096e-04
2.000000000000000096e-04
2.000000000000000096e-04
2.000000000000000096e-04
2.000000000000000096e-04
2.000000000000000096e-04
2.000000000000000096e-04
2.000000000000000096e-04
2.000000000000000096e-04
2.000000000000000096e-04
2.000000000000000096e-04
2.000000000000000096e-04
2.000000000000000096e-04
2.000000000000000096e-04
2.000000000000000096e-04
2.000000000000000096e-04
2.000000000000000096e-04
2.000000000000000096e-04
2.000000000000000096e-04
2.000000000000000096e-04
2.000000000000000096e-04
2.000000000000000096e-04
2.000000000000000096e-04
2.000000000000000096e-04
2.000000000000000096e-04
2.000000000000000096e-04
2.000000000000000096e-04
2.000000000000000096e-04
2.000000000000000096e-04
2.000000000000000096e-04
2.000000000000000096e-04
2.000000000000000096e-04
2.000000000000000096e-04
2.000000000000000096e-04
2.000000000000000096e-04
2.000000000000000096e-04
2.000000000000000096e-04
2.000000000000000096e-04
2.000000000000000096e-04
2.000000000000000096e-04
2.000000000000000096e-04
2.000000000000000096e-04
2.000000000000000096e-04
2.000000000000000096e-04
2.000000000000000096e-04
2.000000000000000096e-04
2.000000000000000096e-04
2.000000000000000096e-04
2.000000000000000096e-04
2.000000000000000096e-04
2.000000000000000096e-04
2.000000000000000096e-04
2.000000000000000096e-04
2.000000000000000096e-04
2.000000000000000096e-04
2.000000000000000096e-04
2.000000000000000096e-04
2.000000000000000096e-04
2.000000000000000096e-04
2.000000000000000096e-04
2.000000000000000096e-04
2.000000000000000096e-04
2.000000000000000096e-04
2.000000000000000096e-04
2.000000000000000096e-04
2.000000000000000096e-04
2.000000000000000096e-04
2.000000000000000096e-04
2.000000000000000096e-04
2.000000000000000096e-04
2.000000000000000096e-04
2.000000000000000096e-04
2.000000000000000096e-04
2.000000000000000096e-04
2.000000000000000096e-04
2.000000000000000096e-04
2.000000000000000096e-04
2.000000000000000096e-04
2.000000000000000096e-04
2.000000000000000096e-04
2.000000000000000096e-04
2.000000000000000096e-04
2.000000000000000096e-04
2.000000000000000096e-04
2.000000000000000096e-04
2.000000000000000096e-04
2.000000000000000096e-04
2.000000000000000096e-04
2.000000000000000096e-04
2.000000000000000096e-04
2.000000000000000096e-04
2.000000000000000096e-04
2.000000000000000096e-04
2.000000000000000096e-04
2.000000000000000096e-04
2.000000000000000096e-04
2.000000000000000096e-04
2.000000000000000096e-04
2.000000000000000096e-04
2.000000000000000096e-04
2.000000000000000096e-04
2.000000000000000096e-04
2.000000000000000096e-04
2.000000000000000096e-04
2.000000000000000096e-04
2.000000000000000096e-04
2.000000000000000096e-04
2.000000000000000096e-04
2.000000000000000096e-04
2.000000000000000096e-04
2.000000000000000096e-04
2.000000000000000096e-04
2.000000000000000096e-04
2.000000000000000096e-04
2.000000000000000096e-04
2.000000000000000096e-04
2.000000000000000096e-04
2.000000000000000096e-04
2.000000000000000096e-04
2.000000000000000096e-04
2.000000000000000096e-04
2.000000000000000096e-04
2.000000000000000096e-04
2.000000000000000096e-04
2.000000000000000096e-04
2.000000000000000096e-04
2.000000000000000096e-04
2.000000000000000096e-04
2.000000000000000096e-04
2.000000000000000096e-04
2.000000000000000096e-04
2.000000000000000096e-04
2.000000000000000096e-04
2.000000000000000096e-04
2.000000000000000096e-04
2.000000000000000096e-04
2.000000000000000096e-04
2.000000000000000096e-04
2.000000000000000096e-04
2.000000000000000096e-04
2.000000000000000096e-04
2.000000000000000096e-04
2.000000000000000096e-04
2.000000000000000096e-04
2.000000000000000096e-04
2.000000000000000096e-04
2.000000000000000096e-04
2.000000000000000096e-04
2.000000000000000096e-04
2.000000000000000096e-04
2.000000000000000096e-04
2.000000000000000096e-04
2.000000000000000096e-04
2.000000000000000096e-04
2.000000000000000096e-04
2.000000000000000096e-04
2.000000000000000096e-04
2.000000000000000096e-04
2.000000000000000096e-04
2.000000000000000096e-04
2.000000000000000096e-04
2.000000000000000096e-04
2.000000000000000096e-04
2.000000000000000096e-04
2.000000000000000096e-04
2.000000000000000096e-04
2.000000000000000096e-04
2.000000000000000096e-04
2.000000000000000096e-04
2.000000000000000096e-04
2.000000000000000096e-04
2.000000000000000096e-04
2.000000000000000096e-04
2.000000000000000096e-04
2.000000000000000096e-04
2.000000000000000096e-04
2.000000000000000096e-04
2.000000000000000096e-04
2.000000000000000096e-04
2.000000000000000096e-04
2.000000000000000096e-04
2.000000000000000096e-04
2.000000000000000096e-04
2.000000000000000096e-04
2.000000000000000096e-04
2.000000000000000096e-04
2.000000000000000096e-04
2.000000000000000096e-04
2.000000000000000096e-04
2.000000000000000096e-04
2.000000000000000096e-04
2.000000000000000096e-04
2.000000000000000096e-04
2.000000000000000096e-04
2.000000000000000096e-04
2.000000000000000096e-04
2.000000000000000096e-04
2.000000000000000096e-04
2.000000000000000096e-04
2.000000000000000096e-04
2.000000000000000096e-04
2.000000000000000096e-04
2.000000000000000096e-04
2.000000000000000096e-04
2.000000000000000096e-04
2.000000000000000096e-04
2.000000000000000096e-04
2.000000000000000096e-04
2.000000000000000096e-04
2.000000000000000096e-04
2.000000000000000096e-04
2.000000000000000096e-04
2.000000000000000096e-04
2.000000000000000096e-04
2.000000000000000096e-04
2.000000000000000096e-04
2.000000000000000096e-04
2.000000000000000096e-04
2.000000000000000096e-04
2.000000000000000096e-04
2.000000000000000096e-04
2.000000000000000096e-04
2.000000000000000096e-04
2.000000000000000096e-04
2.000000000000000096e-04
2.000000000000000096e-04
2.000000000000000096e-04
2.000000000000000096e-04
2.000000000000000096e-04
2.000000000000000096e-04
2.000000000000000096e-04
2.000000000000000096e-04
2.000000000000000096e-04
2.000000000000000096e-04
2.000000000000000096e-04
2.000000000000000096e-04
2.000000000000000096e-04
2.000000000000000096e-04
2.000000000000000096e-04
2.000000000000000096e-04
2.000000000000000096e-04
2.000000000000000096e-04
2.000000000000000096e-04
2.000000000000000096e-04
2.000000000000000096e-04
2.000000000000000096e-04
2.000000000000000096e-04
2.000000000000000096e-04
2.000000000000000096e-04
2.000000000000000096e-04
2.000000000000000096e-04
2.000000000000000096e-04
2.000000000000000096e-04
2.000000000000000096e-04
2.000000000000000096e-04
2.000000000000000096e-04
2.000000000000000096e-04
2.000000000000000096e-04
2.000000000000000096e-04
2.000000000000000096e-04
2.000000000000000096e-04
2.000000000000000096e-04
2.000000000000000096e-04
2.000000000000000096e-04
2.000000000000000096e-04
2.000000000000000096e-04
2.000000000000000096e-04
2.000000000000000096e-04
2.000000000000000096e-04
2.000000000000000096e-04
2.000000000000000096e-04
2.000000000000000096e-04
2.000000000000000096e-04
2.000000000000000096e-04
2.000000000000000096e-04
2.000000000000000096e-04
2.000000000000000096e-04
2.000000000000000096e-04
2.000000000000000096e-04
2.000000000000000096e-04
2.000000000000000096e-04
2.000000000000000096e-04
2.000000000000000096e-04
2.000000000000000096e-04
2.000000000000000096e-04
2.000000000000000096e-04
2.000000000000000096e-04
2.000000000000000096e-04
2.000000000000000096e-04
2.000000000000000096e-04
2.000000000000000096e-04
2.000000000000000096e-04
2.000000000000000096e-04
2.000000000000000096e-04
2.000000000000000096e-04
2.000000000000000096e-04
2.000000000000000096e-04
2.000000000000000096e-04
2.000000000000000096e-04
2.000000000000000096e-04
2.000000000000000096e-04
2.000000000000000096e-04
2.000000000000000096e-04
2.000000000000000096e-04
2.000000000000000096e-04
2.000000000000000096e-04
2.000000000000000096e-04
2.000000000000000096e-04
2.000000000000000096e-04
2.000000000000000096e-04
2.000000000000000096e-04
2.000000000000000096e-04
2.000000000000000096e-04
2.000000000000000096e-04
2.000000000000000096e-04
2.000000000000000096e-04
2.000000000000000096e-04
2.000000000000000096e-04
2.000000000000000096e-04
2.000000000000000096e-04
2.000000000000000096e-04
2.000000000000000096e-04
2.000000000000000096e-04
2.000000000000000096e-04
2.000000000000000096e-04
2.000000000000000096e-04
2.000000000000000096e-04
2.000000000000000096e-04
2.000000000000000096e-04
2.000000000000000096e-04
2.000000000000000096e-04
2.000000000000000096e-04
2.000000000000000096e-04
2.000000000000000096e-04
2.000000000000000096e-04
2.000000000000000096e-04
2.000000000000000096e-04
2.000000000000000096e-04
2.000000000000000096e-04
2.000000000000000096e-04
2.000000000000000096e-04
2.000000000000000096e-04
2.000000000000000096e-04
2.000000000000000096e-04
2.000000000000000096e-04
2.000000000000000096e-04
2.000000000000000096e-04
2.000000000000000096e-04
2.000000000000000096e-04
2.000000000000000096e-04
2.000000000000000096e-04
2.000000000000000096e-04
2.000000000000000096e-04
2.000000000000000096e-04
2.000000000000000096e-04
2.000000000000000096e-04
2.000000000000000096e-04
2.000000000000000096e-04
2.000000000000000096e-04
2.000000000000000096e-04
2.000000000000000096e-04
2.000000000000000096e-04
2.000000000000000096e-04
2.000000000000000096e-04
2.000000000000000096e-04
2.000000000000000096e-04
2.000000000000000096e-04
2.000000000000000096e-04
2.000000000000000096e-04
2.000000000000000096e-04
2.000000000000000096e-04
2.000000000000000096e-04
2.000000000000000096e-04
2.000000000000000096e-04
2.000000000000000096e-04
2.000000000000000096e-04
2.000000000000000096e-04
2.000000000000000096e-04
2.000000000000000096e-04
2.000000000000000096e-04
2.000000000000000096e-04
2.000000000000000096e-04
2.000000000000000096e-04
2.000000000000000096e-04
2.000000000000000096e-04
2.000000000000000096e-04
2.000000000000000096e-04
2.000000000000000096e-04
2.000000000000000096e-04
2.000000000000000096e-04
2.000000000000000096e-04
2.000000000000000096e-04
2.000000000000000096e-04
2.000000000000000096e-04
2.000000000000000096e-04
2.000000000000000096e-04
2.000000000000000096e-04
2.000000000000000096e-04
2.000000000000000096e-04
2.000000000000000096e-04
2.000000000000000096e-04
2.000000000000000096e-04
2.000000000000000096e-04
2.000000000000000096e-04
2.000000000000000096e-04
2.000000000000000096e-04
2.000000000000000096e-04
2.000000000000000096e-04
2.000000000000000096e-04
2.000000000000000096e-04
2.000000000000000096e-04
2.000000000000000096e-04
2.000000000000000096e-04
2.000000000000000096e-04
2.000000000000000096e-04
2.000000000000000096e-04
2.000000000000000096e-04
2.000000000000000096e-04
2.000000000000000096e-04
2.000000000000000096e-04
2.000000000000000096e-04
2.000000000000000096e-04
2.000000000000000096e-04
2.000000000000000096e-04
2.000000000000000096e-04
2.000000000000000096e-04
2.000000000000000096e-04
2.000000000000000096e-04
2.000000000000000096e-04
2.000000000000000096e-04
2.000000000000000096e-04
2.000000000000000096e-04
2.000000000000000096e-04
2.000000000000000096e-04
2.000000000000000096e-04
2.000000000000000096e-04
2.000000000000000096e-04
2.000000000000000096e-04
2.000000000000000096e-04
2.000000000000000096e-04
2.000000000000000096e-04
2.000000000000000096e-04
2.000000000000000096e-04
2.000000000000000096e-04
2.000000000000000096e-04
2.000000000000000096e-04
2.000000000000000096e-04
2.000000000000000096e-04
2.000000000000000096e-04
2.000000000000000096e-04
2.000000000000000096e-04
2.000000000000000096e-04
2.000000000000000096e-04
2.000000000000000096e-04
2.000000000000000096e-04
2.000000000000000096e-04
2.000000000000000096e-04
2.000000000000000096e-04
2.000000000000000096e-04
2.000000000000000096e-04
2.000000000000000096e-04
2.000000000000000096e-04
2.000000000000000096e-04
2.000000000000000096e-04
2.000000000000000096e-04
2.000000000000000096e-04
2.000000000000000096e-04
2.000000000000000096e-04
2.000000000000000096e-04
2.000000000000000096e-04
2.000000000000000096e-04
2.000000000000000096e-04
2.000000000000000096e-04
2.000000000000000096e-04
2.000000000000000096e-04
2.000000000000000096e-04
2.000000000000000096e-04
2.000000000000000096e-04
2.000000000000000096e-04
2.000000000000000096e-04
2.000000000000000096e-04
2.000000000000000096e-04
2.000000000000000096e-04
2.000000000000000096e-04
2.000000000000000096e-04
2.000000000000000096e-04
2.000000000000000096e-04
2.000000000000000096e-04
2.000000000000000096e-04
2.000000000000000096e-04
2.000000000000000096e-04
2.000000000000000096e-04
2.000000000000000096e-04
2.000000000000000096e-04
2.000000000000000096e-04
2.000000000000000096e-04
2.000000000000000096e-04
2.000000000000000096e-04
2.000000000000000096e-04
2.000000000000000096e-04
2.000000000000000096e-04
2.000000000000000096e-04
2.000000000000000096e-04
2.000000000000000096e-04
2.000000000000000096e-04
2.000000000000000096e-04
2.000000000000000096e-04
2.000000000000000096e-04
2.000000000000000096e-04
2.000000000000000096e-04
2.000000000000000096e-04
2.000000000000000096e-04
2.000000000000000096e-04
2.000000000000000096e-04
2.000000000000000096e-04
2.000000000000000096e-04
2.000000000000000096e-04
2.000000000000000096e-04
2.000000000000000096e-04
2.000000000000000096e-04
2.000000000000000096e-04
2.000000000000000096e-04
2.000000000000000096e-04
2.000000000000000096e-04
2.000000000000000096e-04
2.000000000000000096e-04
2.000000000000000096e-04
2.000000000000000096e-04
2.000000000000000096e-04
2.000000000000000096e-04
2.000000000000000096e-04
2.000000000000000096e-04
2.000000000000000096e-04
2.000000000000000096e-04
2.000000000000000096e-04
2.000000000000000096e-04
2.000000000000000096e-04
2.000000000000000096e-04
2.000000000000000096e-04
2.000000000000000096e-04
2.000000000000000096e-04
2.000000000000000096e-04
2.000000000000000096e-04
2.000000000000000096e-04
2.000000000000000096e-04
2.000000000000000096e-04
2.000000000000000096e-04
2.000000000000000096e-04
2.000000000000000096e-04
2.000000000000000096e-04
2.000000000000000096e-04
2.000000000000000096e-04
2.000000000000000096e-04
2.000000000000000096e-04
2.000000000000000096e-04
2.000000000000000096e-04
2.000000000000000096e-04
2.000000000000000096e-04
2.000000000000000096e-04
2.000000000000000096e-04
2.000000000000000096e-04
2.000000000000000096e-04
2.000000000000000096e-04
2.000000000000000096e-04
2.000000000000000096e-04
2.000000000000000096e-04
2.000000000000000096e-04
2.000000000000000096e-04
2.000000000000000096e-04
2.000000000000000096e-04
2.000000000000000096e-04
2.000000000000000096e-04
2.000000000000000096e-04
2.000000000000000096e-04
2.000000000000000096e-04
2.000000000000000096e-04
2.000000000000000096e-04
2.000000000000000096e-04
2.000000000000000096e-04
2.000000000000000096e-04
2.000000000000000096e-04
2.000000000000000096e-04
2.000000000000000096e-04
2.000000000000000096e-04
2.000000000000000096e-04
2.000000000000000096e-04
2.000000000000000096e-04
2.000000000000000096e-04
2.000000000000000096e-04
2.000000000000000096e-04
2.000000000000000096e-04
2.000000000000000096e-04
2.000000000000000096e-04
2.000000000000000096e-04
2.000000000000000096e-04
2.000000000000000096e-04
2.000000000000000096e-04
2.000000000000000096e-04
2.000000000000000096e-04
2.000000000000000096e-04
2.000000000000000096e-04
2.000000000000000096e-04
2.000000000000000096e-04
2.000000000000000096e-04
2.000000000000000096e-04
2.000000000000000096e-04
2.000000000000000096e-04
2.000000000000000096e-04
2.000000000000000096e-04
2.000000000000000096e-04
2.000000000000000096e-04
2.000000000000000096e-04
2.000000000000000096e-04
2.000000000000000096e-04
2.000000000000000096e-04
2.000000000000000096e-04
2.000000000000000096e-04
2.000000000000000096e-04
2.000000000000000096e-04
2.000000000000000096e-04
2.000000000000000096e-04
2.000000000000000096e-04
2.000000000000000096e-04
2.000000000000000096e-04
2.000000000000000096e-04
2.000000000000000096e-04
2.000000000000000096e-04
2.000000000000000096e-04
2.000000000000000096e-04
2.000000000000000096e-04
2.000000000000000096e-04
2.000000000000000096e-04
2.000000000000000096e-04
2.000000000000000096e-04
2.000000000000000096e-04
2.000000000000000096e-04
2.000000000000000096e-04
2.000000000000000096e-04
2.000000000000000096e-04
2.000000000000000096e-04
2.000000000000000096e-04
2.000000000000000096e-04
2.000000000000000096e-04
2.000000000000000096e-04
2.000000000000000096e-04
2.000000000000000096e-04
2.000000000000000096e-04
2.000000000000000096e-04
2.000000000000000096e-04
2.000000000000000096e-04
2.000000000000000096e-04
2.000000000000000096e-04
2.000000000000000096e-04
2.000000000000000096e-04
2.000000000000000096e-04
2.000000000000000096e-04
2.000000000000000096e-04
2.000000000000000096e-04
2.000000000000000096e-04
2.000000000000000096e-04
2.000000000000000096e-04
2.000000000000000096e-04
2.000000000000000096e-04
2.000000000000000096e-04
2.000000000000000096e-04
2.000000000000000096e-04
2.000000000000000096e-04
2.000000000000000096e-04
2.000000000000000096e-04
2.000000000000000096e-04
2.000000000000000096e-04
2.000000000000000096e-04
2.000000000000000096e-04
2.000000000000000096e-04
2.000000000000000096e-04
2.000000000000000096e-04
2.000000000000000096e-04
2.000000000000000096e-04
2.000000000000000096e-04
2.000000000000000096e-04
2.000000000000000096e-04
2.000000000000000096e-04
2.000000000000000096e-04
2.000000000000000096e-04
2.000000000000000096e-04
2.000000000000000096e-04
2.000000000000000096e-04
2.000000000000000096e-04
2.000000000000000096e-04
2.000000000000000096e-04
2.000000000000000096e-04
2.000000000000000096e-04
2.000000000000000096e-04
2.000000000000000096e-04
2.000000000000000096e-04
2.000000000000000096e-04
2.000000000000000096e-04
2.000000000000000096e-04
2.000000000000000096e-04
2.000000000000000096e-04
2.000000000000000096e-04
2.000000000000000096e-04
2.000000000000000096e-04
2.000000000000000096e-04
2.000000000000000096e-04
2.000000000000000096e-04
2.000000000000000096e-04
2.000000000000000096e-04
2.000000000000000096e-04
2.000000000000000096e-04
2.000000000000000096e-04
2.000000000000000096e-04
2.000000000000000096e-04
2.000000000000000096e-04
2.000000000000000096e-04
2.000000000000000096e-04
2.000000000000000096e-04
2.000000000000000096e-04
2.000000000000000096e-04
2.000000000000000096e-04
2.000000000000000096e-04
2.000000000000000096e-04
2.000000000000000096e-04
2.000000000000000096e-04
2.000000000000000096e-04
2.000000000000000096e-04
2.000000000000000096e-04
2.000000000000000096e-04
2.000000000000000096e-04
2.000000000000000096e-04
2.000000000000000096e-04
2.000000000000000096e-04
2.000000000000000096e-04
2.000000000000000096e-04
2.000000000000000096e-04
2.000000000000000096e-04
2.000000000000000096e-04
2.000000000000000096e-04
2.000000000000000096e-04
2.000000000000000096e-04
2.000000000000000096e-04
2.000000000000000096e-04
2.000000000000000096e-04
2.000000000000000096e-04
2.000000000000000096e-04
2.000000000000000096e-04
2.000000000000000096e-04
2.000000000000000096e-04
2.000000000000000096e-04
2.000000000000000096e-04
2.000000000000000096e-04
2.000000000000000096e-04
2.000000000000000096e-04
2.000000000000000096e-04
2.000000000000000096e-04
2.000000000000000096e-04
2.000000000000000096e-04
2.000000000000000096e-04
2.000000000000000096e-04
2.000000000000000096e-04
2.000000000000000096e-04
2.000000000000000096e-04
2.000000000000000096e-04
2.000000000000000096e-04
2.000000000000000096e-04
2.000000000000000096e-04
2.000000000000000096e-04
2.000000000000000096e-04
2.000000000000000096e-04
2.000000000000000096e-04
2.000000000000000096e-04
2.000000000000000096e-04
2.000000000000000096e-04
2.000000000000000096e-04
2.000000000000000096e-04
2.000000000000000096e-04
2.000000000000000096e-04
2.000000000000000096e-04
2.000000000000000096e-04
2.000000000000000096e-04
2.000000000000000096e-04
2.000000000000000096e-04
2.000000000000000096e-04
2.000000000000000096e-04
2.000000000000000096e-04
2.000000000000000096e-04
2.000000000000000096e-04
2.000000000000000096e-04
2.000000000000000096e-04
2.000000000000000096e-04
2.000000000000000096e-04
2.000000000000000096e-04
2.000000000000000096e-04
2.000000000000000096e-04
2.000000000000000096e-04
2.000000000000000096e-04
2.000000000000000096e-04
2.000000000000000096e-04
2.000000000000000096e-04
2.000000000000000096e-04
2.000000000000000096e-04
2.000000000000000096e-04
2.000000000000000096e-04
2.000000000000000096e-04
2.000000000000000096e-04
2.000000000000000096e-04
2.000000000000000096e-04
2.000000000000000096e-04
2.000000000000000096e-04
2.000000000000000096e-04
2.000000000000000096e-04
2.000000000000000096e-04
2.000000000000000096e-04
2.000000000000000096e-04
2.000000000000000096e-04
2.000000000000000096e-04
2.000000000000000096e-04
2.000000000000000096e-04
2.000000000000000096e-04
2.000000000000000096e-04
2.000000000000000096e-04
2.000000000000000096e-04
2.000000000000000096e-04
2.000000000000000096e-04
2.000000000000000096e-04
2.000000000000000096e-04
2.000000000000000096e-04
2.000000000000000096e-04
2.000000000000000096e-04
2.000000000000000096e-04
2.000000000000000096e-04
2.000000000000000096e-04
2.000000000000000096e-04
2.000000000000000096e-04
2.000000000000000096e-04
2.000000000000000096e-04
2.000000000000000096e-04
2.000000000000000096e-04
2.000000000000000096e-04
2.000000000000000096e-04
2.000000000000000096e-04
2.000000000000000096e-04
2.000000000000000096e-04
2.000000000000000096e-04
2.000000000000000096e-04
2.000000000000000096e-04
2.000000000000000096e-04
2.000000000000000096e-04
2.000000000000000096e-04
2.000000000000000096e-04
2.000000000000000096e-04
2.000000000000000096e-04
2.000000000000000096e-04
2.000000000000000096e-04
2.000000000000000096e-04
2.000000000000000096e-04
2.000000000000000096e-04
2.000000000000000096e-04
2.000000000000000096e-04
2.000000000000000096e-04
2.000000000000000096e-04
2.000000000000000096e-04
2.000000000000000096e-04
2.000000000000000096e-04
2.000000000000000096e-04
2.000000000000000096e-04
2.000000000000000096e-04
2.000000000000000096e-04
2.000000000000000096e-04
2.000000000000000096e-04
2.000000000000000096e-04
2.000000000000000096e-04
2.000000000000000096e-04
2.000000000000000096e-04
2.000000000000000096e-04
2.000000000000000096e-04
2.000000000000000096e-04
2.000000000000000096e-04
2.000000000000000096e-04
2.000000000000000096e-04
2.000000000000000096e-04
2.000000000000000096e-04
2.000000000000000096e-04
2.000000000000000096e-04
2.000000000000000096e-04
2.000000000000000096e-04
2.000000000000000096e-04
2.000000000000000096e-04
2.000000000000000096e-04
2.000000000000000096e-04
2.000000000000000096e-04
2.000000000000000096e-04
2.000000000000000096e-04
2.000000000000000096e-04
2.000000000000000096e-04
2.000000000000000096e-04
2.000000000000000096e-04
2.000000000000000096e-04
2.000000000000000096e-04
2.000000000000000096e-04
2.000000000000000096e-04
2.000000000000000096e-04
2.000000000000000096e-04
2.000000000000000096e-04
2.000000000000000096e-04
2.000000000000000096e-04
2.000000000000000096e-04
2.000000000000000096e-04
2.000000000000000096e-04
2.000000000000000096e-04
2.000000000000000096e-04
2.000000000000000096e-04
2.000000000000000096e-04
2.000000000000000096e-04
2.000000000000000096e-04
2.000000000000000096e-04
2.000000000000000096e-04
2.000000000000000096e-04
2.000000000000000096e-04
2.000000000000000096e-04
2.000000000000000096e-04
2.000000000000000096e-04
2.000000000000000096e-04
2.000000000000000096e-04
2.000000000000000096e-04
2.000000000000000096e-04
2.000000000000000096e-04
2.000000000000000096e-04
2.000000000000000096e-04
2.000000000000000096e-04
2.000000000000000096e-04
2.000000000000000096e-04
2.000000000000000096e-04
2.000000000000000096e-04
2.000000000000000096e-04
2.000000000000000096e-04
2.000000000000000096e-04
2.000000000000000096e-04
2.000000000000000096e-04
2.000000000000000096e-04
2.000000000000000096e-04
2.000000000000000096e-04
2.000000000000000096e-04
2.000000000000000096e-04
2.000000000000000096e-04
2.000000000000000096e-04
2.000000000000000096e-04
2.000000000000000096e-04
2.000000000000000096e-04
2.000000000000000096e-04
2.000000000000000096e-04
2.000000000000000096e-04
2.000000000000000096e-04
2.000000000000000096e-04
2.000000000000000096e-04
2.000000000000000096e-04
2.000000000000000096e-04
2.000000000000000096e-04
2.000000000000000096e-04
2.000000000000000096e-04
2.000000000000000096e-04
2.000000000000000096e-04
2.000000000000000096e-04
2.000000000000000096e-04
2.000000000000000096e-04
2.000000000000000096e-04
2.000000000000000096e-04
2.000000000000000096e-04
2.000000000000000096e-04
2.000000000000000096e-04
2.000000000000000096e-04
2.000000000000000096e-04
2.000000000000000096e-04
2.000000000000000096e-04
2.000000000000000096e-04
2.000000000000000096e-04
2.000000000000000096e-04
2.000000000000000096e-04
2.000000000000000096e-04
2.000000000000000096e-04
2.000000000000000096e-04
2.000000000000000096e-04
2.000000000000000096e-04
2.000000000000000096e-04
2.000000000000000096e-04
2.000000000000000096e-04
2.000000000000000096e-04
2.000000000000000096e-04
2.000000000000000096e-04
2.000000000000000096e-04
2.000000000000000096e-04
2.000000000000000096e-04
2.000000000000000096e-04
2.000000000000000096e-04
2.000000000000000096e-04
2.000000000000000096e-04
2.000000000000000096e-04
2.000000000000000096e-04
2.000000000000000096e-04
2.000000000000000096e-04
2.000000000000000096e-04
2.000000000000000096e-04
2.000000000000000096e-04
2.000000000000000096e-04
2.000000000000000096e-04
2.000000000000000096e-04
2.000000000000000096e-04
2.000000000000000096e-04
2.000000000000000096e-04
2.000000000000000096e-04
2.000000000000000096e-04
2.000000000000000096e-04
2.000000000000000096e-04
2.000000000000000096e-04
2.000000000000000096e-04
2.000000000000000096e-04
2.000000000000000096e-04
2.000000000000000096e-04
2.000000000000000096e-04
2.000000000000000096e-04
2.000000000000000096e-04
2.000000000000000096e-04
2.000000000000000096e-04
2.000000000000000096e-04
2.000000000000000096e-04
2.000000000000000096e-04
2.000000000000000096e-04
2.000000000000000096e-04
2.000000000000000096e-04
2.000000000000000096e-04
2.000000000000000096e-04
2.000000000000000096e-04
2.000000000000000096e-04
2.000000000000000096e-04
2.000000000000000096e-04
2.000000000000000096e-04
2.000000000000000096e-04
2.000000000000000096e-04
2.000000000000000096e-04
2.000000000000000096e-04
2.000000000000000096e-04
2.000000000000000096e-04
2.000000000000000096e-04
2.000000000000000096e-04
2.000000000000000096e-04
2.000000000000000096e-04
2.000000000000000096e-04
2.000000000000000096e-04
2.000000000000000096e-04
2.000000000000000096e-04
2.000000000000000096e-04
2.000000000000000096e-04
2.000000000000000096e-04
2.000000000000000096e-04
2.000000000000000096e-04
2.000000000000000096e-04
2.000000000000000096e-04
2.000000000000000096e-04
2.000000000000000096e-04
2.000000000000000096e-04
2.000000000000000096e-04
2.000000000000000096e-04
2.000000000000000096e-04
2.000000000000000096e-04
2.000000000000000096e-04
2.000000000000000096e-04
2.000000000000000096e-04
2.000000000000000096e-04
2.000000000000000096e-04
2.000000000000000096e-04
2.000000000000000096e-04
2.000000000000000096e-04
2.000000000000000096e-04
2.000000000000000096e-04
2.000000000000000096e-04
2.000000000000000096e-04
2.000000000000000096e-04
2.000000000000000096e-04
2.000000000000000096e-04
2.000000000000000096e-04
2.000000000000000096e-04
2.000000000000000096e-04
2.000000000000000096e-04
2.000000000000000096e-04
2.000000000000000096e-04
2.000000000000000096e-04
2.000000000000000096e-04
2.000000000000000096e-04
2.000000000000000096e-04
2.000000000000000096e-04
2.000000000000000096e-04
2.000000000000000096e-04
2.000000000000000096e-04
2.000000000000000096e-04
2.000000000000000096e-04
2.000000000000000096e-04
2.000000000000000096e-04
2.000000000000000096e-04
2.000000000000000096e-04
2.000000000000000096e-04
2.000000000000000096e-04
2.000000000000000096e-04
2.000000000000000096e-04
2.000000000000000096e-04
2.000000000000000096e-04
2.000000000000000096e-04
2.000000000000000096e-04
2.000000000000000096e-04
2.000000000000000096e-04
2.000000000000000096e-04
2.000000000000000096e-04
2.000000000000000096e-04
2.000000000000000096e-04
2.000000000000000096e-04
2.000000000000000096e-04
2.000000000000000096e-04
2.000000000000000096e-04
2.000000000000000096e-04
2.000000000000000096e-04
2.000000000000000096e-04
2.000000000000000096e-04
2.000000000000000096e-04
2.000000000000000096e-04
2.000000000000000096e-04
2.000000000000000096e-04
2.000000000000000096e-04
2.000000000000000096e-04
2.000000000000000096e-04
2.000000000000000096e-04
2.000000000000000096e-04
2.000000000000000096e-04
2.000000000000000096e-04
2.000000000000000096e-04
2.000000000000000096e-04
2.000000000000000096e-04
2.000000000000000096e-04
2.000000000000000096e-04
2.000000000000000096e-04
2.000000000000000096e-04
2.000000000000000096e-04
2.000000000000000096e-04
2.000000000000000096e-04
2.000000000000000096e-04
2.000000000000000096e-04
2.000000000000000096e-04
2.000000000000000096e-04
2.000000000000000096e-04
2.000000000000000096e-04
2.000000000000000096e-04
2.000000000000000096e-04
2.000000000000000096e-04
2.000000000000000096e-04
2.000000000000000096e-04
2.000000000000000096e-04
2.000000000000000096e-04
2.000000000000000096e-04
2.000000000000000096e-04
2.000000000000000096e-04
2.000000000000000096e-04
2.000000000000000096e-04
2.000000000000000096e-04
2.000000000000000096e-04
2.000000000000000096e-04
2.000000000000000096e-04
2.000000000000000096e-04
2.000000000000000096e-04
2.000000000000000096e-04
2.000000000000000096e-04
2.000000000000000096e-04
2.000000000000000096e-04
2.000000000000000096e-04
2.000000000000000096e-04
2.000000000000000096e-04
2.000000000000000096e-04
2.000000000000000096e-04
2.000000000000000096e-04
2.000000000000000096e-04
2.000000000000000096e-04
2.000000000000000096e-04
2.000000000000000096e-04
2.000000000000000096e-04
2.000000000000000096e-04
2.000000000000000096e-04
2.000000000000000096e-04
2.000000000000000096e-04
2.000000000000000096e-04
2.000000000000000096e-04
2.000000000000000096e-04
2.000000000000000096e-04
2.000000000000000096e-04
2.000000000000000096e-04
2.000000000000000096e-04
2.000000000000000096e-04
2.000000000000000096e-04
2.000000000000000096e-04
2.000000000000000096e-04
2.000000000000000096e-04
2.000000000000000096e-04
2.000000000000000096e-04
2.000000000000000096e-04
2.000000000000000096e-04
2.000000000000000096e-04
2.000000000000000096e-04
2.000000000000000096e-04
2.000000000000000096e-04
2.000000000000000096e-04
2.000000000000000096e-04
2.000000000000000096e-04
2.000000000000000096e-04
2.000000000000000096e-04
2.000000000000000096e-04
2.000000000000000096e-04
2.000000000000000096e-04
2.000000000000000096e-04
2.000000000000000096e-04
2.000000000000000096e-04
2.000000000000000096e-04
2.000000000000000096e-04
2.000000000000000096e-04
2.000000000000000096e-04
2.000000000000000096e-04
2.000000000000000096e-04
2.000000000000000096e-04
2.000000000000000096e-04
2.000000000000000096e-04
2.000000000000000096e-04
2.000000000000000096e-04
2.000000000000000096e-04
2.000000000000000096e-04
2.000000000000000096e-04
2.000000000000000096e-04
2.000000000000000096e-04
2.000000000000000096e-04
2.000000000000000096e-04
2.000000000000000096e-04
2.000000000000000096e-04
2.000000000000000096e-04
2.000000000000000096e-04
2.000000000000000096e-04
2.000000000000000096e-04
2.000000000000000096e-04
2.000000000000000096e-04
2.000000000000000096e-04
2.000000000000000096e-04
2.000000000000000096e-04
2.000000000000000096e-04
2.000000000000000096e-04
2.000000000000000096e-04
2.000000000000000096e-04
2.000000000000000096e-04
2.000000000000000096e-04
2.000000000000000096e-04
2.000000000000000096e-04
2.000000000000000096e-04
2.000000000000000096e-04
2.000000000000000096e-04
2.000000000000000096e-04
2.000000000000000096e-04
2.000000000000000096e-04
2.000000000000000096e-04
2.000000000000000096e-04
2.000000000000000096e-04
2.000000000000000096e-04
2.000000000000000096e-04
2.000000000000000096e-04
2.000000000000000096e-04
2.000000000000000096e-04
2.000000000000000096e-04
2.000000000000000096e-04
2.000000000000000096e-04
2.000000000000000096e-04
2.000000000000000096e-04
2.000000000000000096e-04
2.000000000000000096e-04
2.000000000000000096e-04
2.000000000000000096e-04
2.000000000000000096e-04
2.000000000000000096e-04
2.000000000000000096e-04
2.000000000000000096e-04
2.000000000000000096e-04
2.000000000000000096e-04
2.000000000000000096e-04
2.000000000000000096e-04
2.000000000000000096e-04
2.000000000000000096e-04
2.000000000000000096e-04
2.000000000000000096e-04
2.000000000000000096e-04
2.000000000000000096e-04
2.000000000000000096e-04
2.000000000000000096e-04
2.000000000000000096e-04
2.000000000000000096e-04
2.000000000000000096e-04
2.000000000000000096e-04
2.000000000000000096e-04
2.000000000000000096e-04
2.000000000000000096e-04
2.000000000000000096e-04
2.000000000000000096e-04
2.000000000000000096e-04
2.000000000000000096e-04
2.000000000000000096e-04
2.000000000000000096e-04
2.000000000000000096e-04
2.000000000000000096e-04
2.000000000000000096e-04
2.000000000000000096e-04
2.000000000000000096e-04
2.000000000000000096e-04
2.000000000000000096e-04
2.000000000000000096e-04
2.000000000000000096e-04
2.000000000000000096e-04
2.000000000000000096e-04
2.000000000000000096e-04
2.000000000000000096e-04
2.000000000000000096e-04
2.000000000000000096e-04
2.000000000000000096e-04
2.000000000000000096e-04
2.000000000000000096e-04
2.000000000000000096e-04
2.000000000000000096e-04
2.000000000000000096e-04
2.000000000000000096e-04
2.000000000000000096e-04
2.000000000000000096e-04
2.000000000000000096e-04
2.000000000000000096e-04
2.000000000000000096e-04
2.000000000000000096e-04
2.000000000000000096e-04
2.000000000000000096e-04
2.000000000000000096e-04
2.000000000000000096e-04
2.000000000000000096e-04
2.000000000000000096e-04
2.000000000000000096e-04
2.000000000000000096e-04
2.000000000000000096e-04
2.000000000000000096e-04
2.000000000000000096e-04
2.000000000000000096e-04
2.000000000000000096e-04
2.000000000000000096e-04
2.000000000000000096e-04
2.000000000000000096e-04
2.000000000000000096e-04
2.000000000000000096e-04
2.000000000000000096e-04
2.000000000000000096e-04
2.000000000000000096e-04
2.000000000000000096e-04
2.000000000000000096e-04
2.000000000000000096e-04
2.000000000000000096e-04
2.000000000000000096e-04
2.000000000000000096e-04
2.000000000000000096e-04
2.000000000000000096e-04
2.000000000000000096e-04
2.000000000000000096e-04
2.000000000000000096e-04
2.000000000000000096e-04
2.000000000000000096e-04
2.000000000000000096e-04
2.000000000000000096e-04
2.000000000000000096e-04
2.000000000000000096e-04
2.000000000000000096e-04
2.000000000000000096e-04
2.000000000000000096e-04
2.000000000000000096e-04
2.000000000000000096e-04
2.000000000000000096e-04
2.000000000000000096e-04
2.000000000000000096e-04
2.000000000000000096e-04
2.000000000000000096e-04
2.000000000000000096e-04
2.000000000000000096e-04
2.000000000000000096e-04
2.000000000000000096e-04
2.000000000000000096e-04
2.000000000000000096e-04
2.000000000000000096e-04
2.000000000000000096e-04
2.000000000000000096e-04
2.000000000000000096e-04
2.000000000000000096e-04
2.000000000000000096e-04
2.000000000000000096e-04
2.000000000000000096e-04
2.000000000000000096e-04
2.000000000000000096e-04
2.000000000000000096e-04
2.000000000000000096e-04
2.000000000000000096e-04
2.000000000000000096e-04
2.000000000000000096e-04
2.000000000000000096e-04
2.000000000000000096e-04
2.000000000000000096e-04
2.000000000000000096e-04
2.000000000000000096e-04
2.000000000000000096e-04
2.000000000000000096e-04
2.000000000000000096e-04
2.000000000000000096e-04
2.000000000000000096e-04
2.000000000000000096e-04
2.000000000000000096e-04
2.000000000000000096e-04
2.000000000000000096e-04
2.000000000000000096e-04
2.000000000000000096e-04
2.000000000000000096e-04
2.000000000000000096e-04
2.000000000000000096e-04
2.000000000000000096e-04
2.000000000000000096e-04
2.000000000000000096e-04
2.000000000000000096e-04
2.000000000000000096e-04
2.000000000000000096e-04
2.000000000000000096e-04
2.000000000000000096e-04
2.000000000000000096e-04
2.000000000000000096e-04
2.000000000000000096e-04
2.000000000000000096e-04
2.000000000000000096e-04
2.000000000000000096e-04
2.000000000000000096e-04
2.000000000000000096e-04
2.000000000000000096e-04
2.000000000000000096e-04
2.000000000000000096e-04
2.000000000000000096e-04
2.000000000000000096e-04
2.000000000000000096e-04
2.000000000000000096e-04
2.000000000000000096e-04
2.000000000000000096e-04
2.000000000000000096e-04
2.000000000000000096e-04
2.000000000000000096e-04
2.000000000000000096e-04
2.000000000000000096e-04
2.000000000000000096e-04
2.000000000000000096e-04
2.000000000000000096e-04
2.000000000000000096e-04
2.000000000000000096e-04
2.000000000000000096e-04
2.000000000000000096e-04
2.000000000000000096e-04
2.000000000000000096e-04
2.000000000000000096e-04
2.000000000000000096e-04
2.000000000000000096e-04
2.000000000000000096e-04
2.000000000000000096e-04
2.000000000000000096e-04
2.000000000000000096e-04
2.000000000000000096e-04
2.000000000000000096e-04
2.000000000000000096e-04
2.000000000000000096e-04
2.000000000000000096e-04
2.000000000000000096e-04
2.000000000000000096e-04
2.000000000000000096e-04
2.000000000000000096e-04
2.000000000000000096e-04
2.000000000000000096e-04
2.000000000000000096e-04
2.000000000000000096e-04
2.000000000000000096e-04
2.000000000000000096e-04
2.000000000000000096e-04
2.000000000000000096e-04
2.000000000000000096e-04
2.000000000000000096e-04
2.000000000000000096e-04
2.000000000000000096e-04
2.000000000000000096e-04
2.000000000000000096e-04
2.000000000000000096e-04
2.000000000000000096e-04
2.000000000000000096e-04
2.000000000000000096e-04
2.000000000000000096e-04
2.000000000000000096e-04
2.000000000000000096e-04
2.000000000000000096e-04
2.000000000000000096e-04
2.000000000000000096e-04
2.000000000000000096e-04
2.000000000000000096e-04
2.000000000000000096e-04
2.000000000000000096e-04
2.000000000000000096e-04
2.000000000000000096e-04
2.000000000000000096e-04
2.000000000000000096e-04
2.000000000000000096e-04
2.000000000000000096e-04
2.000000000000000096e-04
2.000000000000000096e-04
2.000000000000000096e-04
2.000000000000000096e-04
2.000000000000000096e-04
2.000000000000000096e-04
2.000000000000000096e-04
2.000000000000000096e-04
2.000000000000000096e-04
2.000000000000000096e-04
2.000000000000000096e-04
2.000000000000000096e-04
2.000000000000000096e-04
2.000000000000000096e-04
2.000000000000000096e-04
2.000000000000000096e-04
2.000000000000000096e-04
2.000000000000000096e-04
2.000000000000000096e-04
2.000000000000000096e-04
2.000000000000000096e-04
2.000000000000000096e-04
2.000000000000000096e-04
2.000000000000000096e-04
2.000000000000000096e-04
2.000000000000000096e-04
2.000000000000000096e-04
2.000000000000000096e-04
2.000000000000000096e-04
2.000000000000000096e-04
2.000000000000000096e-04
2.000000000000000096e-04
2.000000000000000096e-04
2.000000000000000096e-04
2.000000000000000096e-04
2.000000000000000096e-04
2.000000000000000096e-04
2.000000000000000096e-04
2.000000000000000096e-04
2.000000000000000096e-04
2.000000000000000096e-04
2.000000000000000096e-04
2.000000000000000096e-04
2.000000000000000096e-04
2.000000000000000096e-04
2.000000000000000096e-04
2.000000000000000096e-04
2.000000000000000096e-04
2.000000000000000096e-04
2.000000000000000096e-04
2.000000000000000096e-04
2.000000000000000096e-04
2.000000000000000096e-04
2.000000000000000096e-04
2.000000000000000096e-04
2.000000000000000096e-04
2.000000000000000096e-04
2.000000000000000096e-04
2.000000000000000096e-04
2.000000000000000096e-04
2.000000000000000096e-04
2.000000000000000096e-04
2.000000000000000096e-04
2.000000000000000096e-04
2.000000000000000096e-04
2.000000000000000096e-04
2.000000000000000096e-04
2.000000000000000096e-04
2.000000000000000096e-04
2.000000000000000096e-04
2.000000000000000096e-04
2.000000000000000096e-04
2.000000000000000096e-04
2.000000000000000096e-04
2.000000000000000096e-04
2.000000000000000096e-04
2.000000000000000096e-04
2.000000000000000096e-04
2.000000000000000096e-04
2.000000000000000096e-04
2.000000000000000096e-04
2.000000000000000096e-04
2.000000000000000096e-04
2.000000000000000096e-04
2.000000000000000096e-04
2.000000000000000096e-04
2.000000000000000096e-04
2.000000000000000096e-04
2.000000000000000096e-04
2.000000000000000096e-04
2.000000000000000096e-04
2.000000000000000096e-04
2.000000000000000096e-04
2.000000000000000096e-04
2.000000000000000096e-04
2.000000000000000096e-04
2.000000000000000096e-04
2.000000000000000096e-04
2.000000000000000096e-04
2.000000000000000096e-04
2.000000000000000096e-04
2.000000000000000096e-04
2.000000000000000096e-04
2.000000000000000096e-04
2.000000000000000096e-04
2.000000000000000096e-04
2.000000000000000096e-04
2.000000000000000096e-04
2.000000000000000096e-04
2.000000000000000096e-04
2.000000000000000096e-04
2.000000000000000096e-04
2.000000000000000096e-04
2.000000000000000096e-04
2.000000000000000096e-04
2.000000000000000096e-04
2.000000000000000096e-04
2.000000000000000096e-04
2.000000000000000096e-04
2.000000000000000096e-04
2.000000000000000096e-04
2.000000000000000096e-04
2.000000000000000096e-04
2.000000000000000096e-04
2.000000000000000096e-04
2.000000000000000096e-04
2.000000000000000096e-04
2.000000000000000096e-04
2.000000000000000096e-04
2.000000000000000096e-04
2.000000000000000096e-04
2.000000000000000096e-04
2.000000000000000096e-04
2.000000000000000096e-04
2.000000000000000096e-04
2.000000000000000096e-04
2.000000000000000096e-04
2.000000000000000096e-04
2.000000000000000096e-04
2.000000000000000096e-04
2.000000000000000096e-04
2.000000000000000096e-04
2.000000000000000096e-04
2.000000000000000096e-04
2.000000000000000096e-04
2.000000000000000096e-04
2.000000000000000096e-04
2.000000000000000096e-04
2.000000000000000096e-04
2.000000000000000096e-04
2.000000000000000096e-04
2.000000000000000096e-04
2.000000000000000096e-04
2.000000000000000096e-04
2.000000000000000096e-04
2.000000000000000096e-04
2.000000000000000096e-04
2.000000000000000096e-04
2.000000000000000096e-04
2.000000000000000096e-04
2.000000000000000096e-04
2.000000000000000096e-04
2.000000000000000096e-04
2.000000000000000096e-04
2.000000000000000096e-04
2.000000000000000096e-04
2.000000000000000096e-04
2.000000000000000096e-04
2.000000000000000096e-04
2.000000000000000096e-04
2.000000000000000096e-04
2.000000000000000096e-04
2.000000000000000096e-04
2.000000000000000096e-04
2.000000000000000096e-04
2.000000000000000096e-04
2.000000000000000096e-04
2.000000000000000096e-04
2.000000000000000096e-04
2.000000000000000096e-04
2.000000000000000096e-04
2.000000000000000096e-04
2.000000000000000096e-04
2.000000000000000096e-04
2.000000000000000096e-04
2.000000000000000096e-04
2.000000000000000096e-04
2.000000000000000096e-04
2.000000000000000096e-04
2.000000000000000096e-04
2.000000000000000096e-04
2.000000000000000096e-04
2.000000000000000096e-04
2.000000000000000096e-04
2.000000000000000096e-04
2.000000000000000096e-04
2.000000000000000096e-04
2.000000000000000096e-04
2.000000000000000096e-04
2.000000000000000096e-04
2.000000000000000096e-04
2.000000000000000096e-04
2.000000000000000096e-04
2.000000000000000096e-04
2.000000000000000096e-04
2.000000000000000096e-04
2.000000000000000096e-04
2.000000000000000096e-04
2.000000000000000096e-04
2.000000000000000096e-04
2.000000000000000096e-04
2.000000000000000096e-04
2.000000000000000096e-04
2.000000000000000096e-04
2.000000000000000096e-04
2.000000000000000096e-04
2.000000000000000096e-04
2.000000000000000096e-04
2.000000000000000096e-04
2.000000000000000096e-04
2.000000000000000096e-04
2.000000000000000096e-04
2.000000000000000096e-04
2.000000000000000096e-04
2.000000000000000096e-04
2.000000000000000096e-04
2.000000000000000096e-04
2.000000000000000096e-04
2.000000000000000096e-04
2.000000000000000096e-04
2.000000000000000096e-04
2.000000000000000096e-04
2.000000000000000096e-04
2.000000000000000096e-04
2.000000000000000096e-04
2.000000000000000096e-04
2.000000000000000096e-04
2.000000000000000096e-04
2.000000000000000096e-04
2.000000000000000096e-04
2.000000000000000096e-04
2.000000000000000096e-04
2.000000000000000096e-04
2.000000000000000096e-04
2.000000000000000096e-04
2.000000000000000096e-04
2.000000000000000096e-04
2.000000000000000096e-04
2.000000000000000096e-04
2.000000000000000096e-04
2.000000000000000096e-04
2.000000000000000096e-04
2.000000000000000096e-04
2.000000000000000096e-04
2.000000000000000096e-04
2.000000000000000096e-04
2.000000000000000096e-04
2.000000000000000096e-04
2.000000000000000096e-04
2.000000000000000096e-04
2.000000000000000096e-04
2.000000000000000096e-04
2.000000000000000096e-04
2.000000000000000096e-04
2.000000000000000096e-04
2.000000000000000096e-04
2.000000000000000096e-04
2.000000000000000096e-04
2.000000000000000096e-04
2.000000000000000096e-04
2.000000000000000096e-04
2.000000000000000096e-04
2.000000000000000096e-04
2.000000000000000096e-04
2.000000000000000096e-04
2.000000000000000096e-04
2.000000000000000096e-04
2.000000000000000096e-04
2.000000000000000096e-04
2.000000000000000096e-04
2.000000000000000096e-04
2.000000000000000096e-04
2.000000000000000096e-04
2.000000000000000096e-04
2.000000000000000096e-04
2.000000000000000096e-04
2.000000000000000096e-04
2.000000000000000096e-04
2.000000000000000096e-04
2.000000000000000096e-04
2.000000000000000096e-04
2.000000000000000096e-04
2.000000000000000096e-04
2.000000000000000096e-04
2.000000000000000096e-04
2.000000000000000096e-04
2.000000000000000096e-04
2.000000000000000096e-04
2.000000000000000096e-04
2.000000000000000096e-04
2.000000000000000096e-04
2.000000000000000096e-04
2.000000000000000096e-04
2.000000000000000096e-04
2.000000000000000096e-04
2.000000000000000096e-04
2.000000000000000096e-04
2.000000000000000096e-04
2.000000000000000096e-04
2.000000000000000096e-04
2.000000000000000096e-04
2.000000000000000096e-04
2.000000000000000096e-04
2.000000000000000096e-04
2.000000000000000096e-04
2.000000000000000096e-04
2.000000000000000096e-04
2.000000000000000096e-04
2.000000000000000096e-04
2.000000000000000096e-04
2.000000000000000096e-04
2.000000000000000096e-04
2.000000000000000096e-04
2.000000000000000096e-04
2.000000000000000096e-04
2.000000000000000096e-04
2.000000000000000096e-04
2.000000000000000096e-04
2.000000000000000096e-04
2.000000000000000096e-04
2.000000000000000096e-04
2.000000000000000096e-04
2.000000000000000096e-04
2.000000000000000096e-04
2.000000000000000096e-04
2.000000000000000096e-04
2.000000000000000096e-04
2.000000000000000096e-04
2.000000000000000096e-04
2.000000000000000096e-04
2.000000000000000096e-04
2.000000000000000096e-04
2.000000000000000096e-04
2.000000000000000096e-04
2.000000000000000096e-04
2.000000000000000096e-04
2.000000000000000096e-04
2.000000000000000096e-04
2.000000000000000096e-04
2.000000000000000096e-04
2.000000000000000096e-04
2.000000000000000096e-04
2.000000000000000096e-04
2.000000000000000096e-04
2.000000000000000096e-04
2.000000000000000096e-04
2.000000000000000096e-04
2.000000000000000096e-04
2.000000000000000096e-04
2.000000000000000096e-04
2.000000000000000096e-04
2.000000000000000096e-04
2.000000000000000096e-04
2.000000000000000096e-04
2.000000000000000096e-04
2.000000000000000096e-04
2.000000000000000096e-04
2.000000000000000096e-04
2.000000000000000096e-04
2.000000000000000096e-04
2.000000000000000096e-04
2.000000000000000096e-04
2.000000000000000096e-04
2.000000000000000096e-04
2.000000000000000096e-04
2.000000000000000096e-04
2.000000000000000096e-04
2.000000000000000096e-04
2.000000000000000096e-04
2.000000000000000096e-04
2.000000000000000096e-04
2.000000000000000096e-04
2.000000000000000096e-04
2.000000000000000096e-04
2.000000000000000096e-04
2.000000000000000096e-04
2.000000000000000096e-04
2.000000000000000096e-04
2.000000000000000096e-04
2.000000000000000096e-04
2.000000000000000096e-04
2.000000000000000096e-04
2.000000000000000096e-04
2.000000000000000096e-04
2.000000000000000096e-04
2.000000000000000096e-04
2.000000000000000096e-04
2.000000000000000096e-04
2.000000000000000096e-04
2.000000000000000096e-04
2.000000000000000096e-04
2.000000000000000096e-04
2.000000000000000096e-04
2.000000000000000096e-04
2.000000000000000096e-04
2.000000000000000096e-04
2.000000000000000096e-04
2.000000000000000096e-04
2.000000000000000096e-04
2.000000000000000096e-04
2.000000000000000096e-04
2.000000000000000096e-04
2.000000000000000096e-04
2.000000000000000096e-04
2.000000000000000096e-04
2.000000000000000096e-04
2.000000000000000096e-04
2.000000000000000096e-04
2.000000000000000096e-04
2.000000000000000096e-04
2.000000000000000096e-04
2.000000000000000096e-04
2.000000000000000096e-04
2.000000000000000096e-04
2.000000000000000096e-04
2.000000000000000096e-04
2.000000000000000096e-04
2.000000000000000096e-04
2.000000000000000096e-04
2.000000000000000096e-04
2.000000000000000096e-04
2.000000000000000096e-04
2.000000000000000096e-04
2.000000000000000096e-04
2.000000000000000096e-04
2.000000000000000096e-04
2.000000000000000096e-04
2.000000000000000096e-04
2.000000000000000096e-04
2.000000000000000096e-04
2.000000000000000096e-04
2.000000000000000096e-04
2.000000000000000096e-04
2.000000000000000096e-04
2.000000000000000096e-04
2.000000000000000096e-04
2.000000000000000096e-04
2.000000000000000096e-04
2.000000000000000096e-04
2.000000000000000096e-04
2.000000000000000096e-04
2.000000000000000096e-04
2.000000000000000096e-04
2.000000000000000096e-04
2.000000000000000096e-04
2.000000000000000096e-04
2.000000000000000096e-04
2.000000000000000096e-04
2.000000000000000096e-04
2.000000000000000096e-04
2.000000000000000096e-04
2.000000000000000096e-04
2.000000000000000096e-04
2.000000000000000096e-04
2.000000000000000096e-04
2.000000000000000096e-04
2.000000000000000096e-04
2.000000000000000096e-04
2.000000000000000096e-04
2.000000000000000096e-04
2.000000000000000096e-04
2.000000000000000096e-04
2.000000000000000096e-04
2.000000000000000096e-04
2.000000000000000096e-04
2.000000000000000096e-04
2.000000000000000096e-04
2.000000000000000096e-04
2.000000000000000096e-04
2.000000000000000096e-04
2.000000000000000096e-04
2.000000000000000096e-04
2.000000000000000096e-04
2.000000000000000096e-04
2.000000000000000096e-04
2.000000000000000096e-04
2.000000000000000096e-04
2.000000000000000096e-04
2.000000000000000096e-04
2.000000000000000096e-04
2.000000000000000096e-04
2.000000000000000096e-04
2.000000000000000096e-04
2.000000000000000096e-04
2.000000000000000096e-04
2.000000000000000096e-04
2.000000000000000096e-04
2.000000000000000096e-04
2.000000000000000096e-04
2.000000000000000096e-04
2.000000000000000096e-04
2.000000000000000096e-04
2.000000000000000096e-04
2.000000000000000096e-04
2.000000000000000096e-04
2.000000000000000096e-04
2.000000000000000096e-04
2.000000000000000096e-04
2.000000000000000096e-04
2.000000000000000096e-04
2.000000000000000096e-04
2.000000000000000096e-04
2.000000000000000096e-04
2.000000000000000096e-04
2.000000000000000096e-04
2.000000000000000096e-04
2.000000000000000096e-04
2.000000000000000096e-04
2.000000000000000096e-04
2.000000000000000096e-04
2.000000000000000096e-04
2.000000000000000096e-04
2.000000000000000096e-04
2.000000000000000096e-04
2.000000000000000096e-04
2.000000000000000096e-04
2.000000000000000096e-04
2.000000000000000096e-04
2.000000000000000096e-04
2.000000000000000096e-04
2.000000000000000096e-04
2.000000000000000096e-04
2.000000000000000096e-04
2.000000000000000096e-04
2.000000000000000096e-04
2.000000000000000096e-04
2.000000000000000096e-04
2.000000000000000096e-04
2.000000000000000096e-04
2.000000000000000096e-04
2.000000000000000096e-04
2.000000000000000096e-04
2.000000000000000096e-04
2.000000000000000096e-04
2.000000000000000096e-04
2.000000000000000096e-04
2.000000000000000096e-04
2.000000000000000096e-04
2.000000000000000096e-04
2.000000000000000096e-04
2.000000000000000096e-04
2.000000000000000096e-04
2.000000000000000096e-04
2.000000000000000096e-04
2.000000000000000096e-04
2.000000000000000096e-04
2.000000000000000096e-04
2.000000000000000096e-04
2.000000000000000096e-04
2.000000000000000096e-04
2.000000000000000096e-04
2.000000000000000096e-04
2.000000000000000096e-04
2.000000000000000096e-04
2.000000000000000096e-04
2.000000000000000096e-04
2.000000000000000096e-04
2.000000000000000096e-04
2.000000000000000096e-04
2.000000000000000096e-04
2.000000000000000096e-04
2.000000000000000096e-04
2.000000000000000096e-04
2.000000000000000096e-04
2.000000000000000096e-04
2.000000000000000096e-04
2.000000000000000096e-04
2.000000000000000096e-04
2.000000000000000096e-04
2.000000000000000096e-04
2.000000000000000096e-04
2.000000000000000096e-04
2.000000000000000096e-04
2.000000000000000096e-04
2.000000000000000096e-04
2.000000000000000096e-04
2.000000000000000096e-04
2.000000000000000096e-04
2.000000000000000096e-04
2.000000000000000096e-04
2.000000000000000096e-04
2.000000000000000096e-04
2.000000000000000096e-04
2.000000000000000096e-04
2.000000000000000096e-04
2.000000000000000096e-04
2.000000000000000096e-04
2.000000000000000096e-04
2.000000000000000096e-04
2.000000000000000096e-04
2.000000000000000096e-04
2.000000000000000096e-04
2.000000000000000096e-04
2.000000000000000096e-04
2.000000000000000096e-04
2.000000000000000096e-04
2.000000000000000096e-04
2.000000000000000096e-04
2.000000000000000096e-04
2.000000000000000096e-04
2.000000000000000096e-04
2.000000000000000096e-04
2.000000000000000096e-04
2.000000000000000096e-04
2.000000000000000096e-04
2.000000000000000096e-04
2.000000000000000096e-04
2.000000000000000096e-04
2.000000000000000096e-04
2.000000000000000096e-04
2.000000000000000096e-04
2.000000000000000096e-04
2.000000000000000096e-04
2.000000000000000096e-04
2.000000000000000096e-04
2.000000000000000096e-04
2.000000000000000096e-04
2.000000000000000096e-04
2.000000000000000096e-04
2.000000000000000096e-04
2.000000000000000096e-04
2.000000000000000096e-04
2.000000000000000096e-04
2.000000000000000096e-04
2.000000000000000096e-04
2.000000000000000096e-04
2.000000000000000096e-04
2.000000000000000096e-04
2.000000000000000096e-04
2.000000000000000096e-04
2.000000000000000096e-04
2.000000000000000096e-04
2.000000000000000096e-04
2.000000000000000096e-04
2.000000000000000096e-04
2.000000000000000096e-04
2.000000000000000096e-04
2.000000000000000096e-04
2.000000000000000096e-04
2.000000000000000096e-04
2.000000000000000096e-04
2.000000000000000096e-04
2.000000000000000096e-04
2.000000000000000096e-04
2.000000000000000096e-04
2.000000000000000096e-04
2.000000000000000096e-04
2.000000000000000096e-04
2.000000000000000096e-04
2.000000000000000096e-04
2.000000000000000096e-04
2.000000000000000096e-04
2.000000000000000096e-04
2.000000000000000096e-04
2.000000000000000096e-04
2.000000000000000096e-04
2.000000000000000096e-04
2.000000000000000096e-04
2.000000000000000096e-04
2.000000000000000096e-04
2.000000000000000096e-04
2.000000000000000096e-04
2.000000000000000096e-04
2.000000000000000096e-04
2.000000000000000096e-04
2.000000000000000096e-04
2.000000000000000096e-04
2.000000000000000096e-04
2.000000000000000096e-04
2.000000000000000096e-04
2.000000000000000096e-04
2.000000000000000096e-04
2.000000000000000096e-04
2.000000000000000096e-04
2.000000000000000096e-04
2.000000000000000096e-04
2.000000000000000096e-04
2.000000000000000096e-04
2.000000000000000096e-04
2.000000000000000096e-04
2.000000000000000096e-04
2.000000000000000096e-04
2.000000000000000096e-04
2.000000000000000096e-04
2.000000000000000096e-04
2.000000000000000096e-04
2.000000000000000096e-04
2.000000000000000096e-04
2.000000000000000096e-04
2.000000000000000096e-04
2.000000000000000096e-04
2.000000000000000096e-04
2.000000000000000096e-04
2.000000000000000096e-04
2.000000000000000096e-04
2.000000000000000096e-04
2.000000000000000096e-04
2.000000000000000096e-04
2.000000000000000096e-04
2.000000000000000096e-04
2.000000000000000096e-04
2.000000000000000096e-04
2.000000000000000096e-04
2.000000000000000096e-04
2.000000000000000096e-04
2.000000000000000096e-04
2.000000000000000096e-04
2.000000000000000096e-04
2.000000000000000096e-04
2.000000000000000096e-04
2.000000000000000096e-04
2.000000000000000096e-04
2.000000000000000096e-04
2.000000000000000096e-04
2.000000000000000096e-04
2.000000000000000096e-04
2.000000000000000096e-04
2.000000000000000096e-04
2.000000000000000096e-04
2.000000000000000096e-04
2.000000000000000096e-04
2.000000000000000096e-04
2.000000000000000096e-04
2.000000000000000096e-04
2.000000000000000096e-04
2.000000000000000096e-04
2.000000000000000096e-04
2.000000000000000096e-04
2.000000000000000096e-04
2.000000000000000096e-04
2.000000000000000096e-04
2.000000000000000096e-04
2.000000000000000096e-04
2.000000000000000096e-04
2.000000000000000096e-04
2.000000000000000096e-04
2.000000000000000096e-04
2.000000000000000096e-04
2.000000000000000096e-04
2.000000000000000096e-04
2.000000000000000096e-04
2.000000000000000096e-04
2.000000000000000096e-04
2.000000000000000096e-04
2.000000000000000096e-04
2.000000000000000096e-04
2.000000000000000096e-04
2.000000000000000096e-04
2.000000000000000096e-04
2.000000000000000096e-04
2.000000000000000096e-04
2.000000000000000096e-04
2.000000000000000096e-04
2.000000000000000096e-04
2.000000000000000096e-04
2.000000000000000096e-04
2.000000000000000096e-04
2.000000000000000096e-04
2.000000000000000096e-04
2.000000000000000096e-04
2.000000000000000096e-04
2.000000000000000096e-04
2.000000000000000096e-04
2.000000000000000096e-04
2.000000000000000096e-04
2.000000000000000096e-04
2.000000000000000096e-04
2.000000000000000096e-04
2.000000000000000096e-04
2.000000000000000096e-04
2.000000000000000096e-04
2.000000000000000096e-04
2.000000000000000096e-04
2.000000000000000096e-04
2.000000000000000096e-04
2.000000000000000096e-04
2.000000000000000096e-04
2.000000000000000096e-04
2.000000000000000096e-04
2.000000000000000096e-04
2.000000000000000096e-04
2.000000000000000096e-04
2.000000000000000096e-04
2.000000000000000096e-04
2.000000000000000096e-04
2.000000000000000096e-04
2.000000000000000096e-04
2.000000000000000096e-04
2.000000000000000096e-04
2.000000000000000096e-04
2.000000000000000096e-04
2.000000000000000096e-04
2.000000000000000096e-04
2.000000000000000096e-04
2.000000000000000096e-04
2.000000000000000096e-04
2.000000000000000096e-04
2.000000000000000096e-04
2.000000000000000096e-04
2.000000000000000096e-04
2.000000000000000096e-04
2.000000000000000096e-04
2.000000000000000096e-04
2.000000000000000096e-04
2.000000000000000096e-04
2.000000000000000096e-04
2.000000000000000096e-04
2.000000000000000096e-04
2.000000000000000096e-04
2.000000000000000096e-04
2.000000000000000096e-04
2.000000000000000096e-04
2.000000000000000096e-04
2.000000000000000096e-04
2.000000000000000096e-04
2.000000000000000096e-04
2.000000000000000096e-04
2.000000000000000096e-04
2.000000000000000096e-04
2.000000000000000096e-04
2.000000000000000096e-04
2.000000000000000096e-04
2.000000000000000096e-04
2.000000000000000096e-04
2.000000000000000096e-04
2.000000000000000096e-04
2.000000000000000096e-04
2.000000000000000096e-04
2.000000000000000096e-04
2.000000000000000096e-04
2.000000000000000096e-04
2.000000000000000096e-04
2.000000000000000096e-04
2.000000000000000096e-04
2.000000000000000096e-04
2.000000000000000096e-04
2.000000000000000096e-04
2.000000000000000096e-04
2.000000000000000096e-04
2.000000000000000096e-04
2.000000000000000096e-04
2.000000000000000096e-04
2.000000000000000096e-04
2.000000000000000096e-04
2.000000000000000096e-04
2.000000000000000096e-04
2.000000000000000096e-04
2.000000000000000096e-04
2.000000000000000096e-04
2.000000000000000096e-04
2.000000000000000096e-04
2.000000000000000096e-04
2.000000000000000096e-04
2.000000000000000096e-04
2.000000000000000096e-04
2.000000000000000096e-04
2.000000000000000096e-04
2.000000000000000096e-04
2.000000000000000096e-04
2.000000000000000096e-04
2.000000000000000096e-04
2.000000000000000096e-04
2.000000000000000096e-04
2.000000000000000096e-04
2.000000000000000096e-04
2.000000000000000096e-04
2.000000000000000096e-04
2.000000000000000096e-04
2.000000000000000096e-04
2.000000000000000096e-04
2.000000000000000096e-04
2.000000000000000096e-04
2.000000000000000096e-04
2.000000000000000096e-04
2.000000000000000096e-04
2.000000000000000096e-04
2.000000000000000096e-04
2.000000000000000096e-04
2.000000000000000096e-04
2.000000000000000096e-04
2.000000000000000096e-04
2.000000000000000096e-04
2.000000000000000096e-04
2.000000000000000096e-04
2.000000000000000096e-04
2.000000000000000096e-04
2.000000000000000096e-04
2.000000000000000096e-04
2.000000000000000096e-04
2.000000000000000096e-04
2.000000000000000096e-04
2.000000000000000096e-04
2.000000000000000096e-04
2.000000000000000096e-04
2.000000000000000096e-04
2.000000000000000096e-04
2.000000000000000096e-04
2.000000000000000096e-04
2.000000000000000096e-04
2.000000000000000096e-04
2.000000000000000096e-04
2.000000000000000096e-04
2.000000000000000096e-04
2.000000000000000096e-04
2.000000000000000096e-04
2.000000000000000096e-04
2.000000000000000096e-04
2.000000000000000096e-04
2.000000000000000096e-04
2.000000000000000096e-04
2.000000000000000096e-04
2.000000000000000096e-04
2.000000000000000096e-04
2.000000000000000096e-04
2.000000000000000096e-04
2.000000000000000096e-04
2.000000000000000096e-04
2.000000000000000096e-04
2.000000000000000096e-04
2.000000000000000096e-04
2.000000000000000096e-04
2.000000000000000096e-04
2.000000000000000096e-04
2.000000000000000096e-04
2.000000000000000096e-04
2.000000000000000096e-04
2.000000000000000096e-04
2.000000000000000096e-04
2.000000000000000096e-04
2.000000000000000096e-04
2.000000000000000096e-04
2.000000000000000096e-04
2.000000000000000096e-04
2.000000000000000096e-04
2.000000000000000096e-04
2.000000000000000096e-04
2.000000000000000096e-04
2.000000000000000096e-04
2.000000000000000096e-04
2.000000000000000096e-04
2.000000000000000096e-04
2.000000000000000096e-04
2.000000000000000096e-04
2.000000000000000096e-04
2.000000000000000096e-04
2.000000000000000096e-04
2.000000000000000096e-04
2.000000000000000096e-04
2.000000000000000096e-04
2.000000000000000096e-04
2.000000000000000096e-04
2.000000000000000096e-04
2.000000000000000096e-04
2.000000000000000096e-04
2.000000000000000096e-04
2.000000000000000096e-04
2.000000000000000096e-04
2.000000000000000096e-04
2.000000000000000096e-04
2.000000000000000096e-04
2.000000000000000096e-04
2.000000000000000096e-04
2.000000000000000096e-04
2.000000000000000096e-04
2.000000000000000096e-04
2.000000000000000096e-04
2.000000000000000096e-04
2.000000000000000096e-04
2.000000000000000096e-04
2.000000000000000096e-04
2.000000000000000096e-04
2.000000000000000096e-04
2.000000000000000096e-04
2.000000000000000096e-04
2.000000000000000096e-04
2.000000000000000096e-04
2.000000000000000096e-04
2.000000000000000096e-04
2.000000000000000096e-04
2.000000000000000096e-04
2.000000000000000096e-04
2.000000000000000096e-04
2.000000000000000096e-04
2.000000000000000096e-04
2.000000000000000096e-04
2.000000000000000096e-04
2.000000000000000096e-04
2.000000000000000096e-04
2.000000000000000096e-04
2.000000000000000096e-04
2.000000000000000096e-04
2.000000000000000096e-04
2.000000000000000096e-04
2.000000000000000096e-04
2.000000000000000096e-04
2.000000000000000096e-04
2.000000000000000096e-04
2.000000000000000096e-04
2.000000000000000096e-04
2.000000000000000096e-04
2.000000000000000096e-04
2.000000000000000096e-04
2.000000000000000096e-04
2.000000000000000096e-04
2.000000000000000096e-04
2.000000000000000096e-04
2.000000000000000096e-04
2.000000000000000096e-04
2.000000000000000096e-04
2.000000000000000096e-04
2.000000000000000096e-04
2.000000000000000096e-04
2.000000000000000096e-04
2.000000000000000096e-04
2.000000000000000096e-04
2.000000000000000096e-04
2.000000000000000096e-04
2.000000000000000096e-04
2.000000000000000096e-04
2.000000000000000096e-04
2.000000000000000096e-04
2.000000000000000096e-04
2.000000000000000096e-04
2.000000000000000096e-04
2.000000000000000096e-04
2.000000000000000096e-04
2.000000000000000096e-04
2.000000000000000096e-04
2.000000000000000096e-04
2.000000000000000096e-04
2.000000000000000096e-04
2.000000000000000096e-04
2.000000000000000096e-04
2.000000000000000096e-04
2.000000000000000096e-04
2.000000000000000096e-04
2.000000000000000096e-04
2.000000000000000096e-04
2.000000000000000096e-04
2.000000000000000096e-04
2.000000000000000096e-04
2.000000000000000096e-04
2.000000000000000096e-04
2.000000000000000096e-04
2.000000000000000096e-04
2.000000000000000096e-04
2.000000000000000096e-04
2.000000000000000096e-04
2.000000000000000096e-04
2.000000000000000096e-04
2.000000000000000096e-04
2.000000000000000096e-04
2.000000000000000096e-04
2.000000000000000096e-04
2.000000000000000096e-04
2.000000000000000096e-04
2.000000000000000096e-04
2.000000000000000096e-04
2.000000000000000096e-04
2.000000000000000096e-04
2.000000000000000096e-04
2.000000000000000096e-04
2.000000000000000096e-04
2.000000000000000096e-04
2.000000000000000096e-04
2.000000000000000096e-04
2.000000000000000096e-04
2.000000000000000096e-04
2.000000000000000096e-04
2.000000000000000096e-04
2.000000000000000096e-04
2.000000000000000096e-04
2.000000000000000096e-04
2.000000000000000096e-04
2.000000000000000096e-04
2.000000000000000096e-04
2.000000000000000096e-04
2.000000000000000096e-04
2.000000000000000096e-04
2.000000000000000096e-04
2.000000000000000096e-04
2.000000000000000096e-04
2.000000000000000096e-04
2.000000000000000096e-04
2.000000000000000096e-04
2.000000000000000096e-04
2.000000000000000096e-04
2.000000000000000096e-04
2.000000000000000096e-04
2.000000000000000096e-04
2.000000000000000096e-04
2.000000000000000096e-04
2.000000000000000096e-04
2.000000000000000096e-04
2.000000000000000096e-04
2.000000000000000096e-04
2.000000000000000096e-04
2.000000000000000096e-04
2.000000000000000096e-04
2.000000000000000096e-04
2.000000000000000096e-04
2.000000000000000096e-04
2.000000000000000096e-04
2.000000000000000096e-04
2.000000000000000096e-04
2.000000000000000096e-04
2.000000000000000096e-04
2.000000000000000096e-04
2.000000000000000096e-04
2.000000000000000096e-04
2.000000000000000096e-04
2.000000000000000096e-04
2.000000000000000096e-04
2.000000000000000096e-04
2.000000000000000096e-04
2.000000000000000096e-04
2.000000000000000096e-04
2.000000000000000096e-04
2.000000000000000096e-04
2.000000000000000096e-04
2.000000000000000096e-04
2.000000000000000096e-04
2.000000000000000096e-04
2.000000000000000096e-04
2.000000000000000096e-04
2.000000000000000096e-04
2.000000000000000096e-04
2.000000000000000096e-04
2.000000000000000096e-04
2.000000000000000096e-04
2.000000000000000096e-04
2.000000000000000096e-04
2.000000000000000096e-04
2.000000000000000096e-04
2.000000000000000096e-04
2.000000000000000096e-04
2.000000000000000096e-04
2.000000000000000096e-04
2.000000000000000096e-04
2.000000000000000096e-04
2.000000000000000096e-04
2.000000000000000096e-04
2.000000000000000096e-04
2.000000000000000096e-04
2.000000000000000096e-04
2.000000000000000096e-04
2.000000000000000096e-04
2.000000000000000096e-04
2.000000000000000096e-04
2.000000000000000096e-04
2.000000000000000096e-04
2.000000000000000096e-04
2.000000000000000096e-04
2.000000000000000096e-04
2.000000000000000096e-04
2.000000000000000096e-04
2.000000000000000096e-04
2.000000000000000096e-04
2.000000000000000096e-04
2.000000000000000096e-04
2.000000000000000096e-04
2.000000000000000096e-04
2.000000000000000096e-04
2.000000000000000096e-04
2.000000000000000096e-04
2.000000000000000096e-04
2.000000000000000096e-04
2.000000000000000096e-04
2.000000000000000096e-04
2.000000000000000096e-04
2.000000000000000096e-04
2.000000000000000096e-04
2.000000000000000096e-04
2.000000000000000096e-04
2.000000000000000096e-04
2.000000000000000096e-04
2.000000000000000096e-04
2.000000000000000096e-04
2.000000000000000096e-04
2.000000000000000096e-04
2.000000000000000096e-04
2.000000000000000096e-04
2.000000000000000096e-04
2.000000000000000096e-04
2.000000000000000096e-04
2.000000000000000096e-04
2.000000000000000096e-04
2.000000000000000096e-04
2.000000000000000096e-04
2.000000000000000096e-04
2.000000000000000096e-04
2.000000000000000096e-04
2.000000000000000096e-04
2.000000000000000096e-04
2.000000000000000096e-04
2.000000000000000096e-04
2.000000000000000096e-04
2.000000000000000096e-04
2.000000000000000096e-04
2.000000000000000096e-04
2.000000000000000096e-04
2.000000000000000096e-04
2.000000000000000096e-04
2.000000000000000096e-04
2.000000000000000096e-04
2.000000000000000096e-04
2.000000000000000096e-04
2.000000000000000096e-04
2.000000000000000096e-04
2.000000000000000096e-04
2.000000000000000096e-04
2.000000000000000096e-04
2.000000000000000096e-04
2.000000000000000096e-04
2.000000000000000096e-04
2.000000000000000096e-04
2.000000000000000096e-04
2.000000000000000096e-04
2.000000000000000096e-04
2.000000000000000096e-04
2.000000000000000096e-04
2.000000000000000096e-04
2.000000000000000096e-04
2.000000000000000096e-04
2.000000000000000096e-04
2.000000000000000096e-04
2.000000000000000096e-04
2.000000000000000096e-04
2.000000000000000096e-04
2.000000000000000096e-04
2.000000000000000096e-04
2.000000000000000096e-04
2.000000000000000096e-04
2.000000000000000096e-04
2.000000000000000096e-04
2.000000000000000096e-04
2.000000000000000096e-04
2.000000000000000096e-04
2.000000000000000096e-04
2.000000000000000096e-04
2.000000000000000096e-04
2.000000000000000096e-04
2.000000000000000096e-04
2.000000000000000096e-04
2.000000000000000096e-04
2.000000000000000096e-04
2.000000000000000096e-04
2.000000000000000096e-04
2.000000000000000096e-04
2.000000000000000096e-04
2.000000000000000096e-04
2.000000000000000096e-04
2.000000000000000096e-04
2.000000000000000096e-04
2.000000000000000096e-04
2.000000000000000096e-04
2.000000000000000096e-04
2.000000000000000096e-04
2.000000000000000096e-04
2.000000000000000096e-04
2.000000000000000096e-04
2.000000000000000096e-04
2.000000000000000096e-04
2.000000000000000096e-04
2.000000000000000096e-04
2.000000000000000096e-04
2.000000000000000096e-04
2.000000000000000096e-04
2.000000000000000096e-04
2.000000000000000096e-04
2.000000000000000096e-04
2.000000000000000096e-04
2.000000000000000096e-04
2.000000000000000096e-04
2.000000000000000096e-04
2.000000000000000096e-04
2.000000000000000096e-04
2.000000000000000096e-04
2.000000000000000096e-04
2.000000000000000096e-04
2.000000000000000096e-04
2.000000000000000096e-04
2.000000000000000096e-04
2.000000000000000096e-04
2.000000000000000096e-04
2.000000000000000096e-04
2.000000000000000096e-04
2.000000000000000096e-04
2.000000000000000096e-04
2.000000000000000096e-04
2.000000000000000096e-04
2.000000000000000096e-04
2.000000000000000096e-04
2.000000000000000096e-04
2.000000000000000096e-04
2.000000000000000096e-04
2.000000000000000096e-04
2.000000000000000096e-04
2.000000000000000096e-04
2.000000000000000096e-04
2.000000000000000096e-04
2.000000000000000096e-04
2.000000000000000096e-04
2.000000000000000096e-04
2.000000000000000096e-04
2.000000000000000096e-04
2.000000000000000096e-04
2.000000000000000096e-04
2.000000000000000096e-04
2.000000000000000096e-04
2.000000000000000096e-04
2.000000000000000096e-04
2.000000000000000096e-04
2.000000000000000096e-04
2.000000000000000096e-04
2.000000000000000096e-04
2.000000000000000096e-04
2.000000000000000096e-04
2.000000000000000096e-04
2.000000000000000096e-04
2.000000000000000096e-04
2.000000000000000096e-04
2.000000000000000096e-04
2.000000000000000096e-04
2.000000000000000096e-04
2.000000000000000096e-04
2.000000000000000096e-04
2.000000000000000096e-04
2.000000000000000096e-04
2.000000000000000096e-04
2.000000000000000096e-04
2.000000000000000096e-04
2.000000000000000096e-04
2.000000000000000096e-04
2.000000000000000096e-04
2.000000000000000096e-04
2.000000000000000096e-04
2.000000000000000096e-04
2.000000000000000096e-04
2.000000000000000096e-04
2.000000000000000096e-04
2.000000000000000096e-04
2.000000000000000096e-04
2.000000000000000096e-04
2.000000000000000096e-04
2.000000000000000096e-04
2.000000000000000096e-04
2.000000000000000096e-04
2.000000000000000096e-04
2.000000000000000096e-04
2.000000000000000096e-04
2.000000000000000096e-04
2.000000000000000096e-04
2.000000000000000096e-04
2.000000000000000096e-04
2.000000000000000096e-04
2.000000000000000096e-04
2.000000000000000096e-04
2.000000000000000096e-04
2.000000000000000096e-04
2.000000000000000096e-04
2.000000000000000096e-04
2.000000000000000096e-04
2.000000000000000096e-04
2.000000000000000096e-04
2.000000000000000096e-04
2.000000000000000096e-04
2.000000000000000096e-04
2.000000000000000096e-04
2.000000000000000096e-04
2.000000000000000096e-04
2.000000000000000096e-04
2.000000000000000096e-04
2.000000000000000096e-04
2.000000000000000096e-04
2.000000000000000096e-04
2.000000000000000096e-04
2.000000000000000096e-04
2.000000000000000096e-04
2.000000000000000096e-04
2.000000000000000096e-04
2.000000000000000096e-04
2.000000000000000096e-04
2.000000000000000096e-04
2.000000000000000096e-04
2.000000000000000096e-04
2.000000000000000096e-04
2.000000000000000096e-04
2.000000000000000096e-04
2.000000000000000096e-04
2.000000000000000096e-04
2.000000000000000096e-04
2.000000000000000096e-04
2.000000000000000096e-04
2.000000000000000096e-04
2.000000000000000096e-04
2.000000000000000096e-04
2.000000000000000096e-04
2.000000000000000096e-04
2.000000000000000096e-04
2.000000000000000096e-04
2.000000000000000096e-04
2.000000000000000096e-04
2.000000000000000096e-04
2.000000000000000096e-04
2.000000000000000096e-04
2.000000000000000096e-04
2.000000000000000096e-04
2.000000000000000096e-04
2.000000000000000096e-04
2.000000000000000096e-04
2.000000000000000096e-04
2.000000000000000096e-04
2.000000000000000096e-04
2.000000000000000096e-04
2.000000000000000096e-04
2.000000000000000096e-04
2.000000000000000096e-04
2.000000000000000096e-04
2.000000000000000096e-04
2.000000000000000096e-04
2.000000000000000096e-04
2.000000000000000096e-04
2.000000000000000096e-04
2.000000000000000096e-04
2.000000000000000096e-04
2.000000000000000096e-04
2.000000000000000096e-04
2.000000000000000096e-04
2.000000000000000096e-04
2.000000000000000096e-04
2.000000000000000096e-04
2.000000000000000096e-04
2.000000000000000096e-04
2.000000000000000096e-04
2.000000000000000096e-04
2.000000000000000096e-04
2.000000000000000096e-04
2.000000000000000096e-04
2.000000000000000096e-04
2.000000000000000096e-04
2.000000000000000096e-04
2.000000000000000096e-04
2.000000000000000096e-04
2.000000000000000096e-04
2.000000000000000096e-04
2.000000000000000096e-04
2.000000000000000096e-04
2.000000000000000096e-04
2.000000000000000096e-04
2.000000000000000096e-04
2.000000000000000096e-04
2.000000000000000096e-04
2.000000000000000096e-04
2.000000000000000096e-04
2.000000000000000096e-04
2.000000000000000096e-04
2.000000000000000096e-04
2.000000000000000096e-04
2.000000000000000096e-04
2.000000000000000096e-04
2.000000000000000096e-04
2.000000000000000096e-04
2.000000000000000096e-04
2.000000000000000096e-04
2.000000000000000096e-04
2.000000000000000096e-04
2.000000000000000096e-04
2.000000000000000096e-04
2.000000000000000096e-04
2.000000000000000096e-04
2.000000000000000096e-04
2.000000000000000096e-04
2.000000000000000096e-04
2.000000000000000096e-04
2.000000000000000096e-04
2.000000000000000096e-04
2.000000000000000096e-04
2.000000000000000096e-04
2.000000000000000096e-04
2.000000000000000096e-04
2.000000000000000096e-04
2.000000000000000096e-04
2.000000000000000096e-04
2.000000000000000096e-04
2.000000000000000096e-04
2.000000000000000096e-04
2.000000000000000096e-04
2.000000000000000096e-04
2.000000000000000096e-04
2.000000000000000096e-04
2.000000000000000096e-04
2.000000000000000096e-04
2.000000000000000096e-04
2.000000000000000096e-04
2.000000000000000096e-04
2.000000000000000096e-04
2.000000000000000096e-04
2.000000000000000096e-04
2.000000000000000096e-04
2.000000000000000096e-04
2.000000000000000096e-04
2.000000000000000096e-04
2.000000000000000096e-04
2.000000000000000096e-04
2.000000000000000096e-04
2.000000000000000096e-04
2.000000000000000096e-04
2.000000000000000096e-04
2.000000000000000096e-04
2.000000000000000096e-04
2.000000000000000096e-04
2.000000000000000096e-04
2.000000000000000096e-04
2.000000000000000096e-04
2.000000000000000096e-04
2.000000000000000096e-04
2.000000000000000096e-04
2.000000000000000096e-04
2.000000000000000096e-04
2.000000000000000096e-04
2.000000000000000096e-04
2.000000000000000096e-04
2.000000000000000096e-04
2.000000000000000096e-04
2.000000000000000096e-04
2.000000000000000096e-04
2.000000000000000096e-04
2.000000000000000096e-04
2.000000000000000096e-04
2.000000000000000096e-04
2.000000000000000096e-04
2.000000000000000096e-04
2.000000000000000096e-04
2.000000000000000096e-04
2.000000000000000096e-04
2.000000000000000096e-04
2.000000000000000096e-04
2.000000000000000096e-04
2.000000000000000096e-04
2.000000000000000096e-04
2.000000000000000096e-04
2.000000000000000096e-04
2.000000000000000096e-04
2.000000000000000096e-04
2.000000000000000096e-04
2.000000000000000096e-04
2.000000000000000096e-04
2.000000000000000096e-04
2.000000000000000096e-04
2.000000000000000096e-04
2.000000000000000096e-04
2.000000000000000096e-04
2.000000000000000096e-04
2.000000000000000096e-04
2.000000000000000096e-04
2.000000000000000096e-04
2.000000000000000096e-04
2.000000000000000096e-04
2.000000000000000096e-04
2.000000000000000096e-04
2.000000000000000096e-04
2.000000000000000096e-04
2.000000000000000096e-04
2.000000000000000096e-04
2.000000000000000096e-04
2.000000000000000096e-04
2.000000000000000096e-04
2.000000000000000096e-04
2.000000000000000096e-04
2.000000000000000096e-04
2.000000000000000096e-04
2.000000000000000096e-04
2.000000000000000096e-04
2.000000000000000096e-04
2.000000000000000096e-04
2.000000000000000096e-04
2.000000000000000096e-04
2.000000000000000096e-04
2.000000000000000096e-04
2.000000000000000096e-04
2.000000000000000096e-04
2.000000000000000096e-04
2.000000000000000096e-04
2.000000000000000096e-04
2.000000000000000096e-04
2.000000000000000096e-04
2.000000000000000096e-04
2.000000000000000096e-04
2.000000000000000096e-04
2.000000000000000096e-04
2.000000000000000096e-04
2.000000000000000096e-04
2.000000000000000096e-04
2.000000000000000096e-04
2.000000000000000096e-04
2.000000000000000096e-04
2.000000000000000096e-04
2.000000000000000096e-04
2.000000000000000096e-04
2.000000000000000096e-04
2.000000000000000096e-04
2.000000000000000096e-04
2.000000000000000096e-04
2.000000000000000096e-04
2.000000000000000096e-04
2.000000000000000096e-04
2.000000000000000096e-04
2.000000000000000096e-04
2.000000000000000096e-04
2.000000000000000096e-04
2.000000000000000096e-04
2.000000000000000096e-04
2.000000000000000096e-04
2.000000000000000096e-04
2.000000000000000096e-04
2.000000000000000096e-04
2.000000000000000096e-04
2.000000000000000096e-04
2.000000000000000096e-04
2.000000000000000096e-04
2.000000000000000096e-04
2.000000000000000096e-04
2.000000000000000096e-04
2.000000000000000096e-04
2.000000000000000096e-04
2.000000000000000096e-04
2.000000000000000096e-04
2.000000000000000096e-04
2.000000000000000096e-04
2.000000000000000096e-04
2.000000000000000096e-04
2.000000000000000096e-04
2.000000000000000096e-04
2.000000000000000096e-04
2.000000000000000096e-04
2.000000000000000096e-04
2.000000000000000096e-04
2.000000000000000096e-04
2.000000000000000096e-04
2.000000000000000096e-04
2.000000000000000096e-04
2.000000000000000096e-04
2.000000000000000096e-04
2.000000000000000096e-04
2.000000000000000096e-04
2.000000000000000096e-04
2.000000000000000096e-04
2.000000000000000096e-04
2.000000000000000096e-04
2.000000000000000096e-04
2.000000000000000096e-04
2.000000000000000096e-04
2.000000000000000096e-04
2.000000000000000096e-04
2.000000000000000096e-04
2.000000000000000096e-04
2.000000000000000096e-04
2.000000000000000096e-04
2.000000000000000096e-04
2.000000000000000096e-04
2.000000000000000096e-04
2.000000000000000096e-04
2.000000000000000096e-04
2.000000000000000096e-04
2.000000000000000096e-04
2.000000000000000096e-04
2.000000000000000096e-04
2.000000000000000096e-04
2.000000000000000096e-04
2.000000000000000096e-04
2.000000000000000096e-04
2.000000000000000096e-04
2.000000000000000096e-04
2.000000000000000096e-04
2.000000000000000096e-04
2.000000000000000096e-04
2.000000000000000096e-04
2.000000000000000096e-04
2.000000000000000096e-04
2.000000000000000096e-04
2.000000000000000096e-04
2.000000000000000096e-04
2.000000000000000096e-04
2.000000000000000096e-04
2.000000000000000096e-04
2.000000000000000096e-04
2.000000000000000096e-04
2.000000000000000096e-04
2.000000000000000096e-04
2.000000000000000096e-04
2.000000000000000096e-04
2.000000000000000096e-04
2.000000000000000096e-04
2.000000000000000096e-04
2.000000000000000096e-04
2.000000000000000096e-04
2.000000000000000096e-04
2.000000000000000096e-04
2.000000000000000096e-04
2.000000000000000096e-04
2.000000000000000096e-04
2.000000000000000096e-04
2.000000000000000096e-04
2.000000000000000096e-04
2.000000000000000096e-04
2.000000000000000096e-04
2.000000000000000096e-04
2.000000000000000096e-04
2.000000000000000096e-04
2.000000000000000096e-04
2.000000000000000096e-04
2.000000000000000096e-04
2.000000000000000096e-04
2.000000000000000096e-04
2.000000000000000096e-04
2.000000000000000096e-04
2.000000000000000096e-04
2.000000000000000096e-04
2.000000000000000096e-04
2.000000000000000096e-04
2.000000000000000096e-04
2.000000000000000096e-04
2.000000000000000096e-04
2.000000000000000096e-04
2.000000000000000096e-04
2.000000000000000096e-04
2.000000000000000096e-04
2.000000000000000096e-04
2.000000000000000096e-04
2.000000000000000096e-04
2.000000000000000096e-04
2.000000000000000096e-04
2.000000000000000096e-04
2.000000000000000096e-04
2.000000000000000096e-04
2.000000000000000096e-04
2.000000000000000096e-04
2.000000000000000096e-04
2.000000000000000096e-04
2.000000000000000096e-04
2.000000000000000096e-04
2.000000000000000096e-04
2.000000000000000096e-04
2.000000000000000096e-04
2.000000000000000096e-04
2.000000000000000096e-04
2.000000000000000096e-04
2.000000000000000096e-04
2.000000000000000096e-04
2.000000000000000096e-04
2.000000000000000096e-04
2.000000000000000096e-04
2.000000000000000096e-04
2.000000000000000096e-04
2.000000000000000096e-04
2.000000000000000096e-04
2.000000000000000096e-04
2.000000000000000096e-04
2.000000000000000096e-04
2.000000000000000096e-04
2.000000000000000096e-04
2.000000000000000096e-04
2.000000000000000096e-04
2.000000000000000096e-04
2.000000000000000096e-04
2.000000000000000096e-04
2.000000000000000096e-04
2.000000000000000096e-04
2.000000000000000096e-04
2.000000000000000096e-04
2.000000000000000096e-04
2.000000000000000096e-04
2.000000000000000096e-04
2.000000000000000096e-04
2.000000000000000096e-04
2.000000000000000096e-04
2.000000000000000096e-04
2.000000000000000096e-04
2.000000000000000096e-04
2.000000000000000096e-04
2.000000000000000096e-04
2.000000000000000096e-04
2.000000000000000096e-04
2.000000000000000096e-04
2.000000000000000096e-04
2.000000000000000096e-04
2.000000000000000096e-04
2.000000000000000096e-04
2.000000000000000096e-04
2.000000000000000096e-04
2.000000000000000096e-04
2.000000000000000096e-04
2.000000000000000096e-04
2.000000000000000096e-04
2.000000000000000096e-04
2.000000000000000096e-04
2.000000000000000096e-04
2.000000000000000096e-04
2.000000000000000096e-04
2.000000000000000096e-04
2.000000000000000096e-04
2.000000000000000096e-04
2.000000000000000096e-04
2.000000000000000096e-04
2.000000000000000096e-04
2.000000000000000096e-04
2.000000000000000096e-04
2.000000000000000096e-04
2.000000000000000096e-04
2.000000000000000096e-04
2.000000000000000096e-04
2.000000000000000096e-04
2.000000000000000096e-04
2.000000000000000096e-04
2.000000000000000096e-04
2.000000000000000096e-04
2.000000000000000096e-04
2.000000000000000096e-04
2.000000000000000096e-04
2.000000000000000096e-04
2.000000000000000096e-04
2.000000000000000096e-04
2.000000000000000096e-04
2.000000000000000096e-04
2.000000000000000096e-04
2.000000000000000096e-04
2.000000000000000096e-04
2.000000000000000096e-04
2.000000000000000096e-04
2.000000000000000096e-04
2.000000000000000096e-04
2.000000000000000096e-04
2.000000000000000096e-04
2.000000000000000096e-04
2.000000000000000096e-04
2.000000000000000096e-04
2.000000000000000096e-04
2.000000000000000096e-04
2.000000000000000096e-04
2.000000000000000096e-04
2.000000000000000096e-04
2.000000000000000096e-04
2.000000000000000096e-04
2.000000000000000096e-04
2.000000000000000096e-04
2.000000000000000096e-04
2.000000000000000096e-04
2.000000000000000096e-04
2.000000000000000096e-04
2.000000000000000096e-04
2.000000000000000096e-04
2.000000000000000096e-04
2.000000000000000096e-04
2.000000000000000096e-04
2.000000000000000096e-04
2.000000000000000096e-04
2.000000000000000096e-04
2.000000000000000096e-04
2.000000000000000096e-04
2.000000000000000096e-04
2.000000000000000096e-04
2.000000000000000096e-04
2.000000000000000096e-04
2.000000000000000096e-04
2.000000000000000096e-04
2.000000000000000096e-04
2.000000000000000096e-04
2.000000000000000096e-04
2.000000000000000096e-04
2.000000000000000096e-04
2.000000000000000096e-04
2.000000000000000096e-04
2.000000000000000096e-04
2.000000000000000096e-04
2.000000000000000096e-04
2.000000000000000096e-04
2.000000000000000096e-04
2.000000000000000096e-04
2.000000000000000096e-04
2.000000000000000096e-04
2.000000000000000096e-04
2.000000000000000096e-04
2.000000000000000096e-04
2.000000000000000096e-04
2.000000000000000096e-04
2.000000000000000096e-04
2.000000000000000096e-04
2.000000000000000096e-04
2.000000000000000096e-04
2.000000000000000096e-04
2.000000000000000096e-04
2.000000000000000096e-04
2.000000000000000096e-04
2.000000000000000096e-04
2.000000000000000096e-04
2.000000000000000096e-04
2.000000000000000096e-04
2.000000000000000096e-04
2.000000000000000096e-04
2.000000000000000096e-04
2.000000000000000096e-04
2.000000000000000096e-04
2.000000000000000096e-04
2.000000000000000096e-04
2.000000000000000096e-04
2.000000000000000096e-04
2.000000000000000096e-04
2.000000000000000096e-04
2.000000000000000096e-04
2.000000000000000096e-04
2.000000000000000096e-04
2.000000000000000096e-04
2.000000000000000096e-04
2.000000000000000096e-04
2.000000000000000096e-04
2.000000000000000096e-04
2.000000000000000096e-04
2.000000000000000096e-04
2.000000000000000096e-04
2.000000000000000096e-04
2.000000000000000096e-04
2.000000000000000096e-04
2.000000000000000096e-04
2.000000000000000096e-04
2.000000000000000096e-04
2.000000000000000096e-04
2.000000000000000096e-04
2.000000000000000096e-04
2.000000000000000096e-04
2.000000000000000096e-04
2.000000000000000096e-04
2.000000000000000096e-04
2.000000000000000096e-04
2.000000000000000096e-04
2.000000000000000096e-04
2.000000000000000096e-04
2.000000000000000096e-04
2.000000000000000096e-04
2.000000000000000096e-04
2.000000000000000096e-04
2.000000000000000096e-04
2.000000000000000096e-04
2.000000000000000096e-04
2.000000000000000096e-04
2.000000000000000096e-04
2.000000000000000096e-04
2.000000000000000096e-04
2.000000000000000096e-04
2.000000000000000096e-04
2.000000000000000096e-04
2.000000000000000096e-04
2.000000000000000096e-04
2.000000000000000096e-04
2.000000000000000096e-04
2.000000000000000096e-04
2.000000000000000096e-04
2.000000000000000096e-04
2.000000000000000096e-04
2.000000000000000096e-04
2.000000000000000096e-04
2.000000000000000096e-04
2.000000000000000096e-04
2.000000000000000096e-04
2.000000000000000096e-04
2.000000000000000096e-04
2.000000000000000096e-04
2.000000000000000096e-04
2.000000000000000096e-04
2.000000000000000096e-04
2.000000000000000096e-04
2.000000000000000096e-04
2.000000000000000096e-04
2.000000000000000096e-04
2.000000000000000096e-04
2.000000000000000096e-04
2.000000000000000096e-04
2.000000000000000096e-04
2.000000000000000096e-04
2.000000000000000096e-04
2.000000000000000096e-04
2.000000000000000096e-04
2.000000000000000096e-04
2.000000000000000096e-04
2.000000000000000096e-04
2.000000000000000096e-04
2.000000000000000096e-04
2.000000000000000096e-04
2.000000000000000096e-04
2.000000000000000096e-04
2.000000000000000096e-04
2.000000000000000096e-04
2.000000000000000096e-04
2.000000000000000096e-04
2.000000000000000096e-04
2.000000000000000096e-04
2.000000000000000096e-04
2.000000000000000096e-04
2.000000000000000096e-04
2.000000000000000096e-04
2.000000000000000096e-04
2.000000000000000096e-04
2.000000000000000096e-04
2.000000000000000096e-04
2.000000000000000096e-04
2.000000000000000096e-04
2.000000000000000096e-04
2.000000000000000096e-04
2.000000000000000096e-04
2.000000000000000096e-04
2.000000000000000096e-04
2.000000000000000096e-04
2.000000000000000096e-04
2.000000000000000096e-04
2.000000000000000096e-04
2.000000000000000096e-04
2.000000000000000096e-04
2.000000000000000096e-04
2.000000000000000096e-04
2.000000000000000096e-04
2.000000000000000096e-04
2.000000000000000096e-04
2.000000000000000096e-04
2.000000000000000096e-04
2.000000000000000096e-04
2.000000000000000096e-04
2.000000000000000096e-04
2.000000000000000096e-04
2.000000000000000096e-04
2.000000000000000096e-04
2.000000000000000096e-04
2.000000000000000096e-04
2.000000000000000096e-04
2.000000000000000096e-04
2.000000000000000096e-04
2.000000000000000096e-04
2.000000000000000096e-04
2.000000000000000096e-04
2.000000000000000096e-04
2.000000000000000096e-04
2.000000000000000096e-04
2.000000000000000096e-04
2.000000000000000096e-04
2.000000000000000096e-04
2.000000000000000096e-04
2.000000000000000096e-04
2.000000000000000096e-04
2.000000000000000096e-04
2.000000000000000096e-04
2.000000000000000096e-04
2.000000000000000096e-04
2.000000000000000096e-04
2.000000000000000096e-04
2.000000000000000096e-04
2.000000000000000096e-04
2.000000000000000096e-04
2.000000000000000096e-04
2.000000000000000096e-04
2.000000000000000096e-04
2.000000000000000096e-04
2.000000000000000096e-04
2.000000000000000096e-04
2.000000000000000096e-04
2.000000000000000096e-04
2.000000000000000096e-04
2.000000000000000096e-04
2.000000000000000096e-04
2.000000000000000096e-04
2.000000000000000096e-04
2.000000000000000096e-04
2.000000000000000096e-04
2.000000000000000096e-04
2.000000000000000096e-04
2.000000000000000096e-04
2.000000000000000096e-04
2.000000000000000096e-04
2.000000000000000096e-04
2.000000000000000096e-04
2.000000000000000096e-04
2.000000000000000096e-04
2.000000000000000096e-04
2.000000000000000096e-04
2.000000000000000096e-04
2.000000000000000096e-04
2.000000000000000096e-04
2.000000000000000096e-04
2.000000000000000096e-04
2.000000000000000096e-04
2.000000000000000096e-04
2.000000000000000096e-04
2.000000000000000096e-04
2.000000000000000096e-04
2.000000000000000096e-04
2.000000000000000096e-04
2.000000000000000096e-04
2.000000000000000096e-04
2.000000000000000096e-04
2.000000000000000096e-04
2.000000000000000096e-04
2.000000000000000096e-04
2.000000000000000096e-04
2.000000000000000096e-04
2.000000000000000096e-04
2.000000000000000096e-04
2.000000000000000096e-04
2.000000000000000096e-04
2.000000000000000096e-04
2.000000000000000096e-04
2.000000000000000096e-04
2.000000000000000096e-04
2.000000000000000096e-04
2.000000000000000096e-04
2.000000000000000096e-04
2.000000000000000096e-04
2.000000000000000096e-04
2.000000000000000096e-04
2.000000000000000096e-04
2.000000000000000096e-04
2.000000000000000096e-04
2.000000000000000096e-04
2.000000000000000096e-04
2.000000000000000096e-04
2.000000000000000096e-04
2.000000000000000096e-04
2.000000000000000096e-04
2.000000000000000096e-04
2.000000000000000096e-04
2.000000000000000096e-04
2.000000000000000096e-04
2.000000000000000096e-04
2.000000000000000096e-04
2.000000000000000096e-04
2.000000000000000096e-04
2.000000000000000096e-04
2.000000000000000096e-04
2.000000000000000096e-04
2.000000000000000096e-04
2.000000000000000096e-04
2.000000000000000096e-04
2.000000000000000096e-04
2.000000000000000096e-04
2.000000000000000096e-04
2.000000000000000096e-04
2.000000000000000096e-04
2.000000000000000096e-04
2.000000000000000096e-04
2.000000000000000096e-04
2.000000000000000096e-04
2.000000000000000096e-04
2.000000000000000096e-04
2.000000000000000096e-04
2.000000000000000096e-04
2.000000000000000096e-04
2.000000000000000096e-04
2.000000000000000096e-04
2.000000000000000096e-04
2.000000000000000096e-04
2.000000000000000096e-04
2.000000000000000096e-04
2.000000000000000096e-04
2.000000000000000096e-04
2.000000000000000096e-04
2.000000000000000096e-04
2.000000000000000096e-04
2.000000000000000096e-04
2.000000000000000096e-04
2.000000000000000096e-04
2.000000000000000096e-04
2.000000000000000096e-04
2.000000000000000096e-04
2.000000000000000096e-04
2.000000000000000096e-04
2.000000000000000096e-04
2.000000000000000096e-04
2.000000000000000096e-04
2.000000000000000096e-04
2.000000000000000096e-04
2.000000000000000096e-04
2.000000000000000096e-04
2.000000000000000096e-04
2.000000000000000096e-04
2.000000000000000096e-04
2.000000000000000096e-04
2.000000000000000096e-04
2.000000000000000096e-04
2.000000000000000096e-04
2.000000000000000096e-04
2.000000000000000096e-04
2.000000000000000096e-04
2.000000000000000096e-04
2.000000000000000096e-04
2.000000000000000096e-04
2.000000000000000096e-04
2.000000000000000096e-04
2.000000000000000096e-04
2.000000000000000096e-04
2.000000000000000096e-04
2.000000000000000096e-04
2.000000000000000096e-04
2.000000000000000096e-04
2.000000000000000096e-04
2.000000000000000096e-04
2.000000000000000096e-04
2.000000000000000096e-04
2.000000000000000096e-04
2.000000000000000096e-04
2.000000000000000096e-04
2.000000000000000096e-04
2.000000000000000096e-04
2.000000000000000096e-04
2.000000000000000096e-04
2.000000000000000096e-04
2.000000000000000096e-04
2.000000000000000096e-04
2.000000000000000096e-04
2.000000000000000096e-04
2.000000000000000096e-04
2.000000000000000096e-04
2.000000000000000096e-04
2.000000000000000096e-04
2.000000000000000096e-04
2.000000000000000096e-04
2.000000000000000096e-04
2.000000000000000096e-04
2.000000000000000096e-04
2.000000000000000096e-04
2.000000000000000096e-04
2.000000000000000096e-04
2.000000000000000096e-04
2.000000000000000096e-04
2.000000000000000096e-04
2.000000000000000096e-04
2.000000000000000096e-04
2.000000000000000096e-04
2.000000000000000096e-04
2.000000000000000096e-04
2.000000000000000096e-04
2.000000000000000096e-04
2.000000000000000096e-04
2.000000000000000096e-04
2.000000000000000096e-04
2.000000000000000096e-04
2.000000000000000096e-04
2.000000000000000096e-04
2.000000000000000096e-04
2.000000000000000096e-04
2.000000000000000096e-04
2.000000000000000096e-04
2.000000000000000096e-04
2.000000000000000096e-04
2.000000000000000096e-04
2.000000000000000096e-04
2.000000000000000096e-04
2.000000000000000096e-04
2.000000000000000096e-04
2.000000000000000096e-04
2.000000000000000096e-04
2.000000000000000096e-04
2.000000000000000096e-04
2.000000000000000096e-04
2.000000000000000096e-04
2.000000000000000096e-04
2.000000000000000096e-04
2.000000000000000096e-04
2.000000000000000096e-04
2.000000000000000096e-04
2.000000000000000096e-04
2.000000000000000096e-04
2.000000000000000096e-04
2.000000000000000096e-04
2.000000000000000096e-04
2.000000000000000096e-04
2.000000000000000096e-04
2.000000000000000096e-04
2.000000000000000096e-04
2.000000000000000096e-04
2.000000000000000096e-04
2.000000000000000096e-04
2.000000000000000096e-04
2.000000000000000096e-04
2.000000000000000096e-04
2.000000000000000096e-04
2.000000000000000096e-04
2.000000000000000096e-04
2.000000000000000096e-04
2.000000000000000096e-04
2.000000000000000096e-04
2.000000000000000096e-04
2.000000000000000096e-04
2.000000000000000096e-04
2.000000000000000096e-04
2.000000000000000096e-04
2.000000000000000096e-04
-3.379890448388346291e-01 -8.800711712862938074e-02 2.999546594952727796e-01
1.809982446110212917e-01 6.330037848368442743e-01 -5.621306411373405698e-01
-4.305627148782922853e-01 8.517891090656590780e-01 -2.595089576348968419e-01
5.665436164839988686e-01 1.880953952942426011e-01 2.768939677901959273e-01
6.263927333384505802e-01 -6.327497335440899207e-01 2.285072668245845956e-02
-1.444130779305064505e-01 -4.424953786384236976e-01 -7.183302322025945097e-01
-6.819136533654874821e-01 -3.582552279035879361e-01 1.585426179644830735e-01
2.579772626973958483e-01 6.542392930745301038e-01 -2.171180832839339214e-01
-2.342654328337724634e-01 -8.448015549482337239e-01 3.304062360312854940e-01
-1.842704519759365833e-01 -4.451901268280728657e-02 8.695340026743216821e-01
3.735566434067639219e-01 5.446970944392776071e-01 -5.111842627579334941e-01
7.279189922366051668e-01 -3.046627363724156989e-01 -1.656766848789961999e-01
-8.848591745125343744e-01 -9.804497610140125441e-02 3.202760623419682179e-02
2.272508000654869520e-01 -5.409345027444339982e-01 -7.373150479132994928e-01
-7.618243065314603824e-01 -6.060510758214876503e-01 -2.175452107032537497e-01
6.971566787845376867e-01 4.524716541886812382e-01 4.168111725918613453e-01
7.132554016238137340e-01 2.828979144405351087e-02 4.264984062711921764e-01
-5.800481688055869611e-02 -7.963754089198444852e-01 -6.014688358632455101e-01
-6.408611269589229442e-01 -1.147338503713637853e-01 2.484522194243359017e-01
-1.400932130801141595e-01 -2.331293861053481409e-01 -4.609833478549132391e-01
7.668363441296093264e-01 5.935096987128222340e-02 -1.291128941082505255e-01
5.095737849553454157e-02 -3.030605235075206627e-01 5.774240242353665398e-01
-1.297098605142227475e-02 4.967447443552198277e-02 7.213334812735736623e-01
-2.212849969042630094e-01 -6.388354130008757625e-01 -4.589631948720339083e-01
-9.527187648399086939e-01 7.913553449684053442e-02 -1.793952676386987438e-02
2.434343215239997693e-01 2.832294055014112910e-01 -5.138923249003281013e-01
7.967443009636202000e-02 -2.760530917279241381e-01 -8.014400601265735391e-01
-2.795360383669723281e-01 -1.104584820105296988e-01 -6.055132356748997857e-01
3.830357529013921764e-02 -1.535011665294044036e-01 -7.050927815158675172e-01
-6.891463938484631013e-01 -4.934350228081728074e-01 -4.312659144751901374e-01
6.826346968471940224e-01 -4.627903855287948676e-01 -7.929752560940980799e-02
-1.766126165298765871e-01 -4.864346313357417739e-01 9.676639594638007354e-04
2.952451031508810941e-01 3.841307005053047896e-01 4.634775140435893892e-01
-5.088678234896044927e-02 3.100496092523097880e-01 7.236605723426193792e-01
2.742862507730794985e-01 3.872100799406273663e-02 -6.571846168987921510e-01
-5.151547652940638988e-01 -5.890708872757588477e-01 -1.343632444231259437e-01
-2.409523867103715092e-02 3.229453251179911777e-01 4.191178477132602165e-01
-4.571720707999153421e-01 5.850043611223374462e-01 -1.739310172478336913e-01
7.502353919156153905e-01 3.867430351813487266e-01 4.727551353366667986e-01
1.390034960194216074e-01 -4.293820389139335059e-01 -6.828832113375502555e-01
-3.444060952362997807e-01 2.827714605969383066e-01 -5.562047998213084377e-01
1.937433695623214935e-01 -5.544441753142929745e-03 6.813318789728971536e-01
-1.047867641425565960e-01 -2.650471002936116149e-01 5.461583261275665402e-01
3.682636051550039480e-01 -1.150639033080143869e-01 -5.387427279823970849e-01
9.302569352841454364e-01 2.547718529762633688e-01 2.394032617328045037e-02
3.730442322837984603e-01 -7.673387394317893184e-01 -7.845779429367703839e-02
5.588890238568309243e-01 -1.536469481193244169e-01 -5.969138286334715326e-01
2.615447971829566454e-01 5.541785705628753389e-01 7.178967104835206614e-01
-5.507841218030115060e-01 -1.434051975162291825e-01 6.177679273548348782e-01
-3.202448181778416725e-01 -8.000242771763553806e-01 -1.417239128713525254e-01
5.070720401539710043e-01 -6.924542226247182297e-01 -3.088742726758358370e-01
5.674194125327978178e-01 6.356655826407447973e-01 -2.058423050786103159e-01
-8.853097700875819931e-02 -9.975026282211291173e-02 8.989809357246094645e-01
-5.898032148620478976e-01 -2.110141394614827026e-01 -2.755563618469679676e-01
7.546071235381627273e-01 2.083457825826654508e-01 2.680343599332592475e-01
-1.472004721016331452e-01 -9.038844681134436954e-01 -2.197676959923856588e-01
6.143206405675143422e-01 4.681387722048611644e-01 -5.044141806369649705e-01
-1.909241710904465428e-01 -5.907288529461601767e-01 4.833899031276285285e-01
-1.027617881808207123e-01 -4.002207585506816767e-01 -2.686807787247053048e-01
8.571960533404150429e-01 -2.359028694875596188e-01 2.864941355529285749e-01
-1.378489384490140801e-01 3.524921725922695592e-01 -4.456123154647147477e-01
5.839298914749547764e-01 3.078190787291338881e-01 -2.868319976290741313e-01
6.649923675834822356e-01 1.928966184879205292e-01 6.482839539818364971e-02
3.742088169631409555e-01 -5.097406540039499667e-01 -4.590307739959688105e-01
-2.511802710912787728e-01 3.150426594666259628e-01 -2.193074510030982860e-01
-2.733328726048603330e-01 1.445493619195249713e-01 7.894866153274374687e-01
6.707523982169274479e-01 9.171638998258482833e-02 -6.520430456882890802e-01
-2.306254359116332031e-01 2.838256189129715334e-01 5.915841670377870731e-02
2.812372175235075544e-01 -2.030822912957435944e-01 4.096138154860954894e-01
-4.222428334811186845e-01 -5.071826946042857776e-01 3.156075094893304733e-01
-2.186823687207634370e-01 -3.868487087697027871e-01 7.661774648855488312e-01
4.744117461981379180e-01 -6.703161944206788014e-01 3.865997411313957244e-01
2.384784806647919364e-01 3.198424021706252063e-01 2.595519466700788591e-01
2.255873972518543935e-01 -5.478848478919210452e-01 -5.592507004087564626e-01
-4.460955862756486034e-01 -1.622529291083962474e-02 -5.378501025021444892e-01
3.502643272622436854e-02 -6.535782841035134294e-02 -2.231069074420949372e-01
-3.263575106221926481e-01 4.365974612482375616e-01 1.994176756741161682e-02
2.315966512203049832e-01 4.360445618367212450e-01 5.699610447113603318e-01
-5.480112422643708125e-01 -4.804197036384244002e-01 5.585340849861576418e-01
2.492453931665949141e-01 4.165645995874178165e-01 4.648765838074263024e-01
7.562651593195385269e-02 -6.053990546526418770e-01 -2.734579256427670524e-01
-8.114446238139583212e-02 5.560541786641351458e-02 -3.709783117628275839e-01
6.744177209028973108e-01 -1.777852089051407680e-01 3.601893917280724056e-01
-4.923653363556407259e-01 -6.121826559643759325e-01 -2.009622301054089788e-01
2.880806922982093732e-01 -1.645825361765482220e-01 8.515556905785318653e-01
2.711747395645571768e-01 3.662031306458450874e-01 8.370205982025774594e-01
1.747319201454167747e-01 -5.462579433616817637e-01 4.164067759426327564e-01
1.626913940808114023e-01 7.513873714373436874e-01 2.301776960529372806e-01
-8.061013675192290062e-01 2.675765719394949671e-01 5.268099936988890342e-01
-4.268477565231268422e-01 5.692373545262415790e-01 2.936535540993815419e-01
2.927509463536205336e-01 -2.365043067101198770e-01 -3.837192290928906901e-01
-7.019104063541554694e-01 3.220159667303467699e-01 2.453027205717866477e-01
-3.349097238668154453e-01 5.827289188269216824e-01 5.015628040486730388e-01
7.183810331903919266e-01 3.499750518441380187e-01 5.602337741308600627e-01
-4.818055061864457422e-01 -6.968037642424713685e-01 3.881304493256930721e-01
1.672424735726288011e-02 1.152238273615296543e-01 4.744958013672946340e-01
1.859864185597269459e-01 -2.416784573354478494e-01 -3.748116792061842451e-01
6.926680161234128885e-01 -3.816036351494247469e-01 -2.727347748959964013e-01
-7.160368264950474348e-02 -2.691752376057920393e-01 -2.553968972017801597e-01
-1.713981181570842505e-01 -1.598759937594269598e-01 5.329564033027063275e-01
-5.886476860440720271e-01 6.949681405026758574e-01 -8.091706902658638012e-02
3.502841032977475622e-01 -3.848583479149933484e-01 6.232582808891680148e-01
-4.014570850896024279e-01 3.872544353843936915e-01 7.775830935290162227e-01
-1.739379000946597309e-01 1.960522267344413649e-01 6.621519386685471575e-01
8.243431534830593099e-01 3.942416280307175502e-01 3.591751122770336924e-02
4.931898367903489455e-01 2.541846992952636053e-01 -8.221439921555694363e-01
-3.166594197535013144e-01 4.569733937895917864e-01 -3.997652086842661823e-01
5.441052171573661500e-01 4.456030604982562093e-01 -2.701218440240369389e-01
-4.876850362575187448e-01 3.497343629157911860e-01 -2.685487191102689519e-01
-8.699521675531625420e-02 -2.966937625518699106e-01 -5.130987708582569473e-01
-5.669946418520768194e-01 -3.897946186490631737e-01 6.207070993062249187e-01
-6.879323431160945523e-02 -5.802172735510964519e-02 4.660599554013152845e-01
9.016489780916308039e-01 -3.715720014683545069e-01 1.454371404687324065e-01
8.145615747622246827e-01 2.070578518179236049e-01 -1.585283435045324596e-01
-3.754696723439142625e-01 5.224018968285625286e-01 -2.780561104563388994e-02
5.502067258103064962e-01 -6.806196468646180664e-01 -8.090484060238592456e-02
-2.305051296858850463e-01 9.587345573722017011e-02 2.767776890043022742e-01
8.115958141806698389e-01 -2.122517120789599032e-01 -2.116549105574674350e-01
-5.501389836825334306e-02 4.673078579225522361e-02 6.106749013915954150e-01
-8.869517167285141390e-01 1.517684460010967074e-01 2.389552962763798749e-01
-4.406620933820015046e-02 3.101980590430479801e-01 2.846977676971603199e-01
4.325206482347475068e-01 5.067463326810476287e-01 4.304674325453853312e-01
8.491304800596650992e-02 -3.105240609857382039e-01 8.489350275181024585e-01
3.432192003304356809e-01 -3.086039317439841570e-02 -6.344129394726633064e-02
-1.486226502937422200e-01 -3.249614080485385137e-01 -7.048961624272317428e-01
-3.388567455257150418e-01 1.641940334863105366e-01 -2.043967579897390807e-01
-2.768091971767739912e-01 -5.355162052269755169e-01 4.089614304051303884e-01
7.350147480104338160e-02 -4.057386515116641335e-02 -4.948221569054572222e-01
-7.230964751535873258e-01 -3.044485580169541405e-01 2.568539558070689344e-01
4.917046567836141913e-01 -2.329870417700858898e-01 -5.188151422368154908e-02
-1.568506295158997657e-02 -1.736710140159626048e-01 3.649561899680031640e-01
8.110375643259345457e-01 -1.440249009694523630e-01 -4.751732626862095743e-01
4.574632572165002742e-01 4.134205344024468043e-01 1.209124580108114910e-01
-1.594473996249073933e-01 4.899842960368350764e-01 4.741184176289104379e-01
-5.111065100332371491e-01 3.931082250228997155e-01 -4.628092119865000464e-01
2.888419118032777844e-01 2.613693669346072168e-01 -1.423985979512769062e-01
-2.334578623962239585e-01 -3.365212924811989970e-01 6.019815377808149931e-02
4.822240431816465223e-01 3.130304127182791385e-01 -1.617354755203998795e-01
-9.768964055658214685e-01 6.112651201878451651e-02 -1.751766810036083782e-02
-5.200742068225553405e-01 2.233984596001326317e-01 6.510650794097539995e-01
7.719740203733858053e-01 -3.788379469238536967e-02 5.740826481560886707e-01
3.935188019448934149e-01 2.805731191762575460e-01 -3.005151270373230266e-01
1.986995953710851692e-01 -4.197874911069877646e-01 1.990363321721034529e-01
7.041134731731371055e-01 2.632623120505713787e-01 -3.297106701824401576e-01
-3.108358433453241032e-01 4.731115696678953597e-01 -4.316508985857135938e-01
-4.393955155035842997e-01 -3.194417291979748663e-01 -5.717863600112013112e-01
2.855897587492794987e-01 -4.941302326574200654e-01 -6.070947204098992023e-01
-5.091740276149773203e-01 -8.018200201812610006e-02 6.510970951140533289e-05
-1.508157576044890646e-01 2.495471285783771032e-01 8.343874354279188221e-01
-4.921952118113001595e-01 4.076355486858215249e-01 -3.509889371544210879e-01
-2.143608948966228833e-01 -7.365878914783824394e-01 4.839272441543009395e-01
-4.457826024724978464e-01 8.797229245052841096e-01 4.002740650384702115e-02
2.288130260356837087e-01 3.240176332126483150e-01 -9.301434363494757995e-02
2.226583568786843215e-01 -3.846032917421293162e-01 -4.200010241403941968e-01
8.351901158307839523e-01 2.672769529078267148e-01 4.326130338926740260e-01
6.403339687834790073e-02 3.848598458811244294e-01 4.968214747695312572e-02
4.145983494295858995e-01 -8.263044697761320889e-02 -9.989272281707657630e-02
-2.720601468347571064e-02 -1.350620144130632583e-01 2.371380542778835088e-01
-7.292642130150364110e-01 -1.430911617613367104e-01 -6.026295621045398843e-01
-5.463284422059679901e-01 -6.930031611482404541e-01 -1.260581270043658608e-01
5.695558306042553670e-02 -2.123405958865936527e-01 -2.681554719857356939e-01
-6.383014553899790666e-01 -2.035552327135264992e-03 -6.043317475610304745e-01
-1.778664162813530514e-01 -4.021183749749757119e-01 2.106520321218334213e-01
9.212646988136916626e-01 -2.127714317577339143e-01 2.568047947216200999e-01
-3.099135503813169601e-01 3.684517700109796179e-01 1.251078989508412620e-01
-3.122876305636017591e-01 -3.771225457621785737e-01 2.203352296415277689e-01
-8.082064352815494512e-01 -2.453223224597967378e-01 -2.019096310909958836e-01
6.544898154963503245e-01 -6.692201213059136844e-01 9.459190081707961884e-02
-1.966337684404698694e-01 5.535753817004434030e-01 3.161834253560972391e-02
-2.947484210157572115e-01 -6.107048431433652613e-01 3.437617876458222699e-01
-3.545486798790869337e-02 -7.340599602529090939e-01 5.607018312196697662e-01
-1.448455350302040034e-01 -9.914401446613962943e-02 4.128523738995647507e-01
-3.659477257550591833e-01 5.230077508490714733e-01 -5.630999404939068809e-01
-1.516580572603336632e-02 -5.218597800744981807e-01 -6.844105048982634942e-01
3.930302601457272282e-01 4.724176421994576991e-01 1.049364164571403024e-01
-5.555816494709125974e-01 -1.905452744377051089e-01 6.208563297607152531e-01
1.215396226142823610e-01 8.288239773381966824e-01 -4.604193008587033065e-01
3.360762724620943165e-01 2.212010282045838785e-02 -2.271661937978984025e-01
-1.436988341223323917e-01 4.985619499389147280e-01 2.288890392770693838e-01
7.067020209096480654e-01 5.012315511982757821e-01 1.160189912009561147e-01
-6.605758984146745671e-01 -5.146725167409672563e-01 -4.800935038012287270e-01
-8.585114399217306236e-01 -4.805604352115334654e-01 -5.117191548869272355e-02
8.697824883093187021e-01 -3.876779114776170154e-02 -6.267137086946560076e-02
1.496705271845178153e-01 -2.493759558395044762e-01 5.441284758684397094e-01
3.161859878224484444e-01 9.909143096127963346e-02 4.028033177813019061e-01
-2.184102488680520204e-01 6.761326425113101113e-01 -6.978698154823874678e-01
6.468703455276795244e-01 4.924963652311454276e-01 3.932387346383054566e-02
2.575200227631770367e-01 -1.494944552288336205e-02 1.682956083524377033e-01
4.513719638427970970e-01 -1.516698615252862481e-01 -8.156467466233233710e-01
-3.088980177323663034e-01 -6.177560939388206940e-01 -2.480351331738786802e-01
-2.650935991271854419e-01 -5.996912700755674397e-01 -7.388855219948247122e-01
-4.536775855970416327e-01 -7.507681724015419222e-02 -8.940340198219803858e-02
2.906483526179529098e-02 4.673560576642268316e-01 -2.728703844100938691e-01
-2.821213304365901564e-01 1.267654521522584010e-01 -8.273998941058487988e-01
8.846611606340605283e-01 -1.330086385721492570e-01 -2.978555634934814123e-01
1.808805851606964388e-01 2.066238288991646688e-01 -6.162808453133996611e-01
7.250012658041268265e-01 4.260349730198971785e-01 -1.074613722490155299e-01
6.654966643761623946e-01 -3.893346598186413487e-01 -2.239435760103059558e-01
5.632579784421810620e-01 -7.467787949874724052e-02 2.950891721980811178e-01
2.002433350798037970e-01 2.837809000733731990e-01 -8.663306707086256830e-01
5.847595768148495798e-01 -5.290555450961066386e-01 8.808036210216141360e-02
-4.092313639947464110e-01 7.477736132872215835e-01 1.701482848264648448e-02
1.353299068754845180e-01 -6.265384718748865378e-01 -4.925087648282919783e-01
-3.677553969296498138e-01 -4.455740504472767149e-01 7.271592457368046825e-01
-6.184273465749402510e-01 1.750758461456863035e-01 -3.469268485904187793e-01
-2.243621748296209251e-01 4.443790862554181653e-01 -4.115655982599565887e-01
-5.077041179130517001e-01 -2.594081415265685475e-01 4.507548968166010805e-01
-7.580766857170436746e-01 -8.624923768158501702e-02 4.852816247500825186e-01
2.379701023757870848e-01 2.628632105961088428e-01 1.506943662619625035e-01
9.439564582549479776e-02 -2.435250718028073025e-01 -8.044854805747103654e-01
2.375863312698836636e-03 -6.997817061608032629e-01 -1.696296093519789883e-01
-2.902893361601804334e-01 3.621050644425390375e-01 -5.993372288836085193e-01
-4.229909830348215216e-01 -7.872859543334748134e-01 -4.828640064300449009e-02
-1.750447762903028781e-01 -5.638914176146692103e-01 -4.115457642400609517e-01
-4.311904468262152124e-01 3.621080807152170511e-01 -5.087568980265952945e-01
4.179873245492785050e-01 -8.171414941860618564e-01 -3.231016776279453384e-01
9.341447906659522404e-01 -2.080794306360859713e-01 -2.795828976704265445e-01
5.606111367999055961e-01 2.613852030023742223e-01 -7.264529553349148572e-02
2.526147488711615319e-01 1.698812414324824271e-01 5.166905459182653537e-01
-3.083794305232683830e-01 4.412498902586393934e-02 9.394644033392655080e-01
4.351086220268521321e-01 4.402324305580051500e-01 2.510912562959853878e-01
-6.208958108836171164e-01 3.639690394657473238e-01 -5.408090879126234984e-01
3.860351909823754868e-01 3.810590664402870864e-01 7.811715408536634708e-01
-3.705205294390455095e-01 -6.152204233653245646e-01 4.598861691294902632e-01
-3.196302925050858446e-01 -2.292292271163252904e-01 8.587284220011591751e-01
6.514824078271617969e-02 -5.899396967345494902e-01 7.567647810488706828e-01
-2.655418461800273522e-01 -1.637838796646082576e-02 -2.414953198065139528e-01
-9.078613911929755975e-01 1.338298304094476532e-01 -2.517420995266745898e-01
-4.438007038216794653e-01 6.307781701501286031e-01 4.859350857801043033e-01
4.431664626065959789e-01 -2.594520923014357883e-01 -8.498067961497185463e-01
4.910748867435364429e-01 -7.574504786952755697e-02 -1.949556530668959120e-01
-4.206753812918634372e-01 -2.343927981402624261e-01 2.401736881474182406e-01
-6.456537721622495063e-01 -2.211779454887306262e-01 -3.109227193697269298e-01
2.902604752497086049e-01 1.636816136557212309e-01 6.914097337213769012e-02
-1.419169563594503691e-01 -4.970848289722492597e-01 -1.845502060913243314e-01
-8.407413889998646139e-01 -1.836948651523772902e-01 4.065251554501163600e-01
-5.910760268883766821e-01 -4.314935789216896023e-01 -3.946419826942112463e-01
-3.081822259467360547e-01 -4.687246236059150473e-01 -4.426921093303786137e-01
1.514859944485592025e-01 -8.497478605541978203e-01 4.406842393001141334e-01
-1.900701499756927149e-01 8.424197967105856444e-01 3.992642928887185083e-01
6.568382485315860109e-01 1.280352914988395208e-01 -2.218849339997463477e-01
-4.775573500446149700e-01 -9.533332555168737288e-02 2.229474357298270593e-01
9.094031028308173781e-01 1.411497783275712792e-01 2.409047926206561718e-02
4.524210218072006184e-01 -5.255314015393043325e-01 3.364510744092763517e-02
-5.988494921860314513e-01 3.169287475042968927e-01 -6.438243129721200608e-01
-1.538440155277552013e-01 3.686655951095610950e-01 -6.434820716090222659e-01
-4.329816626831848314e-01 1.776781646898697442e-01 5.782197072779065028e-01
-6.166336466488480349e-03 -7.794001700722166248e-01 2.838799952087841527e-01
-6.604696398634759547e-01 -9.708095700902343028e-02 5.912381996044170362e-01
4.155485603217336926e-02 -4.130705583233503786e-01 3.840195902917813431e-01
6.637935969867653219e-01 5.271465804390915721e-01 2.204131823677423774e-01
-9.668277033889433048e-02 2.846812693094887795e-04 4.384513360792269832e-01
4.640217211408892428e-01 2.213790334821282846e-01 -3.651234148558643589e-01
-2.283175707590314463e-01 -8.488299139896494649e-01 4.012176164593747041e-01
-3.071689283811580851e-02 -5.732990150109040783e-01 1.608146553596291051e-01
6.837255729397143100e-02 3.970785246514335620e-01 -6.868374522401489157e-01
8.959607457306052736e-02 8.622882783927946493e-01 -1.424133005145109265e-01
5.560166688066827678e-01 4.550705246131231951e-01 -2.926930848039097643e-01
6.574963361094570136e-01 1.240062227994949834e-01 -1.690443622602369189e-01
2.544694257794161141e-01 2.537454293940798467e-01 -5.278744038284816087e-01
6.551914709825535921e-01 -1.225073222093199000e-03 4.804904516886374655e-01
-2.426219959321931630e-01 -1.822812132434578070e-01 3.116782527480922993e-01
1.023553644445880234e-01 3.430874267282304491e-01 -7.352066918263822082e-01
8.520746571979193051e-01 1.359318592079458432e-01 -4.261926035104312560e-01
-4.877665410112043687e-01 -9.270413958426337864e-02 6.400082963955705528e-02
-5.852788997629664314e-01 -4.141262390575025099e-01 -1.045852355958367015e-02
1.646898718885719259e-01 1.376827963199636629e-01 9.165251400488885203e-01
2.156198269943846724e-01 -3.362419155899787904e-01 2.960599727285854188e-01
-5.013542987837643627e-01 4.481422744085087340e-01 -9.175342073063205706e-02
4.702205371573440207e-01 1.794831801472509397e-02 6.533290407120824206e-01
-2.363882981454036580e-01 3.449630367603072345e-02 -4.731607242587911044e-02
-2.155652842907369304e-01 2.625145122532101527e-01 1.705371206080073532e-01
2.637753188817896222e-01 5.435448508343853069e-01 7.503701509950496673e-01
-8.498338079804457212e-02 -1.934739496390374958e-01 -4.298031856596735700e-01
2.140982394198781835e-01 -1.837797854833702615e-01 -4.875207785967484164e-01
-1.641623375159172449e-01 -2.885086785922455488e-01 4.380230623509584476e-01
-7.862093492098506387e-01 5.981971824257089482e-02 2.546473212101575401e-01
-5.933256849188290882e-01 -7.947455445497297877e-01 1.184084060684298112e-01
2.405384433596548244e-01 -5.137716753935476222e-01 -4.080508830463652203e-01
-2.970801193143240426e-01 -3.342516103064890887e-01 -6.833717216419318841e-02
2.809289782614601272e-01 4.229355733169551934e-01 7.213255908316086318e-01
1.100174585667433175e-01 5.512746481358001827e-01 3.003041586294257215e-01
3.179066693652990994e-01 1.579055816925990785e-01 4.261435207444663198e-01
5.386406715551071978e-01 -6.682777933316976782e-01 2.504171043805951680e-01
-7.044024668237097719e-01 -2.798393974262154416e-01 -3.981663861359573953e-01
1.455451313971519584e-02 -6.074265393163116311e-01 -3.110267650014896246e-01
4.262018103141830272e-01 2.672033952029314111e-02 4.367799115615319527e-01
5.682363392628704268e-01 5.795939055732753920e-01 -1.975854893292861292e-01
-1.322303776695140931e-01 4.107056980212498987e-01 -4.081019199906748551e-01
-9.708927455297541309e-01 -5.865579230709866421e-02 1.562778053140032875e-01
-2.466206509272517722e-01 -1.855884621496758091e-01 -5.932570010908396752e-01
7.344628365684992000e-01 -4.233448928366470576e-01 -4.556189578758506817e-03
-6.772607056279003057e-01 5.983893023781118314e-01 2.506724567132305737e-01
-5.927089365031128904e-02 6.545576264064453254e-01 -4.432572553539879667e-01
5.150634973517299597e-01 -4.407517910939051098e-01 3.792127394349977809e-01
6.486103243493146486e-01 1.446472132081633999e-01 5.164173242722197577e-01
7.601192890783028400e-01 -3.806925455702458438e-01 3.283170982783830683e-01
2.457515381380619979e-01 2.213838582540000044e-01 2.525844888116877129e-01
-1.924981874875987264e-01 5.917327973235775307e-01 7.356197678757657732e-01
3.031344267210524523e-01 -8.598775968123636426e-01 1.216415519365119380e-01
1.883265641318406791e-01 5.697897406845902069e-01 7.589429148615084442e-02
-7.144973040716077195e-01 3.943477978303652765e-01 5.736541990956574022e-01
3.530166941070395081e-01 7.210880146354137210e-01 -5.906026836398905466e-01
2.036023365622368075e-01 4.735226744288741907e-01 -5.652665066667506011e-01
3.901025981170635482e-01 7.423732536991594078e-01 -2.327031793777669944e-01
-1.974567187830127413e-01 -6.872438712145674256e-01 -4.806395146644817373e-01
-4.518399959363346707e-01 -5.968948151169894967e-02 3.110654536495578437e-01
6.061180555012475324e-01 4.775942250526943877e-01 3.029530893543567749e-01
1.150543073930727217e-01 -6.449652088173791764e-01 -5.416823962748287258e-01
-5.856095816433074530e-01 -5.314254971456133791e-01 -5.801003662296971841e-01
5.525909778235101877e-01 4.134207445521121405e-01 2.561171723738380201e-01
4.605867895231334774e-01 -7.280386986949161088e-01 3.687532134014311902e-01
-1.154616837851569905e-01 -6.262597472901025863e-01 5.876333180256294586e-01
-1.647787797454086101e-01 5.120315091992899692e-01 -2.993156893407338259e-01
-3.561873231556390018e-01 -8.966331754547986199e-02 -6.757399653655408178e-01
8.994755944169341433e-02 -4.089541436937766394e-01 5.013301897743709379e-01
4.246510196482113364e-01 1.731357385447641617e-01 5.881742809842094299e-01
6.129439137785421821e-01 -1.431120850082142626e-01 5.208165075463422333e-01
4.223972050265741712e-02 -5.014762732339845819e-01 -2.794690795562914665e-01
-4.941450865634933742e-01 9.159953995072964150e-02 8.235148178506171979e-01
-6.304192265109880289e-01 2.352811560614005704e-02 5.010930893494227600e-01
3.330749540675819742e-01 1.179227590561745913e-02 2.969787153195343476e-01
7.123672436190109369e-02 5.768561084001996297e-01 5.587321834964001921e-01
-2.360226465054300268e-02 3.665335501446919109e-01 -3.928941362735109966e-01
-3.779314498453031912e-01 -3.200309267680160885e-01 -4.930431746243198465e-01
-4.047557472526535499e-02 3.313767196209572302e-02 9.892920645082446951e-01
-3.888749603799710464e-01 -1.906227578685051050e-01 1.905825299469592060e-01
2.610300035803989616e-01 2.790133167331440567e-01 -8.323517331214193016e-01
-5.077013767869066330e-01 -2.953015774774253588e-01 7.477563821383501619e-01
7.269083067761989980e-01 -2.910968916232360981e-01 9.130678968365002479e-03
-5.559218268145139641e-01 -7.945458183077808156e-01 -7.753651619432544440e-02
-3.670831930846520375e-01 -3.014979689946766239e-01 -4.990728305178170898e-01
8.013250936927057699e-02 -4.431809698116498941e-01 1.660626161911064047e-01
6.637292989822746181e-01 1.203176402796782701e-01 7.008610154347529875e-01
-6.054020759844616073e-01 -2.521958553376058357e-02 1.066208723001137032e-01
3.034306139787616430e-01 3.602983076787012462e-01 -7.456717109575409230e-01
-5.660248343429201690e-01 6.399129018413520775e-01 1.175480822388759172e-01
4.394436744494489844e-01 -1.611609060469435528e-01 -3.315873124598997523e-01
-5.045248173209416764e-01 2.627679299532028126e-02 2.915517164599364455e-02
7.854016151509319865e-01 3.134909990197846108e-01 1.858389889063581102e-01
-3.578480841966049097e-01 -5.538308494597409259e-01 -4.873381502506360374e-01
2.293520904425964957e-01 -6.676045057682686856e-01 3.280233373759834647e-02
8.775810487233206558e-01 1.137439529802705129e-01 2.174124530376955466e-01
-3.401474957358670559e-01 -4.505052907026841497e-02 -7.324929987476657134e-01
4.493504215991243611e-01 -1.888922477689078394e-02 -6.344889923984470270e-02
-3.453646732704868660e-01 4.061620399650877622e-01 -4.503730882161514903e-02
4.305161720226182154e-01 -2.642010001354960780e-01 4.356695242583862870e-01
-5.655762693389730922e-01 4.821703140399136167e-01 1.015837819743960549e-02
4.763773819477279958e-01 7.426685634139003067e-01 -7.577613055888748894e-02
3.217481634353067665e-01 4.872154450487793387e-01 8.235553437581651093e-03
2.306599173255465540e-01 -1.151793547634069603e-02 -1.443682723328995332e-01
5.706546549463060308e-02 1.337843229664291422e-01 -4.478692538811853141e-01
-2.017173336440491183e-01 -7.702114289662577162e-01 2.816928451280624190e-01
-2.235911338458192177e-01 2.332962420341850862e-01 -8.370122695883910335e-01
8.502949010261862117e-01 2.140204168664920081e-01 -9.450593650007031027e-03
-7.745297282423575513e-01 2.479207509288615940e-01 -1.165417061311951330e-01
-1.759790430970384345e-01 -1.810639930697636735e-01 -2.724501701648978647e-01
2.154919353359804890e-01 -2.751378185417951983e-02 5.476264728900984702e-01
4.133497068714043210e-01 2.981352956370901808e-01 -7.886519052519469497e-01
-2.530146497633177782e-01 -5.166010075439276816e-01 8.040866657141367835e-01
4.756173264038709436e-01 -6.299437990798057996e-01 4.587617890073806826e-01
3.334459940663660471e-01 8.000596669032479236e-01 -1.598292239010793564e-02
-4.533808967231400255e-01 -7.005072180231161072e-01 4.327946728012589950e-01
-1.614720299651314916e-01 6.543646201953357000e-01 5.642677473533028731e-01
2.496905047459166971e-01 4.687806811511104899e-01 -1.590162278181750100e-01
-9.877501829771823116e-02 -8.397392869643269808e-01 2.410109794539921566e-02
-6.163739951385178717e-01 3.838215945595310763e-01 6.395776424885259992e-01
1.354786334325590869e-01 -6.210196865412775935e-01 1.539053018857704513e-01
1.620089277661434235e-01 3.431070513324959714e-01 4.230319793854048216e-01
4.825163262442841994e-01 5.312544088224601113e-01 2.245927912141477689e-01
8.136649887153709626e-01 -2.298154455259765819e-02 5.125077340515233892e-01
-3.109942848631930268e-01 -7.407556897228882997e-01 -2.108285788628487534e-01
-5.278201867907414968e-01 -4.860757307799132843e-01 1.368410937491428281e-01
-7.831139589873546969e-01 -4.060479399543498458e-01 6.990166363964940566e-02
6.497800114314824516e-01 4.217336672464332414e-01 2.714371606144585364e-02
3.995964156299263159e-01 3.046138677711082710e-01 7.152874299122180535e-01
-5.804610385758346425e-02 5.264943597739785153e-01 3.387180935416020944e-01
7.059783003437325455e-01 -3.656100394787054064e-01 -2.927172620206727749e-01
3.273001458100111005e-01 6.304049036778187620e-01 -1.781655998797806728e-01
5.631291887034683974e-01 -7.366981556118230579e-01 9.671626014453463260e-02
4.641072611894611066e-01 -7.005688965074277075e-01 2.250060071293482344e-01
2.876631723811755581e-01 -1.912878701111550839e-01 -2.001050775459435604e-01
2.365998530875502437e-01 1.090770355965232780e-01 3.154391535858031004e-01
-1.807842281188164757e-01 -2.472345996317744724e-02 3.952659655834914743e-01
-7.263277883708447735e-01 4.083141087768908939e-01 2.080245971889602974e-01
-2.555351513995948731e-01 -8.543562380652258703e-01 4.415435111126977397e-01
-1.405960394669394375e-01 3.082908729184604124e-01 4.155929161423851936e-01
-1.510699824201570951e-01 -1.171725031610049705e-01 6.015886004950309757e-02
-3.762190098172047414e-01 -1.141038890010508122e-01 -2.964614508094516321e-01
3.617092271194251585e-01 1.015523882628592035e-02 -5.745672114575364059e-02
4.132176734230545989e-01 -1.380009904691636424e-01 -5.485827176714382081e-02
7.670920772558439960e-02 7.472611524832939445e-02 -3.448129895362836428e-01
8.752133116689007064e-01 1.407620902401860996e-01 -5.461890544005005427e-02
-5.881803651894129681e-02 -7.510720954395256888e-01 -1.635531196584633362e-01
-5.687279083827097015e-01 3.119601462651143686e-01 -4.286529393560697954e-01
2.787339890687591804e-01 7.552306463387320479e-01 2.995179241529594694e-01
-6.302243825990401227e-01 -6.258112195723241067e-01 2.678857829313202599e-01
-7.031118038052817099e-01 -2.256918478242620485e-01 1.279644761123607637e-02
-9.845890393648860928e-02 -3.294032667801928826e-01 -6.674585842671093561e-01
5.453512496261349041e-01 -1.929583111724471889e-01 -4.672860470490095008e-01
8.586656029734683893e-01 -7.415329510049195605e-02 -2.760726434583747890e-01
-4.113124751618498776e-01 6.070234388654567326e-01 -4.709731204300859897e-01
-3.465243052043740501e-01 7.654780431113607231e-02 5.660219316842010073e-01
2.994030627552168866e-01 -5.816605996509104370e-01 -4.661554679774174148e-02
4.765204091827154320e-01 1.392625073295392368e-01 3.372855833927682623e-01
-3.814347378280410483e-01 -2.799799744571931578e-02 9.043746109805747002e-01
-4.279068932762447042e-01 7.544998542255321183e-01 7.064012580706894619e-03
-7.090986706808809492e-01 2.966580881537884962e-02 -3.520386054208851090e-01
5.842058868148956030e-01 5.271178593018253089e-01 -1.612044495618303319e-01
6.505522053209008559e-01 -5.897351407092845665e-01 -1.624287696247911916e-01
4.697691488178563218e-02 3.147643376715177355e-01 9.013762899775062953e-01
9.689371719508614589e-02 -7.299554234541817399e-01 -1.491894745787849808e-01
1.030231827549944329e-01 -5.655165541589012301e-01 5.920884300984186055e-01
3.866882546294846817e-02 1.827142994564259215e-01 6.729174523144396680e-01
-3.973280254994727700e-01 -3.349851568459763507e-01 -2.596557333171986004e-01
6.208000587817235072e-01 -1.152537065652862319e-01 -6.781926969153000417e-01
-7.979666071690921791e-01 -3.547275341291919459e-02 3.134201745946285089e-01
2.660987151988168375e-01 7.463701892598606502e-01 2.680066215816700459e-01
3.397271005779727848e-01 -7.649579070907719380e-01 1.193295282085924530e-01
-3.837611531394835573e-01 4.146525313597143603e-01 2.193724573763541352e-01
6.818417392411787459e-01 2.455595680597031094e-01 -2.399176784867057821e-01
-2.429393206692261331e-01 2.038675973499847471e-01 6.778948432837981208e-01
3.468418969553124787e-01 7.226503138247605262e-01 -5.592780013357521174e-01
4.961508180797479794e-01 6.931682389601502570e-02 -3.645596232894643407e-01
-2.168339009679837726e-01 4.854942905583169432e-01 -3.845951126048047231e-01
-6.041348529141843393e-01 1.480136057227311452e-01 7.323841867235389991e-01
-3.465666635382324556e-01 8.277548855612524292e-01 -3.072642165999553976e-01
-5.496308583846514217e-01 6.140749722886152950e-01 -4.466764626503478275e-01
-4.690529396494543257e-01 -2.002667923563140329e-01 -3.808545191445465994e-01
5.361963923368843199e-01 2.780954761902649786e-01 -1.132016324656777706e-01
4.171338294210100162e-01 -8.941660382934477624e-01 -4.140550927754149679e-02
-9.484172451646032120e-02 7.328973266996963165e-01 1.513940233769129340e-01
-3.186310202281593673e-01 -3.196023622986199353e-01 -6.085487496571285737e-01
-6.494864918518163943e-01 2.861835585531350909e-02 3.872683648926514843e-01
5.582857872628554929e-02 8.883101281548497763e-01 -3.284505041880553255e-02
-2.377143824640679803e-01 8.258742165556177683e-01 1.882194483871746371e-01
-2.923062030989542759e-01 9.418953576379973658e-01 -9.431511567720557432e-02
1.501830304967497198e-01 9.869859972989941665e-02 9.558025643616456790e-01
-3.134240627646661670e-01 5.154739961016776562e-01 -6.870158443085293554e-01
5.122333910909196986e-01 -5.880322498294637823e-01 3.519242337018248512e-01
1.684979460920228156e-01 -8.275493284476712619e-01 3.319467172093206186e-01
5.201254544381084255e-01 3.069646383086203634e-01 7.510654763699691205e-01
2.250278580889323796e-02 -4.012085904508752576e-01 1.153065311297726304e-02
2.754550922374286448e-01 6.200202867083060010e-01 -6.688587319558139122e-01
1.790992614173157194e-01 6.398139929317524510e-01 4.129549937633660850e-01
-5.451533616384728331e-01 3.092640955026232930e-01 5.407389759474726665e-01
3.632168908691669335e-02 1.842096567481728842e-01 6.359890068834455068e-01
7.542276742588028826e-01 4.597257851997787470e-01 -2.746311311819275569e-01
-7.512178110226297445e-02 7.202843010952676428e-01 5.461524528241658016e-01
-2.078389424138920583e-01 8.520305355847284101e-01 -2.591023686974273654e-01
6.599995457199899773e-01 4.415586355429251819e-02 1.447910797353511025e-01
-2.336089496326313741e-01 3.184112803291910265e-01 -9.943991230849338891e-02
-5.634810849324222159e-01 6.111017866690116040e-02 4.518787323235699538e-01
-6.597973863208849155e-01 3.326714231524877663e-01 -2.766794986093787379e-01
-6.963072554534934788e-01 3.627681126431739900e-01 -1.534690777509096493e-01
-6.499216543442908334e-01 3.524717566619699483e-01 3.254551454011920808e-01
-2.157722074110295929e-01 2.478265170581694377e-01 2.323454790969904649e-01
3.564398483820379604e-01 -2.791411912017697228e-01 -7.586649516546638550e-01
-1.651522639763054745e-02 -3.272067011892941246e-01 -1.687322248905491484e-01
-3.565020252918971733e-01 4.926288543758463451e-02 -1.227531447039210549e-01
6.601475788658263399e-02 5.934945732839490562e-01 5.551845525153408234e-01
7.963283344122568108e-01 2.881725054573971989e-01 2.495268679830964509e-01
-2.285071090521715031e-01 6.890964180360115154e-01 -3.140170883341107944e-01
1.005094972817038163e-01 -5.998774833558166986e-01 4.554891617200372833e-01
-4.328349154345040861e-01 4.834050685401380248e-02 3.413662706465361851e-02
-1.257333778180691475e-01 -6.547599303477397159e-01 -4.031081544558754448e-01
-5.425599034847753410e-01 -6.924597116503975469e-01 -2.384546600691552221e-01
5.284472923651192255e-01 2.954429069159791310e-01 7.954691189989224753e-01
-6.425785529229266491e-01 -4.126967428883403510e-01 -6.694791468340657858e-02
6.047418204171552125e-02 5.859211053347489484e-01 -4.745092973521638502e-01
-1.550677319475219640e-01 -9.000860316227620173e-01 -3.581247191119149020e-01
2.525435288355729058e-01 -4.404555145579898134e-01 5.824173047594530805e-01
7.207665492601088575e-01 -4.481180385399913257e-01 -1.928706256258226337e-01
4.451603861131190470e-02 6.045850795285157009e-01 2.458543169667561090e-01
4.665065514734153540e-01 -5.461044781935373710e-02 5.171739669603740985e-01
-9.849467649665460955e-01 -1.638191388806493343e-01 -4.015112440355163292e-02
5.224150870140616965e-01 5.757079936038472789e-02 -1.555062293743063873e-01
-5.414660538872937412e-01 -5.704283333174291898e-02 -8.299118087917248809e-01
-6.157030606316367116e-01 -1.398634207164329568e-01 1.798683285868216963e-01
1.392675575535289312e-01 -1.923778448302108576e-02 5.845094996949236066e-01
-2.510640237279291101e-02 2.672692811370505628e-01 -5.626820738423845558e-01
3.223435182424497780e-01 1.914911734224812243e-02 -9.321803922890223859e-01
-3.238235752403847423e-01 -8.675476866907644302e-01 2.987030859232719937e-01
3.634718608432021547e-01 1.224404395963350767e-01 1.325886991915222468e-01
-7.059502619816950819e-01 -4.121521712783713376e-01 3.717890304032411275e-01
-1.456309311647947108e-02 3.327737631076426172e-01 7.354871483392684262e-01
-1.521227213855767257e-01 -2.924152804450393384e-01 8.033675611275643558e-01
-3.748456506094400426e-02 -9.141278907263776787e-01 2.826937017355966170e-02
1.540150290135939015e-01 -1.172294427135453648e-01 7.948116804628353460e-01
2.781493246661532331e-02 5.483997453644166020e-01 -3.043705528488645923e-02
-4.971052890653494538e-01 -9.639132233296249241e-02 8.501946893425390561e-01
-1.761550909511369889e-01 -6.084754823417889424e-01 -6.328828245383688600e-01
3.657231840416108604e-01 7.423176257035002390e-01 2.755806855234904096e-01
3.184363688191662600e-01 2.151679942820428626e-01 4.892718597038509670e-02
-1.125541211399428976e-01 -5.975452926626186878e-01 -6.190396589068375421e-01
-6.033987201837046621e-01 2.441386047165335638e-01 -6.616807434097143892e-01
6.135197936215323888e-02 8.086813190570446563e-03 1.827952676930802434e-01
1.341670543295548357e-01 4.407810339928729948e-01 -2.713082953692761423e-01
-5.645916092380375284e-01 4.111504065389995910e-01 5.155811956027404053e-01
-4.765441441922210197e-01 -3.721290449990289906e-01 5.048380022000987788e-01
-1.929411696576271984e-01 -8.048668414684858607e-01 -2.488485071239287805e-01
4.443214926745704951e-01 -5.169632358575964037e-01 2.692736748988980300e-02
7.876996213340403674e-01 4.032627989608261188e-01 1.212261785352230017e-02
-3.648999014150239306e-01 3.887098556501620839e-01 -2.197176338414910668e-01
-4.181440527249428718e-01 -8.638525403227997890e-01 1.616692407621294902e-01
-6.053575241707941368e-01 -6.844344099894300593e-02 3.350924716497179490e-01
2.227465641028439358e-01 -3.946799767642643064e-01 -3.533614827718083440e-01
3.404066536693440836e-01 -6.543448784094002546e-01 4.236489961445392693e-01
-6.957914873916495324e-01 -1.318405370510926551e-02 -4.595604932713293622e-01
-7.006146139787573501e-01 6.675229088072620609e-01 -1.022414508351732199e-01
2.390071693525401553e-01 2.418938064350029948e-01 -9.970061734659758923e-03
8.184600300721637245e-01 2.560050171536151775e-01 9.300895054864918854e-02
7.531686339104429750e-01 -3.199092685189954821e-01 -2.138448913200162727e-01
3.636413261845751910e-03 4.968610784815448711e-01 -5.936640915490152270e-01
7.680812769121378447e-02 3.679074650497665133e-01 -1.891979306708325148e-01
6.416394798455404835e-02 -3.147943752860696831e-01 4.208601194988749183e-01
-8.465146761924177699e-02 -2.646653760299051972e-01 1.009076576668442582e-01
6.458252100053140099e-01 1.883034907528703950e-01 6.537304402981158891e-01
-8.085693811237528728e-01 -2.379084799055593002e-01 1.930400251682270196e-01
1.870850187019111599e-01 4.223290426107245699e-01 3.870049686915504883e-01
-2.993752123202316102e-03 -5.320263978505335167e-01 7.993777829700071669e-01
4.718059097101263144e-01 -2.260973080414849234e-01 6.194937861262803658e-01
-3.154489049837397863e-01 4.194867510831442048e-01 2.353757419751598412e-01
-7.973001560784841457e-01 -3.416962609254435290e-01 -1.587654149045802585e-02
-1.522636148375662302e-01 -7.217498357257958741e-01 -1.460776581314409128e-01
3.275097003269386020e-01 -4.680811304307330167e-01 -7.072262650445869658e-01
4.631002708800485146e-01 3.907557517695188776e-01 5.256437989888418372e-02
7.497632793748614244e-01 3.057369811091051326e-01 1.621245858554027086e-01
1.017774751965334484e-01 -3.201240344582348962e-01 2.165353915055640011e-01
-7.945838530898488572e-02 2.434932939308505004e-03 -7.721993586421349587e-01
-5.465747152816449184e-01 2.157767692255562614e-02 -1.510918380202590228e-01
-1.142622334907385101e-01 -3.949512226594918962e-01 1.947636456376651559e-01
2.813610724387522466e-01 1.817628794016753480e-01 -1.193819625217334840e-01
-3.379358227858934027e-01 -6.274325922471805927e-02 4.161800050533012718e-01
-5.832299668337379561e-01 -5.271684252945491034e-01 6.000894958345635022e-01
5.422354455530273842e-01 3.587599907452692638e-01 -1.594500320509256164e-01
3.751352448452214827e-01 -8.151762675613240250e-02 9.029259023771908366e-01
5.456483779819656377e-01 -2.311536012928930572e-01 -5.262637778948294764e-01
5.520599266653855031e-01 1.843737860760654157e-01 -3.531823792838743037e-01
-1.869033338696024227e-01 8.844702826622122260e-02 8.164690540647226991e-01
2.448369297562265345e-01 3.535352796070854176e-01 5.968345638020493560e-01
-2.702445003997332451e-01 7.508320601610222189e-01 1.836387977129147475e-01
-7.321745659738686518e-01 4.068062853039999260e-01 -2.528650523501287384e-01
9.446861595751983032e-01 3.199779460127053499e-01 1.492618915708936178e-02
5.692990376670834518e-01 -8.085276535029112255e-02 7.271423369823910576e-01
-3.340955208796030362e-01 4.807976145696432058e-01 -2.185275375625262417e-01
5.106380467457486555e-02 6.717718430264357776e-02 -1.174929033452035317e-03
7.754032494474493165e-01 -1.174234952707796237e-01 -6.160610559607637704e-01
8.668464591454824730e-02 1.263317594148975209e-01 -2.440372701823040683e-02
5.632754195786336959e-01 3.207278623271263562e-01 -3.630084658379438833e-01
7.748504589572841050e-01 4.260448039759188732e-01 -4.643723689478116978e-01
-6.686319208988521501e-01 -4.864671466369059789e-03 1.406624713567936891e-01
-7.750515644664747288e-03 6.319186694957611428e-01 5.876193473895953145e-01
4.681637734891050395e-02 -7.111412195603501463e-01 -5.990937572835571684e-02
8.199016757999785243e-01 4.102334723219933088e-01 1.478369650588038375e-01
6.641486515759238429e-01 1.898626969907294196e-02 6.474816491987845923e-01
-2.277407528044427254e-01 -4.414765504856666967e-01 -3.687993802332901749e-01
2.074683394266332859e-01 5.277570313512788269e-01 -2.706385523600214893e-01
-8.034525988993512780e-03 5.108328887132181917e-01 5.834171171798993027e-01
6.931393036267498309e-02 -4.392530178760016280e-01 7.635577734688668849e-01
4.434346575396144741e-01 -3.345023498555187991e-01 -2.128980681850505818e-01
-5.780413931612908840e-01 9.519409781149795746e-02 -9.502493916406191954e-02
-7.470104399661581240e-02 5.148457505365374720e-01 -9.146262314400409321e-02
3.830455348718609376e-01 -1.750814114065001315e-01 -4.010763172012390965e-01
6.102648196536767378e-01 2.916856174266441726e-01 4.635394312721798776e-02
-3.827571288771514091e-01 -4.240356063777797058e-01 6.246941608355681685e-01
7.853057484548447986e-02 9.575255846839979545e-01 1.865138984307215531e-01
7.576200973853760567e-01 -9.118308404481294260e-02 -4.638060848430236582e-01
4.297980277091002499e-01 -3.585622775151391939e-01 -6.734435173165381761e-01
3.613443550947251781e-01 4.973749561367564187e-01 -1.611186994590972643e-01
-2.255352437127009640e-02 2.609578366897113422e-01 4.408420452855378313e-01
4.449233865946417010e-01 -3.947236668610456523e-01 -2.728785836951685417e-01
8.793738454985816633e-01 2.909060958105377237e-01 -1.891650530348530090e-01
1.135470971144981051e-01 1.296530870450750828e-01 -2.293021363619469621e-01
1.866871852855893354e-02 5.765095857350130970e-01 -3.908153775333697566e-01
-3.947579457482137677e-01 1.459207199149142320e-01 -1.667989083430959918e-01
3.674476632013065625e-01 5.233933408716264779e-01 4.241529616273275738e-01
6.130774716856004503e-01 1.955656371820273798e-01 -7.262234293936518092e-01
4.752998828348897198e-01 3.142553644470171825e-01 -3.456636106747372761e-01
-1.008859079130764447e-01 -4.171934029810739353e-01 5.418066707751483246e-01
-2.954285535273215232e-02 4.789391711028045395e-01 -1.785495643723046533e-01
4.304617870528688051e-01 -2.387299463524831244e-01 -8.159443428998348624e-01
-5.234366495050405410e-01 3.034980625770267726e-01 5.317828571860385711e-01
4.030790721612439453e-01 7.379519106470986411e-01 5.010441029190441098e-01
1.698467777559894976e-01 9.193371048016465985e-02 5.612441443597714352e-01
3.946511155677152362e-03 -3.109067191576745520e-02 -8.324842079770589098e-01
-4.162934464362991749e-01 -1.668035031839473770e-01 5.382319437872821188e-01
5.875748512747557273e-01 1.545219569455832387e-01 5.857747422529396841e-01
1.433655436876213884e-01 5.952360671237361123e-01 6.330143260644511827e-01
6.173412887334841503e-01 6.020705234350889334e-01 4.929241979359108572e-01
2.434397006833425581e-01 3.571789336562559702e-01 -4.532064534771577113e-01
1.410905510750070854e-02 -3.211854618845836340e-01 -9.466453008977848693e-01
2.347273083630805890e-01 7.768276902250729199e-01 -2.154230836186391551e-01
5.855154621273488402e-01 5.202609890652831748e-01 -3.527809881073553089e-01
-2.052348396947647202e-01 -5.227918683854981818e-01 -5.751775612095378909e-01
-3.497265990368176314e-01 4.231494464673988265e-01 6.092229966838007549e-01
6.333806514814760424e-01 -3.939202736126093396e-01 -5.260044903454420551e-01
2.439333431963506826e-01 5.472310583979172333e-02 -1.969210901154697935e-01
-4.754967713683260766e-01 -5.939991176895860203e-01 -5.787610560975574581e-01
7.309394202454045919e-01 -1.233021195497053385e-01 4.503122304891605809e-01
-5.590168193999659474e-01 9.768598352164342691e-03 -4.121029073308321022e-01
-9.962027990627446428e-02 -8.320355089581392694e-01 5.145564063252301423e-01
-6.493165768490452017e-01 6.231840808239281770e-01 -1.952287789916904489e-03
-5.136990875872351481e-01 2.822110081673710469e-01 -4.605065531610190444e-02
-2.152834369941534487e-01 2.315611678997200537e-02 -6.421750320818324642e-01
7.944083794569259949e-01 -2.913013789275232246e-01 -3.028010226672749883e-01
6.474533901499867072e-01 4.250326648753854908e-02 3.471694302458738779e-01
-2.852560806967029960e-01 -9.052145709859198419e-01 3.125410412086305212e-01
-5.597443978612500759e-01 5.742397759796184775e-02 7.173932231984107843e-02
-3.448742786159778723e-02 -1.861005869977928606e-01 -4.749919864416995985e-01
-1.564973648300329867e-01 -7.792050593293160521e-01 -3.373134887843306506e-01
-2.959133527313074219e-01 6.223096985108775847e-01 -6.819373311324112841e-01
8.372167283262950399e-02 5.120619487144620896e-01 6.257557767899334378e-01
-7.027671668601725985e-01 -6.796030672780960513e-01 1.020550591825608033e-01
-3.292642365168578500e-02 -7.493053492142597305e-01 4.290871903486236372e-01
-5.362475788875817884e-01 1.199420615433009762e-01 7.370694987590090674e-01
7.889189491096172402e-01 -2.081953714854456738e-01 5.795910084833445081e-02
3.496606556368251351e-01 3.891034386238971798e-01 1.263422688972864194e-01
-5.581736456203061358e-01 3.263108127253851465e-01 -3.495665431946373691e-01
-5.092645682674468155e-01 -1.372544231898555544e-03 3.756844323799448659e-01
-5.664605088778194020e-01 -2.091564798809185943e-01 6.739796025955905323e-01
-2.311979951861415639e-01 1.316048823708163562e-01 -1.604759600165811539e-02
5.348291958448118250e-02 9.155679215480982958e-02 3.951503039775961512e-01
5.659758154494267668e-01 7.950978395812235977e-01 -1.281878959060034698e-02
3.662101133303762301e-01 5.703950450817660833e-01 -2.749744556267797457e-01
4.571175347557589475e-01 -3.149673290960032079e-03 5.127615257635794732e-01
8.762785931083284796e-02 -3.986750126092697966e-01 -3.118884416840673746e-01
4.982426351621198346e-02 3.808945857515931288e-01 -8.025246861857905367e-01
4.133173662106712221e-01 1.986767292932786477e-01 3.993805771444661201e-01
-1.884239158556812732e-01 -2.109532188107484940e-01 9.144064571183799783e-01
-4.236185310056461706e-01 5.911692389698062211e-01 -2.168388758059047045e-02
-8.484422512701608188e-01 -3.575482201253608050e-01 2.886890045611743005e-01
-3.228346121312031247e-01 -6.419937950787388825e-01 -1.377226996005301296e-01
-4.783445512902144703e-01 -8.842508379940654251e-02 6.620795595557230073e-02
7.835092765579150242e-01 -5.213109461434843883e-01 -3.131328103437149291e-01
5.097498269553372152e-01 -2.663352045913782717e-01 -3.781316736709156578e-01
-2.982365604180183816e-01 7.711714018504493007e-01 8.058067426125624377e-02
-7.765156034924549644e-01 3.282301028508519125e-01 -2.399955739157368095e-01
1.009980391524219721e-02 -2.281806261131817948e-01 -3.728499305410509779e-01
-5.159343697528344652e-01 1.761546588851360395e-01 -1.914726085847763826e-01
7.114163183784617470e-03 8.032274605405679280e-01 4.271566159168707077e-01
-4.285068435021266997e-01 -9.388719630283703932e-02 2.676312205390107835e-01
3.663562502208680405e-01 -6.602878943634814535e-01 3.303095286225292138e-01
-1.872705518039975980e-01 -3.205535881625148908e-01 -5.863169443218222421e-01
-5.409779842711001097e-01 -2.546469675721749204e-01 2.943296736982936035e-01
-3.856243075267384302e-01 2.890350407573475389e-01 -6.147241007646024880e-01
-4.289919267330496444e-01 -3.669910740085656764e-01 2.727173570099182820e-01
2.217175232497708981e-01 -3.650664092906915625e-01 -1.205135738809752777e-01
3.524416473302940250e-02 -6.699016590381251524e-02 3.285856058900873955e-01
7.388339398803777103e-01 -5.885956088445131185e-01 -1.960168793788926445e-01
-5.858146125273109295e-01 2.717059987163911866e-02 6.439520365251847345e-01
-2.473589643666226079e-01 7.777494724519480318e-01 -3.456089268757172595e-01
4.834748742165870805e-01 6.393718366633190930e-01 2.290909890925434123e-01
-4.223095555636164344e-01 -6.544417589475222119e-01 -6.243206014831499395e-01
-2.560401628368527693e-01 3.841909714849904289e-01 -6.727563230868156552e-01
1.946158107844897511e-01 -2.484751841329795319e-01 -1.652736815727628150e-01
-2.508979000323764974e-01 -6.942062749639841268e-01 -4.016300391370033473e-01
-4.197546798004629931e-01 5.027823662933476045e-01 4.779219686443784698e-01
2.011284017485061859e-01 4.801979590520738528e-01 -2.622667388818376577e-01
-5.343677204085259813e-01 -1.598179459699182736e-01 1.820866364901267687e-01
-3.261323269263838864e-01 -2.354401098180161078e-01 9.499179518571045436e-03
1.599416738404665084e-01 6.681745915886709852e-01 -3.175975461514400355e-01
-5.976623398647593621e-01 -5.728988433795501045e-01 -3.503027729116242606e-01
-2.751624443968089806e-01 4.166962193621433497e-01 -2.377432414886583023e-01
1.987075285643835343e-01 -4.807943312532111935e-01 -5.145775130829189914e-01
1.223366488916015210e-01 2.789174772603240648e-01 9.247562289060682339e-01
-4.682413817536035805e-01 5.836738803627825600e-01 -1.297357064196865209e-02
1.185948586238511349e-01 -1.397570865218019931e-01 1.824602848539825795e-01
6.374829254200603534e-01 6.602197653657260190e-02 -5.145754674942882856e-01
-3.186357538782526588e-01 -2.572188664123878921e-01 6.429843569787437874e-01
-9.659285433790035236e-02 -3.144674438933678928e-01 6.259883764235335546e-01
5.534894567748005478e-01 2.267227738290427189e-02 -2.814096449663461286e-01
-7.518251488145183403e-01 5.134004229087056892e-01 3.410502101130210018e-01
1.687207051036302141e-01 -2.164770696629184366e-01 -3.418434126730660605e-01
6.232775869867616114e-01 6.062805332153714533e-01 2.747067193214914327e-01
3.849775476939233942e-01 5.332680215948487623e-01 6.307123084424197668e-01
7.708346606978473403e-01 -3.513000598161979404e-01 -2.935962738346115652e-01
2.881819848834492603e-01 -4.620334331085799717e-01 -5.804454468926576460e-01
8.697877015236558096e-01 3.588670057429267923e-01 1.210708545230586852e-01
-3.242054009784297586e-01 6.390711115690129729e-01 3.968438715083817403e-01
3.299382804364076605e-01 4.138671897957171830e-01 -3.853126970286274711e-01
-4.940820192550879342e-02 7.615604910565337837e-01 -4.219131999554736057e-01
-2.783551104014850286e-02 -3.421405319263678413e-01 2.999591836228642783e-01
3.447987156137221620e-01 3.617358058891086969e-01 9.250292109056415524e-02
5.033100395340194266e-01 -6.592053717521021428e-01 4.213840031706955203e-01
6.299424406908777918e-01 4.022775319401821759e-01 1.269744750391897936e-01
8.240298733498142569e-01 3.990369797911023086e-01 1.505965517811092003e-01
2.300724440649601354e-01 1.383025167236013597e-01 7.013414622567132328e-02
-8.146625373957955274e-01 1.579469983828688251e-01 -7.622790801869623600e-02
6.246687841830131926e-01 5.925854216875107161e-01 2.321428971877918801e-01
-3.352490658851784433e-01 5.143176988470267164e-01 -3.216608103946987929e-01
6.048967956858979367e-01 -1.674303323534708232e-01 -4.863002736132603365e-01
4.962212470233098305e-01 7.782250767565930261e-01 2.890004491615764670e-01
-3.085753126970833815e-01 2.978687371786846727e-01 5.025404466058959185e-01
-1.764601563379416538e-01 -1.845873581525072360e-01 1.527737481565280830e-01
2.432513919580352457e-01 6.652212144720539566e-01 5.840289432838826622e-01
3.611750458076221082e-01 6.579614790652096312e-01 -2.640950994574280397e-01
-1.797206447143515629e-01 -5.651410691339778802e-01 3.519524067975244308e-01
1.807823094843566958e-01 1.126370772015707483e-01 -3.289308237568882576e-01
-5.841958357065610841e-01 -2.469119503240303215e-01 2.504948507165345450e-01
3.887335092613282139e-01 -2.952210932279049627e-01 -8.992152552964219336e-02
-2.124423987534252711e-01 3.053036837568600670e-01 8.921203965310270378e-01
5.474127581636963058e-02 7.359540111933634554e-01 -1.234106370166168504e-01
8.319105894691930514e-01 -3.228425177577767119e-02 -1.890455519300218018e-02
-4.192044508187806051e-01 -4.943346354771092632e-01 -4.429743876843957873e-01
-2.109747965404979997e-01 -2.978142506075807244e-02 2.034831474385035976e-01
8.811615520673152790e-01 8.204953018370822471e-02 -4.470766652873729985e-01
6.191147973177804076e-01 -1.197054507984611910e-01 -2.765611522060644756e-01
1.433204752622350420e-01 -2.593539382363180823e-01 -9.856690464146852446e-03
8.152043495264864603e-01 1.095824705497748658e-01 5.495252170412737724e-01
-7.381611344860364299e-02 -3.463163423766126292e-01 -6.558662375118422538e-01
3.082460285424057367e-01 7.476661092404938147e-01 -3.197438184878482192e-01
4.001339645583416593e-01 -8.642629822192975375e-01 -1.263956285706688831e-01
2.845918499165562832e-01 9.435941060733755714e-01 -4.378628422265616604e-02
5.584998505775130573e-01 5.356601626192774024e-01 -1.341249359339869718e-01
-2.593064426350489837e-01 5.618651544801568365e-01 -2.942586206157978834e-01
-3.524804432833456569e-01 -3.560146633915552972e-01 -6.439013281343106687e-01
-2.142298337062825686e-01 -9.234224860323259065e-01 7.693160880046981571e-03
-6.181731940412977799e-01 2.243505072150428770e-01 -7.105728636889777627e-01
-7.118879847215150436e-01 6.022003768918784417e-01 -2.678013360209989813e-01
2.428063085281493561e-01 -2.610722427382859423e-01 -2.368701174132969711e-01
4.356709450051443611e-01 -3.850293014800690861e-01 2.162530713838604624e-01
-1.381680111497580188e-01 -6.497145111396094297e-01 4.959228692186503640e-01
5.773076387456275160e-01 2.085928934573884064e-01 4.360121729745561892e-01
-5.233242851736146228e-01 -3.065021601906416371e-01 -2.023032895480416649e-01
3.938513752926717237e-01 8.829010634073753555e-03 -2.395288646542661215e-01
-3.067219269831531481e-01 3.298790280250820106e-01 -7.303709194589736997e-01
3.937736419156658702e-02 -1.871458875558550394e-01 7.992941259372318141e-01
-6.384437649831852246e-01 -2.873495094974887198e-01 5.166314625251189341e-01
5.385444995410647584e-01 1.826162987478276156e-01 -5.822421200976038991e-01
4.118595528047034882e-01 -3.939807449643918935e-01 2.725605396561588956e-01
-7.768339033065756460e-01 -5.536661097888818661e-01 1.989945516812708370e-01
-6.711419917466660001e-01 -2.349270499442268345e-01 -9.311589849220451576e-02
6.337602042458648777e-01 2.180234036202237102e-01 4.155409328724178897e-01
-1.635198931676871414e-01 4.911317775736432356e-01 7.133375164599865537e-01
4.241308151322443765e-01 -1.562821009938448191e-01 7.675129565747926819e-01
-6.041095342282198910e-01 3.761884612185424359e-01 -3.039669594943908981e-01
-6.199649028250626692e-01 4.346715078472568883e-01 5.873502144228147648e-01
-8.031110171884781046e-01 -5.303739415136784485e-01 5.131600346798154133e-02
-1.933598850473780828e-01 -1.996145358057927199e-01 6.355549276839970174e-01
4.799235142207126104e-01 8.378006978848612230e-01 -2.061060659583182075e-01
-2.368887171940493030e-01 2.669565143964934828e-01 -7.142130119565931468e-01
2.823974557620876902e-01 -6.705450426726583535e-01 5.343024160243101672e-01
1.484953014932232918e-01 -4.856473175508217444e-01 -4.541915559634174260e-01
-4.290746735153788127e-01 2.114585947211988226e-01 6.793509286524944679e-01
-6.550849339728245235e-01 3.863050428938482606e-01 6.265320002006283806e-01
1.838769872358824581e-02 -9.426549475390769706e-01 -1.477933845833624138e-01
5.740612470989957528e-01 -5.932398707513842906e-01 5.126336637267273622e-01
2.737958191145830056e-01 -1.214292032092679774e-01 4.975984599701540612e-01
4.693451677631329533e-01 1.789185320137557378e-01 -3.746587614075543304e-01
9.632060686177053299e-02 2.678637691318201397e-01 -7.716450007051089965e-01
4.016277354009497036e-01 -4.149777314710839660e-01 -1.130288445409780573e-01
1.445910974672783567e-01 -6.142676767767231150e-01 -6.091711585813512908e-01
4.979521220863168396e-01 -4.500555926114663263e-01 -4.871233934427349199e-01
9.444941644417671478e-01 2.547055191590625878e-01 -1.873734596310581146e-01
3.856710725727435785e-01 -6.308662452893107897e-01 2.669719911920501176e-01
3.185607797508357986e-01 6.918948910011690767e-01 -3.208800604725434713e-01
-1.718511295285579943e-01 8.218605986592698864e-02 9.363223044653966598e-01
-7.886178852543996864e-01 -3.771295772257627354e-01 4.270526128249585440e-01
-1.959125475567883023e-01 7.402379198043423925e-02 6.612897549410994280e-01
-7.568739110548023952e-01 -5.272381457860892962e-01 8.460321433576188654e-02
8.163993618934171081e-01 2.110752081574691352e-01 2.045364945407625035e-01
-6.380243504347419270e-01 -6.913715022709537861e-01 1.911840021571643289e-01
5.245207789378650842e-01 8.234950393463663643e-01 1.039966386491107536e-01
-4.980616191359879541e-01 -5.223210160535071145e-01 5.692377436938249602e-01
-6.052043917512783811e-01 -8.759578688533757596e-02 6.886461291270844498e-01
-9.925015711279878972e-02 -2.583286238261172096e-01 -3.733205316654856221e-01
1.988628717341388297e-01 -8.670490355899712620e-01 -1.593919835238582217e-01
-6.740083035430226577e-01 -1.556702606663556976e-01 4.600245523920237778e-01
1.189793820265546698e-01 -5.411407720082499206e-02 -4.614007168102679524e-01
-2.120234126118039353e-01 -2.763978863735617186e-01 9.058511245388494171e-01
-8.258322317772005816e-02 4.632132717572530201e-01 -3.106558213315888106e-01
4.952656035863501893e-01 -3.474883952401858767e-01 -5.114542004166182654e-01
8.703797752586468484e-01 -4.233560962711777620e-01 2.159903234335067701e-01
-9.347479192070654030e-02 -5.823605692560889224e-01 2.307453463192090937e-01
1.826805194034971380e-01 2.635853192804628042e-01 -4.445039718648788885e-01
-1.701611575747049090e-02 -3.803381669712903590e-01 1.558119768704050445e-01
-8.831782912169421074e-02 6.993617055667152860e-01 -4.798790325699061055e-01
-2.481433365534344848e-01 -3.211551072894258674e-01 -3.948613152466962095e-01
-3.762870336258556381e-01 4.927971884540487957e-01 -2.387466643841154312e-01
2.132469314419824513e-01 7.107378867755764773e-01 -2.501271749090010557e-02
6.558272906956789106e-01 1.507836711648522232e-01 6.414631276332868337e-01
2.277313181098186701e-01 9.429917132298452076e-01 3.242325100457962156e-02
-1.211119348331477913e-01 -8.265359820749719200e-01 3.345521627923593866e-01
7.597039828214501023e-02 -1.528634305352784793e-04 4.333898755504645983e-01
4.698671224283489933e-01 2.709924222219119438e-01 8.259916192956201497e-01
-1.783399767559919469e-01 5.273107011374887909e-01 -3.483992711163252376e-01
-5.181391730628837067e-01 -1.327267190726778290e-01 -8.179349724090925200e-01
1.158259616057920188e-01 1.508132177519263817e-01 2.042327189976174961e-01
-1.948739702078882974e-01 7.885961641715508175e-02 9.727795846062788909e-01
-5.071636760706751401e-01 2.150821002869064691e-01 3.370481702048735984e-01
7.056949813809315630e-01 -1.757774405807976115e-01 5.559680440041093741e-01
7.682363967588664577e-01 -2.796243085306397425e-01 5.103786795894033057e-01
1.728905764024040725e-01 -3.733201609851578562e-01 -4.145522703636845274e-01
7.028738422877608971e-02 -1.071651223942398506e-02 7.233017338715290734e-01
-1.311528561127346670e-01 8.469254712467337853e-01 3.148234604348966181e-01
-6.072499466512570887e-01 6.737447594476008161e-01 -7.993513642926414198e-02
-1.332259805499552176e-02 5.548452715460207019e-01 -2.301224186521641860e-02
5.683975390895095181e-01 1.349810917796458731e-01 -3.640159755744907799e-01
-6.550007565295790091e-01 5.536059527892185361e-01 -3.919593594475458825e-02
2.216206930324735036e-01 -3.776581286107481006e-01 4.415799445924454836e-01
2.030869726759184923e-01 5.893538454942013338e-01 -3.177159977239189526e-01
-1.630474192334927797e-01 -9.337944453349041052e-02 -5.724008517746923541e-01
-6.397222612000350583e-01 1.983204763118479597e-01 -4.290486289841720091e-01
8.840857613098546119e-01 -2.288957003560509462e-01 5.903046199437859964e-02
2.997260034298789844e-01 -6.504247048716854662e-01 6.380410320100126098e-01
3.510330230929891160e-01 2.575122053349176987e-01 -5.179387988682447874e-01
2.961725576489093181e-01 -3.701761497956632119e-01 -2.123073230505862774e-01
-3.374447565733978277e-02 -2.945494519292763957e-01 -4.514273505343255888e-01
-5.925583784794768993e-01 7.148248556318911318e-01 1.344394307147540706e-02
1.250079534170612239e-01 3.794476301695478559e-01 -8.394338877695083356e-01
6.602085223450988583e-01 3.123341353241724377e-02 7.252773737480905369e-01
-2.527170914238088817e-01 9.004339641279232032e-01 -7.573210503245901559e-02
4.651399534169825545e-01 -2.150113829462367218e-02 6.641129295330570059e-01
-1.940749160863175504e-01 7.267552373178426395e-02 -5.077053168857111748e-02
-4.283279306890311854e-03 -5.712924598867614723e-01 4.533576673770175341e-02
-3.276063844558650406e-01 -2.435668653448375409e-01 -4.266844952808963587e-01
-5.910780660794883179e-01 5.929444703123208926e-01 -2.975992209553171564e-01
3.975339901146793808e-01 1.197882680085915058e-01 -1.888422862016939374e-01
7.829108620875951940e-01 9.428649892913475161e-02 4.336569005362295726e-01
-1.019562286532414534e-02 8.692882343776723308e-01 -9.292917122972256527e-02
-4.407334778904101191e-01 -6.091892291347823507e-01 -5.862235868317693804e-02
5.730210961491437605e-01 1.175788676039930120e-01 -5.605455625755171312e-01
-3.484164934589236151e-01 5.480150317755547729e-01 5.023424771822009305e-01
1.964053981973263030e-01 -5.542956706651105403e-01 3.474786094748718024e-01
-1.550750753800914927e-01 2.822764415987988884e-01 3.459907825741290188e-01
-1.254812246937591635e-01 -1.423927993700444816e-01 -7.420210071540136454e-01
-5.433953370870000521e-01 4.775264951847968398e-01 -1.799147338647303085e-01
3.477689928889375337e-01 4.502392410076997420e-01 2.261815599346898853e-01
4.822797016562879735e-01 3.424909345238051905e-01 6.520571180125657174e-01
5.903555473227412032e-01 1.328677166799578369e-01 -3.400119462593422792e-01
-2.635840177494122027e-01 -5.036679383432667301e-01 -7.040211930773804250e-01
-3.370577140134370930e-01 -6.396473477949659037e-01 4.493230330219908364e-01
3.829952857075955563e-01 -6.524940402553919272e-01 -5.836084078422635324e-01
-6.145483852695671212e-01 2.007353501572914922e-01 -6.720293874043921090e-01
6.417654905724247127e-01 4.802050671840833451e-01 -2.686527870931830764e-01
-4.767823413344501882e-02 5.509746727767954599e-01 1.272809106005275692e-01
-3.238860686651310328e-01 6.217956550220135048e-01 -6.688599656977373131e-01
3.407695816276540279e-01 -8.360506381645681495e-01 -2.342718187898543969e-01
-5.734741677293881956e-01 -3.375598368057340926e-01 -5.796331045376230673e-01
4.874958027496191781e-01 -3.969567405618294742e-02 6.216846647508011969e-01
9.766118126017808015e-03 -2.091327755438486882e-02 5.929616663931795983e-01
5.897697721675199123e-01 -1.167232382557481934e-01 2.308245433371014788e-01
1.847794967138023381e-01 2.511283557833703939e-01 -9.294067750458144817e-01
2.081504482724336746e-01 -6.557792770646066194e-02 -6.038024550417141478e-01
4.010873995830935845e-01 6.771172080324632248e-01 4.136050554403266077e-01
5.135291272822706254e-01 3.779375098044148173e-01 2.511637105160658412e-01
-6.194783867430165430e-02 -7.468579417060958736e-01 -4.265948987688404359e-01
9.175657552991023369e-01 3.475821430378057131e-01 -1.584412940920171611e-02
3.582063498932897948e-03 -1.659155463736331493e-01 -6.191469047011214366e-01
2.566998545125620534e-01 7.600894887327046545e-01 -4.612763420509864432e-01
4.103868213948524968e-01 6.611803770807005431e-01 -4.398428962715402735e-01
1.764920616667652042e-02 3.861916550177388885e-01 -6.026467070138076254e-01
1.874056931245352275e-01 3.484757027388426520e-01 -1.274647924687504763e-01
2.179524911004843135e-01 3.525630011833276733e-01 -7.295675173922833157e-01
8.330513117739644091e-01 -1.482713534945110101e-01 3.827459402792480758e-01
4.302551169152306065e-01 -2.135488533011784540e-01 -1.889719567720254956e-01
-1.258647119110972434e-01 -3.572730678633895263e-01 6.845638251372742067e-01
-3.276714814021186584e-01 4.322608174320365926e-01 4.111663001080380631e-01
3.708522211490101195e-01 -3.869803246462433233e-01 -8.079377236598277445e-01
-7.969223802025700298e-02 1.500799729957155992e-01 -4.175101815526653382e-01
3.181369570424285587e-01 -2.872123000076951330e-02 -3.459823622045616331e-01
-4.148538261302744945e-01 1.881281944092817182e-01 1.488021305550787932e-01
8.626195794582932619e-01 -3.486240053100815306e-01 6.001653638153126025e-02
-1.512034184965952988e-01 9.137803511637717646e-01 1.298466944755669872e-01
-5.491579054349525757e-01 7.513547160959969939e-02 -2.494504860365724663e-01
1.604220950319484029e-01 1.881188778026524344e-01 3.480458960070521024e-01
2.035142407168525069e-01 -3.802418172952059527e-01 -2.738250036662410319e-02
-5.094450590506711674e-01 -8.444122398323945788e-02 -5.572997099052428016e-01
7.372918944032913480e-01 3.373807901253666475e-01 4.355325268144066841e-01
-8.553771486858110507e-01 1.514267286997518849e-02 3.715648127800308398e-01
-6.744353764154455977e-01 -3.215663910779298362e-01 6.034293622741121466e-01
8.290066725699841710e-01 -2.886874709978504844e-02 4.643716162565598993e-02
-7.868202265968379794e-02 3.232589190682446101e-01 5.981951027616858596e-01
-7.083049128424446783e-01 2.853147180232753488e-01 6.277750792922753842e-01
5.292722536969587388e-01 -5.084977884965655726e-01 -3.245321751332575638e-02
-3.144691819930823806e-01 2.034972232206867793e-01 8.902546054596248704e-01
-3.621461004790352961e-02 -4.615667501321962796e-01 -4.956048583292269605e-01
-5.480523818942252268e-01 5.794259647834659743e-01 -4.547509059478624382e-01
-7.010126703447900898e-01 3.804675663537106511e-01 -4.543976147357891432e-02
-1.462004666031632427e-01 -2.070489461328486880e-01 1.967999534056655980e-02
6.439413428566946873e-01 4.428324450875464890e-01 -3.790618132019599740e-01
-2.479619104983695199e-01 -2.473115447826976232e-01 5.429620803120963624e-01
-7.210510193656274880e-02 5.024187061581346647e-01 -6.030057448858268110e-01
2.615284215351154976e-02 -7.012747602340971831e-01 -1.994244554189187335e-01
6.089330451762161589e-01 2.488078645526649035e-01 -7.122195960819523997e-01
-3.069092278095693627e-01 -4.841990835141272709e-01 -1.920997635942342172e-02
3.402449231513180461e-01 9.108798571126174304e-01 1.297081518598571480e-02
3.949384979626445746e-01 6.305903089284132790e-01 -1.800168961792253386e-02
-8.557720095015360906e-01 -2.774429065075693646e-01 -3.027878958686126554e-01
5.825615818205361895e-01 -4.602625542328598884e-01 -6.490291604266278380e-01
-5.644737943698465710e-01 2.472384999851893472e-01 -7.485810774331195239e-01
1.799247324001797543e-01 2.036982771652707993e-03 -8.123136719042460818e-01
1.995446211040363127e-01 -8.891294688521311773e-01 2.758245087441741905e-01
-6.889836631830397184e-01 6.777506454861784158e-02 -1.227940621351639172e-01
2.349444326605734101e-01 7.683335162581063082e-01 2.056905321646561313e-01
-2.652021336732872103e-01 7.973504534225639429e-01 2.922673126077264261e-01
-7.808468472343109701e-01 8.226365009329983380e-02 3.142380598133541758e-01
-5.845310315853261551e-01 2.360149465519706669e-01 -2.610779060475093907e-02
-2.231701970746397534e-01 6.697884049597099265e-01 5.888094331058024711e-01
3.632823225017789981e-01 -4.790453232504014447e-01 -1.075923280084142408e-03
-3.323427438254587529e-01 -6.766705235140676455e-01 5.422923840197106937e-01
2.314901871221206886e-01 -2.873021244795618268e-01 -5.838348617934656648e-01
5.283793074222884467e-01 -5.660661266767325756e-02 4.326257109243069054e-01
2.477249999885234033e-01 -4.770428711688794454e-01 -6.053069030394193639e-01
-6.147407388648312709e-02 -3.126039035727466997e-01 -1.612174099634115232e-01
6.048664948749509634e-02 -8.085409192323043115e-01 3.993952610774377243e-01
7.839754399225339343e-01 3.667980612317421896e-01 -4.116836939060422584e-01
6.713321233771368801e-01 1.698948014143896248e-02 -6.211227533273975254e-01
4.861928387009191166e-01 6.745495765485993722e-01 -3.081117421924766120e-01
5.818456545785714029e-01 6.274535479819545181e-01 7.450203996812582163e-02
-5.863778236678275635e-02 -3.926265364749549902e-01 -3.883692579138640216e-02
-1.455218246664433113e-01 -8.812471275527680170e-01 -5.678073015575403615e-02
-6.346299421266224927e-01 -2.787511843704881254e-01 -2.424523068437914597e-01
2.394135993036022869e-02 3.574769116157527904e-01 5.106055111032915539e-01
6.271115013662104110e-01 -3.622460741678789620e-01 4.946748407093732869e-01
-3.988996539791286877e-01 -4.110640040455458277e-01 -2.471042875829417562e-01
-7.315472351157827902e-01 -4.630549928039124907e-01 1.869958760635800077e-01
-3.694633417313017421e-01 -7.255116562820420612e-01 5.319297591950893356e-01
3.212841627293942515e-01 1.064593877668583710e-01 2.800643211946168831e-01
6.792508657770564284e-02 -8.003798568061225582e-01 5.875273563344890482e-01
-1.852623688189232454e-01 -4.207517135733695457e-01 3.235081688555533908e-01
-4.405508133078057664e-01 -9.657222201840186260e-02 5.144101606708711971e-01
5.633658318091310235e-01 -7.653555338107209671e-02 1.464362616497217051e-01
8.171330989970022607e-01 1.370306984898603808e-01 -1.899075251751383975e-01
-8.858582182546702599e-01 4.072143492596392300e-01 1.291524480588309154e-01
-7.856089244287680629e-01 1.326849371607842498e-01 -5.454438536641657009e-01
-2.736537061507163249e-01 3.011098922240892373e-01 -2.089782671838135431e-01
-4.720895900828548514e-02 5.649508559183765710e-01 1.311838806607321384e-01
-6.547473685389298970e-01 1.419988022959557672e-01 -4.535888600098337831e-01
-8.443206823507859449e-02 -5.184368121209678160e-01 -2.574208915989107949e-01
-5.032472882061344022e-01 3.272061229835860341e-01 -4.923634224886602739e-01
-2.499461113029195769e-01 -8.881494801947894535e-01 9.730615305026987794e-02
5.030813062951240422e-01 -1.813009263008716343e-01 6.036593907148734006e-01
-7.227942845407893113e-01 2.012535304427046923e-01 1.894107616104466207e-01
-1.215749698665200412e-01 5.191567556555402030e-01 -1.867455537786342212e-01
-7.983307302036941611e-01 1.622225682164233906e-01 3.783701719649336104e-01
4.367551766223652376e-01 -3.870120023104727247e-01 9.752720045289302309e-02
3.622433963085308628e-01 -2.629062293760706104e-02 2.385126609416436116e-01
-6.550506543325239628e-01 -4.702453149019013567e-01 -5.861645193713758140e-01
-5.023232007633243734e-01 -6.816958236339434318e-01 -2.489009169841361613e-01
-5.615893400345517428e-01 -3.295383200925160010e-03 -3.479340037034641675e-01
-4.387700779220862768e-01 1.122460299518842075e-01 1.370817980352024845e-01
-5.376310158699417752e-01 -5.244326528705529622e-01 -4.502873254668688929e-01
-3.459242685238185233e-01 2.436919501661169440e-01 3.814904935402269048e-01
7.742568895452355271e-01 -5.404432441877495830e-01 -9.026080874475921056e-02
-4.698805358896220863e-01 5.459232808024847561e-01 -5.838513523741174494e-01
3.797968482969136250e-01 -2.894456757417814344e-02 -8.265173284387848929e-01
-4.830348473777469898e-01 -2.911908506935097507e-01 3.048485679595752673e-01
6.340030027424675696e-01 5.797949213875116387e-02 5.000891667552781472e-01
2.699390596128241615e-01 -2.442203158124692797e-01 -7.235616832866758052e-01
3.957772505280947040e-01 7.756132079896388420e-01 -1.355903869610541046e-01
2.647540958271552003e-01 -2.880345380924431709e-01 9.009392179893035424e-01
-3.802751269739645945e-01 -3.131666377226141051e-01 2.784585271190739286e-01
-3.571048823373249581e-01 1.448398537881077919e-01 2.382580945374332959e-01
-5.240203607572477829e-01 -4.639690811665934944e-02 -4.744512255311518767e-01
1.726559227847848377e-01 6.503558977423509191e-01 7.080170742902262004e-01
5.458014869549193682e-01 -6.880264393232353726e-01 3.366688349995726748e-01
-9.242965472338312560e-01 9.310361227069445522e-02 -5.864449963656830078e-02
1.673381890751246270e-01 -7.166293575523698944e-01 -4.339055666003763939e-02
-1.620886653291893353e-01 1.290953647676679472e-01 -3.849330035921709192e-01
3.681336269399294037e-01 5.557028553101193147e-01 -3.173979873558462339e-01
1.594997998560939989e-01 1.633630601220107392e-01 2.727258265403182391e-01
-2.788830569556653982e-01 -7.170736227061536017e-01 3.269080897241938288e-01
4.873507086890753182e-01 1.241626417544009486e-01 1.378809010945170055e-01
9.207633020194602724e-02 6.875881941876546000e-01 -3.756022903602290741e-01
-2.575708056539216528e-01 4.194653730578203343e-01 6.528607018438479237e-01
-5.457084599174450990e-01 6.384022279281710288e-01 4.393684480435308681e-02
-3.944202082119486197e-01 6.132721539398905408e-01 -2.332338800175325910e-01
-2.299938003200888426e-01 -3.579689022750048855e-02 6.363247770517200808e-01
-6.712221251562845437e-01 -2.696166784225095814e-01 -3.754687187623845929e-02
2.399086258368280933e-01 7.098443147665569608e-01 4.611960271590864191e-01
-4.874388005428369475e-01 -7.470832474015012270e-01 -2.980191224091942037e-01
7.560720543003633942e-01 -9.952352633564862106e-02 -5.787723048116946156e-01
5.287587311454311489e-01 -4.776013770076472653e-01 3.463356782237203557e-01
-2.619972054442449433e-02 -1.664552519081580473e-01 7.850165166937058681e-01
3.901566973397531113e-01 2.232752916939972354e-01 7.176055946547118536e-01
-2.511569531573474290e-01 1.386451306384724469e-01 7.366024710456562374e-01
-5.055027837740061480e-01 -1.808865254818647628e-01 -1.713895935598267750e-01
9.584141402910348329e-02 8.788501594174745468e-02 -5.012203075091071769e-01
-5.297082566386193125e-01 -6.772628997256575634e-01 4.567587134705693996e-01
4.042884122919104262e-01 5.314890420649510672e-01 -4.781865481539091522e-01
3.355179041140403662e-01 4.833338866289306202e-01 2.527467178097360656e-01
5.229022181785336620e-03 9.812179004143622985e-01 -1.448264976978661835e-02
2.694480895159167000e-01 -3.820767917165137639e-01 8.820265584235427170e-01
1.486800155689807779e-01 7.241088040495552436e-01 4.224348411932717928e-01
8.279541788358651955e-02 7.588254353597588819e-01 -2.890041310234180982e-01
-7.634969473512025484e-01 -4.544948322538160390e-01 -2.123875582548921948e-01
-8.585579171018568045e-01 -3.005422670521645245e-01 4.014105412095279046e-01
4.586510462054520232e-02 1.539732103909492722e-01 7.300498047184144079e-01
2.240467789111465213e-01 1.144406325565560933e-01 -1.437125606987751936e-02
7.916838696603700765e-01 -3.460092668221015355e-01 2.764477892328945918e-01
4.426691412150164928e-01 -7.349362247915392117e-03 1.471162759189995062e-01
-5.957176457907508577e-02 1.690961665744958875e-01 1.241377512401385490e-02
-1.233229551429372572e-01 -8.288385598020326928e-01 5.377872523890454559e-01
5.752196035153374076e-01 6.029526592591719775e-02 1.553451190865808296e-01
-7.047759547819560932e-01 -2.865547372933494596e-01 -1.920352613145598908e-01
-4.318949489068186209e-01 7.057417845503084763e-02 1.759028740206715624e-01
1.856019334515245645e-01 -8.615228968275495669e-01 -4.841397780776172943e-02
-8.749213330325105176e-01 1.318927116119802401e-01 2.349694513484436031e-01
7.044984940625109715e-01 -6.559226634339662687e-02 5.435735599020611319e-01
1.745539693421058192e-01 -1.721550588073249566e-01 7.139726116279164758e-01
-2.600336033347995512e-02 7.959918541786113744e-02 -5.291814391503553150e-01
7.604698519523599154e-02 -6.388218952003593687e-01 -2.964837308878338074e-01
-3.558361930354798641e-01 1.073766494530479926e-01 4.880851858244268926e-01
-6.485836845215171564e-01 -6.710149688428633796e-01 -1.870525984680304343e-01
-8.671136602263325444e-03 -7.009521431509126987e-01 3.991447028901110583e-01
4.192368622650652354e-01 -1.771312404627994330e-01 5.363087298408087955e-01
3.747162502054497413e-01 4.000517733490299155e-01 7.159184005065610812e-01
4.380544042809290106e-01 -3.355880030115764301e-01 -3.486779313941317654e-02
4.199028561710268365e-02 -5.371037927757115193e-01 -3.617669400722112183e-02
5.670891226104658456e-01 1.428113448319908441e-01 -3.810393385725727167e-02
3.455338082829581547e-01 -1.554461332126541029e-01 -4.433112997855743753e-01
6.084459704192507479e-02 2.439465238945372760e-01 9.636379492851201434e-01
-2.588937637875081132e-01 -1.480678343340258718e-01 6.216369750859829235e-01
7.330731221386380669e-01 -7.440961903355881868e-02 -1.800114714374087543e-01
-3.189700679606506939e-01 5.314320327619671547e-01 -2.804899088644366989e-01
4.692875354052900710e-02 -6.914012118775457738e-01 6.064891554425705378e-01
4.299534225537485210e-01 -1.706977242482331930e-02 3.464663452793021459e-01
-1.716183475579501905e-01 -4.059183804225071079e-01 -7.146942130642242041e-01
7.840416808674306737e-02 -2.131548565378151849e-01 7.236074176258688873e-01
-3.648823914938436608e-01 8.512939563461288106e-01 5.002461341356240904e-02
7.956212324619547083e-01 2.413571629501831406e-01 1.599324925825931498e-01
2.144281658207295438e-01 1.679077435481965697e-01 2.848962464185870180e-01
1.703964681514198165e-01 6.838630751337769487e-02 -3.505750358652748866e-01
-9.284862798575026221e-02 -3.799893644305272766e-01 -4.907518616757928775e-01
1.268978420463018897e-01 -7.413947781791946356e-01 -3.703326337740192598e-01
6.610332730238508564e-03 2.468817247629835621e-02 8.312488668653573720e-01
4.553047101783720407e-01 -2.165854218362776029e-01 8.146579378704323915e-01
-7.151658864833702056e-01 1.952648807265888048e-02 -4.358565868983954039e-01
-1.225677773401194631e-01 -6.884749338178690337e-02 1.048909669981047815e-01
-6.603672530065017865e-01 -6.315593724733910008e-01 3.103717707953407290e-01
2.623271782970983956e-01 -1.650746164657063975e-01 -4.460577816507733662e-01
4.573196210270972784e-01 5.346221957840094907e-01 -6.160765179510365730e-01
8.615594457273149931e-02 4.871640561770512745e-01 4.582982375885350512e-01
6.891999804209346658e-01 2.084952510201066311e-01 3.916336548259113925e-01
6.765756028751621076e-02 8.185188739475801611e-01 3.650333909098072982e-01
-1.832805684597768048e-01 -2.605156343040350708e-01 -1.015652804731538988e-01
6.626377021535230227e-01 -1.313126473001645367e-01 -2.337021464127375936e-01
-8.705866810540608958e-01 2.525199366417623659e-01 -2.316195526307653629e-01
-5.894575509515848077e-01 -3.674384541429921991e-01 -3.041836322933971215e-01
7.927626119030677099e-02 4.790506608952254108e-01 -6.380349947904294661e-01
8.248607252108768328e-01 3.314530557578904135e-01 -3.667962541089543338e-01
-3.564976104134173207e-01 5.225920897895903749e-01 -7.252271289161884571e-01
5.449415718239400963e-01 -5.830387097976330590e-01 -1.194904914462589958e-02
-1.288043946303742693e-01 -3.783473847496306997e-01 7.126057012981882322e-01
-5.544459964062758983e-01 -5.048005815185383494e-01 6.266708383409889116e-01
1.615417847480149216e-01 2.185624160060471444e-01 7.013876546552376412e-02
4.843478130927020286e-02 -2.323885376040840112e-01 5.355078725719641941e-01
-3.187270269261286981e-01 -1.796354739793868671e-01 -8.200840712116685971e-01
3.772423127126298126e-02 3.740596915438219039e-01 9.126794283806537456e-01
7.193912469486886396e-02 -4.445962206451225529e-01 5.898958570100601984e-01
1.365826906855908129e-01 7.509227124140008813e-01 -3.212839866862164384e-01
-4.378601040444574655e-01 1.900944985437869328e-01 1.278192193719510095e-01
-4.845970769542174983e-01 1.018983151506681339e-01 8.107375920648808298e-01
2.036296955699202493e-01 -2.560831608214467758e-01 -2.399742759368255762e-01
2.459762913597578482e-01 -5.586636569476642888e-01 8.261639346578761312e-02
1.894118824161837022e-01 5.107470137240486263e-01 4.106210228121550537e-02
1.369154033915104818e-01 -1.122162254650653085e-01 -2.922372714292847951e-01
-5.078951286438642132e-01 -1.726551895913385204e-01 -3.455561143955675901e-02
-4.539803726019663310e-01 3.098410920464343341e-02 8.530787392280426984e-02
-5.036580995303256703e-02 -2.845222326917218325e-01 6.969471136192221250e-01
6.472242989824382731e-01 1.967518691305311651e-01 3.765703721249861191e-01
-6.797397573631839274e-01 6.390358889935804365e-01 2.818357984232527924e-01
2.421034520888667441e-01 5.468561369266471406e-01 -6.908210507307803727e-01
-2.728427695635317063e-01 4.095463366070475897e-01 6.446688775596504106e-01
2.823314755546512123e-01 -1.551274675384395063e-01 -4.762598530262407981e-01
-7.818018950717373072e-02 2.746298987311370232e-01 -2.266418568448778648e-01
-4.232162809204016440e-01 -2.697947498099884100e-01 2.182803462339797870e-02
-5.347910902409966916e-01 1.891164727743392948e-01 -6.936539128248866426e-01
-2.605017398270099149e-01 6.495237484792942828e-02 5.193567179181197702e-01
1.062148556010812511e-01 -5.540888855816962222e-01 5.096737080160140820e-01
-8.528423417820691910e-01 3.668227239604667234e-01 -1.553538742095501302e-01
3.094235989293850353e-01 4.068383600856937399e-01 -4.766266289604941808e-01
1.770813353898135351e-02 8.811983372305813855e-01 -3.257179223928457490e-01
3.564133554547904148e-01 5.771454714912042094e-01 3.996280667224209188e-02
-5.180299555260384770e-01 2.823300529301819850e-01 5.528834702176530502e-01
-7.318267527998250088e-01 4.649879255614173812e-01 1.721010261260451923e-01
5.105607887248506671e-01 5.661702156534467179e-01 -3.344011021582786181e-01
-2.217414777365661893e-01 1.503936912256322589e-01 6.966892072152829352e-01
-6.354475503083197030e-02 1.242063862440437039e-01 7.052638424154558661e-02
-5.583773118146743153e-01 -3.647402347252845511e-01 -7.106955465465855104e-01
2.840269742854635848e-01 1.372311544882729994e-01 4.868213012912032678e-01
2.119821321965723870e-01 3.782197333459400568e-01 -9.277201892812497741e-02
-2.079621409037496482e-01 2.112270616766401543e-01 7.561091090390755776e-01
5.566215320603824096e-02 3.788897050926660626e-01 -9.171336735826335351e-01
-5.558807892351684821e-01 -3.374824849170767194e-01 -3.580085501081024801e-02
-8.017048995800369893e-01 -1.607845861750910321e-02 3.378075713471390129e-01
3.365065633024905134e-01 7.497796186417655662e-01 3.443022175148509056e-01
4.200926543198796326e-01 3.010283576917578974e-01 -1.140398564941239590e-01
4.656827544686230058e-01 -3.476178455275342749e-01 6.593269365876962551e-01
1.401233670171848911e-01 -2.508940711501873033e-01 -1.433715203211631669e-03
2.506926701252710776e-01 -3.034120652610093338e-01 -5.374490132584602842e-01
3.184247124658891592e-01 6.359308648753839721e-01 -6.810907518632722812e-01
-7.460917423422501749e-01 -1.200079563387005180e-02 2.661089453727739085e-01
2.757895522420505952e-01 -8.525037793450228329e-02 -2.035826392043383892e-01
6.088243117358475842e-02 5.619711577536273817e-01 -2.155456698582761954e-01
2.797320402561360719e-01 7.557435303454809183e-01 -7.633381551028881051e-02
-1.777763948364509128e-01 -6.770821523478607329e-01 1.805831934788058868e-01
-3.107086612905930467e-01 8.872575385043529606e-02 -5.632475201400911624e-01
2.055358453270525743e-01 -1.683069306834353018e-01 -8.140960941725825517e-01
-5.589962188959427536e-01 1.692469522268475468e-01 -2.393824029337713599e-01
-3.297854560584541073e-01 -5.736945242417921254e-01 -3.263177182784235963e-01
3.871159889483745675e-01 3.373122690201480478e-01 -8.547544498138409663e-01
2.254310939113780554e-01 -3.471033929582504896e-01 -5.448139271563705588e-01
-2.343827033069601773e-01 2.039519272412471940e-01 -7.030831202010208170e-01
7.225784216318836828e-02 3.739609378521640548e-01 5.819622009960145892e-01
8.451733203072823997e-02 -3.040127799489858451e-01 -3.998864338178827887e-02
-1.794045653069709090e-01 -8.949851343592500896e-01 1.486173978766087422e-01
6.861447408319487629e-01 3.321441753442443412e-01 6.233879511084187142e-01
8.852769559123253862e-02 7.868470111774754638e-01 4.092690316251844651e-01
-5.656572966947740477e-01 -2.327119992274946925e-01 6.291155346307840679e-01
1.158566203777623566e-01 -1.886860783418146392e-01 -6.081835656993374029e-01
3.315584563887026825e-01 1.853856034527159302e-01 -4.311260702965737934e-01
2.243729657959495083e-01 -2.037775813883762055e-01 -3.814366735781020146e-01
-3.217480076297992708e-01 8.805202808315745200e-01 -2.775204497942218018e-01
-2.007240900524944749e-01 -1.689223600394742786e-01 7.548108537343513058e-01
8.928059666052834409e-02 1.284101753989612960e-01 6.355906406302157530e-01
-3.317604467395661172e-01 -7.297646913929055623e-01 -1.663063234082787223e-01
6.272855840676755390e-01 4.847857234574755037e-01 -4.775081509717638562e-01
7.252239695538292841e-01 3.703676598815416887e-01 -2.748137181807124296e-01
-1.224644918015404399e-01 7.711522765619936992e-01 -4.084505916344932097e-01
1.815874313566305243e-01 -2.492026348356159507e-03 -7.918800888454653464e-01
1.087890624532810435e-01 4.694420614821895321e-01 -5.875684435942531841e-02
3.618435440207983245e-01 6.868285307026636977e-01 5.319968876490129839e-01
1.184127129293270492e-01 -3.840900276151626436e-01 -8.396758835615201200e-01
2.852525880499812150e-01 -6.215242875807016620e-01 3.087344166146327451e-01
4.830943694166433544e-01 -7.516281131716129327e-01 8.386813410292688620e-02
7.168246252520661388e-01 9.870561984548008316e-02 -1.968333136354693928e-04
1.065393529088386367e-02 6.090542562040743846e-01 -5.276860492411568071e-01
1.717944256507169809e-01 2.826888934657694752e-01 -2.315439003842327537e-01
-2.241578578071258543e-01 -5.349412565516112883e-01 -6.618890603966594011e-01
2.563002479113600796e-01 3.296590145449748155e-01 -1.175121882338287134e-02
-6.935827103262280913e-01 -6.331466518141296573e-01 -1.368038838404143642e-01
9.508326479513010132e-02 6.718057656398361555e-02 -8.534403401842440839e-01
3.274677998671762791e-01 1.667271236340813756e-01 8.216036985436823148e-01
4.196639075350807602e-01 7.223434798414858360e-01 4.946391027490777970e-01
-6.273624624282131412e-01 -5.348785221921853461e-01 -3.051219514282450529e-01
-2.117169570568248060e-01 1.316698786587670034e-01 1.666320879644271058e-01
2.086884679798445552e-01 8.878049182535124872e-01 -3.061153433019038750e-01
7.608016875888924668e-02 -5.651214134076740780e-01 5.875850035374154956e-01
-2.817024930983099557e-02 -9.890032149443617193e-02 5.855530627059930548e-01
-1.406252119566439411e-02 -2.338775286859082203e-02 -9.519301074993841150e-02
-3.942718886253665511e-02 -7.094188358280247853e-01 6.913945690903907648e-01
-4.248719650964513095e-01 -3.542341664427203773e-01 -5.395722898543933166e-01
7.856544720007735405e-01 2.098083384428107712e-01 -4.286853528531961999e-01
4.739527393675819697e-03 -5.600666802436775615e-01 -1.481589428933941244e-01
5.859235145255088373e-01 -1.058064844200485854e-01 1.779409721770891517e-01
-7.932538571934486527e-01 1.385941024382945919e-01 2.343164468355903030e-01
-7.676814538696040691e-01 1.564367085411473568e-02 4.609316268823718810e-01
-3.916279052351051559e-02 -5.465614671724541296e-01 -5.824018604281964162e-01
-5.906927791909650782e-01 -6.413468012595550105e-01 -6.586804053069071629e-03
9.033479687586559725e-01 2.684585706563779595e-01 2.314320932212436399e-01
5.995821751105463726e-02 8.358461928891800508e-01 5.150692614347451848e-01
-5.084804115521046608e-01 3.244426907913701696e-01 -3.216894287688768506e-01
6.822572178719912839e-02 4.398526052829542232e-01 7.866184861430602915e-01
-1.987045778231567028e-01 -8.391129074432517321e-01 3.815004417288812011e-01
1.510276550451185862e-01 -3.199758837389580224e-01 -5.973799089270230844e-01
3.559718869675568831e-01 -8.317162427499110722e-01 2.210194560296957836e-02
4.916894564028105319e-01 -4.850208673845192164e-01 4.314201147372464518e-01
-6.207297444808620446e-01 -4.944234516362498999e-01 -2.312502556537070764e-01
-3.918173598794617019e-01 -3.107249902789576690e-01 -2.257810652716586153e-01
1.849331281906238800e-01 -4.876978041579324574e-02 -4.447431956666184072e-01
-5.364873992387940715e-01 4.768954083158297719e-01 3.907016463973415621e-01
-1.105779159314859011e-01 -3.976367005721424541e-01 4.346938166616096111e-01
5.548638457719878847e-01 -5.990824282972595505e-01 4.070823585294690294e-02
-6.203593715189248403e-01 -3.269133404367549067e-01 -3.962909665026412842e-01
3.861294745997111422e-01 -7.815188959908579702e-02 -1.993440100193267506e-01
-1.204943010572853829e-01 -5.965169129238695467e-02 -8.893579141850558312e-01
-1.730334791609775547e-01 1.825182919404033377e-01 5.376483057560240697e-01
-3.809935824695844572e-03 -6.455147028922255670e-01 2.487517349433798208e-01
3.117885117207729317e-01 -1.977680453470076483e-01 -3.575715364956483233e-01
-4.767856372052144964e-01 1.551868743681979468e-01 -6.593196209826475140e-01
-2.671774193620812810e-02 -7.069484363448709230e-01 -4.805751711931551262e-01
-3.288759595060062324e-01 5.377423530521260320e-01 -3.913454168092750374e-01
2.125429386366432111e-02 4.189875390515646059e-01 -6.904921048312950838e-01
4.149830664598734287e-01 -2.379257287450737765e-02 -2.675782587118479341e-02
-1.217274443607189588e-01 5.667326624519913869e-01 -6.156593030433978875e-01
6.102539317197926971e-01 5.958039494640924305e-01 3.167951486061608701e-01
-8.063682514997319029e-01 -4.735900170733111647e-01 1.379740067525047353e-01
-1.324835840697391465e-01 7.261617885817971407e-01 6.498983333201482360e-01
1.407137253554819889e-01 -2.328093392907562287e-01 2.916428040600435034e-01
3.004988144061045419e-01 -6.622467276644754541e-01 3.679142022812822987e-01
1.820537693679762370e-01 3.067801912588180024e-01 6.236261469048489658e-01
5.347094817873769834e-01 8.064671984981918174e-01 1.601830876454710673e-01
-1.927002494835305946e-02 5.757431078901029814e-02 6.758257943560473657e-02
-5.970456962159785830e-01 -4.349251307240147302e-01 5.260091403561413248e-01
-2.511342634764499038e-01 -1.607579747643375634e-01 -8.166613124205515106e-01
3.070680278334015668e-03 6.901189034258794486e-01 6.223471151124685408e-01
3.840364055752344963e-01 -2.645153270038978488e-01 8.466600437267157719e-01
-1.239324274451624741e-01 -2.805209510395093031e-01 -9.511837745449288617e-01
-4.542582400204467352e-02 4.338715978713925669e-01 1.236114011685815750e-01
-6.204393795752419921e-02 2.113756915563437255e-01 9.112785949944167685e-01
-1.274584143223170540e-01 6.235573674882090023e-01 -5.876714350501922590e-01
9.820446239345969053e-01 1.196929415501169908e-01 -2.104515064063200089e-02
7.331898305910067304e-01 -5.908828625353732683e-02 -2.615123301014903867e-01
2.870916891714211383e-01 -7.501230457545857710e-01 -4.097952665650347881e-01
-5.400270070164712166e-01 -2.132611701596840159e-01 7.636591184120488096e-01
4.122597379014957264e-01 8.493129927067087914e-01 2.433696868265584901e-01
6.857651491044527425e-01 1.836114635574675469e-01 2.522855480197736533e-01
4.373873389043209103e-01 5.065729735104461673e-01 -2.739069281542323986e-01
6.649157044605999989e-01 2.296536405494530031e-01 3.151295494205363368e-01
3.689126083339193674e-01 -1.707677768927696182e-01 -2.527425867626412193e-01
-8.381002993125993283e-01 3.451564579629282092e-02 -2.263059159510131813e-01
8.199134324490261472e-01 -3.805749668482505954e-01 1.860087675627583592e-01
8.189066227521930863e-02 3.771183915625004324e-01 -4.000738352983378432e-01
1.051732184476188575e-01 -2.179168299070701198e-01 -4.403198445007164841e-01
-7.306230304094296635e-02 2.428985965878148467e-01 2.115482746012174453e-01
-5.285944534696300767e-01 6.710825877711193432e-02 -6.651532276557339252e-01
-4.317371617952775464e-01 -8.337351418160499072e-02 4.949648767153488338e-01
8.040741394974382228e-01 1.165860460135114546e-01 -5.397828109082090098e-01
3.960871445490868337e-02 6.984030048130585033e-01 -1.418769207609619221e-01
4.946481326567083725e-01 -2.655026037770469860e-01 -5.660051095288605172e-01
-2.163123992996787148e-01 2.747992943254734532e-01 1.587289331369343692e-01
6.043020767963980244e-01 1.948151267184848601e-01 -1.670167971656370820e-01
-7.245258103739383726e-01 -9.775936345667610161e-02 2.277252462344637463e-01
2.234475884006528398e-02 5.377254570799775424e-01 -6.802297450894940756e-01
-7.210324256003314281e-01 -4.305309220514105806e-01 -1.078494189215907367e-01
-8.723876551998545337e-02 -5.007311608630444777e-01 -5.470688608841448586e-01
-5.419664013075350395e-01 6.633253333166562182e-01 -1.278003883590533851e-01
-5.052809281135974828e-01 -6.900912400747564179e-01 6.589216113167513378e-02
-2.068974833168149008e-01 -2.044175119200150048e-01 -8.772321520122144944e-01
-3.087559176105713066e-01 -3.439468051346503685e-01 5.202692313233279187e-01
3.197061612785211393e-01 -5.871773540403962821e-01 -1.420347835118012103e-01
-5.244597103494827994e-01 6.987205880923763601e-02 -4.631530602931960977e-02
1.071600836219398500e-01 4.925532531543801440e-01 2.504422228959282681e-01
-1.587026384623089759e-01 2.773713324132370261e-01 5.823719362146697609e-01
-3.108145211509127370e-01 -6.177321806236945045e-01 -2.054112467870256309e-01
2.059731557024318538e-01 6.425357403643345844e-01 -1.663704007117951592e-02
3.038829236867610778e-02 -5.413538333438784322e-01 8.122424557614375817e-02
-9.560323751857495722e-01 9.411482710201216073e-03 3.601802020426889822e-02
5.003650537115166275e-01 -2.748632673341140642e-03 -2.251100803104512105e-01
-2.440404217744474719e-02 1.155291347687363995e-01 -2.436240138890048423e-01
-3.149435501869116694e-01 5.820548828181083545e-01 -2.285811681282876040e-01
9.591517297812861276e-02 7.881235553589071019e-01 -2.368643331475766833e-01
-6.821663336046572823e-01 -6.093381673698763379e-01 -2.918809396991545735e-01
4.608835974834297189e-01 -6.319825947787715004e-01 -3.279585709270949057e-01
-1.008478897612862663e-01 -4.022732547253472513e-01 -5.090626426916011749e-02
5.352066190958895131e-01 -2.680377101484491820e-01 3.357435103219373607e-02
3.387545557842968069e-01 -4.579135074114693005e-01 -7.554748891817141265e-01
6.137577947518395582e-01 1.890550548354958116e-01 -3.853790431020783225e-01
-1.235029598153400548e-01 9.394411926823619252e-01 -3.329067230396648598e-03
-3.740152127937752535e-01 -7.998792821427815891e-01 4.252800130551371849e-01
-2.085342982311960414e-01 1.831996065308675870e-01 5.078552523199193480e-01
5.937275092475624572e-01 -5.189702659003533336e-01 -2.106103208329596632e-01
3.030715662120036513e-01 -1.369698762949325133e-01 4.177076544933466806e-01
-1.743748057537758966e-01 -7.963726885129989164e-01 -4.920339052255736645e-01
-2.287541745262335058e-01 3.647682317547534803e-01 -3.671073655190738583e-01
3.624724068559359025e-01 -2.146888858598520675e-02 3.189018649978681008e-01
-3.889287509830257061e-01 1.675831864187055931e-01 -7.625524960399688856e-01
2.347175881459227509e-01 -8.900004541023048832e-02 -4.918879353925371678e-01
9.843853721891887912e-03 -5.546249915504134487e-01 6.396454576701146033e-01
8.676327589124900319e-01 -3.401039898546506235e-01 3.422398135333191704e-01
-4.376995193692036490e-01 -7.600991447499271247e-01 -2.674035405641272956e-01
-3.977891396242456690e-01 -5.708329043914529555e-01 -5.991962974811892995e-02
-5.415261968107942803e-01 6.166166503027558088e-01 -2.576887166121250364e-02
9.701340803026978210e-02 -7.942146197186956691e-01 -2.198008979296786625e-01
-6.929958534886596078e-02 -3.829556479459657603e-01 -5.784292662239615135e-01
2.462282300833716353e-01 -4.422171212702247778e-01 3.280284549732657706e-01
-2.056229503897956667e-01 -2.635738934632199659e-01 -8.919778800875894920e-01
-7.573483986056549488e-01 -5.051164956963748454e-01 -3.845087440802245904e-02
-9.826055351391915771e-02 -7.209233734536529825e-01 -4.335853405847917563e-01
-2.810006932327829138e-02 2.553787009895144844e-01 2.019629005032838875e-01
-7.125271444352651029e-01 -5.240202876189646863e-01 -3.660432313845673469e-01
-2.316319164963634991e-01 2.545999600322267908e-01 4.278888090775259112e-01
9.004277853649754471e-02 -2.348132335391207026e-01 3.492876963967643245e-01
-5.344203183569045112e-01 4.838845642727696017e-01 -2.094472522915706569e-01
4.216559040432186767e-01 -2.625609086877983556e-01 -3.623062375751334163e-01
-1.082665004057278696e-01 -1.692293638686492852e-01 -4.446860324054356384e-01
-2.818399722198481894e-01 5.860481098925581778e-01 -6.194107114529819880e-01
-4.608631624882607580e-01 -6.051893344699401656e-01 6.535171552432826603e-02
-4.944013384654074583e-01 -4.847979414060882286e-01 4.051086283187597115e-01
4.094914804260381680e-01 5.402594338255494177e-01 -4.920412998448796538e-01
-4.773189243531870130e-01 2.871010002838406128e-01 3.112804664195563120e-01
1.025927500165003670e-01 1.657460890518528962e-01 4.280986635860722922e-01
-3.890134911159944253e-01 -4.008879409958608364e-01 -7.895399232433855108e-01
8.197691712926659380e-02 -7.045956066342841106e-01 5.515861023138646235e-01
2.202381861361991933e-01 8.314645386764104584e-01 -2.503065237041890989e-01
-5.878202480966043114e-02 -5.899630010686238712e-01 5.572795684514095793e-01
-4.637513540292435843e-02 6.515645417011829421e-01 3.242128103930080329e-01
-1.791141663343404078e-01 -4.891430248122113911e-01 2.325834496363784476e-01
-7.528720894129409258e-01 -2.704236893390101759e-01 -2.789402305480517819e-01
1.262865767261308302e-02 -5.054670736170141510e-01 -2.218542831476355004e-01
7.919165458763394172e-01 -5.024423632617998070e-01 1.431712273325338181e-01
-1.124354463380126956e-01 5.850720787468328687e-01 -1.092848672354402584e-01
4.409942527071647467e-01 -3.498598713138240113e-01 -5.521515803385544929e-01
-6.400892300639229315e-01 2.048913118310730919e-01 5.168502702444738306e-01
-1.209380419527334161e-01 2.771202381181564478e-01 8.393755557354573571e-02
-8.419590656393288741e-02 -1.839892083922778920e-01 6.628465650179050650e-01
-1.330356254421350692e-01 6.471191213731528613e-01 2.611948984356046721e-01
-1.160916920624971427e-01 -2.767044315374773689e-01 8.377940168399835574e-01
-4.305206154488436798e-01 -1.591679305602834438e-01 7.353661919180254358e-01
-3.116891714304362848e-01 6.665774989467085909e-01 4.955067647531904429e-01
5.068725991773437300e-01 -4.284537305964872811e-01 4.528733672761007245e-01
-2.359180701278361034e-02 -3.884526484096342269e-01 6.784355329596490902e-01
-6.947888575727574345e-01 -4.345024886942696618e-01 -2.960080806322059610e-01
9.679202758645419902e-01 1.508148509462368392e-01 -1.731699722199040448e-01
-3.860649219819136113e-01 -5.997767101264162015e-02 -5.867986836188984201e-01
-3.881276190221907840e-01 4.562097897607673702e-01 1.707209224250148816e-01
5.929866419764338037e-01 8.550016776887878200e-02 7.150044716272317968e-01
-4.227736219010131968e-01 -2.465319134316301120e-01 -5.794830901454766092e-01
-6.039038503529770008e-01 5.085349788705726404e-01 4.796852113413025975e-01
1.253769969248932081e-01 5.593416416421527204e-01 7.293688085618192651e-03
-6.180672859575352396e-01 -1.746807889278366721e-01 -1.608327919517795745e-01
-3.333110539776245052e-01 -5.585609274263568791e-01 2.853577162530726019e-01
1.704296658796157493e-01 -2.684927970559757848e-01 2.715664426672104170e-01
-3.083572906687923054e-01 8.077539276423557624e-01 1.519139954846984719e-01
-2.619855244514924797e-01 -7.385302080471974062e-02 2.185540383955192900e-01
-1.036956447584717195e-01 -7.947384902543885854e-02 6.296311616992561477e-02
5.733783532647148684e-01 1.779463767530826412e-01 2.117477959858835718e-02
-5.286077358174063878e-01 -4.025811305481428320e-02 -2.181460007457750871e-01
-3.389285258496650410e-01 -8.026418212814316888e-01 -4.126469137283100830e-01
-8.893213339326999645e-01 7.265224897481854793e-02 2.199589079297004646e-01
4.052593131343356636e-01 -4.815959768845314848e-01 7.741894189086169220e-01
1.579272729714875645e-01 1.393105787834761078e-01 8.678895502272063744e-01
2.121990556496116398e-01 -1.186493706896527695e-01 3.430036915890129490e-01
1.587822185967731059e-01 4.883269702013179892e-01 2.025553740911192058e-01
-9.590702968586898303e-01 1.635366562521196054e-01 1.054760335168029167e-01
-3.992763167583292527e-01 -4.013813977582377235e-01 2.550354545354472924e-01
-5.366839537856672449e-01 2.025989205776217439e-01 5.130432464056534636e-01
-3.584789389210696342e-01 3.663310510700203415e-01 -2.060456617783483491e-01
-1.241586719759724677e-01 1.280698917877663434e-01 -3.860744603203649095e-01
2.541105952023544612e-01 -8.611490804664536647e-01 -2.282225984630227300e-01
-9.283950932793979538e-01 2.181375645450303880e-01 5.246860665981508548e-02
-5.797968025171343909e-01 -2.508373743024848723e-01 -1.264113926749894923e-01
-4.157418442361262012e-01 5.019947260385487775e-01 6.009366065675049162e-01
3.605042244963106435e-01 7.650619015940743894e-01 3.868714101147689988e-01
-4.704041584023031519e-01 -6.208720847874527049e-01 -3.262128515676623874e-01
5.439630818755092356e-01 3.171474711262390334e-01 -2.660566433006645304e-01
4.424839583490847161e-01 1.982327910389377890e-01 2.798220038691971376e-02
-2.410637929453857686e-01 7.749179506672989604e-01 -4.994620348597916260e-01
4.347052161270440473e-01 1.662605057780038309e-01 6.427127694806654690e-01
-4.002162366749731359e-02 -7.387083916872785316e-01 6.590912620356041973e-01
-1.249872596115678830e-02 -6.138990155743931920e-01 -6.058762840466147548e-01
2.046611605089273533e-01 -7.257852018795142301e-01 -5.328148648309879443e-01
-1.396164825997716630e-01 7.210065289880294992e-03 1.901399635012152034e-01
-3.940810231883716264e-01 1.500225611910178947e-01 -8.996546605973486654e-01
-1.104998201344910141e-01 7.683032282604483898e-01 -3.610773965393211382e-01
-3.701726782442444352e-01 1.417440539504804253e-01 -7.204225302929058161e-01
-3.748861674113394549e-01 -4.922879024897438560e-01 -4.983039209724512975e-01
-1.174637594889547942e-01 -5.952379137880883242e-01 7.762615168985764758e-01
-6.036650608907266902e-01 2.494461767849041889e-01 7.439915308394169369e-01
-2.047886707996296185e-01 2.799475118613113656e-02 -4.282676151020894384e-01
2.732781089378206185e-01 -4.561562870025270278e-01 -2.147376414292787861e-01
2.582661458992416836e-01 6.236355206355466141e-01 1.360716358794708883e-02
4.609255840360679812e-01 2.627131570976222186e-01 5.186380998903065975e-02
1.083491695664195453e-01 -6.629345798358071695e-01 1.024632971355323927e-02
2.649218651013052206e-02 -5.179899448012906804e-01 7.804249903278469569e-01
2.244801998085266814e-01 1.471162828610292905e-01 8.253325287895558748e-01
3.415718553488243381e-01 -7.273045096823753664e-01 2.550483624226875315e-02
3.899286808197012788e-01 -2.097023326031694501e-01 6.953021717013956327e-01
1.323017280442867483e-01 5.636768386547830190e-02 -3.918878573453296599e-01
-1.887242860215196105e-01 5.698166537992379599e-01 4.979137560296473253e-01
-1.330535939528707245e-01 3.501340251501035561e-01 -9.057905379846715732e-01
-4.094433059767103866e-02 8.744213552410569079e-01 4.754765082143843496e-02
6.962548444522275171e-01 -6.716073430454462256e-01 -5.816923184698068183e-02
5.702172140939751888e-01 3.629368037092447347e-02 -2.493180983911321980e-01
-5.689340389554703448e-01 1.689493649895786320e-01 5.615216328789390809e-01
6.692846643820116181e-01 -1.664482308409698519e-01 -3.380094687428247813e-01
-4.034523130477409847e-01 -4.196987680285794164e-01 -3.607225796091124148e-01
-2.884239871534214350e-01 7.990593904747315124e-01 -2.988588368152196861e-01
-1.731513281007760752e-01 -6.909289943861774974e-01 1.146674803514507179e-01
3.246185924510153753e-01 -8.526503195150458847e-02 1.546610507495304043e-01
-2.975289720993929410e-01 1.070758648979810018e-01 4.353495325528770610e-01
1.806265510569687038e-01 -4.995131602377045898e-01 4.672666229638146040e-01
5.703655368613882448e-01 -4.409304086458463723e-01 -5.918920673246486075e-01
-1.855821371353351401e-01 -4.182816351434634483e-02 -2.294273975523325737e-01
2.490493435828778634e-01 2.310305376190490423e-01 -2.499242295551574178e-01
-2.652319223763646150e-01 -4.294994313936751906e-01 5.543584849131675263e-01
-3.222590502746897068e-01 -1.031348286423028338e-01 8.451022983572294978e-01
3.872614678598066407e-01 -3.504637405448917109e-01 7.710881017242555702e-01
1.961010279174843496e-01 1.205543318523892848e-01 -8.873360439210546957e-01
1.619015201326343134e-02 9.381115065392994223e-01 -3.129168038367266536e-01
-8.795490244079807729e-01 -2.480310225352050091e-01 4.030340669024409794e-01
2.627422727417172421e-01 8.136858532833436686e-02 4.635973291016460274e-01
5.609857094982182435e-01 -5.719601990752832821e-01 1.594968313456028575e-01
-2.677324137551044189e-02 3.063115160375560198e-01 -8.402763028714986815e-01
-2.116542300165676904e-01 -1.498816773566313265e-01 8.885892633839730381e-01
-5.499259368900605294e-01 2.214098528198371607e-01 -8.095661748525848078e-02
-5.254947950850700211e-01 -7.227482180129856104e-01 -2.340463527775102914e-01
6.458861408672998961e-01 4.891279970166177438e-01 5.920200100540972538e-02
6.794762797283296907e-01 -1.136820322779621417e-01 2.744377676617558715e-01
-2.850726299800604990e-01 3.163639023499566494e-01 2.599357580350128427e-01
4.053518290450758843e-01 -5.875627572701077606e-01 5.995132479998740438e-01
-7.540753229715588812e-01 2.890632004890189011e-01 -5.092241948934096429e-01
3.828831877920276239e-01 -1.390376987554899635e-01 -3.569816652015379010e-01
8.798147407763488026e-01 9.076765931357985706e-02 2.509116598009768495e-01
-6.143042507170073385e-01 -2.474158357611697112e-01 2.542657948799659229e-01
-7.789060021646633698e-03 4.663933085734965900e-01 -7.076640802971966016e-02
8.092354837522348632e-01 -4.753269753967788724e-01 -4.900782550586382791e-02
-3.719440343214837075e-01 8.746168112684615803e-01 2.926726697123885890e-01
-5.619141417052218174e-02 9.840576242780955107e-01 6.759073870338162815e-02
-5.644299120620708266e-01 -6.827926107358630592e-01 -2.510207582041978358e-01
-6.410959114613504761e-01 6.931980169612017573e-01 -8.317714426354878843e-02
-1.562156875714253434e-01 8.033905184986450676e-01 -2.662486630374013563e-01
-4.432750475808264201e-01 4.266835913954210024e-01 6.440522649078500583e-01
5.796397866693392409e-01 4.188863252849689411e-01 1.940943124323604718e-01
2.847599892347877915e-01 6.561927515906853525e-01 -1.094165182775865414e-01
8.539834362086566877e-01 -2.974437851390445142e-01 -3.713117615193705506e-02
9.693607276869833922e-02 -9.384978213798329527e-01 -1.417555920008057961e-02
5.403462715322906451e-01 6.403079456469049080e-02 2.215536549391253773e-01
1.039619662938918165e-01 -6.297189159364787736e-01 2.341459141815265821e-01
5.864585693868421545e-01 -7.125322360570485181e-01 -8.033433756720256835e-02
5.749085701106309426e-02 3.926608709304680866e-01 -3.237292509070678892e-01
3.560853280735864490e-01 -6.098414738705135729e-01 3.396174359618169825e-01
-1.841050333895439262e-01 5.841502721661840924e-01 -4.340022543529102883e-01
-2.521376353874650866e-01 -1.696638045589358712e-01 -5.356819596300296249e-01
-7.125934050601675507e-01 3.761493397123873428e-01 3.876254267235201834e-01
6.140974722958342236e-01 -5.347328125187115200e-01 -1.075767856120106725e-01
-8.484975854913334725e-01 1.200030017330096233e-01 -9.179023795842747302e-02
9.517785802815259544e-02 -4.884652995351550508e-01 -8.450087554687847335e-01
5.417948316859799718e-01 3.695070753279131731e-02 -6.281421069258632528e-01
2.299206166777837679e-01 -7.274724768056449742e-01 8.464467313310690411e-02
2.289896447765091825e-01 1.839218699738552620e-01 7.338060031350525092e-01
-7.203708425944911342e-01 -2.460891431980829352e-02 6.284104993236188097e-01
-6.855062057316038127e-01 -2.239526094270204506e-02 5.376068762055505879e-01
-4.650388838731078223e-01 -2.563197746777696184e-01 -3.493102226412405642e-01
2.408240812269426545e-01 -6.671255612844623206e-01 -3.822181629456107288e-01
1.850940455771200865e-01 -7.826728988089409755e-01 -4.815085629897661312e-01
2.206922606400261166e-01 2.493669398491261402e-01 1.176821828477879056e-01
-4.426277279976700146e-02 6.503224604372563888e-01 -7.241403163482458272e-01
5.067080183746470734e-01 -6.171487200176042354e-01 -5.097004618890619287e-01
-8.040672040606994253e-01 1.086330640263590830e-01 1.659290978086275514e-01
5.292241357986825490e-01 -4.053087126249330652e-01 4.444112206701457679e-01
2.745307735848154240e-01 2.731751212154039932e-01 4.939837407326876928e-01
-7.247148144866205621e-01 4.871231527883465029e-01 -3.923221385463862010e-01
4.175228360072558847e-02 7.528772054636660715e-02 6.315734893833932495e-02
8.994999940051612297e-02 -1.455004481764681779e-01 -2.376779924462034121e-01
-1.933282822196907003e-01 1.788423459765041412e-01 9.375669827338338758e-01
-3.513212890840157754e-01 3.789064702511985017e-01 -7.382918615890847747e-01
-5.234618015236926214e-02 7.738467143434879514e-01 3.458796743556315501e-01
4.632517098146943790e-01 -6.758985514694458852e-01 -2.051810187173769007e-01
1.005005438434840165e-01 -8.278924013121898018e-02 7.488743782510167701e-01
9.483478313762713219e-01 -2.126597963717242190e-01 6.039700771235892440e-02
7.913429728697884968e-01 3.083820411990156884e-01 -4.022968405212615783e-01
-1.444380202360641685e-01 8.285807530534908816e-01 -2.477857751613344872e-01
4.809479009071668809e-01 1.743318015138883292e-01 -7.277368324822357515e-01
-5.498110818415846701e-01 -7.470887040052778816e-02 7.879978467031435452e-01
-4.497836804293736113e-01 -5.868345830406291874e-01 -4.332274038770420610e-01
-1.239043735418847575e-01 4.987273733204292125e-01 -9.159417968953476041e-02
6.903038364943604455e-01 -3.177705485200683078e-01 5.428277053097551041e-01
-6.626864256816948628e-02 2.716935348795018051e-02 6.649036490881465866e-01
-1.609460371656640798e-01 -7.017405828615410623e-01 -3.293998450709793857e-02
1.582814525924201576e-01 1.205150213365811102e-01 -9.148690581763185836e-01
2.551972963685319451e-01 -8.783221448811986409e-01 -3.950886210335967097e-01
5.379094719047569084e-01 3.114215930949575384e-01 -3.463172064652980109e-01
-1.191144634851652867e-01 -1.687628497431995223e-01 5.380515809391034354e-01
8.491088519187620642e-01 -1.144638390357986257e-01 4.649073201556844781e-01
2.906226021093687439e-01 -8.604408415402009513e-01 -1.436566370201560194e-01
3.601682995980025059e-01 3.215356639091088709e-01 -8.686168604760899914e-01
-1.343839911930851116e-01 -1.171874741832931860e-01 6.536113076312506376e-01
1.591153562105306063e-01 -8.226017245672732903e-02 -4.222245587737348260e-01
7.774300547270587836e-02 1.859046639527605904e-01 1.581516699585629460e-01
-6.504485937709597598e-01 -9.922880856502383495e-02 -1.341860364500371272e-01
5.719892383039383299e-01 3.755077463166253682e-01 6.142826185185000787e-01
-1.136843471075060369e-01 2.519788650955382958e-01 -4.887679454014535185e-01
2.708401194139972157e-01 5.615006942145570612e-01 2.372119791102402786e-01
1.025789387793395041e-01 -3.875902849852944088e-01 -8.532349320121044300e-01
5.124951217476321208e-01 -5.466540217419534331e-01 4.840355653914666934e-01
-4.261111531179346268e-01 3.031494652601112172e-01 -4.347699208352401312e-01
1.552048320218297750e-01 -7.388222942756005329e-01 3.501232386067995583e-01
1.902969074355032042e-01 -3.279904773560861631e-01 -1.490047601056401771e-01
4.462968807024970674e-01 7.081598183723022411e-01 -1.074112446067876925e-01
-7.244069613708536970e-01 -2.937738724953733449e-01 -1.099008843339934621e-01
-4.278645882775125031e-01 6.540444836069766454e-01 -4.147231899202771244e-01
-2.355507112259231511e-02 4.879603812836882937e-01 4.797857825733719550e-01
-1.481217636995635634e-01 5.889305468989681769e-01 -1.551747313553829555e-01
7.062454971064436871e-01 1.393381798997386511e-01 -5.202233551110699294e-02
6.981019026955274098e-01 -1.349823468773746760e-01 -3.436728739105437969e-01
-8.690328654973017430e-01 -4.101140158769947530e-01 -1.424952069425960699e-01
-2.053984196722802580e-01 -3.412351244439725262e-01 7.986202750761989266e-01
5.826312549498946503e-01 -4.165215456837886854e-01 -5.542531670586162695e-01
1.592632013119103795e-01 -4.996552604908320316e-01 1.419536704729952407e-02
9.351934257369871883e-02 -6.868068037509137413e-01 1.977971859720034364e-01
7.150336981031040207e-01 -1.670420663750470658e-01 -3.694212243043333288e-01
-3.137681757089604284e-01 3.290108904792801714e-01 6.445683122623984129e-01
-8.707751998331592080e-01 4.386309803166623111e-01 -5.160099868854137184e-02
-3.863284141841974995e-01 1.181532146847155129e-01 -4.745245427621064271e-01
3.173626781250225015e-01 -4.801130040059256032e-01 -5.218324067657937881e-01
3.683606777472457905e-01 2.222270608607937736e-01 -8.340824304249082610e-01
-5.782466208766241095e-02 -4.825178352846531959e-01 -5.385984782328151477e-01
-5.128395708321842328e-01 3.068269313454458636e-01 -2.169397063643900281e-01
7.732539045852336868e-01 -3.747187127308891363e-01 5.338779175456299236e-02
-3.084071559397096735e-02 -7.758415891534357067e-01 3.223543017549969636e-01
7.536412322410140918e-01 -4.115999989900133160e-01 4.078817648132359837e-04
-5.623972441059618133e-01 -6.523712796857322749e-01 4.426637840555607273e-01
-1.542987968252306497e-01 -4.702364266651760660e-01 -5.304483984909994509e-01
-2.879891116404773577e-01 2.138218641876324377e-01 4.820174640951564449e-01
2.819463142611950413e-01 8.496356335253396619e-01 -1.576130999199825411e-01
-7.102974839674621732e-01 -5.165135906302846802e-01 2.781973164130863707e-01
-3.784432460770217332e-01 7.500386331585644495e-01 -6.362777339570624413e-02
9.066965293489116506e-01 -2.054697605396918758e-01 1.413450411640765625e-01
-5.033606179693398408e-01 2.529203116373650029e-01 6.109049650374118734e-01
4.252303199040169956e-01 5.172216876947324238e-01 2.572372076965210863e-01
-4.594582327624155971e-01 2.632896800359131873e-01 -1.812186932340685563e-01
-1.583191904784858606e-02 -2.059379679214373982e-01 -7.941557406953184683e-01
-2.044004518076841248e-01 2.741382734410569011e-01 5.036947000707782118e-01
2.045259136821431234e-01 -6.697295444795450248e-01 -4.002513380686519850e-01
2.691900679892161308e-01 1.964210110243500840e-01 -6.430157794728222909e-01
1.903575650029817046e-01 -4.327076548965738678e-01 8.092965567684170525e-01
-5.418384938088551817e-01 -1.861373062336148521e-01 4.076022727781132837e-01
-5.765550079581499565e-01 -2.482906792101098881e-01 -7.453237962899512681e-01
-1.336268275214845536e-01 6.496358068181819212e-02 8.230078881560780601e-01
3.365598286137307382e-01 -7.003524676732333920e-02 -9.358485473804571964e-01
3.444018194444616876e-01 -2.255361611207648831e-01 6.749288921160713217e-01
-3.798518655090123430e-01 4.378127638803530064e-01 -1.201861173913637837e-01
6.413681185576552979e-01 2.312462689221962131e-01 -1.101745174499848823e-01
-7.568725714325327258e-01 5.405916511324998508e-01 -3.006876041901798691e-01
6.172537759699999738e-01 1.187102737453975265e-01 2.864470292674656804e-01
-5.139051672454434394e-01 4.072271065304005483e-02 -1.181508055007579328e-01
3.432707627211686319e-01 -7.339275458948474329e-01 4.403420430755596304e-01
6.703200592027781513e-01 -2.184682741507073256e-01 1.006907334867374743e-01
-3.312571747949898393e-01 -3.899082827135189055e-01 -7.851835359127529168e-01
-6.539646812220355487e-01 3.647757064440301233e-01 -1.854060029028187229e-01
-3.928594077560260134e-01 3.703479000451317948e-01 -2.826243064097992974e-01
-2.078155113535891108e-01 -6.833489947873617743e-01 1.072988081402087429e-01
-2.068199933227576615e-01 -5.253395077386023848e-01 2.216748452910035083e-01
-7.103633432700383610e-01 5.412659241790701570e-01 -2.917393018156592688e-01
8.149000643185190518e-02 2.668998277515810535e-01 -4.957046552854760813e-01
-3.899314307606062124e-01 -6.695641663724779535e-01 -1.338066273167574753e-02
-3.967810244414705645e-01 3.645831985069801773e-01 6.276033126569176279e-02
9.181991784237896193e-01 -2.778832127731161172e-01 -2.690900319676862995e-02
-1.581214050218331946e-01 -4.150613428816170569e-01 -2.692962636531204823e-01
-1.739954398517935263e-01 3.762729493809854886e-01 -4.562902133441814057e-01
6.606834043696715453e-01 6.298854479497852932e-01 -2.569569325578402452e-01
2.007311217526110692e-01 7.832814676503169204e-01 -3.871224139634019679e-01
-6.963264667729692770e-01 -2.341380978551275693e-01 4.206401180490224601e-01
8.319111782409385758e-02 7.616079869912906197e-01 5.835339277882617415e-02
4.762923753820895167e-01 -2.114886206588764972e-01 2.530643726638416302e-01
-1.157952752993063605e-01 7.298402312403469150e-01 1.479043467419350888e-01
-1.244594175947090070e-01 8.264338175816225707e-02 9.359105494839944361e-01
4.322834848208605973e-01 -5.495277130633739043e-02 -2.495313020066140253e-01
-1.447783566404260980e-01 -9.384692389440246751e-01 3.130171136938395549e-01
-4.523930657652440734e-01 -2.875584916838727634e-01 6.519769052966444267e-01
-3.000783089936636117e-01 -6.249894526117244498e-01 2.825082499346142084e-01
-2.154857937046249505e-01 -7.037897417057089600e-01 2.654200540069279191e-01
-1.362458349603965224e-01 -5.639941715141999490e-01 -6.453034305758771350e-01
-4.107687138206160271e-01 6.896675332146077197e-01 -3.027687345598703006e-01
-7.602267486672913133e-02 3.361802210564872051e-01 -7.283284887112378980e-01
5.309720560102473286e-01 6.768842964761362380e-01 -4.075241570196883045e-01
4.252359544097024657e-01 -7.267539156518872945e-01 4.276805928562359971e-01
1.126515818427578225e-01 -3.172211950382854417e-01 5.330613780979991390e-01
2.031486499044413141e-01 -2.018683155472365265e-01 5.929696920244694747e-01
4.505458713186578229e-02 -4.592069548920137967e-01 -1.761261114366342306e-01
6.028789730721717532e-01 6.471548177864210327e-01 1.943897585100148317e-01
-1.354573924015816111e-01 -5.549883857206129312e-01 3.256003698625231646e-01
7.350070922222168290e-01 -2.183902816337379982e-01 -2.112619556307929192e-01
1.397388601705432283e-03 3.021142495266735395e-01 -4.899287268493036640e-01
3.420994354490504152e-01 -1.795037974840706652e-01 1.490134089545493701e-01
7.984426511587469077e-01 -8.755059967756143036e-02 -1.792346960641483938e-02
-4.029845166304835136e-01 5.033681714875660740e-01 3.307930242099259011e-01
-8.552804411979476606e-01 -1.519160530440691048e-01 4.038145539545102691e-01
-8.048572052881348970e-02 4.707429986354013107e-01 3.925527801335690903e-01
8.047137385705943613e-01 4.083234970426774524e-01 3.236650814191251446e-01
-3.549254747972671042e-01 3.439389105291252302e-01 -1.730847338832196269e-01
-5.614452966762533137e-01 2.825340122416162836e-01 -4.004125317101316361e-01
5.359207833964744344e-02 4.465654907565501097e-01 -4.041797198513403244e-01
3.194534847725104543e-01 4.628869788576631117e-01 6.042463632880640256e-01
1.930407582240150355e-01 3.594842337414517197e-01 -5.947278969012093075e-01
6.722050596057245198e-01 3.335190812193340459e-01 2.583399137820022520e-02
4.155294324478290280e-01 -1.938861090624334205e-01 -4.726254039117559480e-01
3.301595333053337633e-01 7.397488400165801448e-01 3.990230557687033941e-01
-5.490685387140660234e-01 -4.137815597363479481e-01 -3.345023556619513005e-01
3.652237888203598293e-01 2.320729935839485891e-01 3.892233051006618871e-01
-4.083181542793180852e-02 -3.834970939328661340e-03 7.445720599818735908e-01
-2.435261727696738931e-01 -8.308006622961532361e-01 -3.085509057444488223e-01
8.367457298699843005e-02 -7.175390477086672769e-01 2.720225144521867811e-01
-9.600288614152502342e-02 6.542977306743940069e-01 -4.867148851468731663e-01
2.563374136367262413e-01 -7.460907286768600488e-02 -9.162414315319195035e-01
-1.245942093558489588e-01 3.426875745322479072e-01 3.661820364451826015e-01
4.027519205251700041e-01 -4.390792783099493612e-01 2.575669638675038842e-01
5.848619330469662092e-01 1.709966732018513569e-01 6.713275029238910951e-01
-7.459793671522582104e-01 4.192281507230623538e-01 5.567518952390743819e-02
-7.422772030064884730e-01 -2.124257474774703391e-01 -3.172856053236313145e-01
-2.300357538465134521e-01 2.123015804709603160e-01 3.944581878316449908e-01
-3.033327448584065555e-01 6.513386490287585984e-01 4.634641553465987940e-01
-1.177056668012921997e-01 8.844666900854961655e-01 -8.448634444156666312e-02
2.504267803667692971e-01 2.720482243462026273e-01 -4.652351537532148917e-01
-5.751637467582093599e-01 -7.233717815902074300e-01 -6.648550489728943802e-02
-7.978988235951159913e-01 -4.535317020520570064e-01 -4.885459792308120830e-02
5.763083503116811501e-01 2.876294075217513679e-01 7.087051018394323609e-01
-6.539305182431849328e-01 5.448762160972667745e-01 -1.760924744601244096e-01
-5.507130440156650097e-01 -2.804412636896768118e-01 -4.810502171872099164e-01
-4.565315137690869607e-01 -7.880731161169138854e-01 -3.627612258406074930e-01
1.949267102855641032e-01 6.672575025218256961e-01 -2.130471339562176047e-02
3.205536322620856637e-01 -5.310937775580711895e-01 9.936565636968999748e-03
-2.017114598178525176e-01 6.793503385606218803e-01 -2.127322938388575280e-01
-2.127583802458260787e-01 -5.304944319000143294e-02 -3.558161821831298255e-01
3.363409281604833323e-01 -5.052401890899774761e-01 -5.597195245333490554e-01
4.791201931920341939e-01 -1.966351086331447895e-01 2.083235331821409742e-01
1.266444883556647749e-01 -3.813702261309834252e-01 5.111900253313487186e-01
-7.391994536708886843e-01 3.689444451294742744e-01 4.814788028069474368e-01
4.234331605086654182e-01 1.140559193558063622e-01 -5.782227102560713039e-01
-2.173171092669234084e-01 2.253231720379187397e-01 6.265481588728492035e-01
4.774298488469073676e-01 -3.082994840565132511e-01 -7.292872439684982000e-01
-1.859170516175588650e-01 -5.189530338358573358e-01 -3.140316395685609496e-01
4.722595051140284772e-01 3.463284817338146970e-01 2.284417742834462736e-03
-6.903724098964847400e-01 -2.980528000771454078e-01 -3.072544009736734028e-01
6.462714726015843514e-01 -5.301573641682599813e-01 1.276373106813985803e-01
-7.726958426697534410e-01 2.693143317704614348e-01 3.754875442496684590e-01
1.014805402466882334e-01 -6.707888618053092777e-01 8.243192321834175162e-02
-3.437510684092837110e-02 5.739513888662224339e-01 -1.237290140117238424e-01
3.476953105236749719e-01 5.344436065386665158e-01 -3.113994013863730648e-01
7.313023227514441338e-01 4.929537748794393659e-01 -3.723341037606816006e-01
-2.976678325231645050e-02 -2.430593598740221351e-01 3.564068053810281467e-01
2.019011301432061811e-01 -4.494308897674822445e-01 -6.872866925492034929e-01
-4.653282325150093213e-01 1.527784803300807626e-01 3.567404215370078013e-01
7.679802160577486880e-02 5.303945792445347029e-01 -6.289545610570753675e-01
4.757889432368835325e-01 -4.037989139145039541e-01 2.528042907013939855e-01
4.371466827442617165e-01 3.954521235265360812e-01 4.606282525292908492e-01
-3.707098305399988275e-02 7.935048979111365419e-01 -4.592934869002004983e-01
-7.723998258771929137e-01 4.003254191361714787e-01 -1.324551598829958043e-01
8.993558535362840001e-01 3.220990896734340359e-01 -1.090120490003983478e-01
7.850739277254789039e-01 -1.614453562197997599e-02 3.503433169933157787e-01
5.335472735647255327e-01 5.123101795586626483e-01 -4.160736172078251527e-01
7.511560164634701886e-01 3.241930667666349519e-01 2.616706887716656604e-01
1.399652628916522312e-01 -3.849734145910708727e-01 2.514895541212388563e-01
1.037871279341174569e-01 5.512313333370411073e-01 7.777961733493276020e-01
7.283229476839956362e-01 -2.072322820378314778e-01 -2.107026506921751974e-01
1.862441314646625656e-01 1.175978701356906152e-02 -7.037463066860956129e-01
-8.025945793212484192e-02 6.151170929765953366e-01 1.162976511735170325e-02
-2.442069804395225474e-01 -9.485924852294537191e-01 -3.320658478841211764e-02
-3.513132871618823705e-01 2.922322612340654824e-01 1.251790982833059507e-01
5.963239553890140598e-01 7.270580800204726191e-02 1.939577911508184593e-01
-2.650731263783470126e-01 -8.180404654664749087e-01 -3.752895039970567392e-01
6.364932013123329041e-03 2.760471102046255787e-01 6.379899365626132690e-01
-2.959265748043116151e-01 -5.540729333577937288e-01 2.443161520753088789e-01
-3.440428498674075186e-01 -4.871405852260343554e-03 5.952526781594894567e-01
-5.563192852612209860e-01 -1.992543396515116250e-01 6.261440859834962458e-01
9.679869603670657185e-02 3.476590962714434796e-01 8.042576968206194277e-01
-8.397669277273601685e-01 -2.861332672286956980e-01 4.098751347076730056e-01
4.236135331582491781e-01 5.288454197485296104e-01 -6.409214636289410905e-01
6.106315407477961310e-01 3.752395451712901564e-01 -5.639197102500302927e-01
2.090427991321320844e-01 -7.344463972521544370e-01 6.005162803606143296e-01
1.116352707098321601e-01 -6.837492964174887722e-02 1.505911243067324136e-02
4.308912254388900798e-01 3.448610840953679046e-03 -3.685766374743408846e-01
-5.149027698143727738e-01 -4.865396222068666399e-01 4.706649216255686108e-01
8.119446598502859658e-01 -1.799574466972557185e-01 3.381646888546595564e-01
6.266430936719272760e-01 5.415337837472032900e-01 3.696916274912014772e-02
-4.742153925551448324e-01 -2.619024720608694179e-01 6.341913871061662933e-01
3.173542720221060320e-01 7.392944825094517336e-01 -6.059115110269595178e-02
4.057816980954940256e-01 -2.549377275861813286e-01 1.849952762234237935e-01
-9.945270537917577647e-02 -4.711746215680633343e-01 -4.763331974342464026e-01
2.815063626379775141e-01 7.512034836243874913e-02 -6.648455331297833393e-01
-7.891493826720532567e-01 -7.887443456246523432e-02 -3.237142970085225002e-01
-1.788874958293114326e-01 8.474920416214247743e-01 -3.193770042865254899e-01
4.863127462848541582e-01 -3.156668434048051086e-01 -7.327923441535745264e-01
6.271386415802394643e-01 -7.324049229284032014e-01 -9.230735865829146902e-02
6.687192251367838347e-01 -2.886724193167232097e-02 1.914171020416110744e-02
-2.147949124123502973e-01 -5.245922586223959738e-02 3.485691219344470571e-01
-9.706731095042117619e-02 1.616523143727244261e-01 2.506027625297440609e-01
2.100427581176078917e-01 2.875701145603485887e-01 5.447394857524440193e-01
-8.094954164592540469e-01 4.165728376003428046e-01 -2.052009281932794804e-01
2.213805516266646733e-01 4.259853216911061446e-01 -1.838182392355947326e-01
3.668448746510622784e-03 9.423741569438321974e-01 6.054436632807688734e-02
7.363567981379885719e-02 1.794453764273672147e-01 -9.755828712638829892e-01
-2.656713995548606322e-01 5.200177785666895147e-01 -1.768633892387676959e-02
-2.534329658669024488e-01 3.370714301475804531e-01 -6.029447864795074441e-01
-1.567165066122431782e-01 1.997584230251998605e-01 8.542467809277859425e-01
8.968625966446493181e-02 -6.800670269533773959e-01 7.163675478195156154e-01
5.557950887275286966e-01 -1.014742273395184413e-01 -1.491064856947714734e-01
-8.317087753934082617e-02 -2.334622517887947890e-01 -7.413305817336386383e-01
7.973659308816664071e-01 1.378225439548514120e-01 -1.176265797670640184e-01
-6.837113242206636077e-01 2.151008188242298225e-01 -5.748351511434943717e-01
-1.043041314345547615e-01 3.998867306553213208e-01 -7.945635791136250736e-01
-4.274208036346630601e-01 -3.810977385000893225e-01 2.306964160614985160e-01
-2.654051222160475759e-02 6.365039838622654766e-01 -2.658093674577082233e-01
8.702210135837706861e-02 -7.933580074417154737e-01 9.975065534687663910e-03
9.042306750158248807e-01 9.742582996622274616e-02 2.125210964681703008e-01
-1.826175759641183727e-01 1.445416441518611317e-01 2.263671527238684811e-01
-3.780618802864962880e-01 3.095536236761453064e-01 8.051313022814251541e-01
-2.379867867342672083e-01 4.126547861267707007e-01 7.535162566878104151e-01
-2.231338856862926934e-01 7.562654663982113501e-01 5.609965793458022709e-01
3.617651258974257100e-01 6.562883656188650550e-01 3.929793532750199686e-02
-1.089635769662217202e-01 -2.788885026253117294e-01 4.493974739328167045e-01
-6.593845543184823077e-01 -7.816325025892374712e-02 6.672557734425271780e-01
3.188039870926657748e-01 -1.698615126832654920e-01 -6.083867705719376850e-01
-3.958957675142136812e-01 -4.842785284874117635e-01 5.432113489903106496e-01
-2.983080406901932879e-01 -5.947509879303836122e-01 5.090877713028061358e-01
5.603364500514036450e-01 -6.418565459299578890e-01 -2.032085012601908824e-01
2.487562589776649846e-01 3.667723169959734575e-01 -8.281754699482526405e-01
-1.725899876320789728e-01 -5.147382742728339178e-01 -2.220120529485089880e-02
-5.588688233366626568e-01 6.205424988535768183e-01 -1.073719345633344646e-01
5.347637085793561368e-02 -1.062669942851861282e-01 -7.053469098880915666e-01
5.706066168963530583e-01 6.593553751492134962e-01 1.246676349662858008e-01
-1.068590214499820917e-01 -7.546151346976129881e-01 -2.909902228363719368e-01
-6.305476764061394013e-01 -1.768413418525902336e-01 -7.551324601626682176e-01
-5.688685866339067143e-01 7.431246098218109442e-01 2.851663040910857871e-01
-4.934081385083008420e-01 2.944191508329590534e-01 -3.511816849221624515e-01
6.526405857306857294e-01 -8.393916699304319884e-02 -1.497010363795954480e-01
2.927827102108663745e-02 1.235911914728252681e-01 9.257468100672932021e-01
-1.678438047286131829e-01 5.760273120125712909e-01 -1.619964368559011769e-01
-4.655218879655795838e-01 2.100904217548929254e-01 3.939634697194118185e-01
-3.924505735571850833e-03 -2.522245490263402834e-01 -3.079977100634571086e-01
2.789217427300562102e-01 -6.988373093968709426e-01 -3.315880911881512461e-01
9.060405174363918013e-01 -7.964013446179402100e-02 -3.797835699320426528e-01
7.101505315989211642e-01 -1.192662411828043362e-01 -6.539318265042948219e-02
9.618244632982589359e-02 -4.061783596633790627e-01 1.259021635214995494e-01
-2.307822177660162899e-01 -3.323647370273038471e-01 2.470523127732381363e-01
-3.741354760797320211e-01 -2.406270318457971041e-02 3.523583016207919028e-01
-8.834098182239491504e-01 -2.603258772918527475e-01 -3.621166154919330249e-01
2.033756812362021993e-01 3.120190118694520301e-02 -3.773947848156316565e-01
3.024909191780504880e-01 -6.581610961138604221e-01 1.264007920893958359e-01
9.150217598887154802e-01 1.676991685910236285e-01 2.618606811366994691e-01
-2.590939346074574434e-01 -1.569135974749014117e-01 -4.333262153435467612e-01
5.009265626821560735e-01 -3.611721083120560394e-01 4.073899125431911239e-01
-1.214430323238198037e-02 -8.120805049558156574e-02 6.881899783622318356e-01
-4.709347760465810995e-02 9.838222255311586117e-01 4.410199841249728969e-02
-3.248445708688235123e-01 3.746023747320489372e-01 -1.801885849391995920e-01
6.040236485711451137e-03 -1.215042134403847979e-01 -8.411488213932161173e-01
4.058232408450546669e-01 3.729872260522292260e-01 -4.162805942321809449e-01
5.328266053128098978e-01 7.234250655654552720e-01 1.871031868042130342e-01
-2.388897213426180999e-01 -3.065460852076385412e-01 -1.251513130205429147e-01
6.079243463518901880e-01 3.577128044530963336e-01 -5.965569582889447275e-01
2.706662369779065935e-01 -3.135917036080245190e-01 -2.325371476311129393e-01
1.757728814601912937e-01 1.066971424967583654e-01 5.508932441503791022e-01
4.168566601145923256e-01 4.741679980256807148e-01 -2.231987346251235529e-02
1.934038567834271694e-01 7.290332708004996221e-01 -2.092774543104737039e-01
6.337930404203571122e-01 1.347732151023280645e-01 6.802640978885647893e-01
4.888090177677407167e-01 3.505486509697487429e-01 6.839901859845132215e-01
1.875733854488846886e-01 5.922866658554404307e-01 -3.699950864239457404e-01
-1.151639338415878649e-01 -6.581555023860662379e-01 -4.908209715695271980e-01
-7.278685674240605030e-02 -5.022226779174538969e-01 6.909786012540943823e-01
-1.147088265806858048e-01 4.942084456214878574e-01 4.947605060802382493e-01
7.835597287796789434e-01 -1.566178624164774047e-01 -4.626271830736066182e-01
-5.301266677241618375e-01 -3.708017281615763050e-01 -6.118811210879410156e-01
-4.988377407265928154e-01 3.984064944410184439e-01 2.449487043054059121e-01
-1.035937837179966847e-01 1.867348263613691217e-01 3.489147757370769654e-01
2.618940751437136005e-01 -5.901292822180486120e-01 4.717866388578567105e-01
1.570797029851246918e-01 -5.270701514663665987e-01 1.991172022448614576e-01
-9.767671392069944558e-02 6.565514605878426391e-01 5.252005561269559308e-01
4.607621976098379424e-01 -7.992424374164331935e-01 -2.593855104452795213e-01
-6.795781656495405443e-01 3.527918842112795494e-01 2.208466758635262428e-01
-4.262031055396348078e-01 -4.686815643455657238e-02 -6.096422186096225326e-01
6.599797443812736031e-01 4.322176029289134802e-01 -1.716291305579205895e-01
-1.576151469028609087e-01 -4.070674741509939798e-01 5.297054841300085082e-01
-1.193349482628315861e-01 -4.350602550600262131e-01 -7.653696411919792553e-01
-2.396891614208962740e-01 2.289893253249973837e-01 8.941949979621004463e-01
-6.010860868417903374e-02 9.704593465384036000e-01 1.267853719346148655e-01
-3.956460008267539408e-01 -1.257028693971547727e-02 -1.761724327286398328e-01
1.699678289634753148e-01 -7.067893400533171722e-01 1.733266425377806286e-01
6.480390242933673495e-01 -3.911898419508076374e-01 4.630354178197322867e-01
-4.465128277525436118e-02 -1.482829564138092304e-01 9.848412307092762052e-01
4.395298269008493519e-01 2.093575640454844178e-01 -5.489772772193050182e-02
-3.579432033101968003e-01 3.735408106089386227e-01 -8.768973831738412217e-02
-6.063797350243074202e-01 1.930275223051702849e-01 4.726040256716873000e-01
-1.276479721436943049e-01 5.885240812508018005e-01 -6.190928913827824509e-01
1.518179005105164681e-01 -1.039128703861925268e-01 9.116987205322611976e-01
3.588480076200922242e-01 2.671929858546086001e-01 6.554732745893974144e-01
4.258858374691822796e-02 -5.933379099562311465e-01 -7.760031794911038672e-01
6.835396531225667038e-01 -1.107503424002571207e-01 -2.986606787878677283e-01
6.975808639336193995e-01 2.472187295731596290e-01 -3.438735569722654040e-01
-4.569224104379304707e-02 4.418096769213825104e-01 -2.510596334974721233e-01
3.865999921959082375e-01 2.673443108270580695e-02 3.870292089197174268e-01
6.439998763707599494e-01 4.489244376560241334e-01 6.102172935562256706e-01
1.440658755115661049e-01 1.048981412169339295e-01 6.156711549400236683e-01
-6.369163742994758681e-02 3.659910742813606843e-01 2.538680184747488244e-02
-1.305294512867617440e-01 -6.928774135447837712e-02 -1.844583263405357929e-02
3.480879026092113526e-01 -2.714773684451189939e-01 3.872706549113936747e-01
-6.263722076546009987e-01 -3.894471136033870740e-01 4.841314647956720396e-01
-3.549942385053622140e-01 3.361987082166379426e-01 -6.390021953828153300e-01
8.315835911156679305e-01 2.375301919502297576e-01 3.797721024442469728e-01
-8.433274631856498837e-01 -1.169286153813603457e-01 -8.391152001481665731e-04
2.735296487958955303e-01 -1.575787678037468206e-02 -8.334422380026298427e-01
-2.535099903358047913e-01 -9.249156732806736170e-02 5.360158897856276417e-01
6.108802432730728871e-01 5.235791432568798198e-01 -5.484150495298738548e-01
-6.490353891095701488e-01 1.845397198881542355e-01 -8.944790127566913662e-02
2.815059952223806783e-01 3.912116142356303339e-01 -4.773069979684502195e-01
-7.542655951779904389e-02 5.824687101868943895e-01 7.165122947467745806e-01
6.190704384861401843e-01 4.833838228010406413e-02 -4.468067194164395683e-01
-2.198003768590046647e-01 -4.487767359162962433e-01 -2.278814865996955652e-01
-2.991708352944214555e-01 3.959028040697936679e-01 -5.441706128665954045e-01
-8.574621105842515911e-01 -2.194184496579724974e-02 4.117558244847454585e-01
-7.175691894963428519e-01 6.072842236141957617e-01 -2.057480764561291364e-01
-5.513989467533110256e-01 2.427294121391559700e-01 4.724211304555142044e-01
2.867189392530973824e-01 -2.238701437148228265e-03 2.064837650981365957e-01
2.259632606222867698e-02 -2.936579960531196520e-01 -6.169131762366240196e-02
4.692977893603422768e-01 7.299006593806237619e-01 3.421829969586546727e-01
-2.659109659611038068e-01 -6.751790440912628366e-01 -4.510766123463004207e-01
2.332451653640887357e-01 -9.401237155054934513e-01 -1.485855386055375538e-01
8.373557296957007123e-01 -5.680876951543720882e-02 4.737459906737283011e-01
-3.065720073344210261e-01 -2.928828440524451904e-01 -8.205734055449166731e-02
-6.232340923713268754e-01 2.440687096305152737e-01 -3.873165910913001775e-01
4.065327003795385363e-01 4.887583376365933208e-01 -6.505718617816217408e-01
-8.049866373735090619e-01 -2.492479739599112731e-01 -5.092067226121896883e-01
-2.351918304893122480e-01 3.585745572151433636e-01 -2.649296528696742578e-02
8.091759998470077209e-02 -2.853727573498995862e-01 -3.085360064890551451e-02
-4.826520155502394549e-01 -4.839195928617452680e-02 -2.192229171347043482e-01
2.873327531664496282e-01 -2.179015925357657701e-01 -4.381801469798634469e-02
8.374037055286360776e-01 5.041065491229804879e-02 1.186476570834259503e-01
-1.955798284754636795e-01 -2.021243108238313657e-01 -5.261933331276109627e-01
5.034160933114574243e-01 -2.883028535167218021e-01 1.811109678746912199e-01
-3.790622889324876121e-01 2.522969045548683620e-01 1.269644206014094445e-01
-5.875360389347936696e-01 -2.424991898105673949e-01 6.125026522793026729e-01
7.369061231985923888e-01 2.394934277620428265e-01 6.288287191079848792e-01
-1.057714615315368395e-01 6.647480581423345081e-01 4.898265103343621418e-01
1.813162257639218053e-02 -4.326978865411075792e-01 -2.501750603418318591e-02
5.333653610478704676e-01 6.467133737960850670e-02 2.730056598633809339e-01
5.661006288346287496e-01 1.499534862404645619e-01 -7.290640669404369056e-01
-1.630522766666611112e-01 9.745586816546468745e-01 1.292393302522115983e-01
1.456466800229851422e-01 -5.667420286331529278e-01 4.131489754196990272e-01
-8.373580571880404055e-02 1.338774241540582055e-01 2.404807589559777026e-01
5.393060999499384167e-02 -5.581484305460885365e-01 6.524586099384234172e-01
1.548244107092349997e-01 4.341362991311063513e-01 5.875278126590282035e-01
3.944903938174415536e-01 1.992604088403539253e-01 -6.331985264691939452e-01
6.671789248192907529e-01 3.469427953774072426e-01 -2.319911136097705939e-01
6.288499566809505614e-01 -2.191794639393775113e-01 1.658876785790893427e-01
-4.068210616232728616e-01 8.921503540555532075e-01 -1.034831798769961508e-01
2.042452799756325488e-01 5.799780891930728099e-01 2.687478990322174077e-01
-6.332444148682260243e-01 -8.401133749220213165e-02 -5.962197980623204496e-02
-4.356049611435833802e-01 -7.569138458093722932e-02 6.962410242822496542e-01
7.334519447765597278e-01 -6.544075244434088834e-01 1.324415703560567481e-01
-6.990167829059072968e-01 -1.318638977308096705e-01 3.724091640696692296e-01
5.448129535239660814e-01 -4.594705852945265429e-02 -7.090761498121707085e-01
-6.194613026333226635e-01 1.644156042187610300e-01 5.249352167654049162e-02
-1.307717424478085089e-01 3.277845381892334764e-01 -3.333818356790781978e-01
3.677443624887474227e-01 5.406983739697285296e-01 -3.595036994943365261e-01
1.397477598186341596e-01 -1.138683387578019873e-01 -7.216866838201799195e-02
1.004656126086661688e-01 -5.101806820784208218e-01 -9.173649052301492430e-05
5.733653235378664004e-01 3.248839568595635607e-01 5.528213763036432526e-01
-4.854822575290076436e-01 -5.023188023911592248e-01 7.152202451995441912e-01
6.410317671098145383e-03 9.594894684931822848e-01 -2.146111579101211697e-01
-9.483471494822652559e-02 4.536975305841380313e-01 5.043627588669592487e-01
-6.292474636476987904e-01 6.792887058675810795e-04 -6.213516455165331298e-02
6.781220487577180878e-01 -6.846350838998459254e-02 -5.450332397498263148e-01
-3.409179772738149539e-01 -5.151755421661344814e-01 -6.831235896158233123e-01
1.379713381571815722e-01 -6.162822044408126088e-01 1.710650202181361323e-01
4.801497724362068648e-02 6.652053711438781214e-01 5.589167077601021605e-01
-6.296045458678957152e-01 -7.148651476206641098e-02 7.536972511323001278e-01
-1.814494371230484515e-01 -4.799596537089776960e-01 -2.483787475731808192e-01
-7.561529950491389096e-01 -4.177324619593306698e-01 -9.425585129016879338e-02
7.823363105744383927e-02 -2.910569220619387276e-01 5.524281471302650015e-01
4.074680356128492775e-01 4.193153860367232477e-01 7.413624324453733649e-01
4.178072428602868649e-01 -3.289639991738405600e-01 -2.194949607923446511e-02
-2.763456223736762696e-01 4.979676081454473269e-01 6.248113660436878103e-01
-4.399468699003787897e-01 4.808445136258586161e-01 6.889970280258963520e-01
2.325831352637023342e-01 -1.240971367614986803e-02 -3.126468077057605738e-02
8.430513974413753400e-03 1.122659094177381849e-02 -1.037290749377900445e-01
4.516091378171841475e-01 8.394943272208512663e-01 -4.954149102885195555e-02
-4.103365148668477458e-01 6.432634971206795393e-01 -1.557010897432224705e-01
-4.235009101207138915e-01 -6.834002650691194392e-01 1.373772514218619088e-02
9.215680842836351250e-01 2.423783570193773496e-01 -8.131101113292647786e-02
5.769970570319159497e-01 -4.739307635140629360e-01 -1.391584958726228283e-01
6.031567284661349948e-01 -5.134174167492829011e-02 6.754764755904668627e-02
-3.521967428906436770e-01 -5.275529104257452584e-01 -6.500951485554273823e-01
-6.448369539471504597e-02 1.276930584126707569e-01 2.079610095865246089e-01
5.383745278385725364e-01 -1.250154812777737046e-01 -5.940075842915443216e-01
5.965424895447489773e-01 -1.229286610993211154e-01 7.724502126598264962e-01
-2.351361596668883613e-01 5.679263667192808729e-01 7.738009497573110629e-01
-8.372084349872845888e-01 1.255745531395916492e-01 -4.426586379218996337e-01
-4.298192794848845755e-01 -6.764920120272948090e-01 5.118027754444636201e-01
3.210504925316310376e-01 6.367009296190468959e-01 5.946040460886613532e-01
6.221281914462761797e-02 5.960430335836530702e-01 6.818568500936476040e-01
-4.767488234141502579e-01 -1.732258088524307182e-01 1.856315782770704970e-01
2.208417284642139877e-01 -6.597870366905658757e-02 4.399168070430992811e-02
-2.063801862606247373e-01 -9.371422183401399014e-03 6.058447974733628394e-01
3.143111241967748715e-01 -7.815148559569458087e-01 -2.588833485349075758e-01
3.288328441169127148e-01 -3.167809906066960668e-01 4.658444092463115971e-01
-1.333622176813519522e-01 8.859418273723883575e-01 2.568555607130217910e-01
2.027375645622850331e-01 9.546139420390438168e-01 -7.887020100241688009e-03
-1.488199728893650486e-01 7.141778070739703832e-01 3.577917026573907422e-01
1.913379062658537508e-02 -3.330986851077604727e-01 4.277501230238628938e-01
1.134189196961607193e-01 5.411115762780299709e-01 2.779173517039048580e-01
8.963028825078077633e-01 -1.226053144583712055e-02 -2.825995219732715391e-01
-3.068175077170760545e-01 6.402653665328236765e-02 6.409910956185121966e-01
-1.830771870169258519e-01 -5.022716570800682678e-01 -2.117129185561743288e-01
-4.231493183104394484e-01 6.835449146758459937e-01 1.814576511820332194e-01
6.429653030530588231e-02 9.590640372108203415e-01 8.593155086037521095e-02
-7.244052054781401073e-02 5.096318614678572168e-01 -9.961585736592479257e-02
-5.344925515549044936e-01 -3.131560501314153977e-01 -2.775428435782121839e-01
5.948606646500658179e-01 -6.151844435650362097e-01 -3.125372860867638991e-01
6.631509891979106008e-01 -6.658722585839365049e-01 2.174769185429855367e-01
-2.615114993472025806e-01 -5.859370525616711678e-01 5.844721835213250762e-03
1.508153325110872522e-01 -3.655930844870889374e-01 5.464878817402357702e-01
4.446212613814745640e-01 -7.623331342165116098e-01 -2.608180927448616737e-02
-3.572981384644205449e-02 6.863512883832022515e-01 5.470475018939694456e-01
-1.826227497298752722e-01 4.617152901139881527e-01 6.174137484773567497e-01
-4.412180450786952202e-01 -1.461339180521832593e-01 8.844625020629974799e-01
3.974840728883741736e-01 5.405239992612762556e-01 1.100222211981340542e-01
2.261321943130602530e-01 6.063812597076070343e-01 9.094086191149187981e-02
6.730935589979576417e-01 1.347841213357858260e-02 -3.958272310744688216e-01
-8.773571326321408237e-02 -8.561159848801622729e-01 4.729225346067166824e-01
2.382993155143903752e-01 4.360793371718602041e-02 8.604029205837298022e-01
-4.137346999233618150e-01 2.544482130454983615e-01 5.295911535729715125e-02
1.745061888930103319e-02 -5.606377382155242062e-01 3.681087421062028131e-01
-1.065180514458905214e-01 4.430482548298169537e-02 4.075823947496057253e-01
6.413801297665258638e-02 -8.110617635588673879e-02 2.942385554037824091e-01
-5.273250825702743283e-01 -2.254339700115789435e-01 2.656899081723562150e-01
-3.146878453771288081e-02 -1.088063125147714083e-01 5.875020058615739726e-01
6.533482980792881811e-02 7.816482783062400630e-01 3.255155624807847814e-01
-3.047106923455640895e-02 8.975380311994423099e-01 -2.493251852799056867e-01
-2.827309671875508079e-01 -8.844398927315916259e-01 3.293469231067601144e-01
-2.215925209852951105e-01 3.783631460879655073e-01 8.656204018574648051e-01
5.578453875094460113e-01 -5.758211328209889013e-01 -4.921922366741698918e-01
-8.357447918786556906e-01 -2.039994115907065309e-01 3.015430809728337214e-01
-5.414982899741337397e-01 -3.051817709676014068e-01 2.583176709838521101e-01
6.320354971025663460e-01 -9.845611688509653403e-02 -1.412843915901161318e-01
4.659279686225017980e-01 2.870797780149927925e-01 -3.898215550328081314e-01
3.310186477147812334e-01 1.368196266105586034e-01 -9.156100422897540669e-01
9.119796366563323042e-01 -5.041992407986981006e-02 2.682061749422647301e-01
-6.553108836352387057e-01 7.007264792679966936e-01 -1.702385170340810563e-02
3.080553597844769009e-01 -2.636456847138401449e-01 7.027024887876576198e-01
-5.154405813886635546e-01 -4.807295503396704084e-01 3.897275268689421868e-01
-1.090271990542000247e-01 2.834712917203432436e-01 6.712465605722444106e-01
-4.419534709068639877e-01 -6.860974351770627866e-01 -2.304743297466018206e-02
-3.380814400866105074e-01 -5.282183407874396774e-01 1.165659209663809787e-01
2.103928418743565287e-01 -2.722712226209387382e-02 -2.602022866221042618e-01
-1.939772347822573684e-01 6.370208186129343586e-01 -6.888786435798290031e-02
5.935831909590058020e-01 4.391750281057437699e-01 -3.413611782229173386e-01
-4.014197909429073619e-01 4.788624759131431263e-01 -6.999249692572069304e-01
-3.938994643903774850e-01 8.219293875266618921e-01 -2.223184934236946131e-01
-1.331412052677449498e-01 -4.623947378942638853e-01 7.514531709083972499e-01
-5.325788225305243540e-01 3.256886272604072041e-01 5.600893358906878783e-01
5.614196341285085934e-01 -2.184211154551393974e-01 -7.631532525987048954e-02
-2.692052979741891283e-01 7.331450531638464829e-01 6.089164855020429146e-01
-2.495790105179854501e-01 -9.284729211183783137e-01 7.371753780037015868e-02
-4.567487532104738124e-01 -3.109749542130719191e-01 -5.775104150649673640e-01
-2.692191276029303193e-01 -2.843596122079257160e-01 -8.270611770999157786e-01
-5.761315217628348861e-02 -2.890566373980593684e-01 -4.333720651939051427e-01
-3.906183378094814640e-01 3.692704568325839709e-01 -6.851467940491087205e-01
1.722365261436744621e-01 -6.703919057341625187e-01 5.700647995141747693e-01
-4.124406302174580263e-01 -2.306898144100562320e-01 -7.203884459437203125e-01
-4.774242118418594027e-01 -4.951547116697692097e-01 1.951868228311029185e-01
2.618911421461997957e-01 -6.107896838194858402e-01 -6.602605668466487998e-02
4.358485694273053213e-01 -5.403713355559842668e-01 1.185352833394826277e-01
3.789296720438597443e-01 5.629587602929448931e-01 -5.797930170204913525e-01
2.718883765041100742e-01 8.934176241388315232e-01 3.539657495534375142e-01
-7.185776657878089058e-01 -3.063192196520299060e-01 -6.259000244255248646e-02
6.829294377610365396e-01 3.591083298499105902e-01 -6.199881478605787088e-02
3.843400359943399125e-01 -6.361232409822228373e-01 -2.094695254202485479e-01
-5.008973093358790596e-01 2.744525120413427444e-01 3.669773201751073688e-01
-7.166231139190850641e-01 5.729761388919171750e-02 5.469258236382184002e-01
-7.868669290146804718e-01 2.568874125955757926e-01 2.366038171094226039e-01
3.032081428822239189e-01 -3.131784295981517308e-01 -4.693683320633365574e-01
-4.249248942786951755e-01 -3.169924016573569814e-01 5.073135263446326704e-01
3.697147403151031519e-01 -6.731947882897914015e-01 -3.207267861968584044e-01
-2.798685912294457401e-01 -1.765866359074095282e-01 -6.546606561624768172e-01
5.466525420471133323e-01 -4.144573508042175836e-01 -6.282709823199835730e-01
-7.384340807049204203e-02 5.365335425378786605e-01 2.188420666916569002e-01
-2.918616754949975856e-01 6.876396315485262534e-01 1.499163469515789326e-01
5.689712109172665455e-01 1.507483105697093317e-01 7.376675233068406834e-02
1.283801091630663582e-01 4.115582890080567990e-01 -1.822934743058291784e-01
5.037271122333510931e-01 7.485335460628779469e-02 -3.401086998103711734e-01
-5.607505493673274888e-01 1.058003558741682781e-01 -4.301773433799800928e-01
-6.266115861547612020e-01 1.920390844460973245e-01 -5.826371852466629697e-01
-9.684050571448461486e-01 2.464880437110120448e-01 2.515062636238595342e-02
-6.177436238540350288e-01 2.543510096627245587e-01 -1.208848546753268499e-01
6.905110667520849566e-01 -2.467965226358118935e-01 -2.933846220134067040e-01
-2.415724873036424192e-01 5.662825326960582162e-01 6.697132176348958854e-01
2.868555778423694802e-01 5.768650992020827317e-01 7.608930161643829848e-01
-9.408021552162382228e-01 2.696746020343608607e-02 -2.151389160402123746e-01
-4.705405073794981519e-01 -6.455989316508891074e-01 -2.569473896790746420e-02
-2.005382458318449579e-01 -2.740065473047487710e-01 -1.197720524911783796e-01
-2.916302825226368967e-01 4.344458634876163239e-01 4.612455952767912509e-02
6.620725520621721927e-01 -8.792802501887467259e-02 -1.514353709021605821e-01
6.615509237416341559e-01 4.979247021086049552e-01 -3.987508582775903254e-01
-2.667263741656681897e-01 -7.524516801979183600e-02 -1.359028917016667226e-01
7.624562594534638471e-01 3.008803610832186948e-01 -2.916745562248638235e-01
-4.987492096107254413e-02 3.168462413387366228e-01 -8.507828236970453872e-01
-1.242057181374354446e-01 -2.682493312207678837e-02 -9.386125308329142936e-01
3.908108238134223034e-01 6.226778776781487501e-01 -5.710473699471930731e-01
6.406632313124914491e-02 -6.645679373289316016e-01 -1.336753547068538772e-01
-6.069413632324274221e-01 -4.132278489334345051e-01 4.632021539609948446e-01
1.965278890709869219e-01 -7.748623197955937236e-01 3.873577137692306716e-01
4.022365434272345830e-01 6.269494060810030245e-01 -3.385698099537445827e-01
2.981978471589398771e-01 -4.887907299843595732e-01 7.519809045570369221e-01
-7.950719906783523250e-01 -4.162335001179711114e-01 -1.809918779416820889e-01
3.540518121514328320e-01 -2.446595024909925253e-01 6.866254992770653987e-01
-3.015562364191626821e-01 -2.118212644110101239e-01 -4.592360656977714228e-01
1.491198210471220698e-01 7.679630142070151821e-01 2.483558062241603137e-01
2.531158039421206873e-01 7.403993090121842036e-01 -4.749810966288557645e-02
7.678460345846503943e-01 -2.356027290055451306e-01 2.816884666833919248e-01
2.317214304408130865e-01 7.128698670591629982e-01 -5.097987559786835154e-01
-1.720208644842275217e-02 -6.332318144309728725e-01 1.695734560000964897e-01
-2.003545224223606536e-01 3.793147666073169999e-01 -1.071934027202509354e-01
4.286844694295869340e-01 -4.129287472506425888e-02 -5.634390886698876777e-01
1.210964978525733704e-01 -9.535623590674164873e-01 1.428832692487010461e-02
-7.316597502397079733e-01 2.047130994765534728e-01 2.237825600907719092e-01
2.165431037525459568e-01 2.350076409365028096e-01 -3.257581990992704513e-01
4.461971684073962052e-01 -3.407609105143719064e-02 -8.063115738407041766e-01
-1.613933305395798823e-01 -3.576308902705703230e-01 -8.400125233921771351e-01
6.563707204134738848e-01 -3.804063722128966929e-01 5.979937053320569795e-01
-7.792510964441025367e-02 4.998732014734591500e-01 2.172362014954663245e-01
-5.931112347953800823e-01 2.962954751698171907e-01 6.090018441092914792e-01
4.694605188981770816e-01 -6.919288743977084488e-01 2.860546555272428515e-01
-8.002285987974960824e-02 -2.320196301708239983e-01 5.533542763210874682e-01
7.093807326212298037e-01 4.057395644399189316e-02 -2.062558771939189753e-02
-5.876024002658497558e-02 7.996317371224040960e-01 2.589403240951906326e-01
4.397756746837164221e-01 -1.003721567132670606e-01 7.398598145971664319e-01
-2.897720661113181162e-01 9.205921046547541620e-01 -1.710154662194970643e-01
3.282751237644079834e-01 -7.314160137176337062e-02 -4.426051256249767807e-01
3.464399407570310507e-01 4.211024997430740102e-02 2.583959848807355908e-02
7.682782752908542782e-03 4.828240852483587503e-02 -9.135760673090241868e-01
6.161181567341110776e-01 1.683362431108743340e-01 5.434656432991030739e-01
-1.319174446398730660e-01 9.130190200227664699e-01 1.223836145669893044e-01
5.222610823545945080e-02 3.667776200763103178e-01 -6.938122379323401479e-01
-8.177926070657816349e-02 5.152661972843449734e-01 -6.821877872100386153e-02
3.615353316281299523e-01 -5.207054187326592976e-01 -1.834351717564112472e-01
-3.758043602239673486e-01 -1.048790395911621126e-01 2.188891750156762850e-01
2.108527488072804434e-01 6.959256106287124988e-01 -9.514655835817299734e-02
9.152039648932431826e-01 -1.624873605810873423e-01 2.237433425300999756e-01
-6.024402496815701724e-01 -6.848734573042321028e-01 2.059743957622395538e-01
6.140699084596706880e-01 -3.311503366732181375e-01 4.560310379082257448e-01
8.831578769557962838e-02 8.175129275262311701e-01 -3.335451970482360973e-01
-5.798189519116891955e-01 -3.566011640822803197e-01 5.507820633452737979e-01
-5.234997629078361747e-01 -2.063145106117972305e-02 -1.450998809466208794e-01
-6.097199485514278594e-01 -2.763570375084776765e-01 7.223450860698802378e-01
4.262661545119510453e-01 -7.223439808143961027e-02 -2.314065472101794196e-01
2.597330176484851649e-01 -7.757294013820162926e-01 3.153523405692219145e-02
-1.098107985350834370e-01 6.636577330436654876e-01 6.210076990056802027e-01
1.058433199693378374e-01 -3.686371135351774186e-01 -3.450537294007015587e-01
3.383187175863321822e-02 -3.508659125293896452e-01 7.978365100892441664e-01
-6.054500238850502036e-01 4.886615926937475374e-01 -1.337277184435467225e-01
-3.446818139033845374e-01 -3.050740808766664869e-01 7.675806975268910370e-02
1.180000955252797912e-01 -7.823695407845551175e-01 4.491964096711678067e-01
-3.349288395591907275e-01 8.167620109942275164e-02 8.760079397478878205e-01
5.778201697451551544e-01 -6.573353767628523636e-01 3.928285210849252196e-01
-1.812162570591327182e-01 -2.250531293483787887e-01 -7.016539195490915093e-01
-6.594528450104299999e-01 5.076843125574014293e-01 -1.432109997950702096e-01
-2.865425436401765613e-01 -8.200488057560838262e-02 -3.358487085174620135e-01
2.114073141396999866e-01 6.444389718306193782e-01 1.840650001377563127e-01
3.143345251952166519e-01 2.576562207401410509e-01 1.871685085245755331e-01
4.908016245859687099e-01 8.243880967713678176e-01 2.188698976979693844e-01
2.911603159542648367e-01 4.445773420634040463e-01 -8.361811372085242722e-02
2.069868562002686874e-01 5.688288558367231573e-01 4.578749844371137190e-01
5.694190806709806818e-01 -2.301233410170811788e-01 -6.873804263116584101e-01
-2.623436807892735589e-01 4.153882204346027174e-01 -8.556079076157382390e-01
-2.413597011083714050e-01 -1.056454575742211133e-01 -4.578387182792440502e-01
2.928454809003790404e-01 -5.770271694692975517e-01 -1.063511072558341874e-01
3.788876125281643303e-01 3.651104712830665622e-01 -7.762317725833770554e-01
1.337843711469738628e-01 -1.436697533863542375e-01 1.006567333723334262e-01
1.077997664103236553e-01 4.247625892889521082e-01 7.938701941439623155e-01
8.518598675709517787e-01 -1.706580747423455668e-01 -4.479624546217529368e-01
3.629030253732649647e-01 -5.388637909801573533e-01 4.750803017384718219e-01
-5.705369997228915135e-02 9.729063046882900911e-01 -1.485311733063121864e-01
1.102716370045126876e-01 9.278889069024179870e-01 -2.879250365455089389e-01
-2.110459361803910527e-01 6.647337383990659099e-01 -1.795706823105554240e-01
6.187111816402436348e-01 2.016236859808551996e-01 2.495330771342142984e-01
-6.324938655651971553e-01 2.731116595805145320e-01 -4.566179865188252363e-02
-4.768143971782976553e-01 8.506612240597457575e-01 -1.574989435149687367e-01
3.567000086943346582e-01 -1.924925773554887198e-01 1.449226814558068344e-01
3.676470455688107819e-01 -8.061309180177464104e-03 -7.942846250062576274e-01
2.508472879106824482e-01 5.974772745157530540e-01 2.687814271751295947e-01
3.626868559378155221e-01 7.728487688893318497e-01 5.830459068924894947e-03
-2.586122742426553156e-01 -1.616340030925307591e-01 1.115029202056154328e-01
7.970209396499613463e-01 -1.126434611741841813e-01 -1.909987477477167739e-01
1.154001024804264253e-01 -3.153145536530553850e-01 4.577887909253965382e-01
3.005773549092292107e-01 7.766612168802414784e-01 -5.279993049658984194e-01
-2.581309350460458951e-01 6.626376240350249081e-01 -9.808503770040472025e-02
2.280351452735661644e-01 6.699395158515847326e-01 -2.914289769339994951e-01
9.264937940171259489e-01 -1.091326637224450669e-01 9.158074212107630840e-02
4.113738597573460970e-02 9.348589849608979208e-01 2.311649506852316571e-01
4.054139955353590064e-01 5.327952508511405449e-01 -7.039168934442787684e-01
2.812428755386985335e-01 -3.876932259575113227e-01 -7.085639392832410177e-02
5.670106101269546395e-01 -4.727850400775925888e-01 -4.048531830993376546e-01
-3.369773070094421730e-01 8.240747492665448926e-01 -1.279934378075638923e-01
-2.060325336709360189e-01 1.951667626897628793e-01 -8.981065981542344367e-01
1.985001616011706493e-01 -4.197097199841651749e-01 3.088764155491059427e-01
-1.426409755916181743e-01 9.221639542170975146e-01 -1.236036911142894407e-01
1.884428276458375850e-01 -6.950320200316258967e-01 5.314999284511823241e-02
-5.204422889464471735e-01 -3.206316191692991091e-01 -2.759310418806456555e-01
-4.209437771483768853e-01 8.642620349110053946e-01 -2.638885630364353196e-01
-9.072811743747280500e-02 -3.241116319028853887e-01 -1.980189714769581277e-01
-6.023350916844134595e-01 6.389449991965873155e-01 4.586089532407317537e-01
-2.217188428523457142e-02 4.633688669197654764e-01 1.857099260353455572e-01
4.280910454965445311e-01 7.383145172793522670e-01 1.686929849768322442e-01
-5.119504555600422613e-01 -4.775326947015207657e-01 5.788790452506599182e-01
4.901508954137803187e-01 6.519389283202116081e-01 4.613878235942536765e-02
-2.857440336315781315e-01 -7.033188099190688103e-01 3.754899094918369151e-01
9.739064333975957499e-01 -1.537094946031562076e-02 -3.040800259590829141e-02
-7.440368825755389048e-01 4.718183771322110309e-01 -2.918277046686868492e-01
4.148487980577104106e-01 2.228821712282484380e-01 1.677428063933376345e-01
-3.967712055441068308e-01 1.765256804970193050e-01 6.516389723091231545e-02
-6.944061167623236663e-01 1.262368769219650473e-03 -2.401039164855016395e-01
1.583087350698605400e-01 1.249365308225178633e-01 7.652368481724712845e-01
-3.948321020672299619e-01 -2.187271390622270995e-01 -2.892202274864092426e-01
-2.460486918071005114e-01 4.722272149320275725e-01 1.593657560011388363e-01
4.027610071357253796e-01 4.313925976177722665e-01 -2.191338095832501554e-01
2.945433918687970221e-01 -6.867615677144371933e-01 -2.144717241189044582e-02
3.698230362226425094e-01 7.290034414067630975e-01 3.986887608824425389e-01
8.446274504830229846e-03 6.440493651434026079e-01 3.504376924279014038e-01
-8.187069877605511747e-01 -2.253323943968024989e-01 4.784725244958956125e-01
-3.779957936983371347e-01 7.276698860035899497e-01 -4.919563457737038958e-01
-2.265364874311489030e-01 -3.022762691289707648e-01 2.996815756715664469e-01
-8.259546360666525366e-02 -6.636504208899183244e-01 3.669462682042646251e-01
-3.651855548347959224e-01 4.863419935730032839e-01 -1.465048142263714603e-01
6.884692290608998566e-02 -4.550887362507534672e-01 9.061022676855082225e-02
2.421253643075881035e-01 -5.512193900425154530e-02 -6.958050665034616333e-01
-4.598671520095194976e-01 -1.141575688889253232e-01 7.606553112112880433e-01
-7.240247671771884441e-01 -6.447832253234552224e-01 2.127780645867885512e-01
8.733342507215101636e-01 -1.544553087604712549e-01 -3.239126959688056751e-01
-1.756149659986086520e-01 1.599329107178639742e-01 4.582569523790786525e-01
-6.158918870967284853e-01 5.010605759293121908e-01 2.099247364686859241e-01
2.478162403387642043e-01 5.661818766045225715e-01 1.480763277920941166e-02
4.100228443561664271e-01 5.004549942785472272e-01 7.573033826943593727e-01
8.729706891819863923e-01 1.927511258808138894e-01 -2.588162209562734350e-01
-4.020451839171685360e-01 -3.737374188725924307e-01 6.651319030076251471e-01
4.172297369208559648e-01 4.773061380379488572e-01 5.281193562786157258e-01
-2.968849285255074633e-01 -2.681163855585069755e-01 -7.187950616199294540e-01
-2.861127575985685234e-01 7.517574333365689698e-01 2.868377574604147884e-01
8.425278261831626869e-01 -2.394843340940706056e-01 -3.546927972013755315e-01
-1.977237151834903839e-01 6.903040037943362073e-01 4.355586795759971430e-01
-7.148348566117003478e-02 4.198372430341831829e-01 -1.530744074705292675e-02
-4.148990806197427328e-01 -3.949322731463544150e-02 2.557206583085316898e-01
-3.257447337716230518e-01 -2.273030946804088515e-01 4.464838482912473205e-01
6.426125423173020268e-01 4.962865402358730971e-01 3.278997854895817493e-02
5.902305693090318522e-02 -2.894790219273307152e-01 7.246490497527057206e-01
-6.355731171012114489e-01 5.554168819828188275e-02 5.797190425275584591e-01
1.244963859452089955e-01 4.423936500048203380e-01 3.384980282528405465e-02
1.707972926335203645e-01 6.327751039591839044e-01 5.165531826893688949e-01
1.007046597287596518e-01 7.698808568508900274e-01 -5.960377271011387812e-01
-5.023734986091874521e-01 -1.657779503557888640e-02 -3.709741196177008260e-01
-3.420368753469915091e-01 -1.343132257729119095e-01 6.803274026748705738e-01
1.757339991022087988e-01 -5.834663986742310016e-01 2.904664780885275466e-01
-6.561109873615345034e-01 9.375911577776870065e-02 6.503035081513245386e-01
4.077332728850965315e-01 -6.395571437322009056e-02 3.295873948716964152e-01
-6.947861103896130208e-01 -5.850054655910751356e-01 7.118708866825024240e-02
-2.149388304108666714e-02 -4.420643945163580946e-01 2.307251121338997624e-02
-6.931399087356447941e-01 -1.582321233617541567e-01 3.638570163205750441e-01
-4.984829169047829689e-01 -8.213829616155877700e-01 2.042352361169870456e-01
-6.615504252295142384e-01 -3.564422780343973751e-01 -4.093752602519595829e-01
-3.878918597538311697e-01 1.163708241477416083e-01 7.708233067275117589e-01
-5.114195526012451642e-01 2.906350402992091686e-01 -7.266341962747556726e-01
4.123856114233232506e-01 3.461208030072396302e-01 5.231326695095125934e-02
-3.128981463615470582e-01 6.950431012639027850e-01 -5.571053701521086476e-02
-3.775876112441265975e-01 -9.988618829632903151e-02 4.602965634847469567e-01
-2.516711092900552060e-01 2.381728327123057709e-01 -4.090605304628177619e-01
1.200907133125990317e-01 -5.213044002792474041e-01 1.718981592522988155e-01
2.457262369121099854e-01 8.033549183952316541e-01 3.367275505754066534e-01
5.857895070567268464e-02 -9.373841482859641694e-01 -7.914872243773159177e-02
6.180876214030436300e-01 -3.053841618617997855e-01 2.560673815465256409e-01
-9.332320487973059242e-01 -2.074621576695058200e-01 -7.998331506327785445e-02
5.497022583698057963e-01 6.468064542420084440e-01 4.276363688694407306e-01
2.102776525266115415e-01 -1.551664893422462221e-01 5.280227274357398581e-01
-4.903833359146003712e-01 3.682883488893491930e-01 -2.481986339645335660e-01
5.964642946042234550e-01 -2.878335648312016493e-01 7.101867757978480578e-01
-3.619398777881271956e-01 5.909343893315320839e-01 6.886377142680302210e-01
-3.220921232175668059e-01 -8.704879520507449175e-01 -2.958664086399731552e-01
1.010805758205008537e-01 -5.931074525140671572e-01 2.975255627039735673e-01
-1.696929841222919177e-01 2.445180051325386572e-01 2.961426374160858743e-01
-7.550429950843779991e-01 2.275861180388995542e-01 -5.930889901866788494e-02
6.440662051755706718e-01 2.111018324881157870e-01 -5.772209085517296945e-01
1.445955205666870358e-01 5.277579087498044386e-01 5.078943236081753243e-01
-3.739114091964355624e-01 -2.939807574566600801e-01 4.977391328264382797e-01
9.459770914028469146e-01 1.027025825081884364e-01 -1.599378622661987159e-01
-1.754239858088030568e-01 -6.442976801047327617e-01 6.283003641513791593e-02
1.271202908262987208e-01 -9.103299470658338111e-01 -2.418107505473432173e-01
6.357192191170838932e-03 5.088209592195599429e-01 -1.399098701453153626e-01
-2.524285037469318205e-01 -3.292011364009740926e-01 -2.884273331037104371e-01
-1.936400210366042707e-01 -6.887022332718477635e-01 -2.945571284814750279e-01
-1.670973573718589067e-01 8.724454140379862555e-01 4.376153022022398753e-01
-2.971197641737123862e-01 -7.267450391135148458e-01 4.715966356223930123e-01
5.210016322540569206e-02 3.769909239129119460e-01 -6.823830097805624884e-02
-2.675768056838921383e-01 4.656038065085459920e-01 1.820069783728473778e-01
5.971774833638118229e-01 1.602311648672747335e-01 -6.346524152243399053e-01
1.385542221077465663e-01 -7.974125617949625600e-01 4.816763801609684759e-01
-4.547100512596214950e-01 -7.945186171286340304e-01 -3.181280140682348767e-01
-9.926096499361589109e-02 6.318628039189494450e-01 -1.703319821178750360e-01
-6.474705350262310866e-01 1.552412941402504624e-02 -1.345365657707448537e-01
-1.729521884075380100e-01 -6.786805753428044596e-01 5.805508145275467546e-02
3.193128634706924318e-01 -7.483888600361749965e-01 4.492298235823410923e-01
5.263559496192395104e-02 1.283830629830963743e-01 -7.184335530036303208e-01
5.575540449184397396e-01 -3.555369397367768580e-01 2.440971316668069380e-01
-5.683909559009079349e-01 3.211227375921216209e-02 -5.511309561627338871e-01
3.167046884261972006e-01 -6.864082023303210711e-01 4.297743129540327334e-01
9.391762186039091798e-03 5.818577722967401833e-01 -2.398152090005064851e-01
-3.506174179241074995e-01 -8.592604941711401434e-01 -2.984199760982325644e-01
2.940522701165466657e-01 2.118755628183742190e-01 -3.522824291463463875e-01
-3.760209811884901998e-01 -1.918926748947140659e-01 2.326476724552954678e-01
-3.470655500790544301e-01 -1.636814314961633765e-01 6.813315158096898416e-02
-5.133125404346113863e-01 1.807806367201166692e-02 -3.759204569333289281e-01
-5.900696627621705437e-01 2.631276914209207396e-01 1.454929259657650534e-02
5.005730601765094878e-01 5.171598237430370393e-01 4.652125668698173788e-01
4.477716125043009199e-01 7.911027321546272306e-01 -4.058149895396106488e-01
-7.336017704032219422e-01 3.483116465179395549e-01 6.777009352351932858e-02
-1.541584190441326052e-01 -2.219150989334755242e-01 8.319357789631142905e-03
-4.724914260597883053e-02 5.074185655055669653e-01 -6.663408475219043670e-01
-1.698301158402320821e-01 -5.517689579558891083e-02 -5.960744557376038699e-01
-1.058159794335360171e-01 4.648453625475214013e-01 -7.414028155057665881e-01
2.954661296164473039e-01 -5.791200127552877941e-01 7.298098838277725653e-01
-2.594028692344190201e-01 -2.625912758730953867e-01 -6.890562691050224897e-01
-4.758979524205795841e-01 2.924807859026484769e-01 -2.921693092489601185e-01
-2.438306090015245897e-01 -5.010375191182170340e-01 5.634979110897367360e-02
2.525847755490941426e-01 -6.981245637877773191e-01 5.633404885279941210e-01
1.450754950698197598e-01 -2.167182316002441711e-01 -8.612175009206164411e-01
-3.012098464406821052e-01 8.299254587534400374e-01 2.370364713352864638e-01
6.754784107356752720e-01 1.652241622523706599e-01 9.380450105791904303e-02
5.489758833034421581e-01 -3.717478689474094655e-01 6.893380025409057144e-01
3.882341273302725160e-01 1.658820398829858600e-01 2.554233320935140328e-01
9.152383761463288581e-01 2.296959323871842346e-02 -3.654959570789985679e-01
-1.343210438828709996e-01 -8.658563991314962571e-01 2.451358236029880511e-01
6.855747048168335800e-01 -2.002608755728826073e-01 3.067323457033990786e-01
2.913379989373627091e-02 -6.844874748973143186e-01 5.329707002288304185e-01
-2.035470525807091258e-01 -2.451318110328153665e-01 1.275158748393164510e-01
-7.560722037312704591e-02 6.029197367817501485e-01 -3.374243730183332235e-01
-3.565655556201939302e-01 -7.800825874506583935e-01 3.096024996939880647e-01
3.791992184633806717e-01 2.909213637761103866e-01 -5.606518258679490385e-01
-5.911217101545516647e-03 8.053186091093241794e-01 -5.504729428621630838e-01
4.345778622890317799e-01 2.633136715612260370e-01 2.569489496560223296e-01
-2.603332374205983291e-01 -1.326214347249546899e-01 -9.328701195884449016e-01
1.726669831082790485e-01 2.359727453958300192e-01 8.085708876380970356e-01
4.896470518950631345e-01 -1.059786434086305296e-01 -7.786378000715061809e-01
6.598486894162957084e-01 6.318563973825337410e-01 5.242913264014076313e-03
-6.050038130817215754e-01 7.154683495793630055e-01 -1.613126455012991456e-01
-6.898964134471951004e-01 9.946716136449507140e-02 -5.744154659276017316e-01
2.197490914032827203e-01 8.360779791480936751e-01 4.297953894344117565e-01
7.798322236688767228e-01 -3.938246119339697954e-02 1.666538930075681935e-01
5.196358261024673908e-01 -8.283393885964785985e-01 1.309186897270465388e-01
-6.537358008518100450e-01 -2.605604769350413075e-01 4.629015428716182212e-01
1.906287880206776197e-01 -6.842653513645375885e-01 -3.276745892924954884e-01
-8.677195507560686583e-01 -2.079585031153855790e-01 2.093373326055160133e-01
-1.264933769442375122e-01 -5.535236387870243746e-01 4.130471671182737725e-01
3.106353875053251001e-01 -5.439756535787452218e-01 2.402707974711282626e-02
-1.430398159863484897e-01 1.846144374094862983e-02 6.285497802903158293e-01
5.743447671131160503e-02 -8.080206375486584935e-01 2.547776027318466308e-01
1.466975533999986259e-01 6.077701524342786765e-01 -1.945951564751051410e-01
-1.045815434610123107e-01 -2.019974288159546716e-01 -3.685074278418252330e-02
3.634770854055030531e-01 1.449232056604455310e-01 2.706045027179663220e-01
-2.884021337544288022e-01 6.865407969456875925e-01 -6.274408727722133872e-01
1.981673368414932704e-02 -3.750432416027449922e-01 1.158777771078925434e-01
6.165317578750337812e-01 1.259776306005065127e-01 2.414744070901848338e-01
4.235590111503578226e-01 -3.175064732905281684e-01 -1.374179078695461909e-01
2.820207656682492958e-01 4.108534622759008603e-01 -5.920889759087200055e-01
3.236221468069913065e-01 5.315993046768021646e-01 -5.362907789242026269e-01
-2.227105683304564099e-01 -4.377129797774804709e-01 -2.457388938205263551e-01
-3.830764863753222671e-01 3.941506273451670928e-01 2.417201190044429016e-01
-5.858196579871810528e-01 2.980415319141884178e-01 -7.125898027908768029e-01
-1.249574712472913268e-01 -1.682648957592480232e-01 -5.186660382105215961e-01
-1.031524575833305674e-01 -4.523048395763052953e-01 5.144081470691309610e-01
-2.165111996963658691e-01 -4.157408205701082493e-01 9.336352900019674605e-02
4.172255370565368660e-01 -3.001475357690480683e-01 3.703712006051808614e-01
4.477830221956627943e-01 -7.068500872845004945e-01 4.894594711520188213e-01
-2.017122787674167639e-01 -1.204973721637642159e-01 1.716588280495128516e-01
-3.553047348937599104e-01 5.122916102874307265e-02 5.740191886509841135e-01
3.967490775183575846e-01 -4.558687148545244316e-02 6.204966977061370237e-01
1.029005242392291852e-01 -5.960252902596070435e-01 6.425008271415787453e-01
5.204435171307197905e-01 7.332860371740879124e-02 4.464047226120761436e-01
3.398698764512911863e-01 -3.766208511911238455e-02 8.938497247276341318e-01
5.668579627299197288e-01 -1.043957348289829418e-01 3.828337184097057033e-01
5.593335636802740929e-01 6.006247314458326159e-01 -4.857438707593226823e-01
3.299514251130386544e-01 8.877748138823690072e-01 3.985707998513012690e-02
-2.318555433651734166e-01 3.170677400527407291e-02 1.768277872685586893e-01
4.063015917723855619e-01 -5.780525694342826259e-01 -6.640335266442072282e-01
-6.598448488129633471e-01 -8.073691107138519785e-02 5.181116283294784353e-01
5.114342750758177347e-01 -3.511940960622681462e-01 3.875473152056683190e-01
-3.063993865964657615e-01 -6.489041347545185801e-01 5.423411341724140855e-02
1.362232330687302706e-01 8.629198809479902144e-01 1.653639316842465956e-01
6.077964219961341508e-01 7.791662115708445357e-01 -1.126707628494056090e-01
1.102872954202836625e-01 -1.622859188159745877e-02 -4.643030424830456582e-01
5.689942968378564059e-01 2.377131371380619973e-01 1.505411618000361829e-01
8.311064458952174272e-01 -3.482684328150464220e-02 -6.508451512192861554e-02
-9.663742450441412113e-02 -6.652236011423581230e-01 -4.390669393607602444e-01
3.582646661884836825e-01 -4.061713320464393484e-01 9.956921022766128393e-02
2.095536725092830843e-01 3.094881930251636715e-01 -5.629887896371806866e-01
-1.561874176867957542e-01 -9.021947104713154975e-01 -2.594798699847409296e-01
-1.634973059440420207e-01 -1.050871568553880392e-01 8.067289553492807963e-01
8.111888205406595637e-03 -6.161324914541419506e-01 2.753812239911448967e-01
-2.565911105890461563e-01 4.590525822072257789e-01 -2.048208052417151981e-01
7.630250804469790316e-01 -1.098073448523344126e-01 -3.321159324319369888e-01
3.141152925230936699e-01 7.473668206403547565e-01 1.514898296800374911e-01
2.642656117497366175e-01 -8.742783338376527436e-01 -2.836606367934457196e-01
-8.442300621156709206e-02 -8.562114484227125732e-01 -3.946576156931147494e-01
2.798183783601588259e-01 2.052284508480625991e-01 -2.345516859475740151e-02
1.407594353443945012e-01 -1.154941028891121324e-01 -1.994100479069919052e-01
-1.700244167137363871e-01 -4.874398735772089708e-01 -3.932952098160066856e-01
1.134023466643486328e-01 2.707406720494616170e-01 9.679439656439874085e-02
2.796994495027257943e-01 -7.450350141962900352e-01 -1.055326822970089340e-01
-3.344069432314959456e-01 -6.251180553289064079e-01 1.214331533993911749e-01
-8.296467799730619097e-01 -2.319285379642696265e-01 -1.179170464547822511e-01
-6.437042619565312984e-01 1.539540588627906770e-01 2.947302945513006756e-01
-2.005816950818476163e-01 6.423070216294317625e-01 8.656359103869544491e-02
8.447411874229251438e-01 1.357543562162548401e-01 3.467700702109317024e-01
-9.328571056404304507e-01 -2.185270656786020282e-01 -1.816772698239085271e-01
1.866123486091851363e-03 -3.127408611412527129e-01 4.979756335794292554e-01
-1.917446896109606946e-01 3.330582753396647000e-01 -8.961117082289761226e-01
-3.389382859098657996e-01 6.611590219557178516e-01 -2.599127223725689051e-01
1.820679747807208426e-01 3.032653207646390792e-02 6.729040695072885381e-01
-6.393154962135957353e-01 2.999229804786845421e-01 -3.021007402305582977e-03
-3.565000460698134477e-01 -7.365799425946926993e-02 1.457864567947792823e-02
-4.737119975976040176e-01 -4.777829432260434495e-02 1.646968294699132362e-01
2.434339972423369691e-01 -4.790776228031594086e-01 -6.072421729202872598e-01
2.831007135685393306e-01 -5.523668489418430694e-01 -9.738402439064268445e-02
1.300694063262950728e-01 -7.310933811146106409e-01 -1.042594931398418828e-01
1.075172144285409109e-01 -2.022316876421720033e-01 9.534505418884283712e-01
1.704348640770062817e-01 -8.851632632427236524e-01 2.839598478451239583e-01
-4.089655278785408465e-01 -7.100585022761277676e-01 2.796311131464969679e-01
1.586281066685210628e-01 1.677523622058043062e-01 -6.201910549881466395e-01
9.745915188173090993e-01 -1.587074003223555296e-01 -8.432375357731912435e-02
4.011191550704722442e-01 3.892956906538939943e-02 -8.870804240029932508e-01
-9.298649436285051639e-02 2.529624279258855038e-02 7.390051710983627231e-01
-3.914216560079634144e-01 8.033772819440754276e-01 -9.160131537050862291e-04
-8.571248529656889936e-02 3.952076592432583052e-02 -9.006200943718160046e-01
6.083259675781753639e-01 4.259794258120237487e-01 -3.413035036101743636e-01
-7.206979515960474370e-01 3.423852607903952738e-01 -4.548319727072529517e-01
4.894928458526529025e-01 4.844992678622884186e-01 -5.241382178181630547e-01
-9.521679875129523962e-02 -1.304354148422790516e-01 -4.829000587483071594e-01
3.659428135283361305e-01 8.134234368617875299e-01 2.384229948883069827e-01
6.220401431520173885e-01 1.585994952901678690e-01 3.023782698534168145e-01
6.415728541626424253e-01 1.839524306235815476e-01 2.439202322821575619e-01
2.610043512967862300e-01 -5.903574179791858390e-01 -6.843601980393746453e-01
9.432562435700941883e-02 3.735390803102420221e-02 5.065913225661369257e-01
-1.507951236577950715e-01 2.382807088200036283e-01 -8.866743093274722654e-01
6.211817630842100257e-01 2.864047981372302432e-01 -6.910414432289112563e-01
5.448829609214612679e-01 -4.494072804411232691e-01 -5.654956849551434628e-01
8.435021830793244524e-01 -4.275212975936193982e-01 3.180558659945267874e-01
-9.169449523820198678e-02 -3.678055233743042773e-01 2.623718869033524470e-01
6.554572413735593184e-01 -4.014386836540586034e-01 -1.997908829320077795e-01
-4.171493631791363399e-02 -8.488521707451268661e-02 8.475192361577513767e-01
2.894035870340934125e-01 1.926178429041046011e-02 7.312528604172251201e-02
3.619188042671510619e-01 -2.647474125562750413e-01 1.961914602760046200e-01
3.370860478274238514e-01 5.862033420759539259e-01 3.599211446962406469e-01
-2.791502000105248182e-01 4.408617996512222414e-01 1.415292243842478648e-01
7.638643109834614142e-01 -2.223849318097063377e-01 2.084082505371487037e-01
6.917350767853853721e-01 1.310803020670598673e-01 1.107974794554256320e-01
7.257173756719345059e-01 -4.601450757187223739e-01 3.520423170810867974e-01
5.660110675113669831e-01 -4.698798372065963180e-01 3.180945654698090763e-01
-1.131458187465135407e-01 -9.872665359143363573e-02 5.084212351247611172e-01
1.131645118346956554e-04 -3.550449522672305958e-01 6.286473501877869463e-01
5.235669158136038170e-01 -2.472254283760669802e-01 -7.510503583117353887e-01
-1.531504776533221257e-01 -2.915949380276683378e-01 5.867493387762981460e-02
-1.949230512946672211e-01 -9.136374608614087345e-01 3.402512967997980420e-01
-8.208266540291006899e-03 3.528721664819397530e-01 6.878264713292902011e-01
5.239875510232506750e-01 -6.676610655278206741e-01 3.963700437141535193e-01
4.162734235487035028e-01 7.731475228016289059e-01 -1.709598946962880561e-01
-4.672017141904102333e-01 -8.056621251784529258e-02 -2.538355130849342944e-01
1.831137840662260818e-01 5.358930919732766140e-01 -4.609806052646787250e-02
-4.208160885658451811e-01 -5.169948668177879458e-01 4.089702751648723322e-01
-2.135329086288755840e-01 7.176496598274553218e-01 4.018700957944491559e-01
6.552279517864309510e-02 -8.769460101789701423e-02 -7.808925559840436126e-01
1.211054081007779115e-01 6.498447901864288223e-01 8.443722405568784839e-02
-8.456597339465619922e-02 -4.485070054429500241e-01 4.918462111340514142e-01
-1.424308483097557199e-01 -8.970714866032120094e-01 2.237609684150160538e-01
-3.660666296753897209e-01 5.860148616958030798e-01 5.340029771773997513e-01
4.558150266072627521e-01 1.376977948362675119e-01 -8.549471871423860447e-01
1.896414281148366965e-01 -8.193679566756725818e-02 -1.565810595997315646e-01
6.956183094676945400e-01 -1.417251753762404087e-01 -5.809155062891926402e-01
-3.565345062567408796e-01 -3.346970254512990350e-01 -4.572241409664949408e-01
-1.104268236708861872e-01 -1.357100244934442146e-01 8.547686405756299566e-01
4.318994270679222813e-01 -4.551116270273643516e-01 7.771597040214418550e-01
-3.085304554699285218e-01 -3.416611466337861058e-01 -6.995349166038847821e-01
-5.902766400367941424e-01 3.523359903589490805e-01 -1.807002236912967352e-01
9.674988096501443979e-02 -2.488135673248368929e-01 4.525089313132572566e-01
9.443102732543882105e-01 7.467561399115545118e-02 1.872402180795435245e-01
7.415019874266407518e-01 4.294189766537774289e-01 -3.087620679905144216e-01
1.981322126044081922e-01 -8.396507825827970173e-01 -2.854943331422709566e-03
-2.731296139413671997e-01 -1.707032275366646146e-01 1.830220439247245978e-01
4.559459113397120733e-01 -2.765643952213542867e-01 8.256130775783700193e-02
-6.550606944345028770e-01 2.341521143705722549e-02 3.095720161021145792e-02
7.458015161516328151e-01 -2.292383362610328490e-01 2.486249940682227488e-01
1.969561867214637552e-01 2.903570524066734215e-01 6.118974908666457990e-01
-1.153643989090002986e-01 3.835998481995575582e-02 7.664133766446447060e-01
1.712038218842918957e-01 -6.893133434282827654e-01 2.379468433234115665e-01
-3.120703044670632420e-01 -1.634694276855130522e-03 6.883397575620779918e-01
1.870153994378795093e-01 5.956524384597260413e-01 3.971721015525046528e-01
5.865007075418915417e-01 -6.323991942364427521e-01 1.553776410040220990e-01
-1.780400796083402848e-01 2.443919685549004461e-01 -6.918186303808921966e-01
-1.546916260795549170e-01 -1.784100863841539195e-02 -5.905747353654664522e-01
7.205568521160183870e-01 -4.583481473583980725e-01 -3.214128225770455649e-01
1.478619249051592310e-01 -4.494449800212734214e-01 6.965303831071786300e-01
3.880396167634521110e-01 -3.995211002886664420e-01 4.954055681178088366e-01
-3.554137361245778837e-01 -2.222414109857041853e-01 7.673807011735654937e-01
1.117235380195342742e-01 -7.375534812251935968e-01 1.413359141950104314e-01
2.288778302018978916e-01 5.308077889332788457e-01 6.943056630196186019e-01
5.158516549098800530e-01 8.137936568523744807e-01 -2.234798336609398473e-01
1.398286818976905987e-01 8.079075786260420111e-02 -6.856436817984827847e-01
-2.663499054565686697e-01 6.471880258004568676e-01 2.132350852720846790e-01
-6.061345254188920117e-01 1.434856659690914860e-01 -5.116903419093159489e-01
-2.699469464277027275e-01 -8.706170384967800713e-01 2.875976452983807774e-01
-1.878809962260044319e-01 4.166370116685804703e-01 6.930041095664836170e-01
1.791408437314780944e-01 -5.101372863915077938e-01 -4.956032109242346911e-02
-4.499159638218727664e-01 4.353274516288088702e-01 -6.370746256104765637e-01
-7.173894127983549973e-01 -4.272727500139624768e-01 -3.405986360696953708e-01
7.267295261686117502e-01 -4.703072807170120551e-01 3.581688316844302555e-01
2.441074683851852944e-01 4.019307372382738275e-01 4.861136176235375528e-01
7.807445358706825711e-02 3.095702055803722375e-01 3.560243911698558472e-01
5.896052446732993335e-01 -1.165370850672051428e-01 6.783364455457771003e-01
-9.458312416676630807e-01 1.480893338028063111e-01 -7.106206068349690819e-02
4.011064296161639953e-01 7.908523074550066756e-01 3.824799115609719968e-01
-5.049797642908463446e-01 -2.584929091852123384e-01 5.235538790551140798e-01
-6.469359945260320099e-01 -3.923033696792531666e-01 -5.300053566142417516e-01
7.071798570969698439e-01 -5.970018076105296778e-01 -1.878701489285169168e-01
-6.096080123083916780e-01 -1.442543878102212906e-01 -2.101092992383621072e-01
1.983805848266320671e-01 1.803635124984382665e-01 -8.503878892014656854e-01
-3.138309645309609874e-01 4.510344725763192342e-01 -4.792689294464298477e-01
4.034524959933318833e-01 1.713721498021129191e-02 -6.058001288766478032e-01
-1.433689638867433058e-01 -5.107432716268093253e-01 -5.646425717685779055e-01
2.212901141216068457e-01 -6.265576318766838959e-01 -5.915088298566718583e-01
4.272756601076544425e-01 3.460174577113612204e-01 -4.660679539234297564e-01
-6.752297715230961561e-01 -2.593272237079371489e-01 -3.620395700383674531e-01
-1.238275316052873110e-01 -3.744848720092415761e-01 1.178169069817773251e-01
5.380273582217762751e-01 -6.451448779806405465e-02 -6.813657816920110424e-03
-3.393863270600371851e-01 -1.011038612344400539e-01 3.768725448516628829e-01
-7.372004634512191457e-01 -1.535375982601777378e-01 -4.297948020106923672e-01
-4.810520073923402196e-02 -5.915551173308489785e-01 -4.427116499549842432e-01
8.603717383797750973e-01 -4.808623622572626433e-01 8.277353066777969059e-02
-5.509374533851365552e-01 1.273257639541911790e-01 5.221518346106271968e-01
-1.578775808878861431e-01 1.599940398387523222e-01 -2.630274357798463303e-01
5.659824759273364148e-01 -2.034283740532768017e-02 -4.287451040424484772e-01
-2.188656626602878685e-01 -5.902838214259514826e-01 3.756546881244499092e-01
-2.680769529353925207e-01 1.821538190504522481e-01 2.528388987001260139e-03
-6.213815021847034492e-01 -1.920822932394358196e-01 -1.321910081019615768e-01
6.421441779806191796e-01 -4.829163447444325685e-01 4.999304220368226970e-01
5.712347099461547728e-01 -2.515293257175189590e-01 3.065225442761004282e-01
2.648914408639709839e-01 -1.251197858664366835e-01 6.613947237761429454e-01
5.318150020710195047e-01 -4.178115322006202836e-01 6.616400183134640844e-02
-4.975725380747711424e-01 -4.245788394919887687e-01 -5.451114379106539731e-01
2.790385385517153982e-01 -6.341639475449301067e-01 -1.643204202571686354e-02
-4.468743137191588111e-01 -2.977172628159784895e-01 1.352223019603126380e-02
1.525518371199172940e-01 1.962330457175499310e-01 -9.331700820172713629e-01
2.772901884965250918e-01 -3.879013348663180594e-01 8.318899216219791670e-01
-2.783314572183342439e-01 5.656885329770034582e-02 -1.938374459266396510e-01
-1.370020020048562659e-01 2.266477467035602489e-01 -7.419452421216481408e-01
-5.441929233830263835e-01 -3.099702246674718165e-01 -4.281928361379175318e-01
6.962222437988069279e-02 -4.232798937522826987e-01 -8.991887383686868462e-01
-3.585603687661392813e-01 1.725795268719707565e-01 -2.456218920563205399e-01
6.514095350528003037e-01 -2.045112989652216398e-02 1.514908181980502422e-01
2.209981886261328798e-01 8.318820008609842942e-01 4.869659275062349774e-02
1.969451727500945992e-01 -3.194436658181614153e-01 7.130511678595973235e-01
-1.907480712453846483e-01 -6.664249324436224420e-01 -7.173237981395842455e-01
4.892102909127704069e-01 -5.072136251678632801e-01 -9.660017729346971616e-02
9.752875571596982818e-01 1.338805232087972030e-01 -1.277468749175123541e-01
-3.838835986373307918e-01 3.115799118879190588e-01 -7.737875064711581263e-01
1.243902452769381391e-02 3.829266123237143882e-01 -8.059301134014011936e-01
-3.384423342243005339e-01 8.382158953232467236e-02 -6.284356320070955126e-01
3.800391832293411043e-01 -5.403228518332285901e-01 7.369899077559868283e-01
4.928875928804616335e-01 -2.990079245643939565e-01 6.277292986188581780e-01
2.980851999082241854e-01 5.026874481888804480e-01 3.254220052565379162e-01
3.401357442915276669e-02 6.207161796649930674e-02 -4.096441676292881806e-01
-5.465315651829228960e-01 -5.489926774806663801e-01 -4.911532900017610143e-02
6.117690293218289721e-01 -5.285996666051663295e-01 -2.988218414015283431e-01
-3.014437849282192716e-01 7.618924516692184845e-01 -5.473685390097120518e-01
5.552900878056802325e-01 1.336297662969142264e-01 -5.265836581752983969e-01
8.438600565034253265e-01 2.871044311680893135e-01 9.694397426626248648e-02
1.920799945285845967e-01 -5.120589848884929962e-01 4.611793984309672245e-01
7.350205050254309258e-01 -1.984412705301847601e-01 -5.909249122168601653e-01
5.594636403298943739e-01 -3.834148929362216074e-01 7.320268945616877909e-01
-8.988657793964587028e-02 7.911104328169781263e-01 4.847274365649203998e-01
7.668714593698617854e-01 -1.326713649676000348e-02 4.295724253525113889e-01
8.496515174367971213e-01 1.943380048037397223e-01 -4.881454037569949445e-01
-3.420580812058765519e-02 -6.325435123166930906e-02 9.673166724979662678e-01
-5.794035573150992935e-01 -5.783423961206473063e-01 1.530637281439402864e-01
-7.946374736522981985e-02 6.255719365744575322e-01 5.632617632523876372e-01
-2.158469162133757890e-01 -2.345598806183378515e-01 -6.470785109227637950e-03
2.369688031972985998e-01 6.893035725873611907e-01 -6.279800927349903361e-01
5.746848528872149364e-01 6.416128723588634397e-01 -4.419520016558546871e-01
-7.554334853990052334e-01 4.138900255158287772e-03 -7.110172652969148910e-02
8.142596151288834516e-01 1.074163936784056084e-01 3.315431284602087803e-01
1.229185141800735737e-01 3.711437649106542613e-01 -1.949899970333601393e-02
-5.439655802753756708e-01 -3.156539863685958736e-02 5.773540394279051968e-01
4.174003919964209830e-01 2.566878518158337563e-01 4.840962851197975758e-01
7.022949247567571440e-01 -3.975752252946877507e-01 -2.695381390243404285e-01
-7.376950803372469556e-01 -2.912902376501435020e-01 4.066828568566063784e-01
-2.716783031290333494e-01 -7.982440937017177829e-01 -2.611760681825741615e-01
4.788874718849077117e-01 -2.161435660913948731e-01 8.165015513279141879e-02
6.885637260841127594e-01 -3.891701868351488680e-01 5.233728218016807654e-01
2.174050625949998927e-01 6.038602139766616750e-01 2.426033216615721688e-01
4.470650122561542483e-01 4.638356634740067319e-01 -1.111372063096310522e-02
-3.646220826800238290e-01 -4.807913408015784124e-02 -3.845801675921649565e-01
2.940002071075651507e-02 3.537689478327295522e-01 4.442865468967905351e-01
2.581824591660826784e-01 1.289940119255205409e-01 -6.704492201263465567e-01
7.543100289231229327e-01 4.879638881772808134e-01 1.497395790279214822e-01
-6.111901150656489090e-01 2.387807206661695172e-02 1.070758578386609705e-01
-1.529699448387592531e-01 -2.747880604325695919e-01 -5.593342341397335993e-01
8.965959840621957611e-01 -8.641946272063241730e-02 1.744364100999640232e-01
7.224959009242813979e-01 4.717732630322872267e-01 -3.930065807636552444e-01
9.467031956983493202e-02 -9.636351606071446030e-01 6.039646791641497398e-02
7.346982168899539312e-02 2.273159987791147918e-01 5.730470758041539270e-01
6.629835588142614089e-01 -6.301511783419842805e-02 6.507510439115805623e-01
-1.698434210563643521e-01 1.281545515950975878e-01 2.610274660414925174e-01
-1.003937072980158468e-01 3.232634751461968547e-01 -5.474334933510111023e-01
-4.788699309353528499e-01 -2.896472827033605979e-01 8.221081458607834014e-01
5.167320273345592518e-01 -1.200684583437987424e-01 -6.592064211976712551e-01
7.131376041636507956e-01 -3.487401576128955072e-01 3.222018804602003739e-01
2.868348093580008196e-01 -5.028598351109201392e-01 4.196935542179116019e-01
-6.761898876198068065e-01 -1.374199289452022188e-01 -1.995060981600576544e-01
-3.072865774256675064e-01 3.351782745684555587e-01 1.759656391229217354e-01
-9.498296148395595218e-01 1.334569154138113001e-01 -2.350959410508424163e-01
-8.405230905020720789e-01 -2.068201536371463423e-01 4.331243927339418764e-01
1.955503931686241870e-01 1.419624052523526803e-01 6.489597050183243399e-02
-5.221097746905312836e-02 -8.327424889605119507e-01 2.249196718995807032e-01
6.008496857095113608e-01 6.761167995249653950e-01 -7.453179998096190646e-03
3.930362177681446245e-01 -3.728747767495819709e-01 -7.221857106447846508e-01
7.709508138628050622e-01 2.823743257067989343e-01 3.559424764659302465e-01
1.052382024233730201e-01 -3.232743622599331679e-01 -4.866496837823932053e-01
-5.014861050453547353e-01 2.450865628276217290e-01 -4.721027681195130166e-01
-1.390840164285184199e-01 -4.253953352954154554e-01 4.924121399886138284e-01
-1.473464657873149453e-01 -5.695026571443613239e-01 3.979727667067990970e-01
-3.618421361831303806e-01 -4.901866757861139123e-01 -3.139323648798906796e-01
-5.658733401304429922e-01 -7.324608853193472768e-01 -9.253315808448914215e-02
-7.475603529573177086e-01 1.811665097437960836e-01 -4.015221245260831018e-01
3.505048478407082335e-01 3.005688729445287199e-01 4.626826264305062830e-01
3.021008023330363224e-01 -1.539828533844171121e-01 3.029911655954233285e-01
-4.895777172910624475e-02 8.179855229138791595e-01 -5.577930089788749601e-01
4.871486770435866087e-01 -4.853269011721529913e-01 -4.834250799968371481e-01
7.759704073058951157e-02 -5.432564070701633163e-01 1.453617388680608635e-01
3.645110172060046505e-01 1.903984809437548609e-01 1.126209414782962243e-01
6.453900388205086047e-01 5.029384665379085795e-02 -1.051624764203956675e-02
-4.744655610422770509e-01 1.182735180040147410e-01 -2.581961051970186327e-01
-4.565607091767794334e-01 3.663332492290785058e-01 -2.975269457950374119e-01
6.072151916995956883e-02 -2.213881131914921252e-01 -2.222812354563782067e-01
9.347619271432741073e-01 -2.651527054713664344e-01 -1.242690552454651376e-01
-6.990055713425844530e-01 2.990447533296204941e-01 3.844054122960639530e-01
-7.621029630702912117e-02 3.856801212951992963e-01 -2.362245752544597788e-01
1.846219831465520378e-01 -9.277898630214413966e-01 -2.280314843130558725e-03
-2.566034608632545289e-01 -5.130862605620478689e-01 -4.197095411991264569e-01
7.697596503074800589e-01 -1.589527965278288157e-01 1.915406158883077303e-01
-6.316609118764275888e-01 -6.480461096467521331e-02 -6.258665303353390386e-02
6.756184373666329623e-01 1.246672609533595009e-02 -1.837294868571994477e-01
-5.146967271573126279e-01 3.678513587824102649e-01 -6.930553662409132398e-01
-2.639002575975136350e-02 -9.483622827504192276e-01 -3.999190256874958493e-02
-4.640530858863671226e-01 3.415152262673323280e-01 5.270312199518255580e-01
4.349714813576406880e-01 7.682990752514055055e-01 -2.167863692319259572e-01
-6.446205641160617228e-01 -5.807266628764562455e-01 -3.707394930540634514e-01
-5.080161608930254813e-01 5.449869221514569428e-01 1.113148072069333749e-01
-6.464097084853118735e-01 5.064718300476592772e-01 3.127925711371617457e-01
4.790907071770877379e-01 -9.337131916267725484e-02 -6.594404859013510700e-01
8.343523220584848632e-01 -1.172033767882778299e-01 2.512577298851697005e-01
-1.399417190577595116e-01 -1.722186569198729533e-01 5.251021600782148635e-01
2.439970987869699223e-02 5.450692318275893733e-01 -6.372851336111591269e-01
-8.674667113097050963e-01 3.190842181699825586e-01 7.999985390065185442e-02
8.869755834550692164e-01 -5.886439693661067035e-02 1.422209057978104652e-01
-6.273315054536854340e-01 -3.372653339520330640e-01 2.489335789846766900e-01
6.479161445394858720e-01 -3.488764803390579927e-01 -1.805568984686100054e-01
2.569957280934410671e-01 5.815778126483565069e-01 3.525096100235642904e-01
-1.394541247287442443e-02 4.484142055952972106e-01 1.934463198670284267e-01
3.569049955201490376e-01 3.764810182155358675e-01 -4.567323777854915279e-01
6.667969998698578850e-03 2.493924314101211848e-01 1.986572207219216568e-01
-3.129461269360187536e-01 -9.195074608378299430e-02 1.961725985251314697e-01
1.000215897175329438e-01 -8.767132945511721953e-01 2.585091049999030388e-01
-1.135021447784996113e-01 4.717151893529409334e-01 -5.105377312267231904e-01
7.018821671131464379e-01 1.987207758999860741e-02 4.615382822902354132e-01
-2.108785020406029331e-01 6.639126328287997536e-02 -1.276484072719374918e-01
-8.016461081441766945e-01 3.214669267548111997e-02 -1.437150811534655334e-02
1.599081433202788893e-01 7.035243897816987335e-01 2.491933174502700687e-01
4.756284123490161497e-01 5.391456338714004648e-01 3.552446588347199508e-01
-3.921205994770065595e-01 -7.704399324889159295e-02 1.400625167301260965e-01
4.828724747006076234e-01 1.407963624208220521e-01 -1.996286946468251999e-01
-8.086201640828997173e-01 -2.072399046299677194e-01 1.296244698999981793e-01
3.733525144886016417e-02 -5.977979450584480769e-01 2.616127844848364359e-01
-6.333945077621051523e-01 -4.764493411922493538e-01 2.623647294634956495e-01
-8.798492433666109669e-01 3.726384381483962005e-01 3.916823157205397837e-02
-4.445770509142444454e-02 -5.628518512965605680e-01 -3.167864080479466660e-01
-3.860234669072487579e-02 -7.409126291428901334e-01 -1.337749560329223319e-01
1.161308255927516603e-01 1.444969714377880021e-01 6.759599747877488296e-01
1.142080035411685984e-01 8.198096562659081821e-01 -4.764403822697594465e-02
1.958352499595669705e-01 -2.861401759717916438e-01 8.618231023401202728e-01
6.566785319965838807e-01 1.527563539369258538e-01 3.900266749875320182e-01
-3.852157900919662981e-02 5.573989532052432416e-01 -7.224339742310342816e-01
3.327017914179357660e-01 6.848540821465015638e-01 -1.546254480047039859e-01
-9.421956245025988608e-01 -1.606931502377471899e-02 -2.607957091038790587e-01
-4.251381890394512753e-01 -3.389906957806813059e-01 6.812465485450202030e-01
1.049175336976196915e-01 1.801695601542985248e-01 5.031465945835421616e-01
9.042210667058550588e-02 -8.905972906237802356e-01 2.370901188836009241e-02
-9.099081083727035557e-02 -2.562796830955474739e-02 8.228059470461102087e-01
-5.853050418094993823e-01 1.824720673119348824e-01 1.413068922143139727e-01
4.938051700913579922e-01 8.148438214677006242e-02 8.460548909779178617e-01
-3.882130984423153852e-01 8.884364526730124112e-01 -9.625403982880174902e-02
3.506590359577755334e-01 -2.572007024373809125e-01 7.923531551123338401e-01
1.392247988541629733e-01 -2.283205194120678239e-01 -7.689817507019234277e-01
3.457853168886056150e-02 6.430742030173685064e-01 -5.636959692891442275e-01
-4.706071119831357064e-01 5.308637445672160782e-01 8.541322162516674227e-03
8.114120991456572618e-01 3.115056508461662710e-01 -3.451673333265110610e-01
3.696045689584680494e-01 -1.092343056347405833e-01 1.218526298089912946e-01
-8.060451483801601980e-02 -1.082487438505344152e-01 1.026853267107309398e-01
4.188780424676800673e-01 2.416909749090561665e-01 8.575954113422408209e-01
2.073403888941109316e-02 -3.405835667220178942e-01 -7.341582546752087879e-01
1.234888021881812015e-01 3.592395037157594118e-01 4.753066792712166699e-01
4.468488195273526697e-01 -4.226031245155802141e-02 -1.363002383769333983e-02
1.150333569248267141e-03 2.296373268934210066e-01 -7.525234424315608850e-01
-1.399717164756822049e-02 8.685914722054243198e-01 -2.053893092455723046e-01
-7.600590378317928497e-02 -3.628697054587209925e-01 -6.900437970397985676e-01
-3.417782422681327481e-01 -4.709416457632488728e-01 -7.231253343894988861e-01
-8.179938365215768670e-01 2.882342498495347738e-01 -1.428708300085957950e-01
-4.154461927107278574e-01 -1.751688962399058080e-01 -8.090939708155617804e-01
-3.818981178960844103e-01 -8.285221871625621237e-02 -1.307768092208853594e-01
8.349669224872220685e-02 -5.253999471979697855e-01 -5.390529451571441921e-01
6.278422680754718044e-02 -1.417018925895389136e-01 -4.533822650742334870e-02
-7.281479527826896225e-01 -6.062024085690287389e-01 -1.034277905121254865e-01
-2.441140158160471085e-01 2.455911668216693641e-02 4.249317018505932575e-01
-1.330203852548076174e-02 -1.167852916758213289e-01 7.504685456641251307e-01
4.565841707102353819e-01 -4.519063801322852902e-01 6.654314709476814027e-01
-4.614165360148341777e-01 2.220565589708443088e-01 7.182839772738518480e-01
-4.123260406729916672e-01 -5.809793602899485654e-01 -3.212146929382632687e-01
-1.578421324801230208e-01 -4.525777690212444693e-01 2.845120642465515659e-01
-6.573247775026049844e-01 -2.808367404714113835e-01 -6.702619888363591238e-01
2.186693177846871505e-01 -7.292064795079528094e-01 -3.118548033137700792e-01
-7.076360308870104365e-01 -3.157702798245402565e-01 2.076050495303700394e-01
6.283056656832716191e-01 -3.546648898982469045e-01 3.397696190166833441e-01
-8.198437861908810520e-01 3.645100589133556390e-01 8.226656367136118975e-02
-1.668375080104825270e-01 2.672692934858070801e-01 7.088449219350780872e-01
1.456500197156755660e-01 7.983778130654526350e-01 4.471753420643155286e-01
5.226420654872530186e-02 -3.706570585765094350e-01 3.554842543998862903e-01
2.570950976408516511e-02 1.762833827100473427e-01 6.237976347321129156e-01
-6.567467331848709788e-01 4.844114078880544239e-01 -2.263186348250794955e-01
5.049739717109703596e-01 5.051135855704894650e-01 -5.647299909808756874e-02
-8.073093561151998276e-01 1.501469289476877189e-01 -1.830966154720354011e-01
-3.878588474145931442e-01 4.363964650845054694e-01 1.911344443214856859e-01
9.359223976961968117e-02 -6.879914482892163230e-01 -6.292832335112948927e-01
6.088844813509234344e-01 1.509439121092245872e-01 -3.203126704844819206e-01
-5.728495556522694709e-01 6.820967274416958048e-01 -3.558032355763031673e-01
1.500349769221369757e-03 2.209796478510687723e-01 5.232072057208956295e-01
-7.996769902231771754e-01 -2.535122183440439159e-01 -3.692876431089348044e-01
-8.468325302241914709e-01 -5.535065026080410872e-02 -2.943877212493377082e-01
-1.737103954930963590e-01 -3.424975792797037982e-02 8.867342393311833382e-01
4.056606312996053343e-01 5.553794211688966032e-01 4.404323461958974950e-01
-2.193069364206403637e-01 -4.986693875624034766e-01 6.631466670647959694e-01
5.213443585368384703e-01 1.609896019921784605e-01 -3.812356162098730628e-01
2.918185026826213280e-01 7.431219846551531116e-01 -2.677696692456388861e-01
6.981280781542001934e-01 -6.619143299146152959e-01 2.203638703541497060e-02
4.019291613370414296e-01 -2.120460122419028925e-01 4.091719375862847285e-01
-2.117919543912086255e-01 -2.348076605069402689e-01 -6.479153893747238158e-01
5.994977468671635057e-01 4.851729471940707250e-01 -5.480462457437399459e-01
-6.118367119591667791e-01 8.871493321692897061e-02 -1.701962492849191100e-01
3.650271905810583556e-02 -4.846295477618532410e-01 1.819562341910430092e-02
1.953239716229942247e-01 -8.045379205531046907e-01 4.234138052714622180e-01
-4.636654789078339389e-01 6.652675045713994928e-01 -4.118434005838639278e-01
-5.995900801205981123e-01 2.994723382767561226e-01 -5.273368260951259989e-01
-5.728537700890948825e-01 4.170142656927904312e-01 5.214911258772089164e-01
3.958266988489286820e-02 -5.329114003908996811e-01 -1.378683825145636810e-01
-6.903210284961327492e-01 4.523409524613296040e-01 -3.405825115847861684e-02
3.818478729236650659e-01 -1.958568685041673363e-01 -8.988713174911439063e-01
-4.845418376176937048e-01 -2.463394450339789488e-01 -6.919075899063424906e-01
1.410331870069389537e-01 -4.662119950174768435e-01 4.780867315014750152e-01
7.223748856613830815e-01 6.011815059217341384e-01 -2.858019574213559455e-01
5.676080972426419402e-01 -6.918742169222891203e-01 3.625548236900129062e-01
6.665795039096850116e-02 2.187130919244846539e-01 6.415138735242976731e-01
8.384300463891090904e-02 6.356052968579687379e-01 -1.974988046659178487e-01
-2.778336453688431407e-01 -6.954801795420015864e-01 1.413555544200221781e-01
3.021606408818534040e-01 5.351476878784696689e-01 1.036383632671049604e-01
5.817908695035179933e-01 -2.541218402123313624e-01 -5.628522315915986951e-01
-2.232341551342465202e-01 -8.497940129286951638e-01 1.899388410547260819e-01
5.844410624287442735e-01 -1.282804658971761214e-01 -5.119263062893063543e-01
7.079092956796635416e-01 5.256997002140650910e-01 -3.339002846010458714e-01
5.291269325731814410e-01 6.529651604815109867e-01 -3.295120706488376960e-01
-5.241619403035108204e-01 2.517004817986689957e-01 -6.559057595118455986e-01
1.799397182372723392e-01 -6.611931128536067126e-01 -7.240780131969964950e-01
1.664939035206872697e-01 -1.447665422022600679e-01 6.723798908274090103e-01
-5.957264531096605892e-02 -6.075014866542068903e-01 3.824379967533264590e-01
6.552399500702710267e-02 -2.129322196064288852e-01 3.547405209985137198e-01
-3.451674981913872148e-02 -5.666458342361716527e-01 5.769481398012921147e-01
-6.452464850322405798e-01 2.112847912507057058e-01 -2.854824455027277219e-01
2.021471592083681768e-01 -8.559820936750910103e-02 7.339307171215945225e-01
-3.535261686971440942e-01 -1.635683063320800268e-01 -5.522075624841575880e-01
3.052446172324506657e-01 -5.850894271400031155e-01 6.305740292548889236e-01
-4.253121862912775386e-01 8.823781946263317133e-01 1.115848795538949972e-01
2.281131990386826014e-01 2.592141611964886572e-01 -6.496769072997037320e-01
6.927040341594297157e-01 4.605943554961728914e-01 4.192170392394475309e-01
3.255292283594594105e-01 8.886168456689805817e-01 2.620417938411392922e-01
5.780127728998551984e-01 -8.796508358802004879e-02 -1.314049660110470572e-02
-3.688523526258733476e-01 -3.543382754071039420e-01 -7.009198421172680993e-01
-5.678840091359282916e-01 3.829054379450815837e-01 -4.497502675407468176e-01
-3.561723539117239157e-01 1.672825677263527211e-01 3.997451415115767515e-01
1.983980166997104111e-01 2.571303912336719288e-01 -3.336462192893548395e-01
5.831212874571610749e-01 -3.525592887586926349e-01 5.046209950287561252e-01
3.933985305310223057e-01 -3.750926000550894868e-01 -3.748053473139584257e-02
8.844462971412165864e-01 -6.384868694145094670e-02 3.545392648445206407e-01
-6.508906968578150876e-01 1.804421653458233854e-01 7.067399030258189052e-01
7.831594349722278969e-02 5.064541511367084414e-01 -7.149884247298822215e-01
5.083664171653399233e-01 -2.517159106395909229e-01 7.947805892505369618e-01
-2.710089754684819607e-01 -6.316757021681534967e-01 -1.293974446511808873e-01
-2.981043970399757659e-01 -6.278128557008463284e-01 -3.152754246207913336e-01
6.965970870158123551e-01 -4.826446314042490138e-01 4.957777583431109969e-01
-4.860695137147534317e-01 4.323788548229319240e-01 -4.453758004345758081e-01
1.352834567193557658e-01 -3.302757138305684181e-01 7.735231866707369119e-02
-3.171341683348504192e-01 8.710562841913835896e-01 -2.076418942865686790e-01
-1.450473637399568028e-01 1.469812097945722151e-01 -4.674069950501293369e-01
-5.433843048764177563e-01 1.572390056010305182e-01 -6.559690597628525799e-01
7.065310028482088001e-01 4.512848087665312646e-01 -4.554135482270617596e-01
8.140734599107323222e-01 -9.454705926901194046e-02 -4.381162845343441470e-01
-5.076894573543069278e-01 2.730106579462053262e-01 1.410206760073141052e-01
-8.110042112004197182e-03 9.335978644156590622e-01 -1.347516892782718301e-01
3.797542121674521431e-02 -9.043118673727602586e-01 3.639214490802162305e-01
-2.525825709283423537e-01 5.297686857981204200e-01 7.807472348913189197e-01
-3.850794636660491155e-01 1.309172360510767186e-01 1.478560858630350305e-01
-4.373649600822300809e-01 -4.483246145705628294e-01 1.745421913558508897e-01
2.736943839988649207e-01 2.536563692149908511e-01 -6.815105358392926638e-01
-8.019453561711888112e-02 7.093915213989970825e-01 5.736078738090188978e-01
5.889715050126655971e-01 2.036513646010155720e-01 -6.274859167170336871e-01
-8.002250703508129170e-02 7.184253714796909884e-01 1.910416612239672352e-01
-3.062377400453025755e-02 -5.867084928956194378e-01 -1.634365111113299796e-01
-1.888030560558121851e-01 -3.147928002019373395e-01 3.538685671458585008e-02
-2.403513710127979097e-01 -5.901539526184149675e-01 -7.757380901459315359e-02
-4.886916504825122298e-01 -6.689464583173236889e-01 3.631351115823693854e-01
-7.618385849298977552e-01 2.077633372003770684e-01 2.537786545360812274e-01
3.208937015722546776e-02 3.603293430401111608e-01 -2.123890326051819100e-01
5.586046348307251996e-01 2.868544003906047246e-01 1.720834470080777612e-01
6.282323722878181416e-01 -4.449748255316814394e-01 -2.110056591380741198e-01
5.030758161317727684e-01 -9.366922356119567611e-03 -6.507235648572468056e-01
-2.738432919872866855e-01 -4.294349595681005161e-01 -8.189637459188411350e-01
1.662820656053262403e-01 -5.392432213251401735e-02 8.054733833203420179e-02
-6.662222895185606619e-01 5.723176071474371795e-01 -3.956057453183976502e-01
4.480221236822983233e-01 -1.092951512039554984e-01 8.021972812709380340e-01
9.611788107841222339e-02 -6.303812779778014130e-01 1.310850886478152066e-01
-5.064949225542552114e-01 2.605018721182488783e-01 4.701243099798929626e-01
9.569095122230917294e-01 1.445683559536404539e-01 -1.491880650845958389e-01
4.092614912628649848e-01 -5.661176486929403451e-01 -3.404035418893405218e-01
-5.657817368760313936e-01 3.372922978916931269e-01 2.246979328826213471e-02
-7.954320130896124219e-01 8.205944687794296949e-03 -1.600318436553992141e-02
5.349446849503863843e-01 3.801103620973918518e-01 -1.087258547084537022e-02
5.972554429584824298e-01 -5.504459306718961775e-01 4.565634630721532305e-01
-6.582145073776578537e-01 4.443753769527069575e-01 -3.667992570905604377e-01
2.381765584264695645e-01 7.191931699220078800e-01 -3.015719693797233592e-01
-4.239126991965251889e-01 -5.003716566183756820e-01 1.284580433480059514e-01
3.750944932030492174e-01 -5.577376054935194727e-01 -5.215834026708854321e-01
-6.575203192373545447e-01 3.344743413502112017e-01 -5.394259923921270738e-01
-4.350661824684375345e-01 -3.373213350781733566e-01 3.337070366342327898e-01
-3.550848396720168720e-01 1.677698482105964284e-01 2.910107694245815946e-01
7.164885815668222691e-01 2.495757559615170151e-01 -4.163354759013973561e-01
-5.884788981796774260e-03 7.394665151238611900e-01 -3.056293121658767986e-01
4.638698222011700123e-02 9.585185914994268086e-02 -5.372048030568628008e-01
4.081281119870910357e-01 -1.214819744508938426e-01 2.009318472511802817e-02
-3.315000603791175005e-01 4.751362480826312740e-01 5.259741720492535633e-01
-7.961715339938508773e-01 -4.260283307733390701e-01 3.910673421228015312e-01
2.143962209288317045e-01 -8.737544566980250949e-01 3.530328482195096984e-02
6.297967745333465928e-02 -6.161213581718377741e-01 1.254140583172128620e-01
2.225930965191581234e-01 -1.710630746075720576e-01 5.042281850263080623e-02
-1.381720379245895969e-01 -1.168345582468822454e-02 -5.446749350810404788e-01
9.916479266101098367e-02 -7.804382017866241528e-01 1.268629808799824898e-01
7.026923574755139122e-04 4.022876144549533128e-01 -4.149874185616326261e-01
-3.631853395684870311e-01 5.296946825592871999e-01 -3.577134617481748657e-01
2.484980032670548455e-01 -4.817453811923699258e-01 -4.671787828323673564e-01
-1.644106241331178830e-01 3.638316931049983549e-01 4.979569837243398300e-01
-2.774659599617592121e-01 8.129056402622681921e-01 -1.715383832532086901e-03
-4.595073010827085969e-01 -1.396309234106509478e-01 -1.699416092750365426e-01
1.143926308254790553e-01 -2.623001582478742266e-01 -3.086228891437724497e-01
6.116559554373266483e-01 -6.510863009449074923e-02 1.847973581386731009e-03
1.760037554918737202e-01 1.104422643502243340e-01 9.333867030321593150e-01
2.486260108921000966e-01 5.140583205789543975e-01 4.052503189747836965e-01
6.311530127001871993e-01 5.575346731245812981e-02 5.209732404986961996e-01
2.076730221380855557e-01 6.743236085443933270e-01 -1.772898898895605702e-01
2.471510461835828565e-01 4.265321245469252398e-01 -6.062635060192858028e-01
-2.089851819687896239e-01 7.923789475331434184e-01 -2.773553309885528617e-01
-1.575865077577213724e-01 -7.459692747348678488e-01 -2.752983090998295523e-01
6.466096977448047012e-01 1.368989518720206688e-01 2.474384876348865170e-01
3.036580130615189875e-04 -8.432435373047446614e-01 8.849045180782815628e-03
-3.755999697094106748e-01 5.813731987649822797e-01 -6.397325561461887633e-02
-6.553973939369581170e-02 8.491637133612645050e-01 2.357943811435153081e-01
-1.015215973916656356e-01 -6.576865057196946696e-01 2.494478142651743446e-01
-6.792197903196396380e-01 4.750825382790416773e-01 5.322140134062637307e-01
2.425232538004520044e-01 -8.636703407812146294e-01 -4.243937546089793789e-01
2.194353038383010657e-01 -3.941318021363877655e-01 5.769415268072433101e-01
-9.937364538718981843e-02 -6.965315716704639781e-01 1.860800781222928801e-01
4.033611980273872355e-01 -7.711172239473083057e-01 -4.081418858102012770e-01
2.342765643520979824e-01 -2.607047579552863592e-01 8.399096084770285575e-01
8.117721264580007867e-01 5.424159614959925442e-03 2.041792436327624083e-01
-1.798045498538922982e-01 4.854977227200096279e-01 -7.121904203803993694e-01
-4.743173987073451281e-01 1.657818814779123684e-01 4.767308538270052798e-02
-5.274136219340797710e-02 -9.671840223091797417e-02 3.336137967059090714e-01
1.732117925054609264e-01 9.700736951940704955e-01 6.322811032399580644e-02
-5.476363359075306914e-01 -2.721955316862260665e-01 3.049061394968275995e-01
-3.864847114282244922e-01 -8.466165191799235323e-01 -2.916902782972241037e-01
1.297128357912224472e-01 5.435014117978373971e-01 -6.997467060225887048e-01
-9.405200417862757956e-02 8.980509493329741355e-02 3.786068141558741051e-01
3.363368978754312667e-03 2.092019790469749063e-01 -9.025363619833498552e-01
-3.865759266604699151e-01 7.026748127610396022e-01 -7.669659358672557825e-02
-1.059365487852359372e-01 8.187982307053232045e-01 -1.644212606701770663e-01
3.081346704091673661e-01 -4.039740201513420392e-01 -6.782037421547009171e-01
2.918832766617708227e-02 -1.411374159269908057e-01 -8.729371122293784202e-01
9.512698954609333235e-02 -7.492279058978064121e-01 -4.304784590839194625e-01
-4.566950971730464326e-02 6.689419702826491232e-01 -4.396859943215277733e-01
4.605557473164150206e-01 -3.357002021159512517e-01 1.539493417877675630e-01
-4.400759526481921591e-01 -2.286516963488070819e-01 3.276498846675405807e-01
-4.387929962619867008e-01 3.560077419722092879e-02 2.159831434403479966e-01
6.341708053743357887e-01 -8.117080318516144144e-02 4.456484891171221263e-01
3.673388647184007705e-01 3.983005351830786189e-01 1.178038261404733278e-01
-8.102619517114549863e-01 -3.408637958312172311e-01 3.788809639973852450e-01
-7.808001125959269650e-01 -4.967536133872039739e-01 -2.381521465627734757e-01
3.672454227118367442e-01 -2.603401393974732470e-01 -3.199017035748270010e-01
-5.340590771283014737e-01 -6.679102178605371698e-01 -1.769590224844765428e-02
8.220104214187169411e-01 6.009632196457888320e-02 5.541624398464464196e-01
8.719010611580572112e-01 -1.773128117574009673e-03 4.101691773829184706e-01
-4.726509660419259684e-01 -5.474523654965177677e-01 8.465055257721422477e-02
-7.556061563500640066e-01 3.591730185490858429e-01 3.883813890825626447e-01
1.734830546922692118e-01 -3.381353567964813234e-01 -3.127434972319913520e-01
3.381303307521427853e-02 1.436823993516222753e-01 -6.425652534147743289e-01
1.381054817059047812e-01 -6.706764446819395431e-01 3.364722055432300407e-01
8.117043118295586002e-01 -1.278632291229631901e-01 1.900760613347322603e-01
7.659033056775418902e-02 -7.896374412791788977e-01 1.971069333523872702e-01
9.650802485575478429e-02 7.456687922729975382e-01 1.471741342415170961e-01
4.224027488440351141e-01 1.196682521678285871e-01 1.635499023787000406e-01
-5.790374740433071876e-01 -5.734619941328846782e-01 -5.024439866148078249e-01
2.352049471665685343e-01 7.175093913878767271e-01 -6.268298021544354004e-01
5.093443909638007971e-01 -5.341889688908654232e-01 4.725711500264412335e-01
3.496762802242373014e-01 -1.024729407113444540e-01 -2.470855390787929373e-01
-5.129959689898967445e-01 -4.388640539407187013e-01 -2.319210696168818864e-01
-6.729886059358421158e-02 2.114276091108511224e-01 2.510978426525181106e-01
6.195229004745332890e-01 3.123727307552528337e-02 -5.328003442111001187e-01
-2.663924774133977769e-01 -2.149694089458412949e-01 -2.962404650234916614e-01
-7.625364541368681581e-02 8.536875330214631630e-01 1.232895195124232429e-01
-6.124217977886732278e-01 -6.413326699490782268e-01 2.331526213812985526e-01
-3.163845196671385418e-01 -6.177947634791004505e-01 7.120439143430963291e-01
-2.872169768482980556e-01 -4.864916221136830199e-01 6.289777404007449758e-03
-6.348823818080960857e-01 6.051778789009999437e-01 -2.303575787532253782e-01
-2.620764930715708263e-01 3.895963428241041582e-01 5.605225451852904328e-01
-6.409488905440634543e-01 -3.898336105474851099e-01 5.306925372561807075e-01
-4.795136884815291434e-01 -3.149308784604480937e-01 -5.454016184180623394e-01
2.837807543819027556e-01 1.561787841308434621e-01 6.113673728254284123e-01
2.228755401208693809e-01 -2.420320229472905371e-01 -5.525717309643359693e-02
-5.632889016375891567e-01 -6.448301941919699631e-01 4.538401627781719072e-01
-4.766392929381746968e-01 -4.539404367909184029e-02 4.361373037975307954e-01
1.737314488481550845e-01 6.436716152057608831e-02 8.931218439267206710e-01
-4.899971330130067360e-01 3.962421502396423767e-01 -4.656363873911296969e-02
-8.328117661897173063e-01 -1.534661766474528510e-01 1.080344762593749286e-01
-2.853514569455437022e-01 8.835268514438721077e-02 -9.039149561591607318e-01
3.627618257441813099e-01 -1.013495348791458757e-02 -4.241570649088904910e-01
3.222452925720977746e-01 7.569009518651790280e-01 4.618709147564613038e-01
4.128587221035234234e-01 -3.814721982195143357e-01 -7.212355693539871382e-01
6.559437002116380588e-02 3.857976945072671415e-01 6.163481492546022400e-01
-1.388604025020805377e-01 -9.373262257887217397e-02 6.871718329215850130e-01
7.252343624743817774e-01 1.229994902570180210e-01 2.329364779459396628e-01
1.900696219093298001e-01 1.354695515824941021e-01 -4.949368922207091903e-01
-5.395684850636367491e-01 8.643454159784406954e-02 -4.981423031062587881e-01
-1.252284866438218014e-01 5.669320933531384332e-01 -5.636503462445674462e-01
2.643898409670202843e-01 -7.261835126131117590e-01 5.412302751132418432e-01
5.374275956918490582e-01 -1.535570754368041357e-01 3.720172495993994688e-01
4.835413015136184045e-01 -3.471262196639275377e-01 7.008598127860032889e-02
7.575923060551024157e-01 3.562871976044811040e-02 -5.442453233150479353e-01
3.728419006418007275e-01 -3.556434071382784667e-01 -6.268877060862684258e-01
2.548751473493167663e-01 -3.820679051866378989e-02 -7.873807149599437727e-01
-4.058388441604236091e-02 1.094434236736321203e-02 -4.822138033363554399e-01
9.542518747173298621e-01 -1.116142017003237397e-01 -2.430155103476625000e-01
3.284074961916238489e-01 -4.827914720410750871e-01 1.949879991188558856e-02
2.773055514946436428e-01 7.379017451047196197e-01 -3.183281489068503500e-01
-6.888134837817854184e-01 3.647734515589626803e-01 -4.414976521925435826e-02
4.091666898303358835e-01 -2.309769137511629711e-01 2.901395340987263927e-01
2.834259480941802023e-01 4.830883717845388947e-01 -3.101332493958570136e-01
8.016409605257418525e-01 2.801627243838927805e-01 2.985020390226422737e-01
6.820175224371759493e-01 3.343780890708731440e-02 -6.565538698506977466e-01
2.980848738041998180e-02 1.392648096534083724e-01 -7.760778476731745590e-01
1.139787289233279988e-01 5.817290563506367918e-02 -3.827292718393228155e-01
4.791689557364290364e-01 3.214991681653179278e-01 3.064437563062381853e-02
2.607847665834456090e-03 2.446301847158274256e-01 -8.902532996797820619e-01
3.600124907723372125e-01 -2.908735314900745550e-02 -9.113614667032339245e-01
5.593130627853066805e-01 -3.201061992710334536e-01 -6.175735857092300440e-01
-2.017569065833986763e-01 -7.556548497825967825e-01 -8.073118689106566215e-02
-4.292322158185560843e-01 -5.193663184354896378e-01 4.997650633464265080e-01
7.799298622018235871e-01 1.425721797078817188e-01 -5.487183756288898095e-01
-7.340626325453875056e-01 2.013293898708999885e-01 -1.769547106041320095e-01
-2.457961062372168715e-01 -1.980849729092194200e-01 7.323093139856655664e-01
1.812897538283386178e-01 -5.454060433343015379e-01 1.024719386941799898e-01
6.184092450860733114e-01 -5.650547879648376570e-01 -6.338966769976164817e-02
7.331037972301608363e-01 -2.270826485628613389e-01 2.515184086987941048e-01
-6.372333427252359350e-02 -6.104156231410405864e-01 3.084700885504687573e-01
7.248912537252935051e-01 4.101554800677068569e-01 -2.902832792568804110e-01
-2.704629643842855202e-01 9.639887313750468423e-02 1.148292911686933510e-01
4.991029115021836104e-01 -5.605422007949256713e-01 2.179294900957441661e-01
1.561708292064943882e-01 -9.524799579991485299e-01 1.870821324245850736e-01
-6.393439786030158389e-01 5.590882862017750865e-01 -2.339425733744580072e-01
4.448128266816328003e-01 5.522558423249353948e-02 -3.110011536097327944e-01
-9.007297742181082090e-02 6.857168582733960682e-02 -4.157175307667162478e-01
-2.237019360562180204e-01 -6.446569449677662655e-01 -6.045171950240586511e-01
1.435163351829850942e-01 -5.240904392288067148e-01 -2.871264412914978359e-01
5.301254503336511048e-01 5.389411170875092055e-02 -1.933217960648369316e-01
-8.824667893258969498e-01 9.905774182176994846e-02 1.916527182990035161e-01
1.073029602442665958e-01 -3.153754879591472160e-01 6.333912674851612801e-01
-4.529245611759989965e-01 -6.630081784757672070e-01 -3.333026757010642549e-01
-1.750655265633750679e-01 -3.427958271243388699e-01 -3.322432224198053063e-01
-2.980852924040407470e-01 3.835228480304161414e-01 -3.936179548198429634e-01
2.042058297923668997e-01 -2.933692505814871621e-01 3.254998771617179792e-02
-2.981583461512060107e-01 8.319621011049700421e-01 1.911314920942611129e-01
-5.496433015376649411e-01 7.792746373014131089e-01 -4.125911585713482738e-02
-5.032326721780328027e-01 -5.267008400386746780e-01 -4.992261861496676834e-01
-7.524384958155092007e-02 1.419371774559582133e-01 -6.585976780836066968e-01
9.892479627584064295e-01 7.948756471299389670e-02 -7.826017497446942361e-02
3.026344723332732856e-02 2.166096596188835377e-01 9.560721883763766138e-02
-8.710247971894935493e-01 -2.013434631791857499e-01 -3.456908188554094208e-01
-5.035888460916296827e-01 -6.647253907161181363e-01 1.098784073969402281e-01
-3.259853285465859063e-01 3.664661377806981979e-01 6.477589571992842243e-01
3.812906282015118276e-01 8.237379341387058851e-01 -3.343948878052554474e-01
-1.804078467304587145e-03 8.502796142977778748e-01 -4.918469112494187057e-01
1.885044966789635734e-01 3.472207334234761467e-02 9.139324148939661496e-01
-6.167366249710257708e-01 2.906441936107367896e-01 1.308611012099299142e-01
-4.378169383486892052e-02 -4.918770950580207968e-01 -6.754115496278794151e-01
1.346841657385251245e-01 -1.080408214193693955e-01 -7.092258492634405664e-01
-7.338062482222509342e-01 -3.280107335766961341e-01 -1.944149617733132440e-01
7.506927040993099931e-01 -3.385920894974124851e-01 -5.211047769212711067e-01
5.304666262323642911e-01 -3.135572915250814940e-01 7.584073595572379256e-01
-3.193788866908165575e-02 -2.055580586802407683e-01 3.498151166810400947e-01
8.635241604972807572e-01 -4.061321935039433062e-01 -2.327820102573954220e-01
6.675656313824347432e-01 -2.391039555137560169e-01 -2.254388222770604133e-01
5.643172425715366203e-02 4.108502191055143360e-01 8.002243669536444060e-01
-2.690707854719029055e-02 -1.037568613015864560e-01 5.329422624486608306e-01
8.191174539935757171e-01 -1.817198247248399678e-01 4.705563286110795440e-01
-4.999593500605781227e-01 -3.530498474438857892e-01 -1.814409953404719500e-01
-2.013605425517294920e-02 7.713583243990199678e-01 -1.726621425278349886e-01
1.982252246676192292e-02 -5.562168169606652723e-01 -7.307380643460189562e-01
-4.398309422265694879e-01 -6.482577931899508039e-01 4.428267081201495148e-01
-4.868717397315928119e-01 7.213110872627001569e-02 7.396784478869518065e-01
5.116031859481026123e-01 3.856905653918326071e-01 3.710776656899876791e-01
1.150757978290800204e-01 6.386897317871756963e-01 5.145107191317130901e-01
-4.244816685845118065e-01 -2.461909335658810181e-03 8.085947076260746602e-02
1.011975042208827225e-01 -2.836560107560967547e-01 6.620441878904973487e-01
-5.636442544387324505e-01 -2.101613577406332423e-01 3.000226898132499209e-01
-3.389774561373128936e-01 1.401787378507435011e-01 -8.979535546823489423e-01
-7.391312617830916309e-01 -1.219432522501132377e-01 1.255385581921713845e-01
5.010366728284685323e-01 -7.330197466694911013e-01 2.893437953957390674e-01
2.039570659966186139e-01 9.098126179474491648e-02 7.405585471491311633e-01
-3.044686392230965266e-01 9.397247434737728833e-01 1.060472781194478353e-01
-6.057164030787788311e-01 1.326360118806548527e-01 -5.028758888073088240e-01
-3.101342491547432953e-02 -3.200607502287534101e-01 -3.017964886278681758e-01
2.656955759311268039e-01 7.183595257091960340e-01 4.327650757618297650e-01
2.387285819685980581e-01 -2.603559342902793672e-01 5.458793275150209956e-01
1.689864711401385111e-01 1.638522066917738884e-01 -5.576568616717263449e-01
-8.637368642169205302e-01 -2.633787109187648093e-02 5.019259152731377904e-01
8.598168491379519773e-01 2.576478045950309492e-01 -7.996319274563402912e-02
-1.287481808752134749e-01 3.751397360191138786e-01 3.280381538174544365e-01
3.295181401516900088e-01 -6.503439782260898028e-01 1.923230716830088283e-01
2.271889438128955607e-01 -4.916532341815724183e-01 -3.646399472753237281e-01
5.592901399791230244e-01 1.937736484994591335e-01 -8.653874981627600327e-02
1.863936055124187641e-01 -1.462461220288383337e-02 1.406134388174579419e-01
6.479238655984959072e-01 -3.710363647110596630e-01 -3.352365276744652678e-01
4.815773083615731420e-01 7.824032571179345696e-01 4.736109685995243401e-02
3.758518950660337532e-02 8.688689212833234921e-01 4.126509813085290079e-01
3.642181770776518057e-01 2.781655911584583474e-01 8.255932735103334030e-01
-2.273091892887363005e-02 -1.615145409714293656e-01 -8.453383987613289907e-01
-4.696921596172653479e-01 5.131805450974894489e-01 -2.613464370823239125e-01
-6.515300110199054862e-01 -1.022966338534002893e-02 4.278927348567085343e-01
-5.247826555403775073e-01 2.008772078656552162e-01 1.196471369174168103e-01
-6.371950862865956300e-02 1.243901628375412675e-02 2.632278434872162981e-02
3.412582326720661197e-01 -6.435562726480885398e-02 5.749355558882509980e-03
-4.226637463350447349e-02 -2.792615331215809182e-01 -5.384797751343456396e-01
-1.541748408086999200e-01 7.916443917736657454e-01 -5.096548972876218109e-01
2.168473280979393292e-01 5.279874618960088695e-01 7.819930194122040046e-01
5.728254011342532870e-01 -3.771012128717639300e-02 5.757055630147264180e-01
4.154427655844714629e-01 -1.315436414912047325e-01 6.629080558303873660e-01
1.831552013320027761e-01 2.982452242946976861e-01 -2.939059570072693472e-01
3.914456157212433673e-01 -1.272662763662578411e-01 2.509358671372690086e-01
3.136804488852014683e-01 -5.664843788775727473e-01 -7.459663594468743941e-01
1.960858035919971487e-01 -1.341912568548224612e-02 -4.870387639660399559e-01
3.293589790522662986e-01 -3.532045540670611938e-01 3.657862840514807812e-01
1.851067173248374942e-01 9.789930216239915994e-01 -2.380878190615864573e-02
4.732838437364655926e-01 5.733452666337646858e-02 7.333412416312437010e-01
-1.367292806421504803e-01 3.664914038678502295e-01 7.864762468737489520e-01
1.026877706605666130e-01 5.235324185329007785e-01 1.582077672909290855e-01
-1.763757074018569293e-01 -8.923882079249859656e-01 -8.002113639412344881e-02
-3.398269247602651588e-01 -8.579159879661248933e-01 3.780115161227827203e-01
-5.489397612786882652e-01 4.622409058322896613e-01 2.082375031280253308e-01
1.601153456901937833e-01 -2.185112276393718841e-02 -3.253515892998598003e-01
-8.251982832924417144e-01 -3.332471868707473361e-01 -8.973870806492206809e-02
-7.670811828690987655e-01 -4.739495661012620431e-01 -3.164342540004608240e-01
3.690301060653950471e-01 8.647887091151254535e-02 -1.144658809006164069e-01
7.905472080195800055e-01 -1.564752158462447973e-01 -3.281907548054003865e-01
-4.253834549595036756e-03 7.522358490275005138e-01 -3.815629153249521233e-01
-7.164453687482554844e-01 4.365372981188050949e-02 -1.301412554967323054e-01
3.972683694783413211e-01 2.554712381756024109e-01 -3.792157503660603113e-01
-1.514698213985285202e-01 2.838812988975841223e-01 4.028586910744105104e-02
6.415360010377632038e-01 4.894398052482507588e-01 -4.172411180374087369e-02
6.150172766270725067e-01 1.942824090266297987e-01 4.783189948904068012e-01
3.062742869894622966e-01 2.446339248888738591e-02 -3.794146070860948128e-01
-5.578631692073180437e-01 7.062868383530179761e-01 -8.160465434334804313e-02
7.564612202331838509e-01 4.539833870250028353e-02 5.685234169018268946e-02
-4.046412955630603325e-01 -4.275404728018302597e-02 4.340030151448933116e-01
-1.143812682540764833e-02 6.931955843014842022e-01 5.002972862265886445e-01
-2.654388753004207624e-01 1.138163165417728356e-01 2.329136311298966588e-01
-9.204061567555605894e-01 2.448421149106172201e-01 -5.923922987297142173e-02
1.732634583097538428e-01 -6.033061567907374023e-01 -1.062854951314022994e-01
-1.849666726813654558e-02 5.694837063875662908e-01 1.194549609207916779e-01
-5.996424657477084086e-01 -3.073999254095276940e-02 -2.409426130745290218e-01
6.944270258146774122e-01 -5.414119565170409931e-01 -5.954141064925193294e-02
-2.643001037341392856e-02 9.216471726295201172e-01 -3.823610981318226187e-01
5.899400421118755622e-01 2.662337619370642745e-03 2.239501806720008981e-01
4.888521086232909263e-01 -3.143543566291333025e-01 9.715688102162307882e-02
-4.037876139563703615e-01 1.453688786259583754e-01 -8.555234578917573218e-01
-8.297451622615562017e-02 -2.882691707980165052e-01 -2.149769567138510862e-01
1.234966494996542338e-03 2.249413633009902935e-01 3.392742421515844153e-01
-1.806043514120410087e-01 4.698907651291680532e-01 3.533687021139872431e-01
2.344806349212480157e-01 6.400802056639175452e-01 -8.090718532394837459e-02
-6.608859480515083540e-02 3.147116948219245147e-01 6.323414938720037792e-01
6.471746026231995907e-01 1.808900692089196738e-01 1.115828107677012543e-01
-7.411172312139819862e-01 -3.754177641766979212e-01 4.717021036820002733e-01
4.915536762710882024e-01 3.585755587002248390e-01 -7.660136904520312706e-01
-9.187963331271756240e-02 3.024563567392426489e-01 -9.421607205687646536e-01
1.200859349376503932e-01 -8.525368409313470452e-02 -3.258925181581923125e-01
2.739102574133208678e-01 -3.254796782156143542e-01 7.268296493296581007e-01
2.404353357655417411e-01 8.091822159558865746e-01 -3.968377709016839838e-01
-2.595119658435491861e-01 -4.330342924724559645e-02 -4.099980430277858079e-01
3.510790073453726179e-01 7.680995745281185560e-02 -6.640309137466101630e-01
-1.016811128251930846e-01 1.827140752945115576e-01 -8.931040645050233318e-01
-4.529892370689717618e-01 -1.624607748664456675e-01 1.084482909695627245e-01
-7.897738711518129673e-01 -3.222168147889605261e-01 -5.136027030007890293e-01
4.952089294714862033e-01 -6.388540244810127222e-02 -5.373364199850563239e-01
-1.950326604011428100e-01 -7.869759556350699459e-01 -1.643879850767071549e-02
5.766563899358507772e-01 3.890299487492961394e-01 2.140804423811062673e-01
-1.395531572400721121e-01 -1.739790338988548013e-01 -9.737543156546545342e-01
2.992163006748617127e-01 1.456733791165062963e-01 -2.125044598880168056e-01
-7.593540132315982349e-01 1.283100886737824076e-01 7.352126692868188318e-02
1.819515742444946238e-01 2.402283872806571241e-01 -3.683334762974438958e-01
-9.677998850455811486e-02 5.676548163233513522e-02 8.012094546803602557e-02
6.771122189137184222e-01 -4.263388286847102360e-01 -2.101756373832758817e-01
-4.445630088941532887e-01 -6.173139172254551443e-01 -2.296100491668896793e-01
5.408688168191975176e-01 1.608732355757493473e-02 6.807674412727175717e-02
-6.630127602583097968e-01 2.850277753857041185e-01 3.172891467930764597e-01
8.228165562276618106e-01 8.058328154020723277e-02 -1.808702554497426118e-01
-2.328344563192499272e-01 3.620709733306662348e-01 -8.954519859942106086e-01
6.275344761108304636e-01 -6.734176961072627088e-02 5.607733537945279734e-01
-7.210706340735683062e-01 -2.029808178360489601e-01 -3.411514022717260231e-01
-4.716227268470198908e-01 -1.481779424498091101e-02 5.244618204704708520e-01
-8.410831798942070003e-01 4.437627735321902356e-01 9.304716882660300781e-02
-5.593829934967937678e-01 -1.827308936873823508e-01 2.438630112091026703e-01
2.574191745476209769e-01 2.675310699963686090e-01 4.334698651577679335e-02
-1.922291875158042007e-01 -4.725479512398873538e-01 -1.382804728518509108e-01
-1.976769364688796965e-02 4.681272260487949755e-01 -8.116057922986106288e-01
-5.759240955135596085e-01 -2.788306679434718674e-02 -7.616666253302899481e-01
-5.053107705870564237e-01 -5.980716864858220960e-01 1.995867559405911096e-01
6.906381756217223611e-01 5.034662639997771194e-01 -2.501911105439969529e-01
4.188096348220619602e-01 -4.065487468630466505e-01 -2.164664366811404617e-01
-3.941434224894689864e-01 8.310543748511961537e-02 2.372071558131163549e-01
3.943096542715030517e-01 8.093896035963940028e-01 3.691883849537083706e-01
3.847982636267487377e-01 -9.038313831998174841e-01 -1.300965831626103852e-01
-3.146094916303912581e-01 -3.879322806254424938e-01 -4.852456422256792856e-01
-2.346048871463544266e-02 -6.219577629510630867e-01 -7.449656186440695160e-01
-2.700381432816634231e-01 9.012034469687837390e-01 -2.952339111812000705e-01
6.389892556069181051e-01 -1.549310162823681336e-01 2.855702795954330186e-01
-3.945657766189550886e-01 -6.819889056453734000e-01 -1.840968303743004963e-01
-8.783791005980177147e-01 2.560978439885757685e-01 -2.307336973164214045e-01
-3.777345469912383180e-01 -1.154833891424361519e-01 2.185670182646279047e-01
4.957890502783683928e-01 5.941174804350483063e-01 -5.762594577137709617e-01
6.185804809239975333e-01 5.971201660261873378e-01 -2.884564255141892630e-01
-4.721003257889667126e-01 -4.992876799317864656e-01 7.007937648944549958e-01
6.787047623765452009e-01 -3.200390658049431791e-01 4.071224074529836701e-01
8.238246587173854163e-01 -4.479786213863694022e-01 3.175144903051293488e-01
-1.529717886588092546e-01 6.346523147826239608e-01 -4.576254784356525440e-01
8.637664074220927635e-01 -2.720288290546707954e-01 -4.604322619958443191e-02
4.247483190006500209e-01 1.281073779928003364e-01 2.288632170312564218e-01
-6.838543771116575298e-01 2.486939731634866049e-02 6.524988646474761955e-01
2.700866278894428762e-01 -2.171400526334818781e-01 -5.396632389550711784e-01
-5.222717804304684019e-01 -8.083637788802375268e-02 1.607362741007780649e-01
-6.894495399006137504e-01 -1.083783472831564149e-01 -1.398942342878923828e-01
-4.414906122901986196e-02 1.560788770826388068e-02 -3.364762849179045445e-01
3.068721082476711937e-01 -1.117837755598279220e-01 1.539646744194039518e-01
3.621840211984253544e-01 3.059522640328292686e-01 7.000948910395126366e-03
-2.890521165334462017e-01 -4.976323164780064312e-01 -7.287109597024515883e-01
4.799727753336927027e-01 2.128830357953806207e-01 -7.539696819377718073e-01
2.142516876885256494e-01 -6.282219917315763624e-02 -1.686892984300417953e-01
6.412955729871453459e-01 -4.679316624563940596e-01 -2.095315981618791346e-01
-3.574668531641057162e-02 -5.515354137159871328e-01 6.628619506576216569e-01
3.050079464235707083e-01 2.463676067664332114e-01 -3.427911900541346091e-01
4.889591969678930838e-01 4.227107693126311294e-01 -3.568602543422832452e-01
6.594513289921853927e-01 -1.905900596024232840e-01 4.542490313014783676e-01
-1.588046032556665321e-01 6.387989051694835663e-01 -3.461811443997714344e-01
-3.341104662020448202e-01 6.064647094054588239e-01 -4.089585660575336123e-01
5.310636431066645402e-01 5.165192936563365311e-01 -2.147708463357564379e-01
-2.558226362438515977e-01 -2.879438284808547577e-01 1.108433073663345619e-01
7.552496006403208728e-01 -4.375909381584684454e-01 3.666324036215060644e-01
6.710891752667185184e-01 3.494646660719142872e-01 -2.477491343563430481e-01
-1.051983909630199859e-01 9.848578129262919312e-01 -1.069896475550839998e-01
-4.034150714065763421e-01 1.603079305749122163e-02 2.119552533755640344e-01
4.811398213099751242e-01 1.910515616801006233e-01 3.684597064741740313e-01
2.256742942396179896e-01 -1.508251099046366561e-01 4.027329432974113832e-01
-1.780845848768087269e-01 3.453163768111188747e-01 -2.356108275594642198e-01
3.439939608014250805e-01 6.102890731437782268e-01 -3.383725355135944191e-01
4.374347322083995682e-01 -2.830481238591153748e-01 7.197042087587712800e-01
-1.769429769911547712e-01 4.909859400113908423e-01 1.044113302112977953e-01
2.538493849340099362e-01 3.535311016861589217e-01 -8.190310042949577873e-01
2.689778356075273602e-01 4.107208919844456685e-01 -3.966222092547362355e-01
2.579168475117798662e-02 -6.787396923573414398e-01 -3.218388670080712388e-01
1.884777683140419768e-01 1.183313510014527420e-01 -3.595867015152807711e-01
7.190890427565314047e-01 -6.173353097885764251e-01 -2.580629129296487800e-01
3.164824629727829297e-01 1.343040530429014667e-01 6.147086738992012939e-02
-2.620197846495612160e-01 -4.400493201678288835e-01 -6.519706114053713808e-01
4.605733211957405149e-01 2.772444792157098825e-01 -6.952409473847938060e-01
-7.402902601195163745e-01 -7.745268587595646737e-02 2.135366233517237700e-01
-3.674355195424318099e-01 2.409085815538273556e-01 2.875649912176372336e-01
6.983205941865552324e-01 2.650769581819568121e-01 3.688529497239484978e-01
7.444230370861724122e-01 -1.092609056996566713e-01 -2.236272088736649677e-01
9.247802697753754186e-01 1.696869020869246070e-01 -1.188161423241411579e-01
1.310619322165805511e-01 -5.504122852724072645e-01 -5.689569817385963235e-01
1.928232546622392352e-01 3.165738871549979017e-01 -1.807691616344165586e-01
-2.886501229115246980e-01 -1.289295721348089341e-01 -3.678606571401690783e-01
-7.082675742071341540e-01 -4.124737323720066851e-01 -3.774600774934243619e-01
-5.676279702624503765e-01 5.902556898965962695e-01 -2.071675703559349158e-01
1.684085364377009564e-01 1.330050428530704654e-01 3.188559463058040500e-01
1.128094104265559144e-01 2.099552289118082060e-01 -8.575728979033693244e-01
-7.664348937602899481e-01 -2.929793540913646493e-02 4.615681608643830702e-01
-5.201938281796459895e-01 -1.091856391363980466e-01 3.181632084994830412e-01
-5.612335696381056671e-01 7.700136001383456330e-01 -1.551839461914044094e-01
3.199822376800849355e-01 4.604047866055047122e-01 -8.598842542672686939e-02
2.026106301732584491e-01 -8.843352165085599514e-01 -2.759130448483070319e-01
-1.803625178673119445e-01 4.168499298267240860e-01 -3.989535806975791910e-01
5.129647595574086116e-01 -6.774612506915393684e-02 -6.367705290222106518e-01
-5.710754920325974426e-01 4.614061443694144060e-01 1.566958599076098690e-02
-1.670407840389192822e-01 -6.098568678831520762e-01 -2.172610269744958134e-01
8.866992173591115023e-01 2.431143873128302768e-01 2.794050632806483955e-02
-5.841459294484976916e-02 -9.157257312178677111e-01 3.667594732779155819e-01
3.410851059390456186e-01 -2.637337933521284317e-01 -7.150352095838531374e-01
5.107901390482318948e-01 -3.091799944423098689e-01 -4.570558575295474713e-01
-2.621530563818222914e-01 7.775018622284702863e-01 6.021480743847727052e-02
-1.177990105125225131e-02 1.834888910945404461e-01 -8.421660873437911699e-01
2.495416786114409147e-01 5.627143312792722840e-01 2.990899334459594661e-01
8.684165090561735134e-01 -3.098582243786430768e-01 -2.073884265769708468e-01
-6.468235849838720464e-01 6.537127230848667203e-01 -1.298392057770699284e-02
-3.996066750295149822e-02 1.346577459837838275e-01 5.759284213106333761e-01
4.819538692915295575e-01 -8.537214138125381879e-01 1.485408682232851052e-01
6.260620546412395404e-01 -5.153058860029376964e-01 5.330775791120461182e-01
3.116197814724309123e-01 6.388250485690597502e-01 -5.183679304395996112e-01
6.618737188146798234e-01 4.642851823068105399e-01 -5.845717720754475266e-01
-6.588477347977343968e-01 -5.142419136231963783e-01 -1.162643890027651866e-01
-2.643647879177744575e-01 -5.499384246083316441e-01 4.676890282270143584e-01
9.578568502680677443e-02 -3.363856643574115735e-01 5.417284125593123667e-01
-6.309927413105368421e-01 2.783528715484835381e-01 -7.138148800880013134e-01
5.820896663602097565e-01 -6.148673273118510085e-01 3.216940473639686160e-01
2.686681969486522104e-03 2.603829003171420631e-01 7.400102163018593693e-01
-2.751450073574599475e-01 3.459552568226494790e-02 9.270721716456190586e-01
3.927900605895157660e-01 -3.440122476881273816e-01 3.178991046856087799e-01
-9.546507134913485570e-01 2.238631009839624209e-01 6.070516546387931534e-02
-4.491387616741007727e-02 5.399116066368830902e-01 4.512473620385171191e-01
-7.715831647487868539e-01 3.116966996072106366e-01 -6.119197302725451482e-02
-7.952943898067265094e-01 -5.268707752658333687e-01 1.587854233038370200e-01
-5.162494919797044196e-02 -5.635817935142090063e-01 6.388597361618209014e-01
-1.478751703333407996e-01 -8.461738648312450151e-01 8.045121126101631437e-02
-4.154885075493934821e-01 7.060346641229804376e-01 -8.535086882168126110e-02
-4.737716415319195296e-01 2.750503172963091880e-01 6.013274402887249792e-01
1.424225116301071903e-01 1.131746377672790405e-01 -8.626544077788009801e-01
-1.893428249258343188e-01 -5.828362913055504801e-01 -6.468237863821768574e-01
-3.961913041785184442e-01 -2.636607906617009500e-01 -7.514424453042639618e-01
-6.670314942120322832e-03 -6.538226285665260651e-02 8.149182401981361901e-01
-4.049037053423438226e-01 -6.156400632886287472e-01 -5.845732064931600247e-01
-8.837218349445532528e-01 -1.637975545967702284e-01 1.146720729379603620e-01
8.958847532109545098e-01 -1.061898342197647865e-01 5.793542835795368467e-02
1.529801764081360760e-01 2.389627695163091536e-01 3.970427976336796672e-01
5.384720898344583784e-01 5.127653277343209304e-01 -9.341488815775104981e-02
2.343509536565128171e-01 4.840588956837173912e-02 -8.712520902323059868e-01
-4.796570952484844330e-01 5.251444484534186774e-01 -4.947653557388450030e-01
5.405986997047584897e-01 -2.878338903261185577e-01 -3.571560177075668863e-01
5.897220774001978860e-01 1.546796537669074545e-01 1.570269552659822598e-01
4.930099711675730578e-01 1.519409977051074390e-01 2.072274587237819266e-01
6.298250317737644384e-03 -8.729150437821937558e-01 -4.808039281014543365e-01
7.325127049819906144e-01 5.707690721623928098e-01 -2.419063096202461460e-01
-1.643409429826609147e-01 -4.101784029058699876e-01 4.337219372788453375e-01
7.431374339288894515e-02 3.913715192984744129e-01 8.509839528621941929e-01
-4.585060913342735023e-01 -8.601282401790638632e-01 -2.187988583199119430e-01
4.158848618143297649e-01 -2.092777428178187737e-01 6.454394053928738106e-01
-2.490624720435303530e-01 6.760113867852879377e-01 1.261790804165291713e-01
2.843423930332276695e-01 4.075386743651432941e-01 -3.010128532270647250e-01
5.953732540421847741e-01 -4.092442961823301029e-01 -1.157426636105611112e-01
-2.166949343037309905e-01 -4.883473511711816095e-01 -1.103874885032722075e-01
4.303493043273586283e-01 4.733666139074531043e-01 2.272110933923700282e-01
-7.388364037110323190e-02 4.095886713725340744e-01 1.696147914743043605e-01
-3.145074723231989222e-01 9.053067570574608869e-01 3.212989666085537543e-02
-6.562514479692572733e-01 -1.094279916202841735e-01 -5.221111197404100235e-01
3.826938822446759869e-01 -5.453964773283513923e-01 9.185380576735671654e-02
-2.290024383618891393e-02 1.560712705965637548e-01 -6.472020893830536803e-01
2.821353319003886417e-01 -2.316888325523755177e-01 7.601760393218763914e-03
1.711254488876794710e-01 5.619492301633910447e-01 -6.801519205619941388e-01
-4.745235916103432983e-01 4.100843348186730686e-01 -2.275329218057793867e-01
-7.921425624346271066e-01 2.238936742319454498e-01 3.183096595302856158e-01
8.800602201874249131e-01 3.604953376432570300e-01 6.281261862053072464e-02
1.326194917570816187e-02 4.807895135033118383e-01 -2.993058263043830297e-02
-5.453258261918421113e-01 -8.122988079885172796e-01 1.657683605157828088e-01
8.047005596961351315e-02 -3.395121032727607124e-01 -2.337015097182913170e-01
-9.061454568149980571e-02 -3.496327962817101231e-01 -2.342632324923316078e-01
1.630697702348112288e-01 -1.931921195554347215e-01 2.626931056079730986e-01
-4.351512325300879169e-01 -6.560266998220881662e-01 -4.794754885594358362e-01
8.093894046284990651e-01 -5.176738762050026033e-02 -3.416889255306294615e-01
4.722145348165235901e-01 2.997531833429055159e-01 -8.249779578987151973e-01
7.157575608150986701e-01 -1.658083777156039440e-01 2.264502327318939356e-01
-7.854083094636356011e-01 2.681142871704735864e-01 2.165528671717387166e-01
1.105291107945342161e-01 -9.933707673927308357e-02 -9.963414702804387901e-02
-9.162264150545673669e-02 3.525519024670046297e-01 2.349677285869293877e-02
-5.031446019156774474e-01 5.315211795861218835e-01 2.244987269733608737e-01
-3.758553542735347253e-01 2.948174103244828870e-01 -7.632259411406078220e-01
4.161790390308560683e-01 -7.975954055244163232e-01 -2.293234361568696755e-01
5.196893083029905380e-01 5.037729597816387184e-02 -7.031859016822957775e-01
6.138371383606913145e-01 -6.348875794533982431e-01 -2.537734277402272087e-01
-2.714277867772372788e-01 3.225322205274616660e-01 4.012402261625647865e-02
-5.772743052965453314e-01 -4.643014952541228424e-01 2.893305456291866418e-01
-7.147919789113892364e-01 6.574994258730906260e-01 -1.159052201901954321e-01
4.219553117011086152e-01 -7.700356113174595674e-01 2.041121313051608710e-01
-1.897864592657440563e-01 3.747894758253023650e-01 -1.497200219842206859e-01
3.037069020541940945e-01 3.929249550990101536e-01 2.523240105674442457e-01
-1.398607230756211406e-01 5.488129341444384357e-01 4.814594735939441428e-01
-4.546278108228393178e-01 -1.339634512489281393e-01 -2.656807249581892849e-01
2.345998863395318823e-01 -4.499098894183010122e-01 3.249490318282182155e-01
-2.876306845145008492e-02 -5.727980683613635021e-02 -5.410490577987110868e-03
-2.614734653895434136e-01 -5.621815735289839022e-01 -1.598718118786458808e-01
1.328146415702078087e-01 5.583848764044558877e-01 -4.932960827048520347e-01
2.059227773486599633e-01 -2.560991438122433572e-01 6.054186248958567385e-01
4.962657851665986941e-01 6.703789797049167776e-01 -3.322282005450372111e-02
5.520472017559994171e-01 -1.359981815382345083e-01 -7.251734972181470562e-01
2.582861237760530893e-01 8.342150713376872417e-01 -2.799835330444061521e-01
6.942958538054608830e-01 1.244287552559054655e-01 2.618961519550274675e-01
2.793765836341937647e-01 -5.225822493486771414e-01 1.582039107045511428e-01
-6.859144365449941771e-01 -2.915489370878392994e-01 2.835753465613480850e-01
-8.752622561098484522e-02 -3.351157921614734136e-01 1.225916523508326639e-01
2.998219090507246373e-02 1.651094357510610455e-01 -6.982307812682188031e-01
-8.563300615761609835e-01 5.695966598503676009e-02 -3.854812195691087462e-01
-1.188235400647591061e-01 2.279481581607503138e-01 4.218431844723540824e-01
6.713911184319898418e-01 -3.570253964846650807e-01 -3.668673009133409102e-01
-6.092447107359647562e-01 4.053985866230349067e-01 2.660660343347753809e-01
9.234309286852048215e-01 -1.241016324221185657e-01 -3.483429944909375853e-01
-5.117279376318195627e-01 -2.038058761528839247e-01 -5.641984422802424209e-02
-5.175312329552140822e-01 4.955668442092411308e-01 -5.730114326917435941e-01
-4.745860770134288642e-01 1.075557148164357629e-01 1.210069723124859303e-01
-3.113600712490523503e-01 -3.791186274791984168e-02 -1.227194709569920800e-01
-7.481090246372379404e-01 5.784240230078643297e-01 2.438053308905428485e-01
-1.796035361144362741e-01 -2.252337546820265268e-01 2.090689360912376948e-01
2.674068857859062120e-01 5.858663424938602704e-01 -3.054516213418379533e-01
8.095918911011325270e-02 6.279333628494130348e-01 -7.653959245655459487e-01
2.582384420176195294e-01 2.056317729292969632e-01 8.551988464981107319e-01
-6.275075315798717135e-01 4.814874169565622752e-01 6.034923460330480216e-01
-2.580897718828427737e-02 -2.358556522257999541e-02 -6.790672678042584121e-01
-8.798425607308797414e-01 -2.227704235454807113e-01 -3.094587863424405616e-01
5.779839122861710754e-01 -2.712973085175233723e-01 -1.088983729400367917e-01
1.320174878565501531e-01 -4.506555665806697419e-01 -2.373956158104515157e-01
4.774176308231966037e-01 -4.782997064641776874e-01 -2.513998040550000090e-01
-8.816857983543767707e-01 -8.690198250473284147e-02 -2.944262307633866912e-02
-7.113266721241572055e-02 -1.992869307795350486e-01 1.285784536003177492e-01
6.007739638901410384e-01 3.252893338725219019e-01 4.736186945989405706e-01
-7.311426965253706167e-02 -8.587318329582342979e-01 5.730223769986817622e-02
3.339415910156229295e-02 2.375528742313944841e-01 -4.365264602022860818e-01
-6.068840006610435323e-01 1.020416418003312481e-01 -4.744229090866989851e-01
1.387720632490482553e-01 3.279014618651475421e-02 3.210643734642653624e-01
-3.787266996521646001e-01 1.677288258153832590e-01 5.573124951783416936e-01
-1.364112401821561960e-01 5.771634441590817177e-01 5.206843352540458936e-01
-4.675137563565918142e-01 3.961615510162033726e-02 7.217886251450896795e-01
-2.272583905869035928e-03 3.905970301725156801e-01 5.851716934102362266e-01
2.885865690604692141e-02 8.404694756702691949e-01 -1.990282880530806209e-01
5.090449067350547030e-02 -6.593952751621964259e-01 4.216233266035293026e-01
-1.591795599010529250e-01 -7.843237654636074918e-01 -3.408652422061231313e-01
7.493439216841790707e-01 2.206785959179130285e-01 9.034871393438290155e-02
-7.002491119612721526e-01 5.120813971490154604e-01 -2.874072376111407867e-01
-2.952342730910514912e-01 6.505337007871375699e-01 1.632752581884927279e-01
-1.943685262166344463e-01 6.680476406454287641e-01 2.387095204965508921e-01
-1.816943734056940263e-01 -4.179618224516372660e-01 3.788722296879508122e-01
-1.283002282617115629e-04 4.504453927245269385e-01 3.228112587521655974e-01
6.082808237145977959e-01 -7.171895889392248830e-04 -6.952178867286153974e-01
3.062977359103291053e-01 -3.127464991869990940e-01 -8.633118584239781734e-01
-6.509795575275429957e-01 3.247112748776648794e-01 1.605372405937454672e-01
-3.468267640206194602e-01 -1.453608811573892101e-01 5.775347214342743674e-02
-5.556377172700563971e-01 -1.326981122763853382e-01 7.227108574688851927e-01
-6.657171836067090620e-01 1.894851263537651320e-01 -1.844524822384781548e-01
3.555110330895430160e-01 -6.166792139301618958e-01 -5.157799839638130823e-01
1.460186557652685124e-01 5.357414386514259830e-01 4.285185755995172263e-01
5.684700819443408992e-01 -7.237205230685446189e-01 2.904499626688930025e-01
2.556948118267127201e-01 6.979888952356896326e-01 7.949207523399042657e-03
6.334927097726124057e-01 1.114765538861391403e-01 5.557265046705900380e-02
4.604913653394265838e-02 2.142539731751188503e-01 -7.699412284467671563e-02
-3.904901287696293383e-02 -6.900736994345477715e-01 5.209101660380369703e-01
-8.008245712503446745e-01 -4.712788436087977928e-01 1.295350037191072418e-02
1.947626614572670611e-01 6.557264421022486189e-01 -3.182040868137545608e-01
7.642530661842141804e-01 4.751590581234457211e-01 3.458406990847293083e-01
-9.076346635357260828e-01 -8.911312634857551651e-02 9.340898385638607415e-02
-5.198873301892795729e-01 -7.318698235652384421e-01 3.543232151906147154e-01
-7.800246438718967390e-01 -2.657930415520845524e-01 -5.072723177538476236e-01
-1.616803807718742436e-01 -4.872431569732690870e-01 -2.894411953353287319e-03
5.008191087296847144e-01 7.470924867094737298e-02 3.698576456968046822e-01
-4.064957910648099304e-01 -1.517610061424527201e-01 -4.384646317382607794e-01
-5.485237779951103176e-01 1.531594752080054078e-01 2.752615254118808696e-01
5.687827980659265759e-01 5.675939465887430702e-01 -4.636401441090262643e-01
6.291575784636720403e-01 1.233620359798023453e-01 -7.615922051250584301e-01
-9.402004370957667279e-02 -3.162545285367476811e-02 1.793274568105804045e-01
-8.875660168656367144e-02 3.812106203855830655e-01 -3.481198275814289533e-01
-6.659640824400164805e-01 -6.382839084633731286e-01 2.435982087456363687e-01
-7.129283162549979180e-02 8.984673968424251589e-01 -1.511002151546242678e-01
4.688567740182377208e-01 7.206829061921095070e-01 -1.883830148491875689e-01
-6.449070625339475837e-01 4.565279442439003077e-01 -5.665042244951884465e-01
-3.755752220943246455e-01 -6.734684526860791332e-01 -1.424503330786956734e-01
2.573678985677477216e-01 9.172009105861550493e-01 1.231101735815017806e-01
7.416433805918037914e-01 3.416467271589446741e-01 -3.916924003422909695e-01
-1.129246573349867167e-01 2.918746982166882109e-01 3.273467999247917648e-01
5.384344074291023130e-01 1.349625379477899234e-01 2.478155385545290912e-01
5.962205306493434387e-01 -2.349988297321095876e-01 3.141281737733796486e-01
8.848981968493347949e-01 -6.140326070915645001e-02 -1.363535123917037351e-01
1.979667459459354129e-02 -8.989877987119928582e-01 -3.738839356171860806e-01
-8.007964911044297696e-02 -7.122907662539553764e-01 2.991196526134942135e-01
-6.146211481065864124e-01 -1.312712923780584018e-01 7.090492605524107983e-01
-1.423466460647536680e-01 -6.491322558653713770e-01 -1.683604636652990816e-01
-3.738667757860191232e-01 -3.162488721464631891e-01 9.525557446155348551e-02
3.068698305554096173e-01 -4.397888479852986032e-01 -3.110307423810478866e-01
-1.669227366970939871e-03 8.968151687038522502e-02 -9.738014517459823161e-01
-3.664215172216945399e-02 -4.445687948731268935e-01 -1.982464631021073342e-01
-4.893365197917703968e-01 -4.195937166702887189e-01 2.277329578555929712e-01
8.910264738306444832e-02 -3.207835155040114072e-01 8.817323465405028093e-01
4.615711581352426318e-01 6.452282193819347533e-02 7.173022812690821315e-01
-7.458474637020284792e-01 2.763609538249752751e-01 -2.309482473771398980e-01
4.093273074074171292e-01 2.539726901434377071e-01 -2.037140137281927554e-01
4.492997337398594304e-01 2.859785563319567347e-01 2.969261410351142216e-01
-4.257323993348382518e-01 3.117834659265697472e-01 -1.177198767104961630e-01
-9.595786751185084867e-03 8.217047006026688694e-01 -4.986661555193009354e-01
9.272019713016415032e-01 -1.712589480007309650e-01 2.919707854689237436e-01
4.934719578767936543e-01 1.521690093055202697e-01 -7.436254747938230159e-01
-1.081610283907895459e-01 4.988922318675399481e-01 -2.635429442684142920e-01
3.560551768382272386e-01 -3.872251285203534565e-01 -4.413189727604627244e-01
-5.598821620991680792e-01 4.331220446250211298e-01 -2.386203019795971880e-01
5.784078348884018617e-01 -9.214759486599792548e-02 3.075158963163727721e-01
4.566812152369659761e-01 -1.694068402526397177e-01 -7.771799237345936584e-01
4.079871203523714740e-02 4.001165176083364416e-01 -4.840387749756892150e-02
-8.104773841857103311e-02 -3.232786105060144188e-01 -2.977043947679510749e-01
-2.442507465209859396e-01 -1.544401957148859861e-01 4.593499227351602321e-02
-6.216195396470218792e-01 -2.006246473085808793e-02 2.504409318783648586e-02
-7.876233633069206208e-01 -3.366765296900293275e-02 -2.763467039389722046e-01
3.078230994499953632e-01 -6.394748928417833822e-01 1.224978498673174043e-01
1.588163307484564577e-03 9.154131007720091029e-01 1.287043035891998477e-01
-5.608657946811198419e-02 -1.043426124169444941e-01 3.291214218276567460e-01
-3.033881057035781592e-01 -7.299846481048540003e-02 6.826292588863298594e-01
5.339008013650988448e-03 -2.287931792049524016e-01 -5.674277142360624193e-01
7.849634329728497062e-02 -2.121466676081475433e-01 6.738655436282693367e-01
1.487406561257468007e-01 -6.980396727238576959e-01 1.894754315214754459e-01
3.603097611886678653e-01 -2.209837702323984854e-01 -4.067510734904202785e-01
-7.248214850891584460e-01 2.495139793568570130e-01 -5.785276758956882370e-02
-2.012637964626845799e-01 -5.972967430023201629e-01 -4.748221510576441373e-01
4.844923351213206719e-01 -3.206341962397161738e-01 7.781069407168924590e-01
-5.055933826721391577e-01 -1.901579247351545612e-02 3.582052641831773299e-01
-1.847821934126148424e-01 9.218893533707305243e-01 -3.263799259446360096e-02
-1.779416159516174489e-01 1.448737014760875519e-01 -6.658277050311575129e-01
-6.207314227304475823e-03 2.121570619439086258e-01 7.828437674468905483e-01
7.310277412328840541e-01 1.279873852085325336e-01 -3.970355759352393599e-01
5.335554546389792430e-01 -3.300866791785342924e-01 -4.874023600171465409e-01
-2.687701516619714348e-01 4.427342005025213800e-01 -7.346307859485807779e-01
-4.147545168197175336e-01 1.681413040756518928e-01 -7.635347484560643938e-01
-2.149416112995287086e-03 7.661311356861809363e-02 -7.656872881588502322e-01
5.487096566561725508e-01 4.340775866246999737e-01 -1.469220193934166196e-01
7.003719524909230998e-01 5.905795996879984466e-01 -3.106430233732089194e-02
1.458524996874328017e-01 -3.139012516713193257e-01 4.153591421823222829e-01
1.208451808127892352e-01 -6.154544249861406691e-01 1.307726128307138136e-01
-2.376048182243870044e-01 -5.386945073135755019e-02 9.333064100027184118e-01
5.152078301164267904e-01 6.183926007283279125e-01 -5.694568974774559811e-01
-6.274133166471136391e-01 -2.560951066905940432e-01 -1.802356048495376284e-01
-3.035878258490478099e-01 6.377489602370620680e-01 3.466998268953218609e-01
-1.497295333750558732e-01 1.355544695585951809e-01 1.248784633879028716e-01
-3.437515334695041558e-01 2.581478983890547751e-01 4.229993771877756381e-01
3.217126141894432467e-01 -8.297115097684787388e-02 -6.868528072871076251e-01
7.157347147748364113e-01 2.992956507077382811e-01 -4.423231685266218460e-02
-3.762085106237798016e-01 6.924071000070983750e-01 -1.119002978689618705e-01
-1.422899717275642184e-01 -1.475357738622108672e-01 -9.595821047825232597e-01
5.539550646232597186e-01 7.211516780026021589e-01 -1.515629518640559947e-01
9.688701374956697476e-01 -1.475231182834479682e-01 -1.406599998470626188e-02
7.629138126726423552e-01 -2.958414595060830377e-01 3.042704394763656728e-01
5.343762588464800317e-02 -6.841381184535690885e-01 3.644383654625424351e-01
-8.120469891562441880e-03 2.823678595225473931e-01 3.419622592205973088e-01
7.014727312502445633e-01 -3.549876251653297787e-01 5.010527023915571920e-01
9.694656845678885360e-02 5.302423998453223986e-01 -5.034699281878083355e-01
-2.862279586615804616e-01 -1.737817930519245657e-01 -1.134078050256026177e-01
4.581842082305471742e-01 -2.055367796493106636e-01 -6.134487740879595030e-01
-1.441574728196746424e-01 8.055529505604411833e-01 -1.590227505309250722e-01
-1.549789405442004997e-01 -5.736085588658412782e-01 2.772102102289156905e-02
7.394086461909415986e-02 -2.615888666811456154e-01 2.569425980326923153e-01
1.340861977895506096e-01 -5.979060305221006733e-01 -5.618035147030375764e-01
2.009869611094315667e-01 -9.167057961194944316e-01 2.676051739750413550e-01
6.319852270578033004e-02 6.374706444716451426e-01 -7.526739937158415383e-01
-5.962946744075445782e-01 1.245002234611999326e-01 4.377397632856135923e-01
-3.384999022284937986e-01 6.294319043422218485e-01 3.093285903809862014e-01
-2.078644950926347434e-01 4.017081453584743500e-02 -5.106857018700280970e-02
4.909500665289286830e-02 1.291717468106751421e-01 8.120314338404133192e-01
-3.972918012230107765e-01 -4.490555937799040054e-01 -5.145038894242311978e-01
9.614361841683268795e-01 -2.239403829542799262e-01 1.456260843116183312e-01
-4.753614660007429715e-01 6.824525956232534440e-01 1.148745246207407006e-01
8.602971945954768218e-02 -1.468542639136251049e-01 -5.797323376329582834e-01
-2.726025738722790415e-01 -4.676368666111782035e-01 -6.198672426332401120e-01
1.816509393112310800e-01 4.069747067327621481e-01 7.550082689118043922e-01
-5.978555696901136085e-02 5.436601623088466173e-01 -7.860482985139016776e-01
3.760039774681449565e-01 4.200639825091704305e-01 -1.321010240960367454e-01
-3.063132226411218184e-01 -2.636134590901592634e-01 -9.067111557325625570e-01
-2.476143102812967123e-01 -1.291669939990782168e-01 5.855751138146658707e-01
-8.121557882862139310e-01 3.793531675975881368e-01 1.181787660745470120e-01
6.038873057177007730e-01 2.975813553348845009e-01 2.533243239258770041e-01
-9.101352977549984624e-01 3.874331945648277209e-01 -1.090199651163981619e-02
5.369819566615119388e-01 1.984238292833927220e-01 -9.828299436543037892e-02
-7.856513096746814417e-01 1.846113326135887661e-02 6.085192741972740293e-01
3.883740253568860896e-03 -7.457634093192849756e-01 -2.723003312143034149e-01
-1.415323536948979721e-01 2.352313213838589379e-01 -7.302505282172220280e-01
-7.288196762907633852e-01 3.956139239746804814e-01 -1.481379168526721635e-01
2.163358951205475444e-02 7.583698290373058759e-01 6.239101099010438967e-01
3.860161581407164366e-01 6.400824393984713145e-01 1.896547252815672380e-01
-4.167874727256253298e-01 3.618777016872219976e-01 -4.259951286414275784e-01
-5.831942960417828559e-01 -4.366794989834101720e-02 -6.186940520538691812e-01
-6.092183951858362034e-01 -1.755544097835588235e-01 5.597022921896444014e-01
1.443043805809729185e-01 7.525173872832587874e-01 -2.428902086779335390e-01
-6.440459500801998249e-01 4.959990033142182009e-01 2.368707119882977954e-02
2.976446287593016438e-01 8.500478532063139581e-02 3.186279997169352285e-01
4.889008010879070804e-02 -7.477392399901947595e-01 5.748097755677776810e-01
-6.042600569912985886e-01 3.987506262243781241e-01 5.308925184667786373e-02
6.307194029795026857e-01 -6.312780303379167401e-01 2.496987148889863728e-01
5.474456026235501316e-01 3.006297004574749465e-01 -5.742374726339862789e-01
-5.768806586211577825e-01 -3.617185427107803136e-02 -1.130242941244448962e-01
-4.752950445947610736e-01 3.641277831234656093e-01 -3.330290545569098981e-01
-2.118648447820551117e-01 2.558964935558503129e-01 -4.185817281009801549e-01
-3.760718100435775924e-01 -4.366416248680263790e-01 -1.933759886631730152e-01
-7.052211136695664129e-01 -5.134118660418112573e-03 3.729775047940680488e-01
8.905361011169027341e-01 2.470366222524417177e-01 2.751278583881480166e-01
3.750404639118346539e-01 6.675760804290736816e-01 -4.729461644505191797e-01
8.541314535106826478e-01 4.739652989854793719e-02 -2.790264145524825601e-01
-3.715305380558811543e-01 -5.264104550101833535e-02 -5.700232015565720456e-01
4.116358712453593860e-01 1.625849564916849455e-01 5.622322374142993961e-01
-2.360741067235042762e-02 7.573017915805084765e-01 -2.318640892730153558e-01
-6.487597201546432268e-01 -2.505971990462688148e-01 -7.128346113306281984e-01
-4.382969882798917749e-01 -8.955598509633727611e-01 3.102635945400563158e-02
-3.030201404441307256e-01 -5.767113214397172616e-01 -2.274907059912439633e-01
-5.136300967392122274e-01 -1.177795670759098912e-01 -7.321521543720483916e-01
6.616303557406216784e-01 3.257093401589007398e-01 3.815309510639350310e-01
-6.691193403033881548e-01 -3.290681168486499497e-01 -5.763591767763812657e-01
-5.650666997526737623e-01 -1.741126233014975502e-02 -3.289496914592854870e-01
4.047896164055539425e-02 -8.215418319749723253e-01 4.095198455127538884e-01
-3.377463570107185897e-01 2.100005306798689853e-01 -3.247816015782874488e-01
5.018784509890443779e-01 -3.938006894018611370e-02 5.208336540135157788e-01
-6.341283320872036500e-01 4.397455867028832732e-01 -2.214410298080433659e-01
1.595655378771556887e-01 1.758952797578207661e-01 3.733617146843256490e-02
-6.517838915098032038e-01 -1.907843418374855493e-01 -2.601645058778312980e-01
-3.997094634643212907e-01 -2.179176500830387608e-01 -4.652196866934646957e-01
1.507278930248772408e-01 8.810242812671545964e-01 1.355375377653249835e-01
-6.749178501774760752e-01 -7.045047894604494765e-01 -2.870715162309452756e-02
6.226716633945372781e-01 -1.595215883082885533e-01 -3.012587063384086772e-01
3.276543529256134568e-01 3.795421700086410999e-01 -2.770585375161366617e-02
-1.037151334905787314e-01 -7.269226774218086051e-01 1.624024135110085365e-01
-5.791793089197618816e-01 6.493507029239203865e-01 -1.606730916537411347e-01
-7.112475154679349654e-01 -3.720495854320848839e-01 -3.023007166543661417e-01
2.290551754195628217e-02 -4.173179582959542500e-01 -8.736578617912593714e-01
2.507688350297466173e-01 3.701089243159892961e-01 1.858466475867621703e-01
-4.370782930596747162e-01 7.701014831601626920e-01 -7.301711073028967214e-02
-7.766346461876615370e-01 -5.357391071402087812e-01 -9.472231549041984500e-02
-8.310871626622162722e-01 3.188230434163474292e-01 -3.100741530554619874e-01
-4.005673987141047943e-01 6.837367232076380086e-01 -2.637937259286378122e-01
6.154285126549866591e-01 -3.985254121443907449e-01 -2.988681572640961570e-01
7.472245680982096960e-01 2.168416027021169423e-02 2.250996495731614755e-01
-6.146027184188113113e-01 -7.521020694033143661e-01 -5.078129195092887654e-02
-8.141028527374138957e-01 4.564986668396556202e-01 -1.752527094422554887e-01
-1.620565692502007604e-01 -6.287435999978988610e-01 -2.207725987775202847e-01
9.444371930427490902e-01 8.265916079691010276e-02 -1.955868279563655610e-01
3.713656817272079080e-01 4.150151428092017647e-01 -4.912373427780994395e-01
-4.024574740659121047e-02 7.693681154932228150e-01 -2.121376977642064621e-01
-8.278164489641931523e-02 5.211000015911771976e-01 -3.289071849242668488e-01
-2.551551689619518393e-01 -5.009188520654103138e-01 5.033406093777836876e-01
5.920458140602748998e-01 -6.525427319781814672e-01 7.392795147299954794e-02
-6.281445472232521920e-01 5.966794900850892758e-02 -2.260831042199093199e-01
-3.962245325373630056e-01 5.674508358409549591e-02 -6.410478042488378936e-01
-1.998733231525857412e-01 4.678450060314158776e-01 -1.931006022701154401e-01
1.947614026599664150e-01 -2.545520074261646837e-01 2.026928580312239714e-01
-2.677778350081476688e-01 2.376818853032066914e-01 -4.366736972808649142e-01
-8.129237884577624751e-01 -9.210872508940468051e-03 1.017311097163511591e-01
2.283282558600352730e-01 -1.317877815715279843e-01 1.760099825224129833e-01
-7.381138797367851889e-02 8.942752177152781812e-01 3.106320854560654099e-02
-1.338507871094600510e-01 3.446426029642981614e-01 -5.307927629085090748e-01
4.400289423598347516e-01 5.048330136696899118e-01 2.009440470702507087e-01
-1.474099661975833142e-01 3.825813031007944676e-01 8.745767244755197067e-01
1.601139030035459987e-01 -3.202987198495152454e-01 -5.919191375470973515e-01
-1.442185821628307885e-01 4.095459388610394602e-01 8.647845613104255813e-01
2.901131482901829761e-01 9.999986894210936839e-02 2.085058132772059369e-02
-1.043230223343044744e-01 5.331550250694709892e-01 2.991457960605878319e-01
2.975600186845798745e-01 -5.736960275320615033e-01 1.675694053422650542e-01
4.550447250644292785e-01 -5.712178678103693175e-01 -5.572550848938301327e-01
2.504314525890004028e-01 -1.980798747028570672e-01 -4.217157105361668545e-01
1.374215225171137311e-01 -7.579900330400003439e-01 -3.017338217218037966e-01
-4.584434582866541152e-01 -3.390272870491838342e-01 -5.061842496006674352e-01
-2.359295716993253800e-01 3.056027655736920923e-01 -2.995523965892526452e-01
-2.517455943147640096e-01 -4.807920305080329859e-01 6.136463650607312248e-01
6.073308405304518320e-01 6.719025121996927696e-01 -6.502603904667818291e-02
3.959898135787147666e-01 1.730749243362177392e-01 8.132449929568924540e-01
-1.951844935612990495e-01 -6.004016301328714000e-01 9.987230836067642614e-02
-6.966365797293687656e-01 -1.347991373389846592e-01 3.138880409537859739e-01
-5.593328627644157391e-01 -6.506769789937977277e-01 -2.145231120881194442e-01
7.882214213530065461e-01 9.438072157390800521e-02 -5.993750919654035059e-01
7.811742466450880551e-01 5.179694176690029517e-01 3.875897318174452433e-02
-3.147866691267613981e-01 1.209810594061540151e-01 8.942845593019971284e-01
-1.683866383803834244e-01 -5.695028652369490407e-01 -7.041924295700939807e-01
-2.098117955726234440e-01 -4.115790781764189221e-02 -2.589507357979448643e-01
-1.472201968796838234e-01 2.582208358608815701e-01 2.397720247912466518e-01
1.851724090307678774e-02 -2.963056486005311574e-01 -7.175974723588878224e-01
4.046127214927006110e-01 2.025248992485879362e-01 7.539092587755703567e-01
2.832304911668054315e-01 8.555453782151094533e-01 -3.854954622104115325e-01
-7.697304130258274535e-01 -1.396343125440354105e-01 -3.021908677303504764e-01
-6.748696310674454080e-02 3.874242641428969347e-01 -7.155049670198952994e-01
5.339019813370985412e-01 2.463522841177158695e-01 -5.602306190083832238e-01
-5.773001331088619681e-01 2.817088829460221988e-01 2.463048878978227330e-01
-3.696424474591199494e-01 -7.171081363526058405e-01 -8.002730726194456912e-02
4.520893692230305572e-01 -5.777756891891705493e-01 6.229272817272302198e-01
5.748964764709636466e-01 2.263353461488636087e-02 7.247979052584156978e-01
-1.777560241422176945e-01 6.760779398338370716e-02 7.414152491443170012e-01
-1.689832946688662740e-01 4.183981382495797763e-01 -4.790419123380756372e-01
1.104902680222201033e-01 -1.649164617826323898e-01 -3.315160029425195942e-02
1.928273666159957545e-01 5.548777948965821771e-01 1.066914114402208597e-01
1.100257084886083758e-01 -3.075977696067610512e-01 -3.176281048553499242e-01
4.135776055475706703e-02 1.855927581559576878e-01 -6.352989615563526815e-01
-2.110607359054930965e-01 -2.090966452932759567e-01 -4.545550502997715014e-01
4.593480011137999752e-01 -5.614182750265369615e-01 -5.540519565108635858e-01
-3.265183967554233235e-01 3.025871758146587709e-01 7.880223665927350574e-01
2.303933847487386333e-01 3.490231206126391816e-01 6.853963785795657015e-01
1.336669936777009349e-01 -7.474827562103083523e-01 -1.858130833757900557e-01
-6.675196043521377520e-01 7.617326074221236754e-02 3.777806911304923410e-01
4.554641964689819522e-01 8.157874912864997163e-02 6.963277487089967188e-01
1.010138313757912541e-02 -9.812774368923918300e-02 1.847455603524282008e-01
4.086075429707150541e-01 3.680780510811012540e-01 5.810760591401509245e-01
2.501490296207433128e-01 -7.913537994017825206e-01 5.302634907730049418e-01
-7.519401646788747007e-01 4.702962622257715330e-01 2.887183976953939801e-01
-9.942800551713848467e-02 5.341497119747521394e-01 3.330931657395312939e-01
-8.537251472455817947e-01 -2.378235055228576089e-01 2.801071788965944775e-02
-2.481797538825353255e-02 4.255245111487171994e-01 2.141104764750922096e-01
-4.926586227714326860e-01 -4.359859154607477749e-01 7.044436640026160434e-01
-9.263038388466487624e-03 -9.082133853119890299e-01 1.375841690053204447e-01
-5.182224580060594832e-01 4.287313189590856721e-01 4.853561486404870395e-01
5.493329723609832183e-01 -2.588731379463211565e-02 -6.869062085488122360e-01
-1.167287668869184947e-01 -4.733306315696674260e-01 7.193381055494351140e-01
-2.131544153431360333e-01 1.438913837064429227e-02 3.845568022892275617e-01
1.943093252460068032e-01 4.559421537945991809e-01 7.562507699572716957e-01
7.192469159651007637e-02 -3.346224544555203018e-01 4.971780692155237658e-01
-5.638238007073193003e-01 7.177613016570645321e-01 -1.571702170882277316e-01
-5.051340615682926583e-01 -2.561879194250205050e-01 -2.658276650960739174e-01
5.733297299827545546e-01 3.889073496641261563e-01 -5.729146826754166755e-01
5.201348946101470583e-01 -6.450264733276973583e-01 1.808258927518029413e-01
-6.743224881284718419e-01 2.852304312576270373e-01 4.056211709958778000e-01
-8.279742111920605774e-02 1.148120891521329928e-01 -7.063875127355045969e-01
1.688385753099107267e-01 -5.553686671168456268e-01 -8.010829051023486969e-01
-6.505972593434392603e-01 -7.166766444758732035e-02 -6.117502862388687901e-02
4.589529861305646774e-01 -2.925276108171231959e-01 -5.016773825373811724e-02
8.826102962919828432e-01 -9.036064881270332305e-02 -3.226010626518740487e-01
1.877675807751849613e-01 -1.756947893294855470e-02 8.663760633107179254e-01
-8.475214552751605956e-02 -6.974848017030598202e-01 -1.507390138902131305e-01
-3.385938434645334727e-01 -1.409392592626623406e-02 1.214870577095027715e-01
-1.022867567542527223e-01 7.740964808934144292e-01 -2.981918523120972719e-01
-1.966022241511490298e-01 1.582659767195131739e-01 -1.585201670448405376e-01
-7.833059115792014859e-01 -5.101641964148897479e-01 2.065952341489787902e-01
1.922383182268965762e-01 -2.227479641646399888e-01 -5.173229329664027487e-01
5.543583642229502617e-01 5.145210695873847495e-01 6.059691656264415416e-01
3.824362088500093959e-02 4.615236883392455081e-01 8.405902030314160722e-01
6.023827327389588149e-01 -5.054385932507790002e-01 -3.320298485378386788e-01
4.051099701617952853e-01 -5.940063956552772417e-01 -3.821587001639895620e-01
1.836816136200082328e-01 3.386627955879456531e-01 -4.978759623178441451e-01
-6.548710757149031059e-01 -1.758681556101175658e-01 -3.535259523540918436e-01
4.742013196720462620e-01 -2.242060001400376368e-01 2.873962356790847328e-01
-2.903906122097923426e-01 -5.711691774845037983e-01 2.899543372020815801e-01
-3.253162062390825282e-01 -9.271403242039617798e-02 5.712406889819556799e-01
-3.021461127666060995e-02 2.081026169095957501e-01 1.001453170001323917e-01
-2.992722706930792675e-01 5.601800487242978299e-01 3.944036118296124216e-01
2.725771289251028295e-01 -1.126063371978760358e-01 -4.051607716511274604e-01
5.555258627758605794e-01 7.680314308406103185e-01 -1.658586131723276680e-01
3.788504893352251934e-01 -7.898113767817468434e-01 -2.792244854960864164e-01
5.000897949393484643e-01 6.140307308949929377e-01 -2.297986429011416865e-01
-2.190318060722832305e-01 2.014501449320945103e-01 3.717251644837082369e-01
4.184811951374068917e-01 6.732557811916716206e-01 -1.786533448974071125e-01
3.227220903431008425e-01 1.635453161545616929e-01 -8.406636741542679314e-02
-7.358306238958884915e-01 4.333943176074140924e-01 -4.518496456324035404e-01
3.453555420127513154e-01 5.249264991557890392e-01 -4.272151395875713464e-01
2.634131338053415927e-01 1.288102428536253008e-01 -6.810448180689849806e-01
-7.803245375079256307e-01 -3.058471176488412602e-01 4.418770971662398517e-01
-2.498629152189592861e-01 5.084714113123138812e-01 -2.255157809831770388e-01
3.257674263341087673e-01 -6.658393616412435767e-01 -3.184056047294719360e-01
-8.434982030800233233e-01 2.167241197260798558e-01 -2.478765046425288922e-04
-6.400457026899045720e-01 -5.116795900165829192e-01 -5.576000250678480041e-01
-5.287409639261190231e-01 -4.204221958441228812e-02 -8.342372886171545154e-01
-6.777189042655766826e-01 6.461075501818287492e-01 -1.665093727465806195e-01
1.676194430408297076e-01 4.575639086382245480e-01 -6.729140965581882350e-01
6.511415969212932531e-01 -1.354730919141187706e-01 4.468829974283637374e-01
-3.869565722034006838e-01 -7.402665926368234839e-01 3.120462349209073283e-01
3.409147931274376653e-01 -8.820235997124987737e-01 2.461188410286252459e-01
5.789234096708495425e-01 7.577505551810925777e-02 6.523167174960108061e-02
-3.327437332764204281e-01 5.514769741786974544e-01 6.346495428090468405e-01
-7.983867368399901743e-01 2.656788822022332908e-01 7.599846519176099713e-02
-6.483001179503162792e-01 -3.532849375075048926e-01 -5.888833572669018857e-01
-9.920995839476154377e-01 -1.507803325815232874e-02 -1.103742735649038548e-01
-3.509027583637958636e-01 1.811191911417857903e-01 7.679938680196578549e-01
3.536175581889081099e-01 1.602464122217043263e-01 -1.642265878665553902e-01
3.200646883433748147e-01 5.253213972964849814e-03 -5.146672190175433093e-01
3.683870165648259892e-02 -6.872602174736740510e-01 -7.046190942581246341e-01
-4.007961169905484011e-01 -7.719425527113582541e-01 -3.270474253688195887e-01
6.302813489972171057e-01 7.876362395570409014e-02 5.393603500907198089e-01
3.208936973475993715e-01 -1.288781093670373842e-02 -2.544130931285259467e-01
-3.416983866102422662e-01 -4.649751576202652559e-01 -4.935486375987644392e-01
1.346115563212345045e-01 -1.973614619031479889e-01 -4.157212705396060026e-01
-1.181034957494576931e-01 6.229216513891540075e-01 -4.260335887876182670e-01
1.130568018670543018e-01 2.194235217671995086e-01 -3.288500442624667230e-01
-5.552116631260931578e-01 -6.603911700617175473e-01 1.431387273798038484e-01
6.433450180224212223e-02 -7.305749665274923199e-01 2.132010399225530914e-02
-2.437600253401659423e-01 -7.506990236262729432e-01 -5.230416473865376892e-01
-8.245419812240133428e-01 -1.325679996795901538e-01 3.682473450179855057e-01
-3.614565172937990734e-01 2.621160936383872819e-01 1.481016761249108644e-02
2.303917075950124571e-01 9.177228888737520851e-01 1.183537963741814469e-01
2.964762243193361790e-01 2.347493298830150565e-01 -3.299628033791628390e-01
2.360170501924141115e-02 -8.840630394933819414e-01 -3.506091934000233334e-01
2.582727771940213635e-01 -4.762222532520988261e-01 -6.873384569130046584e-01
-2.834127755722406494e-01 -4.125610062521392063e-01 -9.401837231155577013e-02
3.313407639102479707e-01 6.838849087365256318e-01 3.186274251896037968e-01
5.935378166598953564e-01 1.937035656019059707e-02 -7.270102809054135307e-01
7.531433359566896968e-01 3.844386625601993734e-01 -6.755395827461929681e-02
-3.395545070714178770e-02 4.360401931302255174e-01 -3.120807979999919990e-01
3.600990990737882314e-01 7.223481320701293992e-03 8.723655529918379337e-01
3.062645582290137725e-01 8.437754154382902730e-03 9.067871354726623201e-01
3.394363732847441861e-01 3.554034600801010413e-01 -8.305327014595125235e-01
9.711230049860555269e-01 5.464429492661600999e-04 7.647083474292723504e-02
-4.979019555722733470e-01 4.312030538326473428e-01 8.725952885812020277e-02
2.131637874941152144e-01 3.385944820090451279e-01 1.520553050932870742e-01
-3.310780505655719352e-01 6.678753383640375629e-01 3.103614097796289495e-01
-7.832105294754931890e-01 2.606780279922824017e-02 4.017440233366960101e-01
1.078210650208256127e-01 5.714384657416994306e-01 6.296512412010989435e-01
1.922432697690270031e-01 -8.034391160498014495e-01 4.970833102187821595e-01
-2.617961952622403499e-01 4.444895073621245030e-01 -2.046305345677385257e-01
-2.871697372984086671e-01 6.498559170405585061e-02 2.115050984612055693e-02
-2.274408083936805269e-01 -5.250972932187435438e-01 4.664069354546484525e-01
-5.452951543168933490e-01 3.984127646978315451e-01 -5.460868791810402634e-01
-7.813053996476684304e-01 1.897141886921540621e-01 2.239895297661735896e-01
-7.033967515407143489e-01 -4.275103124420986944e-01 -7.514147880825167158e-02
4.646422423729326123e-01 -2.206597042792701746e-01 5.345329071614476346e-01
-2.380550873803029266e-01 -4.001414146743151323e-01 5.600577922604067505e-01
-5.343745692286143711e-01 -1.006114252840325102e-01 -4.542694811440058378e-01
-4.353230268309254414e-01 -4.987784499354772638e-01 3.333271524698034893e-01
-2.566950878866734453e-01 -4.279261618019082614e-02 4.385354374179056131e-02
-2.079436264914211741e-01 -6.390571804873865225e-02 -7.100887963680826420e-01
3.912466069201703256e-01 4.355792301673432586e-03 1.467213945440701828e-01
-7.322225303792737616e-01 -2.973603252296615485e-01 5.603281989860203760e-01
6.258910826820840434e-01 -6.814433354201997473e-01 1.692153193181934190e-01
5.706606214487971312e-02 -3.057415877904212098e-01 -1.161567460295706705e-01
2.876102235127029894e-01 -6.482055097677367206e-01 -6.157893584484347427e-01
-5.212990636408993961e-01 -9.331455300958058086e-02 -8.066877749650699370e-01
2.386783810459884858e-01 7.455362664971786069e-02 -2.982543422037139402e-01
-4.142349023843509143e-02 8.526169587232399483e-01 2.895486501043982863e-01
-8.203437649066385173e-01 -3.249281560616038567e-01 -4.567057973177807706e-01
5.268508548413800563e-01 -5.552069020305219205e-01 3.492796571011892448e-01
-2.934801198809495748e-01 4.929535816758684463e-01 5.260842548158283227e-01
3.774760307306780915e-01 9.206950278885064898e-02 8.626457062932066933e-01
1.825270418768287217e-01 -4.718454467672011377e-01 -1.288627562538904037e-01
7.317843306648839086e-01 2.326138949797283972e-01 5.232105734192039614e-01
6.811979818779649865e-01 4.345594253193061363e-01 1.001319463244615127e-01
4.140288365853218022e-01 -5.693995881320963043e-02 3.845675928133639454e-01
-5.714990511967552589e-01 -4.379936020071645841e-01 5.839814094107009801e-01
8.565867167473455446e-01 -3.451188166692441550e-01 -7.459833907774260364e-02
4.433920013989408604e-01 5.022654235821013557e-01 -2.371327575751008554e-01
6.530116400667896892e-01 4.110281899578550613e-01 6.938689177091644789e-02
5.176704097884341493e-01 -8.024148405193890499e-01 6.005088735839396799e-03
6.840194725913066875e-01 -4.492228712116360101e-01 -9.497637400430813948e-02
-8.123155163924393740e-01 2.324664513796065035e-01 1.060836969467612440e-01
-8.761688984538487657e-02 -3.367125914446061907e-01 6.639675017059543105e-01
6.394697622792136493e-02 6.273865983223092524e-01 4.464385904569915797e-01
4.906534098387393961e-01 -6.235625144771874684e-01 2.241574158790060334e-01
-8.180265792253850199e-01 3.613459828690910869e-01 3.214997566493342229e-01
-3.283134287883067159e-01 1.865797283613078450e-02 9.455775119377934912e-02
-4.779292690606954386e-01 2.373182252903679457e-01 -7.299864449941427802e-01
-9.421227040358500782e-01 1.665063164500863169e-01 5.005239630968767034e-02
6.474979776586706204e-02 -5.880638551782851886e-02 2.919776001357409292e-02
-3.581321740782243968e-01 -3.828153049705526612e-02 -6.130487250443285019e-01
9.822118614659793023e-02 -8.183572242702655819e-01 6.657628114040999023e-02
-2.604975075164865650e-02 -7.359833215893444303e-01 2.049025816752739482e-01
-1.784715962487147256e-01 -1.921997116718212606e-01 -2.358913988909379367e-01
9.408021062884195373e-01 -1.856954610533495809e-01 -1.708713465169710566e-01
-4.052424812443094493e-01 2.806221437788199990e-01 -1.414934977373148439e-01
3.648447767540730635e-01 1.133608915618125185e-01 3.174268588628745835e-01
-1.013993998728855428e-01 -4.721172077672150524e-01 -1.653184817201140688e-01
7.695803599842221399e-01 5.466020261268721425e-01 4.588931283260321015e-02
2.406036274857040191e-01 3.435578841031592945e-01 -3.364180476345674520e-01
2.189670729963351381e-01 -7.426554432524018479e-01 -6.044624704653519531e-01
2.668278235307330881e-01 1.514913955452244776e-01 -4.614872966816049304e-01
5.329867175724913864e-01 3.887448427358346503e-01 2.196400649101631075e-01
-8.685469285087309421e-01 1.551567243244805251e-02 -1.915169732232633037e-01
4.462728804180676190e-01 1.054599577907507496e-01 6.561192942523698113e-01
-2.215276298317567782e-01 -2.771245551935904716e-01 -6.985000353998830347e-01
-3.634304692866427988e-01 -6.941859975563572371e-01 4.751515593789683023e-01
7.864794749991821377e-01 -4.681433430305924071e-01 3.598550720395089497e-01
-1.973827303688714396e-01 5.525456913057482655e-01 -5.532289712536803128e-01
-6.782896214928496592e-02 8.603088324110972351e-01 2.520981551654625785e-01
-7.769152539048147510e-01 3.681748668576395045e-01 3.756099015324896873e-01
6.270847291761132147e-02 3.223264565433451301e-01 1.521149297137982803e-01
2.004113072646983573e-01 -5.892766707598380282e-01 -4.663932926587910921e-01
-7.831103065783425743e-01 1.102685234375350987e-01 2.672130119545350624e-01
-5.849397900444843756e-01 -4.802913847297701766e-01 5.758354213800400689e-01
9.386227396055625283e-01 1.507200832217612529e-01 -2.886396114426383330e-01
5.791633409605110305e-01 -1.826241576984281023e-01 -4.144125015315339722e-01
3.991628978819006801e-01 6.591056235705677890e-01 4.455917902940713660e-01
-2.851002995638700077e-01 2.957627321084804750e-01 -8.569820452584474557e-01
1.154931882597569626e-01 -5.678544810501848922e-02 -9.006940111331485088e-01
-2.542175059796729641e-01 5.538475302151933954e-01 1.045768346918520908e-03
3.416890621774313491e-02 9.026986270062102580e-02 -2.605011718805873011e-01
-2.008359259807845354e-01 1.551724862949914185e-01 3.298975424205385920e-01
-2.990867640451698103e-02 2.537563222332866464e-01 -3.934216656844440330e-01
-7.605308053905885934e-01 1.258466635860999994e-01 2.681823485310749211e-01
-2.878643925054197306e-01 7.251733811907326022e-01 -1.970050194383110020e-01
6.238088278627348382e-01 -9.010557506297794950e-02 5.840356556933602450e-01
6.464478947105679607e-01 4.116173688418189869e-01 -5.133017651348871224e-01
-7.104975661376656815e-01 -1.807801536396003717e-01 5.941063200460082738e-01
5.124216512098582754e-01 -2.645152541578960625e-01 4.653336764926330194e-01
-5.357876313938294555e-01 5.124833397721461070e-01 -3.780325230739479125e-01
-1.110275466627976826e-01 -6.770554039044973660e-03 -9.656127766344780872e-01
4.712699140045887303e-01 -5.418184929135889949e-02 7.775350872340914821e-01
-2.068841338184887468e-01 -6.248078822720145586e-01 2.386507750556064733e-01
5.586003360589478772e-01 -4.172352557651622385e-01 1.468894901753975690e-01
-3.283010513273604825e-01 7.301512098852935839e-01 -4.480354483221016260e-01
-5.920206765334925514e-01 -1.596675012340035560e-01 -2.017897128487663727e-01
2.590033175081744021e-01 -3.462727385582554107e-01 3.477969947886654367e-01
-4.923869747731833280e-01 -4.922374833441174879e-01 1.895848038073767172e-01
-2.175918006793161885e-01 -3.158289608038228891e-01 -7.154469717373498350e-01
-2.447703230726039902e-01 7.516502935920392758e-01 -6.116646076003359189e-01
4.993610904359548908e-01 -4.627976136099826165e-01 3.772564033719655874e-01
8.991799492931173976e-01 -3.168571612990733755e-01 2.867062378488868246e-01
-2.049807974212930761e-01 4.010364541362775870e-01 8.363209892069162210e-01
5.417621172871347479e-01 -2.569888203032214512e-03 -1.758139345835270373e-01
3.492028754507860433e-01 2.955361420112747606e-01 4.219831638504865645e-01
1.795266028109706591e-01 7.289702287035798589e-01 2.080611506826753332e-01
3.430008694879659314e-01 -3.225579711432515206e-01 1.087316685311990327e-01
-4.860212013848135698e-02 -6.212799046170439654e-01 -2.565977394705594161e-01
-6.935842046404784300e-01 5.272837417830311679e-01 4.379099190197187352e-02
1.185722148542222437e-01 3.801821044426408891e-01 2.662973095732141249e-01
3.067285578339268293e-02 -3.841701984650355284e-01 -9.083762481460770921e-01
6.422335381244221875e-01 3.431697437527449490e-01 -4.298999951569412725e-01
-6.266867606071794272e-01 4.154632647796404066e-01 -3.513340409431641720e-01
3.062960512136841396e-01 7.352776520335203569e-01 4.478473697248130936e-01
4.935520145305005713e-02 -1.373087987259780096e-01 -8.606476230984967390e-01
1.228052145727240307e-01 -4.181177704181063826e-01 -3.299724345460885999e-02
-7.978258958407872248e-01 -2.613904929612368977e-01 5.407485585927116478e-01
-2.435563000208916529e-01 -2.819006455831625235e-01 -3.497223694773333169e-01
4.053849923118087450e-01 -3.491194913661721522e-01 -6.489846414715436662e-01
1.656260791631968543e-01 8.664823605721487798e-01 3.460731499399523070e-01
-3.780959582674666142e-01 6.950079422034698140e-02 -8.476501822281492515e-01
-7.458588039904078260e-01 4.470832828085422039e-02 -2.476882801469357520e-01
3.613459219305883430e-01 -1.998094588124638138e-02 4.357569064112966628e-01
-3.613790263724531854e-02 -7.813808007076986639e-01 8.004618328088969337e-02
4.166152516383428428e-01 -6.349899333520195865e-01 -2.847712082087495156e-01
4.788420155407184520e-02 -8.721915255773060593e-01 -3.755872191274375882e-01
-8.713701416860200610e-02 -2.541486715340888214e-01 7.617043770906545275e-01
6.996511958436862910e-01 7.062537553204119023e-01 -8.120782740630326513e-02
-5.999547656568787746e-01 9.234408706264726763e-02 -6.172826764301000413e-01
-3.139781886530801369e-02 -1.043880268607255551e-01 9.789537321715605089e-02
-5.149177166194134347e-01 7.555198201126999136e-01 -1.146124280649664234e-01
4.234163436763919292e-03 2.392708027317591302e-01 8.393358223502849214e-01
-6.331186955506136194e-01 -2.886697182509769255e-01 -6.860359076370312614e-01
5.342071019483467520e-01 -3.307556204897535435e-01 1.234353062426814251e-01
1.411052139025570640e-01 -4.049711574128773139e-01 4.010839480505878352e-01
-4.418084249819493881e-01 2.490420649344521342e-01 -6.501378354937938919e-01
1.912837923327413980e-01 9.650613145043388519e-01 7.356679864634342592e-02
4.099486203851926969e-01 2.164010327250162624e-01 2.398846674872616158e-01
5.557883313806797482e-02 -4.044787627932660001e-01 -5.316915649440346892e-01
-2.983437288326371561e-01 3.788460976563783889e-01 -2.087483792368941271e-01
-9.572270627344710292e-02 9.552268522653653005e-01 -1.902027222474810203e-03
-1.274614190581904172e-01 -4.227826926957329312e-01 -1.027709161520049125e-01
-1.318179333623725469e-01 -4.135326611404241404e-01 -5.934733404580372351e-01
-7.069482137897898921e-01 4.303947709532549570e-01 -5.193889107927278648e-01
-7.959427918548646341e-02 5.291599219084462957e-01 3.457848425627390587e-01
5.762761581478972328e-01 -7.482514012803122005e-01 -2.916459750179002386e-01
-4.288732155568638627e-01 -2.708285345667535426e-01 -2.989545480595083293e-01
-8.703545301689555869e-01 -5.664720353485982324e-02 4.870399423971273345e-01
-9.153542652942521507e-02 -7.692275325435972144e-01 4.391920265532411327e-01
9.373525335453450347e-02 -1.955399303984245718e-01 -3.927035906146817412e-01
9.971207694213987671e-03 5.391046251972350101e-01 -3.458798613533738409e-01
2.928333885651451252e-01 -5.818753778675089805e-01 -3.263620842335046568e-01
-3.049838066211141285e-01 7.285256544361055075e-01 -2.520485896044156182e-01
-2.055463042342171309e-01 -8.219668313959010986e-01 5.756292036063644091e-02
1.503087067185661652e-01 5.821487148026799341e-01 5.526654981544164569e-01
-7.845363475618654103e-01 -1.618943248928473300e-01 4.906053882087593743e-01
1.905865319430505994e-02 8.134613383337484516e-01 -1.822684768126047183e-01
-7.314685536132887744e-01 -3.026241093819142525e-01 -1.208061922691251039e-01
1.767941293073877762e-01 -6.489519477961618321e-01 -4.331417400563626896e-01
-9.550901442159036581e-01 1.600368610107525498e-03 -1.798020643797984541e-01
-2.150942287640404404e-01 5.417601235763713774e-01 -9.957110979191438616e-02
8.850925711278713193e-01 -4.880282890536443569e-02 3.497169265359257456e-02
3.911760436536539931e-01 6.337234656997897675e-01 5.266310398597262576e-01
-5.064609490334910369e-01 -8.158043034882305200e-01 7.464333663052503953e-02
-1.740304158364187614e-01 -6.250298380505864282e-01 -9.664125722087479886e-02
4.929098173657945892e-01 -3.443197970548758091e-01 -6.954193650245614755e-01
-3.850123662972049776e-01 2.089902008154470581e-01 7.180671968808166605e-02
5.744492340847516809e-01 -2.538528165604555520e-01 2.107459823933667820e-01
-2.538868975391175842e-01 2.502660012355574781e-01 8.544941331899907899e-01
7.333596180357003780e-01 -6.014155055433092478e-01 3.701353148845066415e-02
2.653707088015248017e-01 -4.568434304950688696e-01 4.750776915984060156e-01
-5.011425877307718046e-01 1.334353289586131565e-02 -2.091399672149444611e-01
4.080827540801817421e-01 1.749724931282445606e-01 6.362050884009609053e-01
-1.353660644809700220e-01 4.832643890532373754e-01 1.710489269613733043e-01
-3.789355745063981429e-01 9.678513673468772116e-02 -7.581972133043658468e-01
-7.377564498593315312e-01 -6.496612155347901707e-01 -4.900267127138315318e-03
2.554325248952805660e-01 -3.802187774827543443e-01 -7.961622122956980574e-01
5.097862847318424678e-02 -2.434080068258493712e-01 7.015548613111504128e-01
6.033757272657617188e-01 -3.237721739033371654e-03 7.748396704288663672e-01
2.414341224294735688e-01 9.007216509445644670e-01 3.509817249247081383e-01
-1.753358850885852749e-01 8.069780889101703103e-01 -8.517661651547842050e-02
6.405111493607524853e-01 -1.569343351421708666e-01 2.881097867600460050e-01
-4.871966671229686074e-01 -6.343086844121220702e-01 4.319815774530650909e-01
-2.108007565459274132e-02 2.669741246313391825e-01 9.497293524340563176e-01
2.777331455338487021e-01 6.200219986548244355e-01 -5.184046575412324387e-01
5.013453869769229909e-01 2.360222292551884260e-01 -7.144745111590453668e-01
5.103844369456048830e-02 1.654836878789339161e-01 -7.063059921332351943e-01
-8.302373887204793634e-01 2.587970234473963016e-01 -1.784402246423865135e-01
-1.906731542073207553e-01 -5.623556839050682932e-01 2.431215038605269163e-01
3.345237127422551193e-01 8.107108927351283079e-01 5.227928305558077193e-02
8.878553169689218372e-02 -4.871298979550108266e-01 -2.374261303135575540e-01
2.342666562789831597e-01 -6.892472863089239565e-01 -5.501849793058779525e-01
5.995683506233868698e-01 1.072328715507416957e-01 2.330431755260716498e-01
2.045175394918126721e-01 -6.007759699388229291e-03 -4.709146938863317811e-01
-7.099029769214375563e-01 2.681992330112792366e-01 -9.291247762471936678e-02
-4.082384174947307764e-01 -7.968965227358589809e-01 3.884334090852419319e-01
1.347578150124310314e-01 -7.706724982431143456e-01 5.362741839799809451e-01
-2.239824580834615664e-01 1.663089282572021710e-01 -3.232314799599269595e-01
-9.177471953263476312e-01 1.302421162851326586e-01 -6.736621437833338610e-02
-6.430835137315681349e-01 6.191481091836312789e-01 2.158352851995418709e-01
2.202384516815824311e-01 -9.204869627893222384e-02 7.200800699075030065e-02
-1.866761347512660152e-01 -1.024773827370449031e-01 -2.047531194614569394e-01
-1.043665885855776798e-01 7.887460730121677033e-01 3.144081292591550669e-01
-1.097731026198281307e-01 8.401648609311266336e-01 9.863844645503980213e-02
2.644500834964721991e-01 5.935733809348180817e-02 7.273162921478679710e-01
-4.493991981208494968e-01 6.116411432613256816e-01 -3.640605171991495026e-01
-2.746048969765054193e-01 -2.019298662481081585e-01 -4.223223798045876443e-01
4.969212787052025848e-01 -3.534109578307372268e-01 -5.640183293082398075e-01
3.108015568027643338e-01 1.776640589276209936e-01 -7.169609527956675166e-01
-1.126079996170234881e-01 9.774991184081810447e-01 -5.780090585678401838e-02
-3.730950263501205399e-01 7.139555788330077812e-02 -4.580826442220633510e-01
-1.253192618349159015e-01 -2.616470496913075872e-03 7.900844729493872176e-01
4.479230598604222457e-01 1.208236295150409007e-01 -7.193950130225051920e-01
3.464792554581413442e-01 3.312861658685140043e-01 7.903628189307159158e-01
2.344639556111094147e-01 -6.507970209613010704e-02 7.994494290842916184e-01
-7.918101999411897296e-01 -4.818705237557847076e-01 -1.246052998720365845e-01
7.011538871981616294e-01 2.465212966211869916e-01 -4.290744750459619117e-01
-6.452322644329289147e-01 -9.897805262693348816e-02 6.110129028516485261e-02
-8.386483249438938525e-01 -9.502822224257833836e-03 -3.223597726968784327e-01
2.348228693291684321e-01 6.294502341176368976e-01 -5.930816483036904785e-01
7.278373309779763156e-01 2.346586716865514122e-01 3.080916062436158120e-01
1.520992120590693164e-01 9.266417450132637956e-01 2.955995651275050151e-01
4.260410299844151205e-01 5.411227962438614619e-02 8.330097008125116886e-01
3.990080473484139932e-03 -6.381935179884630494e-02 7.534245447713657784e-01
3.723404232195046681e-01 -6.331173473904683213e-01 -6.617248465961439452e-01
-2.958961265359869725e-02 -7.571799183151559642e-01 -3.285888163212173918e-01
-5.462099800485910039e-01 -5.477379232561300215e-01 3.278196090513981198e-01
4.274524094544488451e-01 -5.485737797402066018e-01 5.002694869121673271e-01
-3.178421229900377232e-01 3.144032637387843276e-02 5.810636042449064398e-01
-5.865496393421555377e-01 2.248080197838009386e-01 -3.599964022559177801e-01
-6.597308908010974804e-01 4.547699311096468633e-01 3.844234683979156492e-02
1.069411788725743023e-01 5.840373813692627536e-01 2.094473614688076302e-01
-2.437267344686794290e-01 4.448296140018639377e-01 -5.260443728635721961e-01
-7.741422435869292629e-02 8.500505643183549065e-01 -2.641011698282094144e-01
5.753825421836282761e-01 7.187920700020378195e-01 3.636529191742748912e-01
-2.288850773878284006e-01 4.418282090665278106e-01 -3.873263489378447888e-01
4.657073031941277308e-01 -4.616647108298845281e-01 -4.079073924785862615e-01
6.409221935873422593e-01 9.831923887686531971e-02 2.149072370633578477e-01
4.879295046976249162e-01 3.861615589570197016e-02 -4.996673078243130672e-01
-8.494931364116827810e-01 2.082513849816290952e-01 -2.815767201659630237e-01
4.928046930422262939e-01 -5.188558353428630587e-01 3.007183691779380386e-01
6.800980254367223754e-01 2.099683145249613969e-01 -2.881763396398864252e-01
8.660332796577628611e-02 3.699740678683344219e-02 7.476946926109416802e-01
1.520762589322372516e-01 4.105596236323076353e-01 2.551137324880294321e-01
4.241496175524134826e-01 1.895501787664067572e-01 -4.805584684678256280e-01
-2.440325828346990855e-01 -1.155341660531614550e-01 2.200139174190882813e-02
7.112276500522326517e-01 1.325108000728914825e-01 3.702728319664167489e-01
-5.349284870751950249e-01 -4.310552372962110357e-01 -5.392311260870541467e-01
-1.452350188084163274e-01 -1.561489319326992420e-01 8.669376729435924744e-01
3.609601825660414542e-01 -2.803371271163698775e-02 6.088235154344733280e-01
1.494851737014500914e-01 3.352937377652135953e-01 3.990637964472272259e-01
5.766883753435635418e-01 -2.869274853932067826e-01 9.903969426841013890e-02
-2.051867882564110679e-01 7.911688258645249716e-01 -5.032672603117831489e-01
-5.430494833532193422e-01 -4.670624613132811631e-01 -4.781959102615360169e-01
3.385404332420867135e-01 -1.455750762033672097e-01 4.342029177766846271e-01
3.279361873929919069e-01 2.391136802272447737e-01 3.355956518442334002e-01
1.472523777865948069e-01 -3.416240484062738059e-01 -7.653224779838148084e-01
-7.947718925667569545e-01 -4.458299037038148671e-01 3.871771659157056678e-01
-7.854509374382788456e-02 -7.070959876341240680e-01 -6.614814762527743142e-01
1.317347203029592406e-01 -8.624231408754411410e-01 4.521265654590666538e-01
3.256054671420111069e-02 -6.078711399085415801e-01 -2.787550190443841003e-01
-3.473750070583663807e-01 -3.528237843539133167e-01 3.973880370155551817e-02
6.308168243661107510e-01 -7.430713137821390868e-01 -2.115297129581801272e-01
3.244309066887658966e-01 7.480532092152917256e-01 4.423915658472992174e-01
-3.807175202057739849e-01 -1.473246313703191757e-01 -4.563941297502761008e-01
-6.240742970704999948e-01 -1.080587266711863226e-01 -6.212951696055275530e-01
5.779400987576794879e-01 3.887414057184808702e-01 -5.133653524431239790e-01
5.950912063728074075e-02 -3.296465523158497168e-01 4.163840322516614290e-01
6.708442942747888660e-01 -1.626800254107415855e-01 6.671039154300414387e-01
-7.192073928263303939e-01 -1.375503978262964111e-01 3.955918921564144548e-03
3.731462803042601695e-01 -1.287671644302960383e-01 -3.150270135063164278e-02
1.932597154031355235e-01 -1.535156624351328991e-01 -9.289195606677376205e-01
-2.866012973678362385e-01 8.898503613854263916e-02 -1.608813501057346496e-01
-6.355506226379149526e-01 -5.879623621692383617e-01 3.124479631349485476e-01
-1.256302819460837494e-01 -6.827375529851262836e-01 2.626823160151215419e-01
-4.322815258383904680e-01 7.657787444085913942e-01 -3.273668065371657110e-01
-4.682930995661978568e-01 6.526028965592033382e-01 1.373233301469416190e-01
-4.498465522045481113e-01 2.396218660697195246e-01 4.989503446309769830e-01
-4.356638381643250235e-01 2.580455572169043643e-01 -4.932258265412745035e-02
-2.286823986074607018e-01 3.466176663794001689e-01 -7.486162598722773120e-01
-5.110554185679981876e-01 -2.041614683823391452e-01 3.303499935556066247e-01
-4.983433224666179544e-03 -1.294576380332067289e-01 1.214054547465574507e-01
5.132214014939850966e-01 -4.237714238218882046e-01 -5.636941325495451460e-01
1.106618859430927859e-01 -7.807731366727842515e-01 2.900118575342968130e-01
-6.724441302522369268e-01 -4.749312834052638738e-02 4.943623859985273872e-01
5.491629146157996910e-01 7.550320605667789620e-01 6.741062517446898272e-02
3.534421678812532663e-02 2.885250539606852294e-01 5.630910881592793293e-01
4.182721431342802942e-01 5.687333413015915190e-02 6.236280609731171820e-01
-5.029556982941948973e-02 1.409137175296453492e-01 -6.690227321082563572e-01
8.217351207320395812e-01 3.349376669197541290e-01 -2.887249943164288402e-01
5.271388962175279670e-03 -6.140705566442689056e-01 7.483725660943301161e-01
-1.043305858481894527e-02 -1.773293076748849034e-02 7.644627490807712755e-01
-4.021216301019465145e-01 -8.120406169256283446e-02 -7.229008153819214966e-02
-8.810745289224818089e-02 7.218631014444557570e-01 -3.777212401348066240e-01
7.315325949240965298e-02 6.570776442322804334e-01 -7.375037419674181915e-01
1.543818404506196451e-01 3.344943787583638528e-01 2.920728830223783823e-01
6.123071715659014203e-01 -5.152228785034730640e-02 1.444990637416916079e-01
1.366667578352616097e-01 1.935486414119778620e-01 3.990685019436330805e-01
7.044251503224808753e-01 -1.710075348922431571e-01 1.641100601940223280e-01
6.830503103126346343e-01 3.588086019176761621e-01 3.560939736545162271e-01
-1.748061780260460329e-01 2.107036055235655958e-01 -3.380470933471192985e-01
-1.299761112204965430e-01 -5.416878512712823834e-01 -3.160967274135531579e-01
3.577405905660400731e-01 -3.243742699815961861e-01 -2.484068336614761174e-01
2.631581819983975778e-01 -2.341697403763046414e-01 2.881253770740766496e-01
-2.566300223516058132e-01 -5.576786327226893603e-01 -4.165230798114764044e-01
3.297998373272665873e-01 3.461233245788711277e-01 5.600986599836671465e-01
4.806798341662989471e-01 -1.249910233301591289e-01 2.180904074097420597e-01
-5.328451185754853325e-01 2.659881524769686090e-01 -3.332308828789626864e-01
-2.635638048697843683e-01 6.041012224172447320e-01 4.129724057442251683e-01
3.127262953517548350e-01 9.356756686301141712e-02 2.831532788122925193e-01
5.406622289961149352e-01 5.637589674061896927e-01 -5.979943720912974658e-01
1.278579874288006124e-01 -1.741092147297616244e-01 7.620674170330452579e-01
3.446492586726528917e-01 4.894226910005177178e-01 -2.065991859708330713e-01
-1.110042279131264326e-01 -4.845979462511570968e-01 -3.062567172138354610e-01
4.048558993542308304e-01 7.886994448778031908e-01 -2.948426673720943025e-01
5.057021265955163880e-01 3.488699854261526068e-01 3.340154544013633209e-01
1.534494815609692697e-01 -3.008795790818203919e-01 -6.651489559675947127e-01
2.260695202694545380e-01 6.361394911815613229e-01 -7.289979784574485144e-01
3.335868117604088301e-01 -1.694838482790996248e-01 3.814892278676509374e-01
3.564290873790780800e-01 -4.530441673774577849e-01 6.063441112171905623e-01
-9.241378146291191475e-01 -9.671302535020057448e-03 -3.762017608079265552e-01
7.373797204583303344e-01 -3.131687976302631737e-01 5.024924730093388581e-01
9.761974041183589801e-01 -1.308028501888260642e-01 -6.121217188661211284e-02
-5.996050857443997462e-01 2.157927902743400628e-01 6.633021651349682024e-01
-5.634694104565254325e-01 -3.991772180598779363e-01 -6.121595860269026801e-01
4.897475614432382773e-01 7.441540952486889182e-01 -4.317973382460857934e-01
1.904173845599639314e-01 1.519364500005630503e-01 1.863896138626812971e-01
2.176441022415418203e-01 3.924111762325335762e-01 4.437051086506284547e-01
-4.555522020042706011e-01 -6.490232852765012161e-01 -4.311077897615870347e-01
4.074836437742333506e-01 6.354313200105663473e-01 -5.185527917490411198e-01
5.642215503664370635e-01 -4.446441686082237554e-01 -1.328900157037941621e-01
-8.420695768885251564e-02 9.203940322508744609e-01 4.842643214179508104e-02
-7.204195432814163302e-01 4.529749850145918799e-01 5.033850833353218368e-01
-3.145632534638883593e-01 -6.279036537678748739e-03 8.560116981901747524e-01
-7.041825838604677257e-01 -3.292772169496498841e-02 6.689076063003404071e-01
2.061400100356206855e-01 3.272793083771626255e-01 -3.226953265925457948e-01
-9.020924688651810186e-01 -3.061787465513303719e-01 2.971476273515726851e-01
-1.442271790531910458e-01 -2.620628009521338009e-01 5.575423928807146101e-01
-9.846108121350825859e-02 5.272950760504473422e-01 -2.128026164932478315e-01
3.239943895089528736e-01 -3.673094475153222405e-01 -7.856920181920277191e-01
-5.927410048363760536e-02 -7.552195549400528840e-01 5.859766472383535207e-01
-2.858104989110947791e-01 9.655658240280341753e-02 -6.095091247879433904e-01
3.183932060227677163e-01 -1.797666639662601484e-01 -1.106091370960798903e-01
1.973802234480255824e-01 1.731872049638702405e-03 1.614494861457404784e-01
-1.709863525053896896e-02 -3.216052723798275559e-01 3.052598043736043931e-01
5.825427707672102828e-01 -1.830400523075407793e-01 2.508550756282276195e-01
8.109626968799904523e-02 -7.695185988096083785e-01 -4.405850111781227652e-01
8.817662860253570045e-01 -3.256401617121469361e-01 1.257646936557756945e-01
5.203169798283500125e-01 1.632775276192443559e-01 5.541075230543496266e-02
-3.335983814775717732e-02 7.038800760997048211e-01 -5.681822586966028821e-01
8.355887410390969716e-01 3.560852622578688370e-02 -4.905613719688557972e-01
5.615003649462544377e-01 -7.309646277326649066e-01 -3.218103736737546461e-01
-6.716663758921416205e-01 1.728283641902297330e-01 2.396758519933778198e-01
-1.412692391475963150e-01 3.329225745992273056e-01 -3.644739073054300005e-01
-3.150259837108632666e-01 -1.752897425763395300e-01 -8.663233002794923365e-01
-8.655843679448023131e-01 -2.309017924586839465e-01 2.054448993098189069e-01
4.957783738343626845e-01 4.589911419278676075e-01 -6.989484009424304922e-01
4.510297397806847797e-01 -7.832468662218411426e-01 3.884977449892284412e-02
1.643623439691662691e-01 -6.123652054759711749e-01 -4.995545737648315887e-01
2.462849354013544878e-01 -1.765004110810603488e-01 7.648285919889251661e-01
-5.070077478914297719e-01 -5.898251748921735649e-01 1.169205438530216273e-01
-3.949381130300767540e-01 -4.437033110896024812e-01 3.487685400740046515e-01
7.201944099323440707e-01 3.641877080049934490e-01 5.711097152264695831e-01
-3.293239229766955350e-02 7.677819889983032997e-01 2.045352151816480224e-01
6.216448662478715192e-01 6.916346568867529632e-01 3.238465797269638458e-01
2.262998281598856132e-01 -1.877935510508455808e-01 -4.282952850993648197e-01
-3.822702838784969304e-01 -8.315377509063770489e-01 3.542816156787573778e-01
6.661303849835338298e-01 -1.136206272063429584e-01 -4.756300679751195859e-01
1.711735217770438966e-01 -1.897270917943483792e-01 -4.073599867328414614e-01
1.746681618400693359e-01 5.130898683185990405e-01 -6.841625524314874918e-01
-1.892008760892699426e-01 4.845807976609968204e-01 8.491369153910905965e-01
-2.685364731774005365e-01 -8.231896013035430171e-01 5.232844674810693819e-02
-1.933455649446965685e-01 -3.871000510266855987e-01 3.836096224378021668e-01
-1.995231210633452434e-01 -1.012323229892173881e-01 4.734253935977955630e-01
-2.182913117890074861e-01 -5.268497700395691208e-01 4.769147151690356079e-01
1.678042480739007358e-01 -6.410187711944492772e-01 1.721573059347670243e-01
-4.768938303549051239e-01 1.359603024451486453e-01 -5.072568815687876764e-01
5.102081254319817960e-01 -3.936817049110753475e-01 2.897823986080485525e-01
-2.059701355074382012e-01 1.322822639746234173e-02 1.738610275961430252e-01
5.506248153970880743e-01 -3.888793918329420674e-01 -4.033800884962904787e-01
-4.518682409409900402e-01 -5.913533451233791149e-01 -3.849420262397005299e-01
4.751674181592455692e-01 -2.382560981541370637e-01 -8.019818996309336923e-01
-9.058324377438731201e-01 -1.399076515449968472e-01 1.016006396880017731e-01
-6.425218990402911112e-01 -4.895244356744340997e-01 4.525711495034087095e-01
-8.343650833759935770e-01 2.574605174674974295e-01 1.935535503492261666e-01
-1.205618022789479299e-01 -7.631090494014997061e-02 -1.126108796492632236e-01
-2.594367402025972158e-01 1.350439750051881660e-01 -8.340198873512008060e-01
7.736944005164156923e-01 -2.120652360165682648e-01 -5.272792840202313869e-01
-8.262361665479311945e-01 8.482486182862535029e-02 -3.115434077648013278e-02
4.726310625001478027e-01 6.793421812218046751e-01 -2.744909951225809053e-01
6.548311261990276133e-01 2.533809840351267662e-01 -3.208653777887892633e-01
4.543180692961676925e-01 -6.968325823754809023e-02 4.316720734581817182e-02
-9.385768998668425622e-01 -2.007154046764399180e-01 2.190284026520324459e-02
-2.990487541072128774e-01 7.624362620311705419e-01 -4.712180621996645558e-01
2.382327381627336316e-01 -5.186180585982240743e-01 5.256309378344248273e-01
9.226551336677693005e-01 -3.676541470521214189e-02 2.265168737850807301e-01
6.528818782800959175e-01 4.436684652871263346e-01 -4.450431781080947391e-01
7.353141446906968914e-02 2.829293594077954624e-02 -7.955876199229321433e-01
9.100198507764246658e-01 -3.171620255288026269e-01 2.416190494082943452e-01
3.681827951083479489e-01 1.970586223911332813e-01 -6.214945684775845525e-01
-3.597529639683099689e-01 -4.225670701558475323e-02 3.115207832145162198e-02
-5.206078921090212183e-03 7.672081740535383609e-01 6.120529257168821902e-01
-3.227856278731228712e-01 -7.572262043199083914e-01 -4.677254078312902408e-01
5.445292208621541619e-01 3.952456431137226223e-01 1.365082344926618896e-01
-2.847095446299164334e-01 -3.772537014861324645e-01 -2.594833315176557909e-01
1.081268015805947752e-01 5.449430181003298568e-01 -8.224131747663627756e-01
-4.671423886225534727e-01 2.031002106954618858e-01 -7.177778380818468085e-01
2.594589858663389759e-01 -4.531215470869452977e-01 -1.534272309147895474e-01
-2.779334385529859675e-01 4.934199083393750462e-01 6.423793310518144395e-01
2.725866633886867008e-01 3.480095625878772969e-01 -5.925964993627712563e-01
-2.737428064562186236e-01 -6.210039234274311593e-01 -5.826710982746207135e-01
-9.326250075513456417e-02 -8.787030601872205526e-01 -1.900173114112869432e-01
-5.488456135891765092e-02 -5.907187533278556169e-01 -1.842665814145537720e-02
-5.969512897386745065e-01 -2.308306196880219319e-02 8.013894101413596704e-01
-1.707481485153035383e-01 5.172134266746787334e-01 -2.658197119804358091e-02
8.433421083493369830e-01 1.357668358658779828e-01 4.726737335040311350e-01
5.642984207483714432e-01 6.624843943333598162e-01 -1.095379599610614568e-01
7.352644190531818502e-01 -5.939266172357304807e-02 -4.800799396946717201e-02
-1.195621753308915708e-01 6.625833702194209307e-01 -5.910531429597554176e-01
4.978851069558990483e-01 2.313429270827716822e-01 -6.361835012773336961e-01
2.937747802294020105e-01 2.221220824126927951e-01 4.215631136663300915e-01
-2.348999162458751955e-01 -1.029257638528909558e-01 9.022946774412893278e-01
-4.567778462842540521e-01 4.661250618305293886e-02 3.912829740198335293e-01
5.852101698480255410e-01 -5.126425047078578823e-01 -2.089131628627020620e-01
6.855550755375995342e-01 -3.872779187390015809e-01 -3.825431461311813441e-01
-8.219480781860481755e-02 4.353587830665812675e-01 8.620524477381823480e-01
6.323187952761838426e-01 4.220899747866739826e-01 -2.096920616677833138e-01
7.331269367094606082e-01 -1.374972103983463922e-01 -5.052498536544430818e-01
-9.657986404734698882e-02 -3.322606450324542826e-01 -5.894169380422916715e-01
5.207045317742280410e-01 1.379663183408933180e-01 -7.247292158964631081e-01
-2.650894608162286947e-01 -1.009852830690579351e-01 7.894719590828968014e-01
2.101132434394819282e-01 3.808936081734250467e-01 1.114091748828060224e-01
-2.595628179159130133e-01 -2.119898296886377209e-01 4.119028195028479056e-01
-3.722055648477174405e-01 5.378402559538444372e-01 1.873083486735514433e-02
-1.230437702667227240e-01 -8.418228536646210625e-02 -2.372370414774999936e-01
8.649028197860020306e-01 -3.620196636217858921e-01 -2.117431218900850953e-01
-3.083539067356922958e-01 3.384479906255815074e-01 4.452239320678388901e-01
1.141076971526695932e-01 -1.431105069044634193e-01 -5.844731626545134756e-02
2.180484708798851867e-01 -6.501384764175552888e-01 2.489732567536446506e-01
-3.182450321317811803e-01 -7.188335776213329309e-01 -3.005369506029418880e-01
1.264535378498346518e-01 2.613362454922427136e-01 -3.207870362891163118e-01
1.372827771199795210e-01 1.241479337218847345e-01 -8.096241475868992676e-01
1.822269654696245800e-01 -2.636392794014400520e-01 2.465821922890583107e-01
-3.709639187019208029e-01 5.675013480822926892e-01 -5.865021003991277571e-01
-8.132238233214822420e-02 -1.001753588533452026e-02 -4.796805058060817917e-01
-2.630745837335219939e-01 -3.103381258174222126e-02 3.679643672365083829e-01
-5.253999173100600828e-01 9.471757113511275472e-02 1.645806769954343829e-01
-2.460050786766843911e-01 -5.710082480368907643e-01 5.742020763840862685e-01
1.606267109624175682e-01 -2.965155655694139414e-01 -1.381274891842146635e-01
-2.651496068878937962e-01 -8.651824603693012913e-03 6.832815557873851420e-01
5.006560752764732669e-01 -6.769212817685440475e-01 -1.844570660248095184e-01
-3.065509484422085928e-01 7.898910046086241588e-01 -4.020641897042630530e-01
6.044533251828192455e-01 2.541914688121310051e-01 -7.076668509768891946e-01
1.915993447688096318e-01 -7.411302003826629736e-01 6.428921631425100758e-01
3.955773430782766886e-01 2.455833727416494305e-01 -1.977248806397484682e-01
-1.375510909442259344e-01 -3.387681856890738079e-03 -2.338113846263350226e-01
-5.217342427022547691e-01 -5.838130093383016306e-02 7.390973812360288608e-01
-2.384911885911621121e-01 6.424857638507124047e-02 8.954857943108317508e-01
3.318183428981349298e-02 -6.308358150417593679e-02 -9.639297162087364645e-01
7.613390592696944736e-01 -5.487934313438646017e-01 5.845348176707969995e-02
3.796550614845006222e-01 -7.898684707559369134e-01 -4.815591892865853652e-01
-2.588380663418596468e-03 -2.416209103515184475e-01 3.724940974050658382e-01
3.684300960996243490e-01 6.053589231496347284e-02 -8.805810240407494494e-01
-4.517954472539868482e-01 -2.526501732543660061e-01 -5.736149538700984207e-01
4.337155280659246714e-01 3.045817279189526050e-01 4.595869428074866869e-02
-2.912850129328755644e-01 3.584172606336902267e-01 1.756631350562253280e-01
-7.304457955014855841e-01 -3.332380538315838359e-01 4.753728981640935047e-01
-3.991820901972104041e-01 1.279146457420317629e-01 -6.977826903324233498e-01
-6.412691770523356594e-01 -4.309443139774050135e-01 3.513281113140876433e-01
1.658686387633858117e-01 -8.254779023235645496e-01 2.653716512373116010e-01
-1.705150740337155746e-01 2.790602097813195126e-01 1.101501701439820818e-01
9.299586095193135282e-01 -1.018103472018001554e-01 1.446033966045591201e-01
5.383099675659336336e-01 -6.992255232016290067e-01 2.141908810771961380e-01
2.210566292358609464e-01 5.933105788642437650e-01 -5.828809203712133069e-01
5.773391091072298531e-01 -6.351338108228891111e-01 3.214584103573871199e-02
-1.680807296003360984e-01 7.710002741201070764e-01 1.028829092547147300e-01
-3.544733552911223939e-01 -5.076052581376191419e-01 2.636633769978568576e-01
4.089779628939841372e-01 -3.092453066260146266e-01 -6.713466622457604505e-01
-1.954105601118115987e-01 -8.221947042690674889e-01 -2.100691722823582741e-01
-5.393977637043250173e-01 8.058855559642880140e-02 -7.521198354825562316e-01
-3.233928737755021321e-01 -1.187758421792768360e-01 -6.154676225396181755e-01
1.438655015786540758e-01 6.635893335806438698e-01 6.503606618113136895e-01
1.746493845981004767e-01 3.790212332527650996e-01 -8.009523521376387123e-01
2.451730415903227434e-01 4.882193134601134354e-01 1.354156071316597598e-01
-2.558119577740112227e-01 5.360553119503253666e-02 -4.297014814310125275e-02
-3.759895341952929765e-02 8.134942375025382422e-01 -2.854351432531253563e-01
-1.329841460156324096e-01 -7.307662816832477537e-01 2.428243197989342905e-01
3.500127683829149516e-01 5.552168076758672299e-01 1.743294624688937755e-01
1.279130085006325961e-02 -4.344139004919247427e-01 6.315583761412703057e-01
-3.212363968031572981e-01 4.414766385949312477e-01 7.803544643613862242e-01
-5.663739433055351435e-01 3.822756454491343936e-02 1.938715613072652943e-01
-6.156572656044125708e-02 -2.639742785404856074e-01 4.183268623257309637e-01
6.859354997423579015e-01 -5.526957701230882369e-01 -1.158584229804072024e-01
6.351498059855618106e-01 2.578942224813368100e-01 -5.820069081384886545e-01
8.779237505996061175e-02 2.121272481578702906e-01 5.618125289028397251e-01
2.917167567745705403e-01 1.299976874737854282e-01 5.744617513489534977e-01
-3.083576688992898385e-01 2.488879709046522282e-01 -9.029989946722188909e-01
-6.975679117648292404e-01 3.057809111721926931e-01 -1.112704630640525133e-01
4.556952155406766014e-01 7.843942768350982420e-02 5.425232717622198164e-01
2.776205045517592951e-01 -8.346979575981724464e-01 -3.411240184515784146e-01
-7.355535594236863872e-01 -6.554616696128358067e-01 1.175594593230553236e-01
-1.900517223286618262e-01 4.760800449134203749e-01 1.110009698736918928e-03
-8.693484817211626081e-02 -1.008732651927446780e-02 2.341950337228645984e-01
-6.928085268815845632e-01 -2.070447403431000255e-01 6.040918683788245591e-01
-7.153140641806458033e-01 1.850623864689813769e-01 6.074865994162553795e-01
6.252746732386681161e-02 -4.776406528363818516e-01 -3.045284599656731817e-01
4.996097018223538133e-01 -2.633893930620901380e-01 -1.534518496505552498e-01
4.292683230883088119e-01 -1.457982544914320500e-01 7.176013606069728823e-01
-8.566230293741166069e-01 -2.454679833377824971e-01 4.043128994102525575e-01
-8.198903612908637895e-01 2.411409200579245626e-01 -4.874784137840823539e-01
7.715697929506262764e-02 2.714040035848887533e-01 4.926588161483242412e-01
-3.628654753091237750e-01 1.140080682423908476e-01 6.840216471695880207e-01
-3.524451201174560455e-01 6.900686395428349273e-01 -5.511941913569259333e-01
4.646866653736420050e-01 7.983630150340704779e-01 1.053790402222091888e-01
5.504572328040550078e-01 -1.852297071128909678e-01 7.918039497913436087e-01
-7.805407562285935352e-01 -4.197744716563773792e-01 -1.233133028762521261e-01
7.128411114022532857e-02 5.891490683484988666e-02 -7.435627022283615162e-01
-2.865484628243603615e-01 1.535385271287250109e-01 8.977153129134896048e-01
-8.160428266161764421e-01 -3.059649328327587736e-01 2.011438860211360244e-02
-2.226004452089582197e-01 -7.589211456497430008e-01 6.098112847883098153e-01
1.686999283526157134e-01 2.993505561796606096e-01 5.207383799797639101e-01
2.009167871989296639e-01 4.351801372825028769e-01 1.388924334570072749e-01
3.074441244335269219e-01 1.803560480430913826e-01 6.395721573655545056e-01
1.433715604882591366e-01 -3.294082186930801237e-01 5.316191782029879853e-01
-1.323087644678021813e-01 -9.593012118085320061e-01 1.968210486155932692e-01
4.725431964118403938e-01 6.759602439052553313e-01 1.163054114212214718e-01
1.496851092396492833e-01 7.163092374409801844e-01 2.767188975124708072e-01
-1.204903182806951051e-01 8.777704487147137691e-01 -2.226158830667508692e-01
-3.770254664022271718e-01 5.050374604188085925e-01 -1.985924243198964600e-01
4.215465196836604700e-01 4.846471324160709360e-01 -9.337859789405626720e-02
-3.960746406487475335e-01 -8.527966169538486740e-01 2.531223500980249452e-02
-6.374134258462966773e-01 -5.365664292306284722e-01 -8.183335712655541438e-02
-2.360739525183425391e-01 -2.171331252540416659e-02 6.415267205829683350e-01
-3.111755300729933671e-01 -1.127527892936277532e-01 2.562207385922568026e-01
-2.657956545174575691e-01 -8.062189784146829574e-02 -8.371608889647751406e-01
1.682620957376975146e-01 8.288410973211193244e-01 2.716977450460342225e-01
-3.270181699842182876e-01 -2.536718225775134172e-01 8.556237473585005804e-02
-7.923969015377559100e-02 5.784560694066408493e-01 -3.584779321653741024e-01
-1.485092485374236472e-02 -5.206741470057342225e-01 9.085278389409508215e-02
7.112783405695828343e-01 1.219819371035670424e-01 -6.715363012064231585e-01
-5.803379550027477629e-01 -4.802960315506672462e-01 4.873365029282527017e-01
7.870125983549315363e-01 -1.562963141019906577e-01 4.736941673589458585e-02
2.214310742327208481e-01 2.080712488667823268e-01 8.015172608772612728e-01
-4.163643801026040148e-02 1.336350930725838659e-01 9.128517984222936921e-01
5.670289744292220657e-01 -7.565224181821765537e-02 6.172182906374081846e-01
6.748193649726483834e-01 -5.707061369374903936e-01 -4.466943369892881766e-01
7.018810844932448223e-01 -5.448633464872478793e-01 6.602033420653631579e-02
-6.951944363245669001e-01 2.404774153735850239e-01 3.799191431601949831e-01
8.858785732534760760e-01 -1.623107545673743990e-01 3.679058167137768676e-01
7.084005123891096156e-01 -2.371317470496492053e-01 2.804080093584999100e-01
5.030013574600736836e-01 -1.378771973707524634e-01 -7.111483932822723064e-01
4.029459005114742823e-03 4.873490384744715853e-01 1.274730098125773925e-01
7.059225380973973563e-01 3.570260899933321297e-01 -5.335935373788111002e-01
3.751537819172826582e-01 -5.516554659055521448e-01 9.291518439154823616e-02
6.306253425935243184e-01 4.063359190247705088e-01 2.859698975051913061e-01
-6.550638142753494320e-01 -3.345551550716224232e-01 -2.784801518081828631e-01
-4.023692310798200333e-01 3.831534941730981303e-01 -6.461357362554392969e-02
-2.171944951533192336e-01 -3.908887640226258453e-01 -2.690336022023205320e-01
-5.861167845950959743e-01 2.983188748525695821e-01 -6.637434864800051404e-01
6.079326374410380929e-01 -3.781993755786526301e-01 2.446644665126074258e-01
-9.034733649049361826e-02 -7.773900215979796524e-01 -6.261561308008709026e-02
-2.295184265686689706e-01 -6.334605429085071737e-01 -1.042072346486407480e-01
-3.090253108559670170e-01 9.096487148158403091e-01 -9.579299364520725557e-02
-1.328015859031789481e-01 7.285975038812693150e-01 -5.741976261341672494e-01
-6.202003539976426172e-01 4.983777380159295500e-01 5.590346520812295994e-01
-2.411545187114801786e-02 -8.464847307204360627e-01 3.661641154865619141e-01
4.581574122629306772e-02 -6.207477794909799229e-01 -1.219454732368661087e-01
-5.903132297881095170e-01 8.185867697859344760e-02 6.725557399737203124e-01
1.469517882448945767e-01 3.648145382348532695e-01 2.170284026834977120e-01
-2.521721350364244940e-01 5.584535200406393063e-01 -3.175765004503836586e-01
1.301980410243829857e-02 2.244123529788515370e-01 8.287104185584933669e-01
-7.431274708100420456e-01 2.469384860091654657e-02 -1.132135955273702171e-01
-7.397025243338332112e-01 -1.426027070014576903e-01 4.727049856114522441e-01
-6.079806987615374858e-01 3.272902361462728948e-01 -3.720138867160247553e-01
-3.791230575797119307e-01 4.222770896878527136e-01 2.161555645015903193e-01
-5.970699006743809129e-02 3.362813564997207960e-01 -4.425993329362752915e-01
3.747102642811016016e-01 -3.856741061115245839e-01 -7.238333695790036826e-01
8.475505912236971362e-01 2.698527367728477122e-01 -2.258717610837960091e-02
7.676685858913930849e-01 -4.225697510889210307e-01 1.304457262125470821e-02
-2.280340613414506834e-01 -4.121272814615719593e-01 7.834875909215165413e-01
-8.593830295081607284e-02 -1.476322803994275512e-01 2.151725474946930006e-01
1.752412628358480107e-01 6.139412299015828411e-01 2.922863153275916948e-01
-3.216623401632829893e-01 3.972123449759321079e-03 -6.557187492325313727e-01
4.979280183502638457e-01 -3.940424969837094671e-01 -1.812963809625080525e-01
-3.303645597439818227e-01 1.671893492607360865e-01 -5.254694372876862474e-01
-5.674073579929075350e-01 2.305016498720813267e-01 -3.751856305459848051e-01
1.013896345565296342e-01 -7.183713462261179794e-01 -3.167833470856403766e-01
4.198724954466427350e-01 -2.629948624222211429e-01 6.394494411638521614e-01
5.186089570105721913e-01 -7.122375402086082996e-01 -1.222234199512159565e-02
-6.602323174884529022e-01 2.077885526606877142e-01 -2.584187322079885551e-01
1.647336853716511174e-01 -3.629261394814405350e-01 -7.921773495926778264e-01
1.866438091654257780e-01 6.139732179979912052e-01 -7.262804222209603422e-01
4.553173208716979614e-01 6.031670686470420595e-01 -2.938134122338955101e-01
3.704924810287523185e-01 4.790903275011478279e-01 -4.747098741132213529e-01
-2.847969974286181372e-01 4.933001463857859537e-01 6.508702856934716063e-01
1.461711136205058777e-02 2.655038801807082516e-01 -9.076529548350344978e-01
5.304342360317173544e-01 -5.288648910111034551e-01 2.554629552608554399e-01
1.824920950541239761e-01 -7.861434781550726003e-02 2.708393326565582404e-01
-6.491053827184201097e-02 -7.614233513583115731e-02 -5.362088256241153150e-01
-2.798711477016729288e-01 4.332377673465214185e-01 -8.455180587834707495e-01
1.866615371474218965e-01 -7.015298072113090866e-02 2.217158012949846935e-01
-5.966339421446380936e-02 -9.403471314229057132e-01 -1.610332625150362185e-01
5.265738986899282104e-01 -1.782894728656151118e-01 3.042156410567692926e-01
9.764679529194296437e-02 -8.288989398847425027e-01 -3.742420290889291179e-01
-3.989700210058410579e-01 -1.262560450350810048e-01 -1.630633733574135547e-01
-3.016931623359358494e-01 6.409295938273005255e-01 6.159085844791162279e-02
5.519791324114312614e-01 7.626121769770398684e-01 -2.387873516031114585e-01
-4.217212285836147712e-01 4.391910199376396484e-01 8.937437961080198223e-02
-6.443856270564475297e-01 2.908138688751994994e-01 -1.912062729558548779e-01
-4.375029439129222153e-01 -2.555310361909868266e-01 1.226999118581598505e-02
-1.584578629636366476e-01 2.099181687317170919e-01 -8.619015321259492213e-01
-3.674835995985669679e-01 -8.077839605283805291e-01 2.966885548678103168e-01
1.871608537430878016e-01 1.949290552857751713e-01 2.890346470915175492e-01
2.156164418144172409e-02 -5.669710234992111353e-01 -8.750557355114951807e-02
-4.942822354191935691e-02 -3.994731083469422184e-01 6.638821183267624715e-01
-4.210877864253217973e-01 -4.064365646462480552e-01 3.615189928481194470e-01
-4.391004588850568047e-02 -5.598509564308643549e-01 6.216392301533892883e-01
-4.254269914326250929e-02 -2.759839324090399004e-01 -8.112253517708317707e-02
9.527922987451878933e-01 2.709178673336375409e-01 9.715203992582226167e-02
4.253620544255988234e-01 7.670419776525866373e-01 2.197119604110766289e-01
-6.946073365241575148e-01 -2.314179598081637368e-01 -8.603931995989295978e-02
-2.436173785067985709e-01 -2.714373955709983299e-01 -9.162323375875042197e-01
3.667156641179443177e-01 -6.169883253447953075e-01 -4.302833273261932323e-01
4.750583089181743823e-02 4.446627645704523957e-01 6.564806346763915057e-01
-4.757667659848339170e-01 -5.511966063232697222e-01 3.375615172401033592e-01
4.127138036664433907e-01 -3.422288584186539140e-02 -3.517533437604064561e-01
-4.813016697190468096e-01 -6.783442910464607123e-02 -5.397732290310562897e-01
-3.305578231995923155e-01 8.399727568138216638e-01 7.162774862060472536e-02
-9.108079879312108718e-02 -6.705196818851136831e-01 -2.630530734980705554e-01
-3.715269481109283456e-01 -2.307850781435077103e-01 3.904699495282862309e-01
-2.601231361158483635e-01 8.747770503436752554e-01 -1.739626316192838806e-01
1.248903169689100368e-01 4.296698735918347278e-01 1.623732805441998051e-01
-5.977815856551577794e-02 -2.963131296327624620e-01 3.082728677799698169e-02
-3.325288093052973792e-01 -3.028947622287196384e-01 5.026194572900206659e-01
-4.587430824791413619e-01 -5.278369692294795357e-01 2.851057582871510676e-01
-4.066960881939006844e-01 -1.316780218165886640e-01 3.008957666974920730e-01
2.354581765965943763e-01 2.022403661465358993e-01 9.120244761228225583e-01
2.385443692112166059e-01 7.393234510170428875e-01 -1.537649681050658190e-01
-3.016526908972714249e-01 2.166976769311483031e-01 6.942917196518220146e-01
-6.856175513909267272e-01 -4.658441496334654874e-01 2.627815901967297529e-01
-3.602426602878081585e-01 -2.474461790482476164e-01 -3.445105246179798741e-01
4.054304976324873411e-01 -4.730194436059526608e-01 2.238570240832626346e-01
-6.313917710203950096e-01 -8.845322715379848322e-02 7.172595696381298680e-01
-1.852881322744579784e-01 -7.056590480387314734e-01 -6.629676199582706930e-01
3.333435460187555432e-01 5.220061594838738550e-01 4.921676746973903116e-01
3.797242856636395825e-01 4.090742184320711461e-01 6.674404339115318496e-01
-2.759626055329959526e-01 8.950299441354819807e-01 -4.293701944559790568e-02
8.929485737354286856e-01 2.777340288148587577e-01 2.884510395720173426e-01
-7.198359851036999491e-01 6.059803550651109427e-01 2.739318639957313284e-01
2.425982997717407164e-01 -2.015658074979586600e-01 2.180159855325780049e-01
5.343223164469627084e-01 -4.884462369300024975e-01 2.933878154319151110e-01
-4.550597485209402771e-01 3.016027507718059830e-01 -1.111641815017452017e-01
6.125299399369813491e-01 9.403336012634119778e-02 -5.313403891565750270e-02
-4.225545815691041790e-02 -1.620407029765035256e-01 -7.417405623628851863e-03
-4.546258545816417862e-01 -8.891917752444224998e-01 -4.777839835448263739e-02
4.049660027959887942e-02 9.495581915126293238e-01 -1.388558835664281121e-01
-3.044671054100567820e-01 -3.165672916351111588e-01 -3.157493016996644197e-01
1.503037178482666547e-01 1.968356004921588756e-02 -6.491291405899184408e-01
2.883957345575174358e-01 -1.982208236877215368e-01 -3.258494843283965547e-01
-6.393524940593556805e-01 4.671808589053183525e-01 5.617359206652718928e-01
-1.962109876740966430e-01 1.374146498036417641e-01 2.160386385715273028e-01
-7.072048181180319304e-01 -5.939553641301423825e-01 -2.195495544557846818e-02
-4.176148731834871120e-01 8.256029959406568919e-01 -3.766173135733129063e-01
1.464672137235766280e-01 -9.800462529505246309e-03 -7.412540199462178681e-01
5.647443839815063926e-01 6.469125322100884867e-01 4.112125129088727848e-01
6.814999876180855010e-01 5.237320290071016959e-01 9.769229775495494317e-02
2.822074256192414268e-02 7.905199738819349564e-01 -1.134114689161795086e-01
1.529900224024866306e-01 3.906858338366419048e-01 -4.977062105974069950e-01
-5.786190895653938737e-01 1.706087868639198368e-01 -3.459310875487257853e-02
-6.802063389896504386e-01 -1.233132522446801216e-01 1.808614185260438989e-01
-1.028334575393919786e-01 -9.818084136008891072e-01 -9.155214935001294851e-02
-3.878420325152587278e-01 -3.505174583999407512e-01 8.289499555637194206e-01
2.462294933855370682e-01 2.529113927746934332e-01 -7.897098060837555167e-01
-8.832038126492046393e-02 4.824850837797132752e-01 5.788341862636536828e-01
-9.866441760745479073e-01 3.954394923009479229e-02 -9.494944328935905897e-02
1.246318407411434320e-01 -1.829308844064627682e-01 4.839935025831371140e-01
-2.267309402970257848e-02 -5.056503391714960161e-02 -3.322155286319177225e-01
-4.207607245340861390e-01 3.656343176497068304e-01 -7.871106592707397542e-01
3.598712785698409133e-01 -3.629088636005967095e-01 5.686419279097759683e-01
-6.135187482929524982e-01 -1.982293251429744496e-01 -5.887084852708628357e-01
3.811212633126623978e-02 2.210268081680515084e-01 -3.652778920048986300e-01
-1.356890846413506269e-01 3.934748443961622044e-01 -3.758968868110665329e-01
2.100326900291540344e-01 -7.630101154521401474e-02 -8.417050252067399541e-01
-1.140854834039509713e-01 4.836653045295908893e-01 6.276602346579341907e-01
-2.875840898676002566e-01 2.020347901707656435e-01 4.466366458113019133e-01
-6.212958781207834208e-02 7.446943278692063073e-01 -1.277845937403653542e-01
6.265294676043465794e-01 4.172348827479281930e-01 8.516523627268274277e-02
3.846497490986072743e-01 -1.743642991529615882e-01 3.774057389839693410e-01
7.863936089811448538e-01 2.135505092082190803e-01 -1.375044395821093703e-02
-5.775569950044169287e-01 2.993609113784850284e-01 -4.194065258138792163e-01
5.897361445824386150e-01 3.841161389616572497e-01 6.926321702166943206e-01
1.478416416768076058e-01 -2.128327896414746734e-01 1.666643918517146383e-01
-6.434261926598155990e-01 -4.767598665425361038e-01 -4.931168278881014055e-01
4.910728550918928015e-01 -6.346050552947853918e-01 5.590898544271702963e-01
-1.479602846766087587e-03 -6.844085934514042568e-01 -3.916938897684798526e-01
-3.475890009763121791e-01 1.057132413430047907e-01 -6.693140991067955126e-01
3.805696379825630471e-01 5.278013247233627192e-01 4.886262286147652345e-01
4.687220220438625962e-02 5.975956886714424154e-01 -8.847566616236733628e-02
2.453739514079846806e-01 2.007698894631287090e-01 -4.860026850487872974e-01
5.278387813848799404e-01 1.393166668999107870e-02 -1.686753005132700933e-01
-7.413611927283944025e-01 3.674432401242511692e-01 -5.228972742146535957e-01
5.296273994569267868e-02 3.288484158901237575e-01 -3.333526493567200433e-01
-1.618685193542585832e-01 4.726443363511430296e-02 -3.546488868183299004e-01
4.909636082990929129e-01 3.467393501216527452e-01 -7.769025173104880944e-01
-4.369809267639840900e-01 -2.257159547785008991e-01 1.750728144305454814e-01
-7.091368580816866940e-01 -4.999032349827638166e-02 -1.773344717894851930e-01
1.145180018820631529e-01 9.561876550964225618e-01 1.835783188844510305e-01
-5.160283872345461376e-01 -6.747121610941047010e-01 5.073111789590606380e-01
-1.413277327003823192e-01 9.131300153172491885e-02 -2.578778902582485877e-01
-2.169031786075464319e-01 9.104254911005074113e-01 2.943218375965669376e-01
3.111558493458583749e-02 2.346582037393007691e-01 -6.578829583552563420e-01
5.718182090581627186e-01 2.906020672709886399e-01 5.169726524980293725e-01
1.106865463271343858e-01 7.465717055803364754e-01 4.017754817358307751e-01
-9.125934072346400527e-02 8.243442910590069728e-01 4.033490441135054727e-01
9.205486080621718692e-01 2.622682315427224409e-01 -2.007184209217373616e-01
8.599476394686083047e-01 4.005961537070881207e-01 -9.544032079039162231e-02
3.191410343000998240e-01 6.237462217462138581e-01 -1.211090173562517358e-01
-3.124600412893291934e-01 4.402775108503698132e-01 8.192326305103800888e-01
1.416109593678697154e-01 5.728680027054073864e-01 5.533919924860150052e-01
-3.326769683403102973e-01 1.933141741046509599e-02 8.767131860592635162e-01
-8.817986852645192108e-01 -1.670924033328146929e-01 -1.637832525887685242e-01
5.078233666360248977e-01 2.206843217115655731e-01 -4.693223459357101501e-01
6.874799945811753688e-01 4.407561091397829700e-01 -1.904208238727278513e-01
1.806370228130009803e-01 -6.333762442010755223e-01 1.100268788319961472e-01
-1.154978321252298976e-02 -1.437520793997046353e-01 -3.410463070317833467e-01
-4.052973625650312384e-01 2.561408092340895781e-02 -1.418023855629808039e-01
5.341078104879730670e-01 5.091573178726778170e-01 -1.840595236364463982e-01
7.205878055944067717e-02 4.591365184725594850e-01 -4.698180212983905091e-01
8.702155881126469872e-01 3.240795608998907618e-01 -1.576212700673765843e-01
8.363950289467991794e-01 4.319517090101020473e-01 1.039081388323195854e-01
-4.457237953713134027e-01 -1.313462213856292915e-01 4.051509680502465849e-02
4.088782960312413173e-01 -4.876325936242439374e-01 1.215723183459098133e-01
4.644839955723861769e-02 -8.095536839872451429e-01 3.760958846717433190e-01
-3.393771329355612654e-01 4.215921715339718961e-02 5.092415248364969838e-01
1.113674818472363826e-01 -3.990640339921712743e-01 4.508052632398226733e-01
-8.604981601290883075e-01 5.429166932605855589e-02 2.246653216162952660e-02
-7.940913434908183355e-01 -2.323539859563281684e-01 -2.732911091611952004e-01
6.969940548472481900e-01 7.928942602868442602e-02 -1.008724287271346894e-02
6.869025960950029264e-01 5.004610194990625205e-01 -1.107834001115652056e-01
5.867523821382809590e-01 -4.418874330476053047e-01 2.620485252563369283e-01
-2.357965838308191953e-01 -7.317905234765125222e-01 -8.004533179935684195e-02
-2.726459665450569059e-01 -1.519260046935813346e-01 9.114558538069453819e-01
-3.289223808072673783e-01 -4.521770547888726566e-01 -7.510586347029257759e-01
7.308952356241822379e-01 1.616215807005469407e-01 -5.781522293911549593e-01
1.210904077760531355e-01 3.190347795698494915e-01 1.901088993773670383e-02
-4.027358210130323468e-01 -3.523122764419722719e-01 -1.716742666229984227e-01
1.763170364111078525e-01 -7.309163680098653693e-01 4.550188416873743313e-01
3.634363271586305011e-01 7.168138548492362927e-02 3.822922746377893088e-01
-9.285970017594286086e-01 2.707774408973686597e-01 1.541602673380505217e-01
-8.826091490071790169e-01 6.847751692955370006e-02 2.135529056263878456e-01
-7.010960897971032502e-01 1.457724662535856697e-01 -6.875748171656294039e-01
-8.591081234497912611e-01 3.568853898324622631e-01 2.897295880595080475e-01
-3.128860558802935010e-01 -3.184933917990022123e-01 5.186614758797075675e-01
-3.475252369336034319e-01 -5.534391571472815352e-01 -3.527764728272116956e-01
-6.489371904902759836e-01 -3.068777925413195828e-01 -3.174507454172221244e-01
2.164471878653387305e-01 -1.722585587546217045e-01 -9.816156553615704161e-02
-3.145593363182280222e-01 8.890755289287709529e-01 1.490858141069454079e-01
-1.421088778872833525e-01 -2.987721623135984883e-01 4.016645433883299088e-01
-4.156332472327071703e-01 -5.012077044684534188e-01 5.600408207433815733e-02
-7.433101339753626080e-01 -3.247513021050812965e-02 1.453034178758150496e-01
-5.118859920227553095e-01 8.160167104851194786e-01 -7.163323138431110237e-02
-2.836809543013883131e-04 5.004996043822413920e-01 8.655724358649712347e-01
-5.908551190891105920e-01 -7.551889448693597240e-01 1.827078245903922538e-01
-7.303702481635353516e-01 -8.009788446250204474e-02 -4.917146877166151953e-01
5.965325093275083423e-01 -2.082161617454695579e-01 -7.380191147712049649e-01
-6.483858853810805511e-01 5.495113170305932632e-02 -6.445347432230290607e-01
-7.717099874379207414e-01 -2.424249595546279223e-01 -1.620517003469742201e-01
-7.231467788124139595e-01 -3.326976807509438028e-01 -4.675974591589012741e-01
-5.816474676791186793e-01 -2.921051366082987322e-01 -5.919062401772184900e-01
-2.596244747823256427e-01 7.150610585850673828e-02 6.272607459611995173e-01
-8.240704653223752674e-01 -9.542925186883541300e-02 4.730551551048251535e-01
8.174986868713428612e-01 5.693490184570238616e-02 -4.148932213896976140e-02
2.929747570972701110e-01 2.730847095898609744e-01 -8.371772091207093647e-01
5.773129824184619618e-01 -3.183113262644925445e-01 -5.999912934212612292e-01
-2.746953725558275994e-01 2.224941107880636926e-01 1.932227652686820396e-01
-3.561219349516566712e-01 -3.121787463491197401e-01 -1.429361840177012233e-01
-2.208814962852499175e-01 5.965257550027255329e-01 2.840485801735869176e-01
-3.408734530357055426e-01 1.904986470749947536e-01 -1.424614499002669621e-01
1.926421099346532217e-01 3.762731300471703483e-02 6.837399488987221385e-01
5.088695478769146296e-01 -3.099913202602001538e-01 -7.673697511651933478e-01
1.845515105936203770e-01 -3.134635577098299763e-01 6.240632740932879063e-02
-8.064667752426052383e-02 2.147675972220818019e-01 -5.116707348344449180e-01
-7.502024976733767669e-02 6.742440166942210711e-01 2.158366135109369421e-01
-4.722480958283685748e-01 6.863887826296082295e-01 2.506400771687036233e-01
-5.317623539214862971e-01 -2.151807496090670235e-01 -4.827609556741500607e-01
-2.271422862399799791e-01 -5.972480493193249584e-01 5.651569920681055459e-01
3.571601240283418521e-01 8.190038528993173750e-02 -4.713318915835902102e-03
-3.257398159215251221e-01 -7.227784582874511310e-01 2.788231162810766994e-01
7.157280557090726081e-01 6.093169834608301860e-01 2.744858948222400619e-01
1.997405412861089358e-01 3.947772420025803530e-01 -2.815917595816728181e-01
5.476908410077881983e-01 -5.986917754412933723e-01 -4.069096580870350532e-01
-2.263054046090208771e-01 8.784561364978423770e-01 3.455767806761791405e-01
6.269494705279071711e-01 3.177104496898607855e-01 -3.563644834993163202e-01
-3.593064324586173752e-01 -7.456759835269567704e-02 6.856943371611416982e-01
4.126651190862426488e-02 8.733610744886751709e-01 1.140143618973258749e-01
9.316041206236841399e-02 3.080990433668196471e-01 -1.533190027751629991e-01
5.817421790893800848e-01 -5.904985770629597175e-01 1.510670500699453356e-01
-3.530689827676404824e-01 2.298549558210955523e-01 1.193876388488660789e-01
3.473737257655315491e-02 -1.248809989602784887e-01 7.904365982323350304e-01
-4.903116255075360974e-01 6.670033833776042309e-01 -3.332998572216293032e-01
-3.511493156077002964e-01 -5.445365834022274365e-01 -4.057496820927708470e-01
3.317321084891948768e-01 4.721722409041784196e-02 9.036879700459578002e-01
3.636392777602549531e-01 -9.169101037627981343e-01 -5.554005010268855090e-03
2.229247362014648015e-01 -3.722985563453977131e-01 1.668221431980546066e-01
2.285120504369373695e-01 2.373322148292735523e-01 -3.349355692188718536e-01
-1.703104284071990382e-01 6.696094598237225526e-01 -2.065964701386354962e-01
2.875580393710270299e-01 -4.617018700652255059e-01 6.112427155448856286e-01
1.343134099074464460e-01 5.842723307757330398e-01 -4.241584499362036631e-01
1.968372312356536924e-01 -7.307127141553120264e-01 1.620062784523238764e-01
-7.763895479408453038e-02 7.233077975781685431e-01 3.012977930869971122e-01
-4.096010694559708565e-01 -1.388339363618845690e-01 -3.434712940401686843e-01
7.145469965963560655e-02 2.333552344615326402e-01 6.886702965257943676e-01
-7.693798066929669055e-01 3.161889134445164951e-01 9.234567156021214474e-02
-9.239023378986131740e-02 1.924928761768702756e-01 -4.702231285568764796e-01
-1.354386009842026561e-01 6.515944379843949252e-02 -8.104484108796389252e-01
-3.519836021347692023e-01 -4.048095407831982517e-01 -4.883746870689263941e-01
-3.406579118793625072e-01 2.233314454216734357e-01 -2.423151220860423824e-03
4.886945519615829570e-01 -1.280997053599590152e-01 3.228054361675291445e-02
7.722342270606566972e-01 1.273276637571914560e-01 -2.640306389817998478e-01
-4.950631923792897515e-01 7.708849986663087739e-01 1.822215356210831749e-01
-4.676769355137361250e-01 7.386949005655160105e-01 3.774136463413321763e-01
-2.445407038914512166e-01 -8.754795169130507038e-01 -3.819520947562544122e-01
8.567738678921494877e-01 -2.452068208645577230e-01 2.492779114954035147e-01
-4.727424973640996786e-01 3.563891118899181754e-02 -6.588950257658494625e-01
-6.055343330997607909e-01 -3.796057684348830841e-01 -1.679200810504097308e-01
-2.079413417533348130e-01 -9.215791036503147016e-01 9.621735266375879003e-02
-3.219876648180696743e-01 6.871836328187546084e-01 -5.321093452598643081e-01
-7.592385553467946302e-01 3.646910380907797955e-01 4.975031564356535707e-01
-3.673313489055929359e-01 -1.800620455468099346e-01 3.943438464663143739e-01
2.871303725573763344e-01 6.700841508912532829e-01 -2.944124949491350729e-01
-1.835317066350984350e-01 9.172299505136414233e-01 -2.433272120952605921e-01
-2.549397115370652389e-01 7.510981402525258588e-01 3.991147173669511994e-01
2.964304150424883488e-01 5.834412883734393374e-01 4.012583775368961936e-01
6.683225953205762515e-01 6.049552205033027485e-01 -1.682504552284577182e-01
-1.054300403367583322e-01 9.059553662233865712e-01 -2.404001109235925915e-01
-1.078071881511291075e-01 7.696026773338470184e-01 -4.148544513832059244e-01
-1.195467418933404274e-01 5.797409087571998854e-02 3.548891131568919777e-01
-7.678547871689860027e-02 6.982689296306557880e-01 -1.912219883246739638e-01
9.285263220595444400e-01 -2.171405277695191982e-01 -2.828718052322975463e-01
-4.314008496855264996e-01 -5.123916895735161070e-01 1.568592159262457153e-01
6.774248504119473324e-01 -1.048982849626232811e-01 -3.323108191093929742e-01
1.191102496932480298e-01 6.709873377533326355e-01 -4.819499486908567221e-01
-9.710580715328298584e-01 1.138306155719440993e-01 1.995277928952543522e-01
-3.960940543362047039e-01 3.051251211910044250e-03 1.590438819921658753e-01
2.846788379766256871e-01 1.950441674827193550e-01 -1.996793370033869697e-01
-2.853263361759032501e-01 6.167895403453953901e-02 1.129788413329618768e-01
-2.725149624725933251e-01 4.148393530023560677e-02 2.058778581248353334e-01
4.368358103780868307e-01 3.250261820577571847e-01 -7.284612764159706932e-01
-4.708433092136385389e-01 7.219088868737751907e-01 2.009787031841759816e-02
-7.639711494986974882e-01 -5.269031655186532381e-01 -4.172245314463749605e-02
-2.370490652286625088e-01 2.625241118779257365e-01 -7.791073638028448434e-01
1.165640487248882362e-01 -6.945824099432531540e-01 -6.822317298606850322e-01
-4.123841687789580601e-01 6.549039453128093768e-01 -2.280589651701131482e-01
-6.438793645574768520e-01 -1.609778998343948109e-01 -2.631606257196803522e-01
4.151765305141345008e-01 -7.326191066037065491e-01 -3.884527296849401568e-01
6.652536551105411311e-01 -5.014824329846432338e-01 -4.237738391353022549e-01
3.127265497414500328e-01 3.658302457572391586e-01 6.601114611185797676e-01
7.927690593498286364e-02 5.004797086009540319e-01 -1.659107295138264049e-01
1.828998681097076806e-01 2.477933819810863580e-01 -8.130534337239577747e-01
-7.538894613851476745e-01 -3.612166819796886474e-01 -6.610528235722532703e-03
-4.485583553501809040e-01 -2.459519950379318587e-01 6.562418369128093509e-01
-3.082788887323480442e-01 3.294543238805851537e-01 -6.652172595879238814e-01
3.765441349054186593e-01 5.822775992172056769e-01 1.517348799503970280e-01
2.572151339041857110e-01 -6.787416370850474223e-01 1.520931329447323122e-01
4.300928045948209655e-01 -8.653735636306984780e-02 2.946862709622565246e-01
6.624616286896882755e-01 3.961052139785798953e-01 5.384955395801659106e-02
3.886711597485075775e-01 8.889987288088393438e-04 1.387588096568319884e-01
-1.903091683502890555e-02 9.220777836832191321e-01 2.665448573627981488e-01
-2.368793136298393692e-03 1.900782938148562473e-01 2.952440041798599230e-02
2.992872143170466348e-01 -2.390011392050975791e-01 -5.330410521959632053e-01
6.517602209365365266e-03 6.547203329102906366e-01 -2.609457993474902926e-01
5.998170985948775291e-01 6.906155212414025746e-01 3.377040544138244782e-02
7.570844409746453618e-02 5.624040887916309517e-01 -7.508009566600689633e-01
6.600710567729574096e-01 1.090634199822946987e-01 -1.889651074870865310e-01
7.478355401839947847e-01 -5.827639246278585455e-02 5.002958681455471623e-01
-4.166469704055430490e-01 1.238786960601071657e-01 6.856426705275477929e-01
-4.897039118773512945e-01 -4.255640187695561294e-02 4.514682601537325368e-01
-5.876732340197642346e-01 2.967158433361148928e-01 -2.967020373425366953e-01
-7.884575825817349837e-03 -1.367724092086957943e-01 -4.033209997088868515e-01
6.939904558660570100e-01 -3.152712578477778194e-01 -4.398826779837449186e-01
7.683662754894112767e-01 3.534283918978176064e-01 6.508912817880324608e-02
-9.005134935373831917e-01 9.383907102327418426e-02 6.385112832699270380e-02
1.901881941972894952e-01 -7.937004753908082078e-02 -7.880560281651753929e-01
2.468705017122460321e-01 -7.258569499924503177e-01 3.645884592941572855e-01
-8.139920815598811199e-01 1.452920283963025638e-01 4.014326422656730453e-01
1.786869871004840848e-01 7.932219396605916240e-01 3.357205578179937588e-01
-3.461485034368277369e-01 -2.534961677611643482e-01 -5.518238702398494538e-02
-5.497940050951217739e-01 1.118328767973938813e-02 1.604228826997593504e-01
-4.410143904521983682e-01 7.651336985445101879e-01 -1.895418522242592885e-01
-4.606508090453761972e-01 -6.672420951716860615e-02 -6.315440984175231254e-01
-5.809210990574832367e-01 -5.707535611658890451e-01 1.525808392527484292e-01
6.602894975859392446e-01 -5.642056581714719465e-01 3.801011347494904768e-01
-2.495417310756034568e-01 -1.417216590557319252e-04 -9.483327795010338956e-01
-7.266542241258275858e-01 -5.805331873333300363e-01 -1.388441553540508133e-01
-2.112149727645651343e-01 -3.988296972275300334e-01 5.534404596289063671e-02
7.138409696181911013e-01 -3.689238720630623192e-01 5.633564906567981034e-02
-9.071883051035095624e-01 -2.341437371983899271e-02 3.182898375865090279e-01
-8.085675376993249897e-01 -1.526073294623943033e-01 -2.848287212511139699e-01
6.890260244275682455e-02 -7.190520411099512454e-01 -7.054489026852109887e-04
7.616661315576056523e-01 -3.183655476046181598e-01 4.506167942853674946e-01
-1.339097297176658485e-01 5.736785564093432876e-02 6.125586464558242517e-01
-7.907107507425901183e-01 5.953931365121839514e-01 1.240736483432179071e-01
6.422500635611479991e-01 -2.995658034724767438e-01 2.305004862144928168e-01
4.084707050759855962e-01 -8.291846160077597228e-01 -1.736163616543880683e-01
6.509773519093765837e-02 7.709030910587066909e-01 -4.310158629235735783e-01
-8.351969674072756700e-01 -1.525844931516928960e-01 -3.518819256378567517e-01
2.495923276137405333e-01 1.100997843415569971e-01 -3.227277934577206242e-01
-4.877497109445486090e-01 7.413463590450692919e-01 -1.509788261156119471e-01
7.708470760981622587e-03 4.123103088638243596e-01 3.499778600064042955e-01
-6.683646100922363553e-01 -6.458803824640840796e-01 1.212635593910989587e-02
3.708474404443153766e-02 3.997933910027314242e-01 -4.319376040383190452e-01
-1.124206929123814230e-01 -5.402000083852747103e-01 2.369608352105584681e-01
-4.319507193253001587e-01 -4.319056444598180500e-01 -2.248262365808097740e-01
-4.863089093916921901e-01 7.979269829315654983e-01 1.844663684619635702e-01
2.176137487988821784e-02 6.301470749521838055e-01 6.460689684531262245e-01
-3.034232908034462106e-01 5.737468221476033081e-01 2.812097126508404932e-01
-1.139430265729590858e-01 -8.627841654274565064e-01 3.487606000016964525e-01
-2.886745113405262964e-01 2.156356365852956647e-01 2.674740581152334484e-01
2.686690529355482693e-01 1.139867978961846551e-01 3.192965051588234071e-01
1.485105404850973476e-01 -3.952188105717051037e-01 8.851858402463994580e-01
4.409694633623090776e-01 -1.919384064673242407e-01 -5.533612481997580712e-01
-6.115749688804162920e-01 -2.285197646758204693e-01 5.837727261606702189e-01
5.169978165867251674e-01 -1.471353837565436418e-01 3.501258129161095578e-01
-4.920680998282045415e-01 -3.689850950045179268e-01 3.728117038920983894e-01
3.698813988438201528e-01 -6.751163467564323950e-01 4.071290198283103456e-02
9.937430396653912368e-02 -4.905768883363955113e-01 3.694755842947007318e-01
-4.145183983627253044e-01 4.044139450303701477e-01 -5.831673733262299208e-01
4.551036756161306873e-01 -8.018602747089580429e-01 3.223572481417723012e-01
4.261455916937734179e-01 -5.421182223499757535e-01 -3.622111660793084220e-01
-6.248759631327457376e-01 -6.916233373057626421e-01 2.476127945764760308e-01
-1.710904637706529285e-01 -3.924014228696350859e-01 -3.448083475484039484e-01
-5.949636463496050798e-01 5.194009960904349965e-01 -3.635442052786638789e-01
2.003635307133986854e-01 -5.140856396824741159e-01 -6.722838996068667416e-01
-5.757057048280112693e-02 -7.484523332478393298e-01 -4.667148078917453535e-01
-3.572625974029626228e-01 5.592310974089980125e-01 3.471062725004924188e-01
3.497132264551817138e-01 -7.508118322163066516e-01 -1.692416785682903380e-01
-8.430752842250496260e-01 6.605857114906342475e-02 1.029206037849227928e-01
2.744923189139220066e-01 2.781052046445960380e-01 1.354447191022265240e-01
-6.287280902963113816e-01 -5.906377523285614162e-01 -3.129128503472952127e-01
-7.073736458618301581e-01 3.029452216447969248e-01 6.153478691429737912e-01
3.582478825388883958e-01 1.671647425626551775e-01 7.238981788850935573e-01
2.423936126355801246e-01 6.624849617800580848e-02 4.133549895602729035e-02
-4.823408712698604162e-02 -3.451009052378686826e-01 5.098340587826187820e-01
3.214902993100029471e-01 1.932780852858482501e-01 6.728187541047165876e-01
-6.704185791827668162e-01 -4.172697772784440817e-02 -2.953463252264325045e-01
-5.263349989419371378e-01 -1.441493306123500968e-02 5.020505714624977633e-01
-7.312325435686279906e-01 3.999162244091835627e-01 5.411022734547349389e-01
2.639744192749636162e-02 2.942549454774945894e-01 -5.000469037715211257e-02
3.033487591409060324e-01 -3.567363013920901160e-01 -6.073694475593441888e-01
4.342682542956473601e-01 -3.250115880509488187e-01 -6.025893914604686374e-01
1.819459312013553820e-01 7.250973782957111924e-01 5.803190145651522247e-01
-8.018413362876668227e-02 -6.408528934215418360e-01 -4.807789438695762585e-01
3.957060588684496172e-01 2.674850573541970866e-01 -3.029591012682238405e-01
-4.697488673151787864e-01 -1.247047877168699775e-01 2.774655477659958014e-01
-3.717150102615432994e-01 -1.546815888311053044e-01 -5.698034142933547930e-01
6.187228114616671881e-01 -3.872313492194370821e-02 7.345791986451383204e-01
7.449041593686200023e-03 3.396586131662843733e-01 -2.885020033880341117e-01
5.628403569384170524e-01 -4.053842969610051972e-01 -5.795471991312657334e-01
-7.747229590739226346e-01 2.297725712919110042e-01 -1.976543359120367660e-01
8.003616877432389032e-01 4.587970984549063491e-01 1.073842533403732841e-01
5.015676276078067514e-02 7.478119521492656574e-01 -2.227410733332549353e-01
2.928639076382748563e-01 -6.603795971174291068e-01 3.573523272427521769e-01
-2.448439036537284619e-01 -3.031963723921810017e-01 1.607048593158039718e-01
1.187436678723003680e-01 -7.690986352201132359e-01 3.872425901734915556e-03
4.981655311620912796e-01 -5.856768139199329815e-01 2.127896840135111989e-01
-4.053099684767683120e-01 -3.445803983799217152e-01 -2.684873861308151866e-01
5.615909684198902053e-03 -6.938608246728085183e-01 -3.546076471020196408e-01
4.782646481840367447e-01 6.351626669495764599e-01 -7.933891488378097545e-02
-6.876039134627072169e-01 3.517019932231140178e-01 -6.099995961939305156e-01
-4.390268183760789866e-01 8.256813540659196926e-01 1.824284556148025316e-01
9.176162164448876668e-01 -2.945418977406514260e-01 -1.062488745304777382e-01
-3.635202862777423549e-01 -2.157731142973307870e-01 2.904276066712855632e-03
-5.974069068334264543e-01 -8.847702760030942692e-02 -7.073406245566717931e-01
4.949832470924096506e-01 -6.300800546984649531e-01 -5.216213869019804827e-02
-4.400148942015744136e-01 -1.773141628289487681e-01 -6.678456295498135242e-01
2.480494233088706146e-01 -1.259105596800412508e-01 -6.984350973577133637e-01
7.740822566629395052e-01 -5.330430889335654454e-01 1.754151081191443473e-01
6.420508533625262082e-01 -6.402201834896918964e-01 2.803312698377186107e-01
4.761148237062355348e-01 -4.550723156588485918e-01 6.034591595953884280e-01
-4.248316263631840006e-01 -6.297370451497047439e-01 -4.620552513029412278e-01
9.228190737938639643e-01 3.014220917649624784e-02 3.045731551526345560e-01
-6.511551146925184108e-01 -3.574271320740819019e-02 4.418331516907541001e-01
1.079792285136513402e-01 2.832180491555859603e-01 -4.149488297477944565e-01
1.999681549734965424e-01 -4.867187176890492295e-01 -2.299268714440464711e-01
2.977980214730643893e-01 -9.800386186304314851e-02 4.797820059557878491e-01
1.930558853523478557e-01 5.573212542512432366e-01 3.225264731447204797e-02
-1.084265974181733289e-01 -2.292180717809041424e-01 -2.005712539676748063e-01
-1.036226809774750679e-01 2.410552172960652162e-01 7.810608698205738776e-01
-4.620665854616619606e-01 2.864927333783949814e-01 2.461869618215309641e-01
7.740555728197822116e-01 -3.351045288098464248e-01 -3.082115863002132805e-01
-4.472266306219662702e-01 2.327699905920732060e-01 3.375415173178891726e-02
-6.111861385976637834e-02 3.813996782953710807e-01 3.610957864498309799e-01
3.790495872798923527e-01 -1.924412643636786435e-01 2.116413967179501254e-01
5.560394026797198519e-01 4.398222021683138583e-01 5.467552248791741620e-01
3.627036901737387686e-01 7.425142059656617555e-01 -5.439336831041733378e-01
2.662505593509293528e-02 4.058767782189862672e-01 -7.578070524738094171e-01
-2.006127365521190864e-01 6.868890010049421013e-01 -6.189030732669675849e-01
3.596415765839184320e-01 -4.757830437837656801e-01 2.963984944368484031e-01
3.946962296539391346e-01 -1.849203958953858362e-01 -5.331606594223973206e-01
7.532367160773812964e-01 -5.965865514676941400e-02 -1.348102388272465757e-01
6.161324725037178179e-02 -7.259200493274610144e-01 -4.807819650007761347e-01
3.137307131691990381e-01 -3.331533134352134273e-01 5.270967442408258652e-01
-1.449047048630789647e-01 -8.685129152937938191e-01 2.707578354855191272e-01
-1.402154281012515658e-01 -7.102505398781273627e-01 -2.836383805003271918e-01
-2.854175220989349504e-01 -2.935060503923119235e-01 5.794542556023087876e-01
1.914181386721057199e-01 7.431081471050761111e-01 -3.172456592619867649e-02
5.411533705705684483e-01 -5.868369767003384085e-01 -4.282282115599108097e-01
1.450227810101600567e-01 -6.350968100361974455e-01 6.573441029020511417e-01
-8.682404108236239926e-02 9.546752371883051591e-01 8.338359401217913802e-02
-5.505099346240287517e-01 -5.953455972286690878e-01 1.431207640991157826e-01
5.982878399630240374e-01 -6.575297076186420453e-01 2.260723529566577295e-01
5.492430218009484166e-01 3.179297245197105770e-01 -4.694518779804278674e-01
2.874374414749546469e-01 -2.445792999077902041e-01 -8.432636880576401817e-01
-5.480876602174327150e-01 8.229173740795836522e-02 -7.950459668958882453e-01
5.149541104985013718e-01 6.767591594621058526e-01 -1.951536096602227432e-01
-7.609034205549261021e-01 5.062894521722530738e-01 9.167433022708658397e-02
-3.917293274318567886e-01 -3.987726613645394269e-01 -5.906810707437667313e-02
-6.315255935187019665e-01 -3.527200414946444207e-01 -9.332587305404907441e-02
5.562863608100393487e-01 -3.985451260967205755e-02 -3.752980358737812439e-01
5.903882883683091443e-01 -3.249828901564093958e-02 7.525620686217450173e-01
-2.462890099765605578e-01 -2.679573127927618176e-02 3.892278180135377297e-01
5.232364857323545948e-01 4.404243864926021268e-01 -6.571336637739239039e-01
-5.731698570959083971e-01 5.022455613225612625e-01 -2.180880051559666022e-01
-5.065645133619954832e-01 8.091041254270903149e-01 1.366993177660066339e-01
-4.693653815419132069e-01 7.753816335713977770e-01 -9.178322183381090738e-02
7.611823974241972712e-02 5.009551217681972313e-01 -1.439082388711060978e-01
2.332131535405161660e-01 -2.609289420727874398e-01 -8.236154075003081221e-02
-6.624628254598452504e-01 3.316912621912800341e-01 -3.232795913744297978e-01
-1.707385343517769660e-01 -3.406400565712497386e-02 4.547899171340485380e-01
-9.222144869360612285e-01 -1.081737792508450230e-01 2.041298409742415831e-01
2.687842607129418138e-01 1.167092168485870524e-01 2.484289423414310916e-01
-3.271202991007532979e-01 -8.264085825416758180e-01 2.313324441017171051e-01
-4.625835111546128808e-01 -8.536852057853072662e-02 6.925837497877935789e-01
-2.308402398267218325e-01 4.003258973588733061e-01 -8.398026233683698605e-01
2.029387717064836671e-01 2.232699783951719863e-01 9.331121830530489936e-01
9.894383930188929699e-02 1.365954576671028764e-01 1.603218466041434476e-01
-4.911947370387766965e-01 -2.082431519277685161e-01 1.569167493117553658e-01
-7.332280188570634571e-01 5.324083111089635834e-01 -6.356859735241644771e-02
-8.629224070398222590e-01 3.864181156062778122e-01 -1.447056753596884238e-01
-5.995036189438857077e-01 -5.700114624508220151e-01 -1.523462975281559828e-01
4.629821241755663341e-02 1.962585004038647496e-01 -1.710815530061031431e-02
3.694408791097634759e-01 -1.463055044251695969e-01 8.233531701944075687e-01
-4.441884321933606827e-01 -1.751090408759224115e-01 6.043628980051964916e-01
-4.705057658449890434e-01 4.198440159616749490e-02 -2.308494109718935150e-01
4.557532964522665320e-01 -6.440168630628132496e-01 -2.145602319750017084e-01
-2.360071963205423173e-01 -4.362010888662493091e-01 6.529738595689117409e-01
-4.402891485902209467e-01 -5.531071122524188199e-01 4.099123665000584671e-01
-7.165633852702635309e-01 -2.995902821594549903e-01 -8.821793153750420724e-02
-6.970526016883753506e-01 -6.724682310151398890e-02 -1.842433188729796500e-01
4.363140652113754459e-01 4.858222794256518151e-01 6.635147039945240577e-01
2.663413748281476257e-01 6.625935540218564901e-01 2.181862920817285894e-05
-8.185139672635916019e-01 -4.185278066782546769e-01 -3.845800462161090283e-01
-3.164171656040329350e-02 3.344539112273698933e-01 -9.292779299001204807e-01
-3.044947523136283807e-01 -1.448483877386077812e-01 7.244902719007805247e-01
-1.077335283717652803e-01 7.094906345414819793e-01 4.493092637339144990e-01
3.024544149430521411e-01 -7.600461521899448680e-01 -3.275755203571134033e-01
3.564915178017247777e-01 2.060332622710607867e-02 -6.390788473738916453e-01
-5.550850196711066831e-01 5.164306854990863282e-01 4.349845035781124691e-01
4.680990055505320768e-01 -2.961537094891295574e-01 -6.531754938918978848e-01
2.656406147193152711e-01 7.879056371673199832e-01 -1.684697132233412553e-01
-3.075211975572228473e-01 6.236559931747306385e-01 -3.676212628090507750e-01
1.675882355751813213e-01 6.243287081363182445e-01 -2.964803512721462808e-01
5.919320418553499774e-01 -3.152488956371898299e-01 7.188158722614710339e-01
6.701717653079520831e-01 -4.913138889045666202e-01 5.051039419824666643e-01
-1.459701455676661597e-01 -8.417328741618403942e-01 -4.825190515755007348e-01
5.221572406147203527e-01 -5.356706968658312418e-01 5.302587579986162147e-01
-4.765316096197803608e-01 4.965808708579322883e-01 2.352905844179972450e-01
7.811047433599636047e-01 2.153687439135262005e-01 -4.144644966878345549e-02
-7.470503925327304229e-01 -1.627235050246336190e-01 5.378176410766211113e-01
5.211252823108394362e-03 -6.728618894467319755e-01 -6.648282585326704686e-01
-3.607678292918916063e-01 -1.683366269174837171e-01 8.222246578882939083e-01
9.162641663346766940e-02 2.722869248311500789e-01 -1.076117510623550606e-02
1.020901742259679307e-01 1.855137895313323793e-01 5.998791391543586426e-01
3.916009612919266192e-01 4.990101455571328559e-01 1.454389073357347240e-01
-8.105658393394268302e-01 -1.820090092063174347e-01 7.579524868545342575e-02
-2.425051756412365533e-01 -5.321056102885959316e-01 -2.988518972399710205e-01
1.284355752592712951e-01 3.635367805370220973e-01 1.257388236712222718e-01
9.453901727585649339e-02 -6.459584671708194781e-02 3.751555555242730433e-01
-9.001318163077538792e-02 -5.477642326784802895e-01 -2.836274546248427897e-01
-6.420371443630353836e-01 5.468386866764051168e-01 3.742100711440964345e-01
-1.333189788818107124e-01 -2.194402896365054145e-01 1.153547080314509532e-01
-7.549849295272326177e-01 1.736169179964194148e-02 1.038462571915084592e-01
6.163405932225145545e-01 -2.425322042780752030e-01 5.504494445543545167e-01
-2.060492144515806423e-01 -2.751480257281866196e-02 3.562125677768890886e-01
-4.027621486283578522e-01 6.732164885444841262e-01 9.270571878244145136e-02
2.022001536687410006e-01 -7.290751638266341761e-01 4.509316288449541910e-01
6.390269876701527574e-01 -2.560343494667127184e-01 -6.182484823684920860e-02
6.637607042525217604e-01 -2.597486768381164768e-01 -2.357802744991515948e-03
-1.810833174051010297e-01 1.270449805328044968e-01 -4.257743461848677025e-01
-4.626456916586465379e-02 -2.482429514691713301e-01 1.042715562237512411e-01
4.604038472444736407e-01 2.937101237359269080e-03 -1.814815971229962466e-01
-2.417343055220226578e-01 -4.058681937987150823e-01 -3.623307652591226113e-01
6.851517877651541744e-01 -2.982732413269303384e-01 -4.551328362002147743e-01
-6.712031727782756807e-01 -9.062511349008972594e-02 -2.079749575544377060e-01
4.247615020924720985e-01 -4.191394330465617046e-01 4.276307658773412790e-01
-9.098397075051777305e-01 1.450497722763977732e-02 1.445310107152523171e-01
2.043676711752208386e-01 3.612226726163104140e-01 7.911187485363827543e-01
-5.562791285512208583e-01 4.335110072935891012e-01 5.860303225747881539e-02
1.860364450765886468e-01 -9.787912358082677400e-02 8.157473190364572524e-01
6.518599074279161076e-01 4.945113986117272153e-01 -3.163804237860687318e-01
-7.736940901681462757e-01 2.583592495113386511e-01 1.245785679823315228e-01
-8.777997140671889298e-01 7.180880308323803196e-02 7.216891138616841894e-02
-2.700575239898088120e-01 -1.119829400227651817e-01 2.862388761499704559e-01
3.852912126455039221e-01 2.184386535934823015e-01 -7.736898423181736151e-01
3.274300991388735538e-01 1.289232758861085237e-01 -8.904227528545100023e-01
3.330334866961694174e-02 -8.687848012988631519e-01 -1.987758041407451937e-01
-6.230250220125186367e-01 -5.070883301356974293e-01 2.203001332248820388e-01
4.591313376001509572e-01 -5.826545157294461541e-01 -6.222143450148553967e-01
-6.410164919547631790e-01 3.399269986370699881e-01 4.708762656881039232e-01
8.106449538673389243e-01 2.779457027493424937e-01 3.299117137325966453e-01
8.507415585537870806e-01 -3.662789960785293730e-01 -3.001552312284984647e-01
-4.839725977706661464e-01 -5.779622912900487242e-01 4.042144011521877078e-01
-8.516305878262823148e-01 -1.695368089885137264e-01 3.867645242979300679e-01
3.178407990465472177e-01 2.084515468588998555e-01 6.777090925172358782e-01
1.801631677485846239e-01 -4.820321049747743336e-01 -5.865884976238260329e-01
1.771486444450504072e-01 3.942663506688370151e-02 -5.957542025893594051e-01
4.606467177421486037e-01 -5.458602004545300979e-01 1.924216173123699525e-01
-9.685368745206639485e-01 -1.167147689132519983e-01 -1.748391858742369964e-01
3.057257516819434917e-01 -2.694002828588861753e-01 7.200084928369067105e-01
6.709066541798491823e-01 7.453772506222430295e-03 4.051450750321574645e-01
7.198982666864525148e-01 2.386641332723778708e-01 -6.478003777989017609e-01
-1.280645665892794216e-01 -1.986764607643136948e-01 2.491606143865660872e-01
-5.725960828278557901e-01 3.538899281157592558e-01 -3.218926554978041032e-01
-4.678209655356797836e-02 -6.496605384254490190e-01 3.314477205795705594e-01
7.339447812756410006e-01 -4.482965558408269491e-01 -6.594508116044318913e-02
-2.041383662979455449e-01 8.720804320182097280e-01 2.314915012116008641e-01
-1.558952768235108942e-02 4.513130397450127451e-01 -2.947759383310543657e-01
4.147391472053067463e-01 7.043019036439912561e-01 -1.378298740269415512e-01
7.710047882972764777e-02 -7.227898494669410256e-01 1.417912673828858050e-01
-3.910473759524652482e-01 5.870589654649311928e-01 -1.464636137135820818e-02
3.075577900725060543e-01 -5.766249044629175868e-01 -2.427738267751644585e-01
-4.527036497632641043e-01 -1.294754364755318077e-01 -8.588547246628293053e-01
3.529307828045668560e-01 5.220167753176957470e-01 1.829429937712417076e-01
1.940152469693249837e-01 -7.720644446879956213e-01 -2.678309875138981666e-01
6.090454138296762937e-02 2.794889300865761039e-01 9.463091146655788766e-01
3.328618503518215865e-01 -5.104533433667048925e-01 1.298319429075946718e-01
4.702039870485353878e-01 -7.253141117205413879e-01 1.960215045113620214e-01
-5.099154165828249929e-02 -7.368629689196555255e-01 -5.297304123231389578e-02
-2.855759987902222186e-01 5.132651195634532204e-01 7.021031045098526935e-01
7.618608425477522150e-01 2.460098656196428590e-01 -5.282717414853844717e-01
-1.094424850774809305e-01 1.030673376224125887e-01 3.152984802318488378e-02
3.867593213913714939e-02 7.233502622013998629e-01 -1.992958964959770651e-01
2.564355121487051359e-01 -7.926538081511592670e-01 -1.390850627499083114e-01
-3.030423585938379905e-01 -3.263717063316368128e-01 -8.598636659640357394e-01
3.323388668251257005e-01 5.782473706041751926e-02 2.402907786435488635e-01
2.096637234776373149e-01 6.751348712610333314e-01 3.737824325212308896e-01
3.590574231818426387e-01 -5.962205735264035633e-01 -4.913569973368450694e-01
6.129192553635979257e-01 4.051345437570273433e-01 4.257862287992372763e-01
-6.088501872412941385e-01 -7.049530220598795305e-01 1.731224776051702163e-01
-3.318836729327172552e-01 -1.092342936747947163e-01 -6.940876745923210134e-01
8.985072064475068121e-01 -2.066236675511905208e-01 -7.720154424372820123e-02
-2.609122199229115258e-01 7.157341592317960632e-01 -4.044968512607763356e-01
6.451635861003176542e-01 3.656669281172369446e-01 -6.633463257542322467e-01
6.360994389865196608e-01 -2.766373162675239139e-01 1.065773539581581497e-01
-6.559764281377851169e-01 -4.985918203327468490e-01 -2.745200745137344467e-01
-8.429969772674113238e-02 -6.855590227995458363e-01 2.944037828682743996e-01
5.550515436749029474e-01 -5.813513604277530389e-01 -5.702239933355528478e-01
4.441183351722000072e-01 -6.673973603386011977e-01 2.101815428824969217e-02
-2.213145271958401605e-01 1.899559036419174729e-01 1.580172223024710887e-01
-6.524799955103103288e-01 1.405914712438458836e-01 -2.682853610680381307e-01
2.842816928761982553e-01 8.613059561066833680e-01 9.121180659300481830e-02
-2.833058593092895316e-01 3.362241415005018386e-01 4.499759851667869959e-01
3.510864456899265296e-01 7.340198411373204390e-01 -1.318151977197864685e-02
3.733371911506111473e-01 5.082230419844124825e-01 3.086506881692091531e-01
-1.891701044472773319e-01 5.817254098521868616e-02 -1.944810274221634439e-01
6.353694869127620715e-01 -6.524147220456745222e-01 -2.475586005897643938e-01
-7.784019304189965238e-01 -3.729598128195253937e-01 1.167108239922840934e-01
5.559233919845608662e-01 5.211866530642724760e-01 -5.137574428942194293e-01
-6.461814685786890777e-01 -6.721601005009746055e-02 6.274569948609136638e-01
-1.078640353991000139e-01 -5.381508204483789193e-01 -1.385826351470271778e-01
-5.991693178041865853e-01 -7.147013486245299418e-01 3.716034904433187375e-02
-7.650411848940973369e-01 3.671240109962534137e-01 -4.759540010108867514e-01
-6.994602092415404260e-02 6.996289526650465440e-01 -4.017153650565985501e-01
6.130227174449446315e-01 -2.503483653961164901e-01 -6.399876122300428571e-01
-1.225502838458705085e-02 -3.178205097027492765e-01 6.810341696825993052e-02
4.177785932730712082e-01 -6.285036166675448399e-01 -2.203270593440845582e-01
-4.843524696924264017e-01 3.977053108740982723e-01 -6.891104698986707522e-01
-4.228032429811357518e-01 -3.103641874256052313e-01 -4.243271236836275717e-01
-2.686978454864690780e-01 -2.528291887445655584e-01 6.329496475708419334e-01
-5.008155863840425548e-01 8.820221384579847446e-02 3.443439298984769525e-01
-4.273918280204362652e-02 -1.869334551370728514e-01 -5.589319817282902836e-01
5.949302320832178248e-01 7.132716811766093290e-01 -1.588967586351995309e-01
-9.020320713106382282e-01 2.920814787726024320e-01 -8.050256445191069331e-04
2.074280275608850754e-01 -2.201974106067288994e-01 -6.813492816116950568e-01
1.306774649773488062e-01 -3.421729949271440918e-01 6.778385893210502333e-01
7.984340414606923009e-01 2.734197301231759414e-01 -3.589790144478521294e-01
2.636317635345334920e-01 -5.960536859620134686e-01 -6.571508961331471443e-01
3.813883479628940032e-01 -8.282199849469426556e-02 6.825746739214673398e-02
-9.043678671365038557e-01 2.092830598046156176e-01 1.230016741960595628e-01
-4.984174500921290663e-01 -6.098452614934599669e-01 7.067910899027367300e-02
-5.323157713603636765e-01 -1.010863496406765732e-01 -5.172139918181136720e-01
3.549912288723041653e-01 -6.809456145435870134e-02 -5.607578968223236870e-01
1.602820534080177661e-01 1.633863262134835626e-01 9.026517469728072562e-01
-3.186407272879474006e-01 6.620593582562109836e-01 7.393493570594697473e-03
1.251612520070766454e-01 -1.168419496785704365e-01 -1.393259933642739812e-01
-5.020450663949979075e-01 1.719850458545550131e-01 4.456521988856549377e-01
-1.948822464951599776e-01 5.754678278140886727e-01 -1.088350550040114925e-02
-4.830937268112410754e-01 -3.546380409795499289e-01 5.949323629727415463e-01
-2.465753124847063216e-01 7.836032753241389814e-01 -1.049367889893985939e-01
-6.349575144696764095e-01 -2.995670808580370714e-01 -3.873110621361153805e-01
1.439733725565345013e-01 -6.688362571564637760e-01 -4.883021922539545166e-03
3.601587563588071750e-01 2.022704534898218942e-01 -1.730658442966832022e-01
7.673076970367392891e-01 2.263184467186193927e-01 5.382219265869644942e-02
5.895334626320172244e-01 -3.172463681523556289e-01 3.155683768702990943e-01
2.930485388118141965e-01 3.548293500926734123e-01 8.744278723872383335e-03
-3.684957187301263204e-01 -1.853481922213873478e-01 7.046152430333511019e-01
4.721783618652694026e-01 -1.764213498747600403e-02 3.739568596010379720e-01
2.498863760664998129e-02 -2.453532505543831177e-01 9.355456801226295083e-01
-3.878092843477429219e-01 -1.623558660936927633e-01 -4.086409632022544591e-01
4.251330143889331947e-01 -8.443568265429332032e-01 -1.027825265729533089e-01
5.989958737666706279e-01 5.324898285933095110e-01 -9.108509845739794220e-02
-4.463601997090807516e-01 4.641229003526986530e-01 -6.752128455069329460e-01
-1.151782721718550007e-01 6.094513750534368279e-01 4.273588876749641052e-01
6.321744893641989549e-02 -3.268180498247856280e-01 -8.173357484367719250e-01
1.030824095983218780e-01 -6.342798453101554379e-02 -3.718602756640939644e-01
2.708179907969608391e-01 -6.091107200127938714e-01 -7.406984225901926955e-01
4.297234518465360420e-01 2.061106287403400295e-01 8.275949813721718007e-01
2.356931121610768287e-01 4.311136862619784349e-01 1.191647249843116180e-01
-1.807651099631342184e-01 2.553104375323400621e-01 5.532628776615201582e-01
5.653100030447967272e-01 -3.480791253633707671e-01 3.060730261069231628e-01
9.253364696341996876e-01 2.804144527729471315e-01 1.918512405480239102e-01
1.066781720721194232e-01 -5.546783923446459985e-01 6.012052791356348007e-03
1.145928605682473150e-01 -6.701450380822020492e-01 1.777255204878472605e-01
-5.305840690010313887e-01 1.997425776239451778e-01 7.386677638802418011e-01
-3.895073041210344034e-01 4.141485393674003146e-01 -5.739570450182343020e-01
3.785953446934296474e-01 -1.029220388639351391e-01 9.897581126386861827e-02
-4.805597718997667300e-01 -3.213023300673134575e-01 8.122680510489815875e-02
-1.669106654786600974e-01 3.935356777879995827e-01 4.777856639233855618e-01
3.279342326322455363e-03 -3.062795712845041082e-02 9.798795931084416377e-01
1.997115597110375174e-01 7.890242260227675608e-01 4.082059252934878146e-01
-8.489069467080703202e-01 -2.273646078242047563e-01 3.571354659877075677e-01
-3.007223373083627860e-01 2.570363450405110384e-01 4.317517325421457164e-01
-1.320841407118550637e-01 -3.683849177458720647e-01 -8.335984280036021765e-01
-2.017051764097773647e-01 -4.131766492307549221e-01 2.675515384930952090e-01
-1.703649605154068103e-01 2.900216947934303735e-01 4.791621463544264992e-01
4.527962229356892743e-01 3.444585430132393600e-01 -2.475821613920059505e-01
2.459500171671594737e-01 4.616566862464501764e-01 1.163126717851320768e-01
-2.802951646203441505e-01 7.951065735578674021e-01 -5.015829700371370325e-01
-7.390189643918625428e-01 2.787215964962117681e-02 -4.377809950253788163e-01
8.290385733356993303e-02 -6.566983251942178912e-01 -4.249236843033153965e-01
-3.780344800468492528e-01 7.567103050863214220e-01 -1.684792059773247697e-02
6.363321856028475443e-01 -3.475732894736984213e-01 -5.201745912651432047e-01
-1.174880566988993763e-01 -5.915259941030254209e-01 3.501841326053823922e-01
5.107711451718874862e-01 -5.484143392174788412e-01 -4.958913647895367705e-01
4.789223248840718261e-02 -9.221056130965813447e-01 1.705072828515085959e-01
6.144201125099606475e-01 2.522589330738914670e-01 -6.213268556095689066e-01
7.693419524842477764e-02 9.262533069499906402e-01 -4.675667305360619447e-02
5.090830513656902090e-01 -5.272970797404799570e-02 5.502186932990642543e-01
-3.915577726596508046e-01 2.101412554934692367e-02 -8.441979762764757478e-01
-7.629393401513392958e-02 -3.131086885539431930e-01 -1.436507943986865300e-02
-5.570424924421674834e-02 5.585885714137254210e-01 -5.790696341524769197e-01
-1.148176232940859715e-01 1.908151724202171440e-01 5.717663663518419703e-01
6.892329494399902501e-01 1.923079780396484972e-01 -6.617799658845386901e-01
-1.809242053035414188e-01 4.036747055576875992e-02 -2.086702248793315673e-01
-7.924545177892702297e-01 -3.811143719994906226e-02 7.559033818454674591e-02
-9.329746704828532078e-01 -1.217852314239238620e-01 -2.815812761031223355e-01
6.712621354143231966e-02 -2.517848600047103425e-01 -3.602528343870766148e-01
8.525255355069399910e-01 2.961524769232145582e-01 4.040239079426425350e-01
-5.259892056979875719e-01 5.903550599702750423e-02 8.591783054316093349e-02
-8.637838226981402467e-01 2.471164193841618728e-01 4.164123633271007985e-01
-1.718178594949699156e-01 -1.974037688478134378e-01 -6.057809004392392671e-01
2.429727909565926880e-01 7.160094526011913096e-01 4.570046376038165437e-01
-2.069126156134115380e-01 1.975396895201954883e-01 -1.163964124674443934e-01
-2.385008439013995285e-01 1.948099363034528075e-01 7.690178953555213415e-01
8.363941515919637304e-02 -5.271612783326875551e-01 7.213373956708657442e-01
5.700838234444439712e-01 -1.385631756604036868e-01 3.137244661672562440e-01
3.078464723503270273e-01 -4.940241925027556991e-01 7.840769366976818588e-01
7.620555863491228488e-01 5.724624147686949716e-01 1.582725824302419482e-01
-2.755901750536233208e-01 -5.654304829530547583e-01 3.814797101411511182e-01
-6.387954201729467707e-01 2.891454023313090871e-01 6.618029290690771171e-01
1.814923526321741143e-01 5.750967514286128290e-01 6.558031914140330931e-01
4.451335036674197720e-02 -4.386084190009917894e-01 5.411487762698847792e-01
1.487458888764980891e-01 -7.375451919048279237e-01 4.353629903751928265e-01
4.530973564180537649e-01 -6.863469414681774294e-01 -5.181996747493337052e-01
-2.975895980951357989e-01 5.787796152505030323e-01 6.649310875695270129e-01
-4.534137579703820808e-01 -6.955255192218349203e-01 8.427273532479950813e-02
9.716374709326019987e-02 -6.676383636211266626e-02 4.651816402476737777e-01
7.420012498220481811e-01 5.631726612653076280e-02 -3.738935078232911713e-01
7.156793616432459704e-01 -3.196402270302561299e-01 -7.372319896890343338e-02
-2.312859942973799834e-02 5.237461311396685026e-01 -1.025054570073927890e-01
2.285293516191790331e-01 -7.425527539560637935e-01 -1.179991114361838567e-01
2.430089436889756316e-01 -7.099339571096600077e-01 2.630418617379974844e-01
3.915593326514471006e-01 7.307297457917081296e-01 1.143432851766555403e-01
-4.073763683108852507e-01 -7.280285950229364866e-01 -4.993113410179501610e-01
1.751221157290463737e-01 3.406077030100364555e-01 1.803999719430579851e-01
2.418863723006023925e-01 -1.718744778242447535e-01 9.122265526164320404e-01
-1.104466900000053570e-01 -4.409171056906280861e-01 5.302003508665311671e-01
-7.550365931584073209e-01 3.085209736362528044e-01 3.360681287159043573e-01
-4.910873524280320174e-02 6.228541653797748934e-01 1.798425378615263470e-01
2.631076297110702608e-02 -3.008712789709981905e-01 -4.094449371935825477e-01
1.580078250406730667e-01 4.594343941796686925e-01 3.609815495360367277e-01
-1.177664411115711823e-01 1.092582868393811024e-01 4.663354840988891831e-02
-6.812517334338288322e-01 1.767981034348982058e-02 -1.350512434444462173e-01
-1.337330272433557565e-01 -4.380514270562096968e-01 5.497191832617135399e-01
8.867712994861572939e-01 1.015898006958302902e-01 -2.676422151244408631e-01
5.540316748439915173e-01 1.718321586322414940e-01 2.047521474937972763e-01
-2.958535220646094643e-01 5.587102169090975984e-02 4.943166287539129122e-01
-4.299548886750514942e-01 -7.700240932121646953e-01 -1.337562057415989658e-01
2.381801952827533875e-01 8.237468778954913640e-02 2.115291258258794604e-02
-7.825127849584742057e-01 5.948421121607377904e-01 4.116750114374739117e-02
8.279955774493075182e-01 2.758640711645118579e-02 -3.292072948425560086e-01
5.438691838053880817e-02 6.744998983982076757e-01 -6.128062303094361507e-01
-7.648542520033649872e-01 -4.336747306645666322e-01 -2.471355269826707238e-02
-7.865457944047189731e-02 -4.109693651137627524e-01 6.211936556364557882e-01
3.681504630458576344e-01 7.015981736307772554e-01 1.371162816270537765e-01
1.339248433994078002e-01 -7.250336137656024915e-01 -3.017527003912113814e-01
-7.578477196257039639e-01 2.014172627600560594e-01 -2.784426105330301549e-01
7.545223934188100001e-02 -4.846730022473323407e-01 -4.210488546339428706e-01
2.299767893261462064e-03 5.912934949781022409e-01 6.547126552246775866e-01
-5.385478214429952892e-01 1.112267098889823669e-01 9.917577656721403290e-02
3.372565750902049020e-01 -3.355413233641408310e-01 1.724174687965851840e-02
4.657076474648489395e-01 1.124915894849914805e-01 7.142988132907541754e-01
2.846214033900093532e-01 6.865184186947198564e-01 -3.138814168164825724e-01
1.175872851229139843e-01 -8.468596606990710929e-02 8.390074733500995086e-01
-7.823354084630789185e-01 -3.650214904998519416e-01 -1.884684982625452476e-01
5.162088190982523361e-01 -5.383316034818418361e-01 3.372847483809414681e-01
3.429576455337626228e-01 2.487717979310858640e-01 -8.003018086424276145e-01
4.546054618562188621e-01 3.415092487723622727e-01 -3.815167772235528720e-01
3.882929074161252103e-01 -2.898801558799144473e-01 -3.117362993094485724e-01
-1.049930494240133988e-01 5.138765447289795896e-01 8.520852095506781243e-02
-1.092494436843888389e-01 4.268888562669611586e-01 -4.336216279366724713e-01
-5.223069663731334522e-01 -4.880535537490848230e-01 3.090254118982257991e-01
-2.337920768098795676e-01 -2.570250115283572723e-01 4.089740449241700548e-01
5.030446499283459938e-02 2.996633449800845672e-01 9.473056987823681441e-01
6.318440832245966199e-01 -1.236298130387419592e-01 5.890345956819191819e-01
-5.984508540330802928e-01 -1.949100644776664559e-01 -3.476176133510510136e-01
2.236796544839493583e-01 3.669563165617059086e-01 -3.178043077826362556e-02
6.622028565345486895e-01 -3.153717180113040919e-01 5.670958614884189508e-01
-2.462978152862682069e-01 -8.207891555360694591e-01 4.704184810162500563e-01
-6.292018628841715699e-01 -5.703810821730840308e-01 -2.663515872483914193e-01
-9.752876081073076631e-02 -2.304125267481680062e-01 -7.348336761314773202e-01
8.449286170527708917e-01 -6.862295374753507593e-02 4.995826716245868604e-01
-7.474552883242008283e-01 -3.375571231353278190e-01 9.878378288793937534e-02
6.225954382794175457e-01 1.527786184441968786e-01 -6.587647577133780574e-01
-5.153042259572897521e-01 7.462649991790587523e-01 1.801074843285831728e-01
-1.965685096328460002e-01 7.485237676608373636e-02 -1.172611242674129611e-01
3.629237961282626990e-01 -4.927341416514697259e-01 -4.662721169294282708e-01
-6.677083602697809761e-01 -3.531451296039666565e-01 -2.632656093211394044e-01
-3.423109969048572787e-01 -5.085594438980173271e-01 2.895310684385670186e-01
-2.044212883239676926e-01 -1.331957510021990476e-01 -3.462640524890464588e-01
-1.929741531504213514e-01 -3.496370948875455187e-01 -5.733832703816064136e-01
6.855512068138005510e-01 -4.530608551109797238e-02 -2.944164980550408872e-01
-7.533804284544450003e-02 6.209591451816900420e-01 -2.563209740781747237e-01
1.942506704780414817e-01 6.689832867500948854e-01 6.455279699355734868e-01
1.433311975401151128e-01 2.557645829750118671e-01 9.284778740910756278e-01
-2.792633360173903401e-01 4.088379002664910278e-01 -6.195675673182321486e-02
-5.287396402066062429e-01 4.888401218262005132e-01 -5.181488537147974638e-01
2.756481217158644470e-01 -5.036222035838726629e-01 -1.751399410151865677e-01
-1.964176958364708958e-01 2.904096325995866867e-01 6.169922904272043818e-01
5.986840032589715310e-01 -3.228745884979604130e-01 -7.014462482856697045e-01
6.929903128555865710e-02 -4.025319566632764023e-01 -8.600757055144108154e-01
4.130654135075312872e-01 -3.108493201865327182e-01 -1.798618348102803410e-01
-3.227577701296700519e-01 7.084780773166939882e-01 6.113385198385021951e-02
-8.595145593574859966e-01 -1.440188880755957634e-01 1.453804539115748258e-02
3.952029838329499389e-01 4.136037572142112206e-01 -6.808250267592226290e-01
7.986056431470575090e-01 5.531507700578631725e-01 1.752345499084471958e-01
6.161181930281849350e-01 6.303436624399050281e-02 5.924376429398329202e-01
9.554561351625016075e-01 3.731120234874851782e-02 -1.615386826576049595e-01
4.179258109245598263e-01 -7.391554676662970280e-01 -5.217351881048973850e-01
-6.533638095650610988e-02 -9.417468854826815949e-02 3.036963661866325936e-01
-1.570314314388346899e-01 5.146043631731290861e-03 -3.476909462632764014e-01
5.095421825609424554e-02 2.309312603359427452e-01 4.970330522090457559e-01
-2.679113171219126843e-01 7.680038661427015523e-01 -3.173359887446082495e-02
-7.150013037871832955e-01 -3.459719840245875644e-01 -2.195104102380957545e-01
-4.157350207141732312e-01 4.116462637873355979e-01 3.173161442936602294e-01
3.689720105627702917e-01 7.063791387507817321e-01 4.944827864628186243e-01
-7.263688427119475710e-01 9.258634971186804896e-02 4.574295618066100411e-01
-6.334051728497506195e-01 4.188860193184932301e-01 6.127924022154266348e-01
-1.673281191011483648e-01 3.826400289835071855e-01 3.093768884371116135e-02
8.314214460153378228e-02 1.937570033584447293e-02 3.764122559949820701e-01
-2.040749452175454615e-01 -4.974925436573552906e-01 -6.994116784783506180e-01
-7.153482111438311808e-01 -5.732292612448619540e-01 -3.638839156914928097e-01
-6.739955486226851811e-01 6.244861521435456364e-01 3.068448814335428820e-01
-2.558914681147939421e-02 8.834204992718604210e-02 -6.147535005847942768e-01
3.362166773542914489e-01 -7.155846999951352705e-02 -7.771368944765159048e-01
4.818302330536560762e-01 -4.806826718505133322e-01 -1.933460888706296787e-02
4.182764969029267310e-01 -1.255157035389450615e-01 -5.399483227624251036e-01
-4.731621938757218926e-02 6.059732163157666163e-01 -5.532727703786459728e-01
-1.857862855762823506e-01 2.582923714479966604e-01 3.315443841046267770e-01
3.103806192315405332e-01 -3.354595715258783251e-02 8.842361371873184162e-01
2.000308859183213828e-01 6.398449656670599506e-01 3.782241725221436313e-01
3.883468412383780377e-01 -5.903737736919385526e-01 -5.037837915193729144e-01
4.720351327263442864e-01 -6.004386038709565998e-01 -3.828832552222810048e-01
-5.083184477684443703e-01 4.002228472931240177e-01 -2.297440183792706092e-01
8.910447139729238408e-02 5.599465220432451457e-03 7.602912530554793991e-01
2.208622043761421794e-01 5.741063861391561274e-02 -9.303771875907383693e-02
3.215551185934377720e-01 4.813322917240676624e-01 -1.191822390354444795e-02
-8.393641962613646035e-02 -5.471952208695666231e-01 3.794417410267622026e-01
2.253566966075317701e-01 2.044049358104110814e-02 6.718910368890247398e-01
2.127342012922279202e-01 -2.779895587885924946e-01 3.215258689573275985e-01
7.375210265820751898e-01 -1.196382468713900610e-01 2.827733884093484029e-01
-6.248413695907040211e-01 2.694337067198116498e-01 -2.706927311775573775e-01
-2.719139153507341700e-01 1.305041778759120918e-01 -2.629692695367705224e-01
4.273192381898587855e-01 -7.543902525987861152e-01 2.241828627280828823e-01
-3.971334214012724462e-01 -2.911870792537735730e-01 -1.630519855744498314e-01
3.525998613487444922e-01 8.779867968940665568e-01 8.388590920325289524e-03
-3.705814535550175925e-01 4.096155069797486892e-01 4.792112437422326177e-01
3.482040237384552150e-01 3.510968350024506468e-01 4.218675711539789930e-01
3.727096422222582472e-02 5.376120668363613131e-01 4.746245034872709767e-01
4.016162153201958129e-01 1.694602722855467758e-01 1.150316129544166760e-01
1.670557167566854295e-01 -7.146562032375927132e-01 -5.934738147454132751e-01
-4.857551967406478766e-01 -8.868981537710598009e-03 -4.278343893539766074e-01
-6.760024551756557143e-01 -2.188269844737228131e-01 3.788718041252198687e-01
5.249990211752547653e-01 4.675133183731699504e-01 5.597286639740472330e-02
-5.816581649301830748e-01 4.080619709997655442e-01 5.942160676918630813e-01
-4.700801126104955235e-02 4.502983079964185120e-01 2.089766089102453317e-01
-3.078603017163607410e-03 6.192453240921251822e-01 3.451715222444405318e-01
-2.657643432889871815e-01 -2.323080039848327838e-01 -3.613784869335127659e-01
-9.989486942196146302e-03 -3.015184433899778527e-01 3.865020145863181100e-01
3.363036349492474764e-01 -1.548054320556095376e-01 -8.336735199026450438e-01
8.333585241407127642e-01 -2.663277216805543524e-01 3.777679078202216267e-01
4.200473482941223247e-01 2.235959944816766909e-01 7.907484291723757552e-01
5.494213389050759400e-01 6.173195332670686764e-01 -5.377638030281406412e-01
-5.852143503421482207e-02 5.646236911252457968e-01 -4.340487286088083319e-01
-1.543678935345974834e-01 -8.232688469259723529e-01 3.493027006999369077e-01
3.186580615915403369e-02 1.804968074287273405e-01 -2.033803991930726446e-02
3.451761807163660212e-01 3.950365005855344669e-01 8.201966789517516343e-01
-6.937607676700050519e-01 4.296654530208189882e-01 -3.302258776954694608e-01
-8.942565293696573825e-01 2.919582923251017315e-01 -1.837351421077764585e-02
9.857460617972135797e-02 3.364822573753925572e-01 1.479022376363688107e-01
9.065929356150251861e-01 -1.002341493284333168e-01 -3.988784760133104457e-01
4.217563110868616794e-01 -5.733338253854604050e-01 -3.858172647183413795e-02
3.879682291145682416e-01 9.206460588090545349e-02 -6.805445065687331097e-01
4.400355856431469037e-02 -1.689945224194173146e-01 0.000000000000000000e+00
-3.165018924184221372e-01 9.049912230551064585e-02 0.000000000000000000e+00
-4.258945545328295390e-01 -2.152813574391461426e-01 0.000000000000000000e+00
-9.404769764712130053e-02 2.832718082419994343e-01 0.000000000000000000e+00
3.163748667720449603e-01 3.131963666692252901e-01 0.000000000000000000e+00
2.212476893192118488e-01 -7.220653896525322524e-02 0.000000000000000000e+00
1.791276139517939681e-01 -3.409568266827437411e-01 0.000000000000000000e+00
-3.271196465372650519e-01 1.289886313486979241e-01 0.000000000000000000e+00
4.224007774741168619e-01 -1.171327164168862317e-01 0.000000000000000000e+00
2.225950634140364329e-02 -9.213522598796829166e-02 0.000000000000000000e+00
-2.723485472196388035e-01 1.867783217033819609e-01 0.000000000000000000e+00
1.523313681862078495e-01 3.639594961183025834e-01 0.000000000000000000e+00
4.902248805070062720e-02 -4.424295872562671872e-01 0.000000000000000000e+00
2.704672513722169991e-01 1.136254000327434760e-01 0.000000000000000000e+00
3.030255379107438252e-01 -3.809121532657301912e-01 0.000000000000000000e+00
-2.262358270943406191e-01 3.485783393922688433e-01 0.000000000000000000e+00
-1.414489572202675544e-02 3.566277008119068670e-01 0.000000000000000000e+00
3.981877044599222426e-01 -2.900240844027934806e-02 0.000000000000000000e+00
5.736692518568189264e-02 -3.204305634794614721e-01 0.000000000000000000e+00
1.165646930526740704e-01 -7.004660654005707976e-02 0.000000000000000000e+00
-2.967548493564111170e-02 3.834181720648046632e-01 0.000000000000000000e+00
1.515302617537603314e-01 2.547868924776727079e-02 0.000000000000000000e+00
-2.483723721776099139e-02 -6.485493025711137373e-03 0.000000000000000000e+00
3.194177065004378813e-01 -1.106424984521315047e-01 0.000000000000000000e+00
-3.956776724842026721e-02 -4.763593824199543469e-01 0.000000000000000000e+00
-1.416147027507056455e-01 1.217171607619998847e-01 0.000000000000000000e+00
1.380265458639620690e-01 3.983721504818101000e-02 0.000000000000000000e+00
5.522924100526484942e-02 -1.397680191834861640e-01 0.000000000000000000e+00
7.675058326470220182e-02 1.915178764506960882e-02 0.000000000000000000e+00
2.467175114040864037e-01 -3.445731969242315507e-01 0.000000000000000000e+00
2.313951927643974338e-01 3.413173484235970112e-01 0.000000000000000000e+00
2.432173156678708870e-01 -8.830630826493829355e-02 0.000000000000000000e+00
-1.920653502526523948e-01 1.476225515754405471e-01 0.000000000000000000e+00
-1.550248046261548940e-01 -2.544339117448022464e-02 0.000000000000000000e+00
-1.936050399703136832e-02 1.371431253865397493e-01 0.000000000000000000e+00
2.945354436378794238e-01 -2.575773826470319494e-01 0.000000000000000000e+00
-1.614726625589955888e-01 -1.204761933551857546e-02 0.000000000000000000e+00
-2.925021805611687231e-01 -2.285860353999576711e-01 0.000000000000000000e+00
-1.933715175906743633e-01 3.751176959578076953e-01 0.000000000000000000e+00
2.146910194569667529e-01 6.950174800971080369e-02 0.000000000000000000e+00
-1.413857302984691533e-01 -1.722030476181498904e-01 0.000000000000000000e+00
2.772220876571464872e-03 9.687168478116074677e-02 0.000000000000000000e+00
1.325235501468058075e-01 -5.239338207127829800e-02 0.000000000000000000e+00
5.753195165400719346e-02 1.841318025775019740e-01 0.000000000000000000e+00
-1.273859264881316844e-01 4.651284676420727182e-01 0.000000000000000000e+00
3.836693697158946592e-01 1.865221161418992302e-01 0.000000000000000000e+00
7.682347405966220844e-02 2.794445119284154622e-01 0.000000000000000000e+00
-2.770892852814376695e-01 1.307723985914783227e-01 0.000000000000000000e+00
7.170259875811459127e-02 -2.753920609015057530e-01 0.000000000000000000e+00
4.000121385881776903e-01 -1.601224090889208362e-01 0.000000000000000000e+00
3.462271113123591149e-01 2.535360200769855021e-01 0.000000000000000000e+00
-3.178327913203723987e-01 2.837097062663989089e-01 0.000000000000000000e+00
4.987513141105645587e-02 -4.426548850437909965e-02 0.000000000000000000e+00
1.055070697307413513e-01 -2.949016074310239488e-01 0.000000000000000000e+00
-1.041728912913327254e-01 3.773035617690813637e-01 0.000000000000000000e+00
4.519422340567218477e-01 -7.360023605081657261e-02 0.000000000000000000e+00
-2.340693861024305822e-01 3.071603202837571711e-01 0.000000000000000000e+00
2.953644264730800884e-01 -9.546208554522327139e-02 0.000000000000000000e+00
2.001103792753408384e-01 -5.138089409041035616e-02 0.000000000000000000e+00
1.179514347437798094e-01 4.285980266702075214e-01 0.000000000000000000e+00
-1.762460862961347796e-01 -6.892446922450704005e-02 0.000000000000000000e+00
-1.539095393645669441e-01 2.919649457374773882e-01 0.000000000000000000e+00
-9.644830924396026461e-02 3.324961837917411178e-01 0.000000000000000000e+00
2.548703270019749834e-01 1.871044084815704778e-01 0.000000000000000000e+00
-1.575213297333129814e-01 -1.255901355456393864e-01 0.000000000000000000e+00
-7.227468095976248563e-02 -1.366664363024301665e-01 0.000000000000000000e+00
-4.585819499129241417e-02 3.353761991084637240e-01 0.000000000000000000e+00
-1.419128094564857667e-01 -1.153127179558166016e-01 0.000000000000000000e+00
1.015411456478717972e-01 1.406186087617537772e-01 0.000000000000000000e+00
2.535913473021428888e-01 -2.111214167405593423e-01 0.000000000000000000e+00
1.934243543848513935e-01 -1.093411843603817185e-01 0.000000000000000000e+00
3.351580972103394007e-01 2.372058730990689590e-01 0.000000000000000000e+00
-1.599212010853126031e-01 1.192392403323959682e-01 0.000000000000000000e+00
2.739424239459605226e-01 1.127936986259271968e-01 0.000000000000000000e+00
8.112646455419812372e-03 -2.230477931378243017e-01 0.000000000000000000e+00
3.267891420517567147e-02 1.751321636311218427e-02 0.000000000000000000e+00
-2.182987306241187808e-01 -1.631787553110963240e-01 0.000000000000000000e+00
-2.180222809183606225e-01 1.157983256101524916e-01 0.000000000000000000e+00
2.402098518192122001e-01 -2.740056211321854063e-01 0.000000000000000000e+00
-2.082822997937089082e-01 1.246226965832974570e-01 0.000000000000000000e+00
3.026995273263209385e-01 3.781325796597692634e-02 0.000000000000000000e+00
-2.780270893320675729e-02 -4.057223119069791606e-02 0.000000000000000000e+00
8.889260445257038401e-02 3.372088604514486554e-01 0.000000000000000000e+00
3.060913279821879662e-01 -2.461826681778203629e-01 0.000000000000000000e+00
8.229126808827411099e-02 1.440403461491046866e-01 0.000000000000000000e+00
-1.831015653229225437e-01 1.355873697822785884e-01 0.000000000000000000e+00
2.731289716808408818e-01 8.736596007270838737e-02 0.000000000000000000e+00
-3.756936857186718437e-01 8.134569704040570115e-02 0.000000000000000000e+00
-1.337882859697474836e-01 -4.030506837596145031e-01 0.000000000000000000e+00
-2.846186772631207895e-01 -2.134238782615634211e-01 0.000000000000000000e+00
1.182521533550599385e-01 1.463754731768102668e-01 0.000000000000000000e+00
-1.610079833651733849e-01 -3.509552031770777347e-01 0.000000000000000000e+00
-2.913644594134608412e-01 -1.674548619334077226e-01 0.000000000000000000e+00
-1.749875259220690094e-01 3.591905165951959633e-01 0.000000000000000000e+00
3.484018821212356842e-01 -2.409027530932228711e-01 0.000000000000000000e+00
-5.761191368076482716e-02 8.362123678631440057e-03 0.000000000000000000e+00
1.208392286677239247e-01 9.299320927986347296e-02 0.000000000000000000e+00
1.908018175747123735e-01 3.463340080617064443e-01 0.000000000000000000e+00
1.345876188028960196e-01 -3.580184132475237174e-02 0.000000000000000000e+00
7.993799687971347989e-02 -8.569905907854212523e-02 0.000000000000000000e+00
-3.474840702513379287e-01 -2.943238430220360136e-01 0.000000000000000000e+00
1.924291739574966742e-01 1.751420516488737811e-01 0.000000000000000000e+00
-1.936272176921968458e-01 -2.007285425448012139e-01 0.000000000000000000e+00
-9.802611336722068247e-02 -8.696895004732986545e-02 0.000000000000000000e+00
-1.971208140153587751e-01 4.121715767415296550e-01 0.000000000000000000e+00
-1.270923496476318026e-01 2.465949183951744728e-01 0.000000000000000000e+00
-2.284866968947958932e-01 -1.583297098767506572e-01 0.000000000000000000e+00
-2.228015302491281047e-01 2.720526085786830750e-01 0.000000000000000000e+00
-1.748671814578955930e-01 -2.438425181287593724e-01 0.000000000000000000e+00
1.483468812759349553e-01 -4.349760837765812710e-02 0.000000000000000000e+00
1.948973093245315868e-01 -2.834973209260384097e-01 0.000000000000000000e+00
2.901086367755482259e-02 -3.439661715580472762e-02 0.000000000000000000e+00
1.857860007341772535e-01 4.508244890458154019e-01 0.000000000000000000e+00
-1.035289259089618025e-01 4.072807873811123414e-01 0.000000000000000000e+00
-2.612009484142812643e-01 -1.877348361719571312e-01 0.000000000000000000e+00
3.403098234323090332e-01 2.751033629051532481e-01 0.000000000000000000e+00
-4.793672786861008506e-02 -1.152525648429425231e-01 0.000000000000000000e+00
1.061258560394799516e-01 4.057979070903349195e-01 0.000000000000000000e+00
-2.336539289612761180e-02 -2.750694918412667153e-02 0.000000000000000000e+00
-7.588422300054835368e-02 -4.434758583642570695e-01 0.000000000000000000e+00
-1.550990295215239900e-01 -2.203310466910007523e-02 0.000000000000000000e+00
-2.533731663405238144e-01 2.162603241173737534e-01 0.000000000000000000e+00
1.552620304928691020e-01 4.245652400298325496e-02 0.000000000000000000e+00
1.543019658719920785e-02 1.716096001652178404e-01 0.000000000000000000e+00
1.624807040242692568e-01 -7.431132514687111001e-02 0.000000000000000000e+00
-8.209701674315526831e-02 -1.694283727628575209e-01 0.000000000000000000e+00
2.677581026134877584e-01 -1.384045985883869956e-01 0.000000000000000000e+00
2.028693257558320667e-02 3.675073740052169080e-02 0.000000000000000000e+00
1.522242790084770703e-01 -3.615482375767936629e-01 0.000000000000000000e+00
1.164935208850429449e-01 2.458523283918070956e-01 0.000000000000000000e+00
8.683550700798130240e-02 -7.842531475794988285e-03 0.000000000000000000e+00
7.201245048472618149e-02 4.055187821629672729e-01 0.000000000000000000e+00
-2.067102672012234021e-01 2.287316286082501371e-01 0.000000000000000000e+00
-2.449921480184175382e-01 -7.972369981245369663e-02 0.000000000000000000e+00
-1.965541125114498577e-01 -2.555532550166185746e-01 0.000000000000000000e+00
-1.306846834673036084e-01 1.444209559016388922e-01 0.000000000000000000e+00
1.682606462405994985e-01 -1.167289311981119793e-01 0.000000000000000000e+00
-1.565152063591395692e-01 2.411120215908232611e-01 0.000000000000000000e+00
-3.056325600939225826e-02 -4.884482027829107342e-01 0.000000000000000000e+00
-1.116992298000663159e-01 -2.600371034112776703e-01 0.000000000000000000e+00
1.894189734619268484e-02 3.859870101866929026e-01 0.000000000000000000e+00
-1.402865595881287730e-01 1.967594009724467075e-01 0.000000000000000000e+00
2.098937455534938823e-01 9.934979768554258461e-02 0.000000000000000000e+00
-1.316311560252856894e-01 3.520567365865685527e-01 0.000000000000000000e+00
-2.365557848339476799e-01 -1.554179216726620516e-01 0.000000000000000000e+00
1.597208645989874332e-01 -2.196977577517921498e-01 0.000000000000000000e+00
2.470651163287100327e-01 1.427948793746397493e-01 0.000000000000000000e+00
4.009100100906305003e-02 -2.545870138074886602e-01 0.000000000000000000e+00
-1.247735642891885516e-01 -7.540787880224453232e-02 0.000000000000000000e+00
-2.038177743429107625e-01 -2.460976059056500798e-01 0.000000000000000000e+00
3.682939457391912197e-01 -1.071804474483114417e-01 0.000000000000000000e+00
-4.398614622526420548e-01 -2.228913012362489232e-01 0.000000000000000000e+00
-1.620088166063241575e-01 1.144065130178418543e-01 0.000000000000000000e+00
1.923016458710646581e-01 1.113291784393421607e-01 0.000000000000000000e+00
-1.336384764539133574e-01 4.175950579153919762e-01 0.000000000000000000e+00
-1.924299229405622147e-01 3.201669843917395036e-02 0.000000000000000000e+00
4.131522348880660445e-02 2.072991747147929498e-01 0.000000000000000000e+00
6.753100720653162914e-02 -1.360300734173785532e-02 0.000000000000000000e+00
7.154558088066835519e-02 -3.646321065075182055e-01 0.000000000000000000e+00
3.465015805741202271e-01 -2.731642211029839951e-01 0.000000000000000000e+00
1.061702979432968263e-01 2.847779153021276835e-02 0.000000000000000000e+00
1.017776163567632496e-03 -3.191507276949895333e-01 0.000000000000000000e+00
2.010591874874878560e-01 -8.893320814067652569e-02 0.000000000000000000e+00
1.063857158788669571e-01 4.606323494068458313e-01 0.000000000000000000e+00
-1.842258850054898089e-01 -1.549567751906584800e-01 0.000000000000000000e+00
1.885612728810892869e-01 -1.561438152818008795e-01 0.000000000000000000e+00
1.226611612298983689e-01 -4.041032176407747256e-01 0.000000000000000000e+00
3.346100606529568422e-01 3.272449077481751623e-01 0.000000000000000000e+00
-2.767876908502217015e-01 -9.831688422023493468e-02 0.000000000000000000e+00
3.053524215716826307e-01 -1.473742105078786058e-01 0.000000000000000000e+00
3.670299801264545470e-01 -1.772743399395434669e-02 0.000000000000000000e+00
4.957200723306981471e-02 -7.242276751510200172e-02 0.000000000000000000e+00
-2.615038754245357366e-01 -1.829738628775295917e-01 0.000000000000000000e+00
2.609298900372490904e-01 -7.582902863016683162e-03 0.000000000000000000e+00
-2.362088210997288495e-01 1.965151300728636141e-01 0.000000000000000000e+00
9.527263721885255443e-02 -2.777908247354562987e-01 0.000000000000000000e+00
-4.144119886690983412e-01 6.076981130714118051e-02 0.000000000000000000e+00
-1.106005141022919393e-02 1.680381362310471582e-01 0.000000000000000000e+00
-2.492809749694573640e-01 -7.184941706116619586e-02 0.000000000000000000e+00
-2.506157755991378910e-01 3.533510104548240327e-01 0.000000000000000000e+00
2.573362583704836282e-01 -3.302879492073372836e-01 0.000000000000000000e+00
2.402802176057667327e-01 -4.292557199608653118e-01 0.000000000000000000e+00
1.938389557388085077e-02 4.348912441546593510e-01 0.000000000000000000e+00
1.246879779197522381e-01 7.483526359225890767e-02 0.000000000000000000e+00
-4.954571548063981673e-02 1.580929939112242222e-01 0.000000000000000000e+00
-3.380663212556550556e-01 -1.092051244340260102e-01 0.000000000000000000e+00
-2.462481826155727138e-01 3.234351727638397622e-01 0.000000000000000000e+00
7.474722761441681025e-03 1.287600113815885183e-01 0.000000000000000000e+00
7.583493076264312405e-02 2.256859819213985485e-01 0.000000000000000000e+00
3.088780469694103470e-01 -1.544490088661831517e-01 0.000000000000000000e+00
2.998456350377837198e-01 -1.325467995635927210e-01 0.000000000000000000e+00
3.753840862007709611e-02 -2.268387927985208163e-01 0.000000000000000000e+00
-2.336780288321134158e-01 1.453241763089764549e-02 0.000000000000000000e+00
-6.338272607612920051e-02 -1.410606652182950782e-01 0.000000000000000000e+00
6.650431928607462850e-02 4.423305803170302641e-01 0.000000000000000000e+00
-1.033119144495823344e-01 9.044029258034821939e-02 0.000000000000000000e+00
-2.130174865099485892e-01 3.625006329020634133e-01 0.000000000000000000e+00
1.946673299093206744e-01 3.327483321880811973e-01 0.000000000000000000e+00
3.733893974937362026e-02 2.816289892210905310e-01 0.000000000000000000e+00
-1.418904500366865995e-01 1.001216675399018985e-01 0.000000000000000000e+00
2.645277725480533193e-01 2.923797884074247899e-01 0.000000000000000000e+00
-3.738868066436107918e-01 -2.046156819973732055e-01 0.000000000000000000e+00
3.132692359374432689e-01 6.766495343774225901e-02 0.000000000000000000e+00
2.227870252236383575e-01 -1.838776984648249069e-01 0.000000000000000000e+00
-8.753792307284315177e-02 -3.092136732874701255e-01 0.000000000000000000e+00
-2.221895431277090827e-01 -1.121810874148104625e-01 0.000000000000000000e+00
1.297040707632842738e-01 -2.538520589565258501e-01 0.000000000000000000e+00
4.312461884079250851e-02 -3.790383428585218373e-01 0.000000000000000000e+00
-1.314316052980544214e-01 1.189850511878935424e-01 0.000000000000000000e+00
1.217625359014036512e-01 4.719782291274739888e-02 0.000000000000000000e+00
3.498908530804016315e-01 1.187931656349418318e-03 0.000000000000000000e+00
-1.810525322212695187e-01 -1.451446680800902167e-01 0.000000000000000000e+00
3.936429771667374067e-01 -2.114954915174107608e-01 0.000000000000000000e+00
2.819457088073346052e-01 -8.752238814515143905e-02 0.000000000000000000e+00
-1.810540403576085255e-01 -2.155952234131076062e-01 0.000000000000000000e+00
4.085707470930309282e-01 2.089936622746392525e-01 0.000000000000000000e+00
1.040397153180429857e-01 4.670723953329761202e-01 0.000000000000000000e+00
-1.306926015011871112e-01 2.803055683999527981e-01 0.000000000000000000e+00
-8.494062071624121357e-02 1.263073744355807659e-01 0.000000000000000000e+00
-2.206249451293196967e-02 -1.541897152616341915e-01 0.000000000000000000e+00
-2.201162152790025750e-01 2.175543110134260660e-01 0.000000000000000000e+00
-1.819845197328736619e-01 -3.104479054418085582e-01 0.000000000000000000e+00
-1.905295332201435432e-01 1.930175954911877434e-01 0.000000000000000000e+00
3.076102116826622823e-01 -1.852602647195227548e-01 0.000000000000000000e+00
1.146146135581626452e-01 -1.598151462525429223e-01 0.000000000000000000e+00
2.949698483672747451e-01 3.257412039135808984e-02 0.000000000000000000e+00
8.189193983230412879e-03 -1.327709230900136761e-01 0.000000000000000000e+00
-6.691491520472382659e-02 -4.539306955964877988e-01 0.000000000000000000e+00
-3.153890850750643016e-01 -2.219003519108397326e-01 0.000000000000000000e+00
1.297260461507178941e-01 2.215832313032979894e-01 0.000000000000000000e+00
3.787252393476377849e-02 2.455374433717682214e-01 0.000000000000000000e+00
1.171963990701312130e-01 -2.103376906459317186e-01 0.000000000000000000e+00
1.105889727443653131e-01 -3.228268860811247531e-01 0.000000000000000000e+00
-8.184080682786061545e-02 1.451302376248543025e-01 0.000000000000000000e+00
2.485424144861246298e-01 -7.095847817972518456e-02 0.000000000000000000e+00
9.184743257618864509e-02 -4.203706944999323070e-01 0.000000000000000000e+00
2.157467894608448011e-01 -2.955380134441883411e-01 0.000000000000000000e+00
2.343623118029575236e-01 -1.540911129733680274e-01 0.000000000000000000e+00
4.248739302770989101e-01 7.574299722427960124e-02 0.000000000000000000e+00
-4.212098983552928222e-01 -9.503507498784635743e-02 0.000000000000000000e+00
-6.401764574941976038e-02 3.284191242657930054e-01 0.000000000000000000e+00
4.766666277584368644e-02 -2.387786750223074850e-01 0.000000000000000000e+00
-7.057488916378563959e-02 4.547015514154086890e-01 0.000000000000000000e+00
2.627657007696521663e-01 2.262105109036003092e-01 0.000000000000000000e+00
-1.584643737521484463e-01 -2.994247460930157256e-01 0.000000000000000000e+00
-1.843327975547805475e-01 -7.692200776387760064e-02 0.000000000000000000e+00
-8.883908234493487210e-02 -2.164908313415924157e-01 0.000000000000000000e+00
3.897000850361083124e-01 -3.083168233244240174e-03 0.000000000000000000e+00
4.854047850451171514e-02 -3.302348199317379773e-01 0.000000000000000000e+00
2.065352791616751893e-01 2.077742801608668463e-02 0.000000000000000000e+00
-2.635732902195457861e-01 3.318967984933826609e-01 0.000000000000000000e+00
-1.423406346547443897e-04 -4.834138516944716524e-02 0.000000000000000000e+00
-1.106895167410641423e-01 2.320108605704446214e-01 0.000000000000000000e+00
4.244149569948247325e-01 -1.141587853795157231e-01 0.000000000000000000e+00
2.866495075054520392e-01 -1.535844641905790425e-02 0.000000000000000000e+00
-1.985392623257167810e-01 3.418627864698571550e-02 0.000000000000000000e+00
-4.311441391963973246e-01 4.479803728653026368e-02 0.000000000000000000e+00
-2.275352623065615976e-01 2.780083344033413839e-01 0.000000000000000000e+00
-6.200311139974749169e-02 3.287481680547285068e-01 0.000000000000000000e+00
-1.268727146970399233e-01 1.272347128897080570e-01 0.000000000000000000e+00
6.125366110465995002e-04 3.275957354912767960e-01 0.000000000000000000e+00
9.114060662172890348e-02 -1.213109979660965815e-01 0.000000000000000000e+00
-1.715437133641152245e-01 5.117768222229401170e-02 0.000000000000000000e+00
-6.796592960397292160e-02 4.260373285989596526e-01 0.000000000000000000e+00
4.635206979213168932e-02 -2.438832705056021843e-01 0.000000000000000000e+00
2.070631195287512549e-01 -2.926394498814832157e-01 0.000000000000000000e+00
-6.884139815998183143e-02 8.234493594428596297e-02 0.000000000000000000e+00
1.681209577949893952e-01 1.078099134971923362e-01 0.000000000000000000e+00
-2.240711372042543670e-01 -2.506771493918821814e-01 0.000000000000000000e+00
-8.974159007362546986e-03 2.351102685786720103e-01 0.000000000000000000e+00
-1.724815183801536173e-02 -1.181941490727018290e-01 0.000000000000000000e+00
-1.312572561266050764e-01 -1.077826421453684652e-01 0.000000000000000000e+00
-2.717724254171926535e-01 1.318876594408948111e-01 0.000000000000000000e+00
9.673697481951874788e-02 -4.249169039902228606e-02 0.000000000000000000e+00
9.188989274168513077e-02 1.070491197099390918e-01 0.000000000000000000e+00
1.442543392961227744e-01 -8.208116875795862244e-02 0.000000000000000000e+00
-2.990985912128544741e-02 -3.931046746049253193e-01 0.000000000000000000e+00
3.973727722748648938e-01 -2.966628424594145441e-01 0.000000000000000000e+00
2.568858376967738111e-01 1.202692216798274122e-01 0.000000000000000000e+00
1.671258051532445443e-01 -1.485400596571620213e-01 0.000000000000000000e+00
-2.114677866584775967e-01 1.404644891307300636e-01 0.000000000000000000e+00
-2.756373240679000913e-01 5.500872928337165874e-02 0.000000000000000000e+00
-7.895279084629953925e-02 1.589533346826495497e-01 0.000000000000000000e+00
3.341388966658488391e-01 2.693203357775535989e-01 0.000000000000000000e+00
1.399196987131077208e-01 -3.522012334118548860e-01 0.000000000000000000e+00
3.037132696581558156e-01 7.277256569857597918e-03 0.000000000000000000e+00
-1.336016976014657055e-02 2.131009051570915136e-01 0.000000000000000000e+00
-2.897969527866376960e-01 2.841181696314352134e-01 0.000000000000000000e+00
-2.053528490106249493e-01 -6.611518883475704655e-02 0.000000000000000000e+00
2.932789615354933210e-02 -4.854463727648770655e-01 0.000000000000000000e+00
9.279423107483790456e-02 -1.233103254636258861e-01 0.000000000000000000e+00
2.116724464183235288e-01 3.672314182842496000e-01 0.000000000000000000e+00
-2.991946511890559157e-01 -3.386303528139501529e-01 0.000000000000000000e+00
-3.272788132032226627e-01 -2.963544682515564452e-02 0.000000000000000000e+00
2.203758955469525549e-01 2.575317486758649799e-01 0.000000000000000000e+00
-7.232360660408169994e-02 3.243051621746573243e-01 0.000000000000000000e+00
1.903462727851229219e-01 3.800596445391514200e-01 0.000000000000000000e+00
-1.106919291270000022e-01 1.228757690690309989e-01 0.000000000000000000e+00
-2.958663986617887653e-01 -9.624909374379936322e-02 0.000000000000000000e+00
4.299387984061818213e-01 1.515672133605262262e-01 0.000000000000000000e+00
-2.848948703422951034e-01 9.416328206592033956e-02 0.000000000000000000e+00
-1.971738989151826382e-01 -3.572486520358038598e-01 0.000000000000000000e+00
-3.605440073177068605e-01 1.765083470535197541e-01 0.000000000000000000e+00
-2.367613372144370953e-01 1.018011682811184038e-01 0.000000000000000000e+00
-3.711866268495797039e-01 1.950512990585317741e-01 0.000000000000000000e+00
3.436219356072837128e-01 -9.872835939150637063e-02 0.000000000000000000e+00
2.984474075584947483e-02 -2.259199979681673354e-01 0.000000000000000000e+00
-2.387971125263471939e-01 3.030590277506237662e-01 0.000000000000000000e+00
3.224826044086895882e-01 5.752715369653636085e-02 0.000000000000000000e+00
2.657127485728066896e-01 -2.928047908216537265e-01 0.000000000000000000e+00
-2.067103722760560702e-01 2.762954889117550938e-01 0.000000000000000000e+00
3.640193493474580544e-01 2.302933947615667387e-01 0.000000000000000000e+00
3.131298736450512932e-01 -5.773084189257849524e-02 0.000000000000000000e+00
-2.560157545996449846e-01 -8.238938987270430503e-02 0.000000000000000000e+00
4.483165877273993100e-02 -1.780936615778195009e-01 0.000000000000000000e+00
2.044770718468883197e-01 4.497377972084670716e-02 0.000000000000000000e+00
-8.656786927238208085e-02 2.123255098241056682e-01 0.000000000000000000e+00
7.155604250410713130e-02 3.064719568892710910e-01 0.000000000000000000e+00
2.507381366169922909e-01 2.111986025132870856e-02 0.000000000000000000e+00
-4.579976997536482075e-02 -2.470725432817466871e-01 0.000000000000000000e+00
-1.176405780307002852e-02 -3.152096132554940144e-01 0.000000000000000000e+00
-5.896137952808729564e-03 1.665374770337909871e-01 0.000000000000000000e+00
-2.884280542000998149e-01 3.561836218095054685e-02 0.000000000000000000e+00
-1.832667750723459554e-01 -1.180113232527150134e-02 0.000000000000000000e+00
1.600154633840080443e-01 -1.889657249226515956e-01 0.000000000000000000e+00
-1.656883598104786151e-02 -2.023778736263267750e-02 0.000000000000000000e+00
9.531137893425255248e-02 -1.944374801899855232e-01 0.000000000000000000e+00
-1.395066583665720283e-01 1.305150017901994808e-01 0.000000000000000000e+00
1.476507887387126794e-01 -2.538506883934533165e-01 0.000000000000000000e+00
1.455484458116180491e-01 3.634541533880994990e-01 0.000000000000000000e+00
3.972729091538904078e-01 -2.779609134072569820e-01 0.000000000000000000e+00
1.507489844973383120e-01 -1.835415965423260187e-01 0.000000000000000000e+00
2.215904849058249471e-01 4.006625468463528850e-02 0.000000000000000000e+00
-6.015882013983913507e-02 3.318646494911373090e-01 0.000000000000000000e+00
1.260979276688029178e-02 -3.027010379922308037e-01 0.000000000000000000e+00
-1.801491538393506231e-01 1.517153069893808215e-01 0.000000000000000000e+00
-3.199564509206760388e-01 -2.830124171714600845e-01 0.000000000000000000e+00
8.058045302347177641e-02 2.197218372247244922e-01 0.000000000000000000e+00
-1.313839649766014063e-02 -2.522624086604708382e-01 0.000000000000000000e+00
-1.567454995098923054e-01 3.927008075754659933e-01 0.000000000000000000e+00
2.769154247298704630e-01 -1.789240420983024549e-01 0.000000000000000000e+00
3.338022528841343428e-01 1.146760452212982478e-01 0.000000000000000000e+00
-5.687197649013525647e-02 4.387905243616603279e-01 0.000000000000000000e+00
2.252526453513420748e-02 -1.700737478679335279e-01 0.000000000000000000e+00
9.444612388445391971e-03 2.246752107995621806e-01 0.000000000000000000e+00
-2.030810199825438811e-01 -1.726823366352434330e-01 0.000000000000000000e+00
1.321005000677480390e-01 2.152580860113091077e-01 0.000000000000000000e+00
-2.410851570199568084e-01 -2.827881346694865461e-01 0.000000000000000000e+00
-3.713342817069501534e-01 2.381886909738639979e-01 0.000000000000000000e+00
-2.436077225243896693e-01 1.608740817176533833e-01 0.000000000000000000e+00
5.758967738170348016e-03 1.153299586627732770e-01 0.000000000000000000e+00
-6.689216148321457112e-02 2.853273274731530154e-02 0.000000000000000000e+00
3.851057144831288581e-01 -1.008586668220245591e-01 0.000000000000000000e+00
-1.166481210170925431e-01 -1.117955669229096088e-01 0.000000000000000000e+00
-1.070102084332460041e-01 4.251474505130931059e-01 0.000000000000000000e+00
-1.239603754644307970e-01 -3.872648641211787757e-01 0.000000000000000000e+00
9.053199653488183674e-02 -8.798952154851921725e-02 0.000000000000000000e+00
1.375689092708975991e-02 1.077459676679902445e-01 0.000000000000000000e+00
-1.490676478185450904e-01 2.066748534357021605e-01 0.000000000000000000e+00
2.583005037719638408e-01 -1.265073248816588891e-01 0.000000000000000000e+00
3.149718995399028998e-01 2.378086632019354718e-01 0.000000000000000000e+00
-4.000298334516239618e-01 1.667229970331830236e-01 0.000000000000000000e+00
3.502536090115580536e-01 -2.266904483615700128e-01 0.000000000000000000e+00
-3.271823100976678500e-01 -8.073601498256574582e-02 0.000000000000000000e+00
-2.343903405755552449e-01 1.248452523729583485e-01 0.000000000000000000e+00
4.198696434821634904e-01 -4.938750914885911558e-02 0.000000000000000000e+00
-1.919107972797655381e-01 -3.081869975692589358e-01 0.000000000000000000e+00
3.105098432706387968e-01 6.773931671627954343e-02 0.000000000000000000e+00
-1.715535256662479857e-01 8.100446388307171175e-02 0.000000000000000000e+00
-2.656272044112300557e-01 2.412581631221420997e-01 0.000000000000000000e+00
1.149077227629882909e-02 4.068324943576854813e-01 0.000000000000000000e+00
3.703778448614441499e-01 -1.554971424315965134e-01 0.000000000000000000e+00
2.430378653899566421e-01 -2.639100933953707484e-01 0.000000000000000000e+00
2.030239699771749229e-01 -3.915569794936773484e-01 0.000000000000000000e+00
-2.108668336232166207e-01 3.248900057157412258e-01 0.000000000000000000e+00
-1.523069338855541355e-01 1.997982078149631580e-01 0.000000000000000000e+00
-2.632471798869892576e-01 -2.902305192879173212e-02 0.000000000000000000e+00
1.828050197393527032e-01 3.529891501718662727e-01 0.000000000000000000e+00
-3.152024518389093810e-01 1.636500729050055503e-01 0.000000000000000000e+00
3.683490778059115289e-01 2.815645943517341987e-01 0.000000000000000000e+00
3.502844482537138537e-01 2.320536305947305533e-01 0.000000000000000000e+00
9.564393505557754194e-02 1.438315861905877791e-01 0.000000000000000000e+00
-5.453851779826163898e-02 1.182999265437751218e-01 0.000000000000000000e+00
1.236172998158872362e-02 -9.039211405940823785e-02 0.000000000000000000e+00
-2.041570543884454469e-01 -3.631638941854223868e-01 0.000000000000000000e+00
4.271781190326129352e-01 -1.277675756997974366e-01 0.000000000000000000e+00
-1.541454364592302062e-01 -7.029801973346971877e-02 0.000000000000000000e+00
5.858625158050248527e-02 -7.553499121007854755e-02 0.000000000000000000e+00
5.705194450052540611e-02 -1.881095049086023707e-01 0.000000000000000000e+00
-5.077619413142960177e-03 1.808546135597125792e-01 0.000000000000000000e+00
6.900049523458182121e-02 2.066088367115272995e-01 0.000000000000000000e+00
-3.736305762416469722e-02 3.835460386279219980e-02 0.000000000000000000e+00
-7.038104512009304981e-02 4.376066558344503532e-01 0.000000000000000000e+00
3.755360477197628444e-01 -2.940901825947064840e-02 0.000000000000000000e+00
-1.559800731325571843e-01 -2.843639541913548507e-01 0.000000000000000000e+00
-3.776153231693660239e-01 1.393669945343795902e-01 0.000000000000000000e+00
3.129056097861620533e-01 -3.151121912995200613e-01 0.000000000000000000e+00
1.128459239121310242e-01 -3.515559019026408549e-01 0.000000000000000000e+00
1.647016333900964413e-01 -4.922945196824430464e-02 0.000000000000000000e+00
9.647915558622359444e-02 2.726756248130674520e-01 0.000000000000000000e+00
3.707664755024597802e-02 4.293328014867341946e-01 0.000000000000000000e+00
-3.035117194327283663e-01 -2.056562375809249388e-01 0.000000000000000000e+00
-3.827390215556803615e-02 -1.732621526021870251e-01 0.000000000000000000e+00
2.908302998254552185e-01 1.497015313776084433e-01 0.000000000000000000e+00
-6.963125366476961842e-02 2.382602045913577160e-01 0.000000000000000000e+00
1.399899872285965789e-02 -1.907173689140205242e-01 0.000000000000000000e+00
-3.772499271127660592e-01 -2.139534466381223521e-01 0.000000000000000000e+00
-1.483290440768942481e-02 -3.545493353404404746e-01 0.000000000000000000e+00
-2.635589296509126545e-01 2.921029434074478015e-01 0.000000000000000000e+00
2.948675703546422833e-01 3.252761026604504280e-01 0.000000000000000000e+00
-1.573821688357588677e-01 2.348845744089281609e-02 0.000000000000000000e+00
3.649777117270908700e-01 4.844685859754307294e-02 0.000000000000000000e+00
2.827582770794506151e-01 5.151159137749721645e-02 0.000000000000000000e+00
-9.135714972821296076e-02 1.933441273147423409e-02 0.000000000000000000e+00
1.674925784229881753e-01 -1.986640127497363850e-01 0.000000000000000000e+00
5.762685328264311596e-02 3.104000293908617536e-01 0.000000000000000000e+00
1.773637670645959730e-02 -3.989833035845460896e-01 0.000000000000000000e+00
-3.731850946299303251e-01 1.330493575994084188e-01 0.000000000000000000e+00
3.824789535453859690e-01 1.698635502889863924e-01 0.000000000000000000e+00
-2.073262656798571801e-01 -1.918805765697417787e-01 0.000000000000000000e+00
-1.227797840298515547e-01 3.409208696205893729e-01 0.000000000000000000e+00
-1.019337986749923736e-01 -1.214696603346130666e-01 0.000000000000000000e+00
-3.613251569123802631e-01 1.734209484776562393e-01 0.000000000000000000e+00
-3.465841194800751285e-02 2.480754090398739897e-01 0.000000000000000000e+00
-2.427471452791584716e-01 -1.084169504839918863e-01 0.000000000000000000e+00
-7.400680286136557262e-02 -3.020674264570921697e-01 0.000000000000000000e+00
-4.138774427806262146e-01 -1.732833317691162278e-01 0.000000000000000000e+00
-3.070374861443076475e-01 -2.748154291923257109e-01 0.000000000000000000e+00
1.001333961781570164e-01 -2.345264698247271629e-01 0.000000000000000000e+00
-1.390477380951324893e-01 2.680981961684421599e-01 0.000000000000000000e+00
4.470830191467238812e-01 2.085669147105050081e-01 0.000000000000000000e+00
-3.664486633498481583e-01 -4.742086225823016060e-02 0.000000000000000000e+00
1.598011811493099676e-01 -1.593155101140796837e-01 0.000000000000000000e+00
-1.430917792765675454e-02 -3.247432459259081972e-01 0.000000000000000000e+00
-4.441550640774248881e-01 2.791428936314277465e-02 0.000000000000000000e+00
-4.129371082778088842e-01 -1.188571912320339902e-01 0.000000000000000000e+00
-4.709476788189986829e-01 -1.461531015494771379e-01 0.000000000000000000e+00
-4.934929986494970833e-02 7.509151524837485991e-02 0.000000000000000000e+00
-2.577369980508388281e-01 -1.567120313823330835e-01 0.000000000000000000e+00
2.940161249147318911e-01 2.561166955454598493e-01 0.000000000000000000e+00
4.137746642238356309e-01 8.424897304601140779e-02 0.000000000000000000e+00
-1.534823191543101817e-01 2.600627272190542127e-01 0.000000000000000000e+00
2.006042952254376288e-01 1.125139290444661898e-02 0.000000000000000000e+00
-3.100101433541530005e-01 1.377275461187143224e-01 0.000000000000000000e+00
-3.199069964658762255e-01 8.954963070865785968e-02 0.000000000000000000e+00
-1.546320477513116465e-01 -2.725766808192364166e-01 0.000000000000000000e+00
-9.210482837408644208e-02 1.816084454345834667e-02 0.000000000000000000e+00
-2.298628925998893735e-01 3.771138371294014413e-01 0.000000000000000000e+00
-3.601421505476338214e-01 -3.756089055113148722e-02 0.000000000000000000e+00
-4.260152677923642051e-01 -1.039194712069460291e-01 0.000000000000000000e+00
-2.207793177714625910e-02 3.299997728599949887e-01 0.000000000000000000e+00
-1.592056401645955133e-01 -1.168044748163156871e-01 0.000000000000000000e+00
-3.055508933345058020e-02 -2.817405424662111080e-01 0.000000000000000000e+00
-1.663357115762438831e-01 -3.298986931604424577e-01 0.000000000000000000e+00
-1.813840563215869950e-01 -3.481536277267467394e-01 0.000000000000000000e+00
-1.762358783309849741e-01 -3.249608271721454167e-01 0.000000000000000000e+00
-1.239132585290847188e-01 -1.078861037055147964e-01 0.000000000000000000e+00
1.395705956008848614e-01 1.782199241910189802e-01 0.000000000000000000e+00
1.636033505946470623e-01 -8.257613198815273725e-03 0.000000000000000000e+00
-2.463144271879231725e-02 -1.782510126459485866e-01 0.000000000000000000e+00
-2.967472866419745281e-01 3.300737894329131700e-02 0.000000000000000000e+00
-1.440862527286985995e-01 3.981641672061284054e-01 0.000000000000000000e+00
-3.445482090180057577e-01 -1.142535545260857516e-01 0.000000000000000000e+00
2.999387416779083493e-01 5.025474864085190813e-02 0.000000000000000000e+00
-2.417025342700690124e-02 -2.164174577172520431e-01 0.000000000000000000e+00
3.273799651738698580e-01 -6.286668890903457374e-02 0.000000000000000000e+00
3.462298558251987735e-01 -2.712799517423876705e-01 0.000000000000000000e+00
-1.477214534579895655e-01 2.642236461825596128e-01 0.000000000000000000e+00
2.063483714441701755e-01 -3.212892764614633245e-01 0.000000000000000000e+00
-2.929605526673744742e-01 3.023709102085776063e-02 0.000000000000000000e+00
4.500430158113810086e-01 -7.753386597376098199e-02 0.000000000000000000e+00
2.202277572789949067e-01 1.262717644177864529e-01 0.000000000000000000e+00
2.240590192699956629e-01 3.603832746300544287e-01 0.000000000000000000e+00
-3.022925397642578504e-01 2.225801930565595235e-02 0.000000000000000000e+00
2.730522390967686855e-02 2.332532757367076770e-01 0.000000000000000000e+00
8.190956944032466713e-02 -4.924733824832730478e-01 0.000000000000000000e+00
-2.878539968019236395e-02 2.612075435070308482e-01 0.000000000000000000e+00
2.852141666587145949e-02 -2.707330269436468706e-01 0.000000000000000000e+00
6.993171035821647841e-02 -3.078515303158183558e-01 0.000000000000000000e+00
9.618892241510542881e-03 6.963377877676446559e-02 0.000000000000000000e+00
-1.336346405685252814e-01 -1.255320118639645550e-02 0.000000000000000000e+00
-9.574558671124061213e-03 1.611717591212248890e-01 0.000000000000000000e+00
4.337738433453822151e-01 -1.619117876201923711e-01 0.000000000000000000e+00
-6.122021979816753834e-02 1.817359304216010774e-01 0.000000000000000000e+00
2.060760856391856688e-01 -3.529751309908475410e-01 0.000000000000000000e+00
-1.663868815538213086e-01 -7.281546558239735539e-03 0.000000000000000000e+00
1.462076402225196692e-01 -7.606136069278836287e-02 0.000000000000000000e+00
4.570639453631888394e-01 -1.874228253047200213e-02 0.000000000000000000e+00
5.861472135677268241e-02 7.700751450679695076e-02 0.000000000000000000e+00
-2.741998726822083010e-01 1.390746623330766166e-02 0.000000000000000000e+00
4.819566116648124621e-02 -2.485526445326747269e-01 0.000000000000000000e+00
3.042377411708944712e-01 -8.807754547556849445e-02 0.000000000000000000e+00
-3.711588128517501195e-01 1.828615920208054302e-01 0.000000000000000000e+00
-1.075839971410214313e-01 1.592181844095831300e-01 0.000000000000000000e+00
2.987726463313093439e-01 -5.627706056997144879e-02 0.000000000000000000e+00
-1.220693023582667819e-01 -3.016993600918523311e-01 0.000000000000000000e+00
-4.043406595285223282e-03 3.067598968107661944e-02 0.000000000000000000e+00
-2.203905169964364974e-01 6.708352716477741784e-02 0.000000000000000000e+00
-2.055752032694997955e-01 -2.822958046190187642e-01 0.000000000000000000e+00
1.860645224995144953e-01 -2.382720720961105099e-01 0.000000000000000000e+00
4.024334207342429304e-01 -9.647058482881359920e-02 0.000000000000000000e+00
2.584816179287982019e-01 2.221607463372852476e-01 0.000000000000000000e+00
-2.016313994804130594e-01 3.938498106670201837e-01 0.000000000000000000e+00
-1.943549278250810419e-01 -1.824499507075119653e-01 0.000000000000000000e+00
4.319262701613998945e-01 -2.090720263624714359e-01 0.000000000000000000e+00
3.422172049947150296e-02 -3.026787620853970684e-01 0.000000000000000000e+00
1.973399883821321532e-01 1.113732820514219679e-01 0.000000000000000000e+00
3.271724392047001273e-01 1.702033268346720418e-01 0.000000000000000000e+00
6.592026852554632756e-03 -3.478957436958247662e-01 0.000000000000000000e+00
-3.337614544036310305e-01 -3.503073069893786751e-01 0.000000000000000000e+00
-1.209469032175014974e-01 1.195035846762700776e-01 0.000000000000000000e+00
-1.280025085768075888e-01 4.092300150360818622e-01 0.000000000000000000e+00
1.599546342594977411e-01 3.765843169552214875e-01 0.000000000000000000e+00
-2.484305392407724355e-01 1.818206630922875955e-03 0.000000000000000000e+00
-1.839537325248832567e-01 3.840406384560689224e-02 0.000000000000000000e+00
1.573971876430348416e-01 3.208197399227702418e-02 0.000000000000000000e+00
1.323326880149525986e-01 -4.232573380962088849e-02 0.000000000000000000e+00
-9.415174537643519748e-02 3.229126050026570049e-01 0.000000000000000000e+00
1.189542399527796501e-01 -4.042846905618764364e-01 0.000000000000000000e+00
-2.111645213053622849e-01 9.354250935095557995e-02 0.000000000000000000e+00
2.660131989252667584e-01 -1.496876061601158051e-03 0.000000000000000000e+00
1.130486540207424617e-01 2.359029548550631572e-01 0.000000000000000000e+00
-2.097433755415721024e-01 -1.577244524918698931e-01 0.000000000000000000e+00
1.708481304627217645e-01 -3.986500780392420729e-01 0.000000000000000000e+00
3.608749178628979370e-01 -7.613180741878311508e-02 0.000000000000000000e+00
2.340405652153665084e-01 1.637548501634693010e-01 0.000000000000000000e+00
-1.953778758847594388e-01 2.315501354400242573e-01 0.000000000000000000e+00
-1.528684905545525663e-01 3.748816396874307122e-01 0.000000000000000000e+00
1.600620172291174481e-01 5.088873759826672422e-02 0.000000000000000000e+00
-1.217466469654252502e-03 -3.972919265449244286e-02 0.000000000000000000e+00
-1.078883846127781307e-02 -2.732873576408224592e-01 0.000000000000000000e+00
1.974756113297459481e-01 -5.713111674536925505e-02 0.000000000000000000e+00
-9.088143970083767398e-02 1.406805362193761233e-01 0.000000000000000000e+00
3.137162961235902964e-02 -1.689679113929467014e-01 0.000000000000000000e+00
2.635842126472745517e-01 -2.916149834168689781e-01 0.000000000000000000e+00
-1.793799953726346319e-01 2.711177227765136921e-01 0.000000000000000000e+00
4.075881337806620125e-02 1.875676224226107414e-01 0.000000000000000000e+00
1.155768006464465286e-01 2.728241889909828188e-01 0.000000000000000000e+00
-9.218689303803270785e-02 2.760299633326927515e-01 0.000000000000000000e+00
-4.422351413311061130e-02 -9.345166693480121134e-02 0.000000000000000000e+00
-1.767676398035427088e-01 1.224184648781132673e-01 0.000000000000000000e+00
-3.754160300805111095e-01 -1.351222501998666226e-01 0.000000000000000000e+00
-2.034031426519999630e-01 -3.660872829869343259e-01 0.000000000000000000e+00
-1.599889730063526749e-01 4.723430797875991516e-01 0.000000000000000000e+00
4.042638267514556127e-02 2.846495188335417259e-01 0.000000000000000000e+00
-2.403988072848216029e-01 -1.670477604398015181e-01 0.000000000000000000e+00
-3.358859215132178888e-02 2.553190233728743277e-02 0.000000000000000000e+00
5.871174763538981184e-02 3.877016247237246582e-01 0.000000000000000000e+00
-6.316587970744876046e-02 4.334232295727412365e-02 0.000000000000000000e+00
-1.603639311635631781e-01 2.816377097893168480e-01 0.000000000000000000e+00
-2.130224019879594366e-01 3.874252294786420525e-01 0.000000000000000000e+00
2.432335733184529895e-03 -3.343159604494260750e-01 0.000000000000000000e+00
-3.159593347478805714e-01 -3.875257822332373644e-03 0.000000000000000000e+00
3.555706097801750731e-01 2.340818867445525198e-02 0.000000000000000000e+00
-2.051167361609966544e-01 4.099508378999892622e-01 0.000000000000000000e+00
-9.493134849536470979e-03 3.320743257879619215e-01 0.000000000000000000e+00
2.207382752428333483e-01 -1.138703764022213627e-01 0.000000000000000000e+00
-2.638785156756394135e-01 1.037341697133166429e-01 0.000000000000000000e+00
-2.554164443566090958e-01 -4.017262994496756390e-03 0.000000000000000000e+00
2.196265089380008140e-01 3.465696518133749154e-02 0.000000000000000000e+00
1.672511749277593995e-01 2.217173287698072370e-01 0.000000000000000000e+00
-4.759704890574897873e-02 -2.890206965806454420e-01 0.000000000000000000e+00
-2.574228752682687360e-01 -3.735052199830790620e-02 0.000000000000000000e+00
8.754070570325006573e-02 1.915227674359304688e-01 0.000000000000000000e+00
-1.458428087133220863e-01 3.051324098268383689e-01 0.000000000000000000e+00
2.120178031888898529e-01 -1.913785644385757045e-01 0.000000000000000000e+00
-4.787627923419989773e-01 3.926528742274223993e-02 0.000000000000000000e+00
4.559154202240647130e-02 3.788100486926880284e-01 0.000000000000000000e+00
1.792811387575695969e-01 2.148990138545501249e-01 0.000000000000000000e+00
-2.486874780683782094e-01 1.806721775473625891e-01 0.000000000000000000e+00
-1.304789183448556711e-01 -1.127676218563504820e-02 0.000000000000000000e+00
1.973618334305228261e-01 2.224616932973208505e-01 0.000000000000000000e+00
-1.454530479052688619e-01 4.396869227492908316e-01 0.000000000000000000e+00
-6.482654352253754138e-02 5.677354855724905253e-02 0.000000000000000000e+00
-2.882547928675065485e-01 9.334359264279466772e-03 0.000000000000000000e+00
-7.296035995745711600e-02 -1.973789728741068839e-01 0.000000000000000000e+00
-2.616966704358132390e-01 1.837238316006532812e-01 0.000000000000000000e+00
-9.778281859101368989e-02 3.065387358428002251e-01 0.000000000000000000e+00
-1.571276822235085913e-01 2.376499414174448599e-01 0.000000000000000000e+00
2.085967014905369676e-01 -5.044295395653822234e-02 0.000000000000000000e+00
-2.394695855514022698e-01 -1.477142767636607616e-02 0.000000000000000000e+00
1.193649731762415622e-01 2.152308935264344025e-01 0.000000000000000000e+00
-1.517490312885133863e-01 -2.617183247525202705e-01 0.000000000000000000e+00
-3.689759553235493206e-01 2.015395360806219727e-01 0.000000000000000000e+00
-4.596685524008232993e-02 8.492338887799474878e-02 0.000000000000000000e+00
1.554533595788372760e-02 1.973255577838576181e-03 0.000000000000000000e+00
8.340175159197368848e-02 -2.081467232181495874e-01 0.000000000000000000e+00
-7.726097847279161934e-02 2.937874256373778636e-01 0.000000000000000000e+00
-2.976180335618680561e-01 7.168277184381069422e-02 0.000000000000000000e+00
-3.010352617175444667e-01 3.086706443667420752e-01 0.000000000000000000e+00
-1.785894668281279851e-01 1.217198503416712790e-01 0.000000000000000000e+00
1.605927309422918170e-01 7.054527553750354271e-03 0.000000000000000000e+00
-3.884138451125364599e-01 1.173636541815402945e-01 0.000000000000000000e+00
-2.601304945326415874e-01 2.927577310636744201e-01 0.000000000000000000e+00
2.613959341927490909e-01 -1.026174198473823601e-01 0.000000000000000000e+00
-2.115747232336994132e-01 -1.748632995184088157e-01 0.000000000000000000e+00
1.969601368063046698e-01 3.166903257407380212e-01 0.000000000000000000e+00
-2.736155291989586166e-02 1.219666715981753413e-01 0.000000000000000000e+00
2.969995588447930102e-01 -2.377483856841630383e-01 0.000000000000000000e+00
6.165105977485266925e-02 3.654697101227022960e-01 0.000000000000000000e+00
-4.884299176082171345e-03 -2.795084096999829737e-01 0.000000000000000000e+00
4.160177544790696347e-01 -4.981013995313723214e-02 0.000000000000000000e+00
-3.115920404119640885e-01 -3.246582884245226008e-01 0.000000000000000000e+00
-1.411055040836855234e-01 -2.568495437936175740e-01 0.000000000000000000e+00
-1.157805839498600269e-02 -1.076417184970767243e-01 0.000000000000000000e+00
1.456506894637616123e-01 3.972041897284629974e-01 0.000000000000000000e+00
-2.125163324376927454e-02 3.237266950749933536e-01 0.000000000000000000e+00
4.526072854929599210e-01 -1.426280403483514980e-01 0.000000000000000000e+00
-2.871198879898092388e-02 -2.798721989306250379e-01 0.000000000000000000e+00
9.305029349889643031e-02 -1.724371393079889361e-02 0.000000000000000000e+00
3.896025296646580260e-01 -7.824868241501649335e-02 0.000000000000000000e+00
-3.111548492554387924e-01 -1.479566763656537109e-01 0.000000000000000000e+00
-2.560309743572310448e-01 4.186083641631475200e-02 0.000000000000000000e+00
3.398015336390480257e-01 -3.513835834300862992e-01 0.000000000000000000e+00
3.746526746071298652e-01 -1.646321182584289250e-02 0.000000000000000000e+00
-5.997103077165048812e-02 -2.681237894437908942e-01 0.000000000000000000e+00
1.040976857427228369e-01 3.944594745548086201e-01 0.000000000000000000e+00
-1.945517193119485899e-01 1.748303278184125675e-01 0.000000000000000000e+00
-1.631554063626925732e-01 -2.790868228101530679e-01 0.000000000000000000e+00
6.862721159492777721e-04 -2.546322841337234077e-01 0.000000000000000000e+00
1.045782399404592972e-01 -2.832302544389097010e-01 0.000000000000000000e+00
-6.580244118540817810e-02 -1.155989975930707819e-01 0.000000000000000000e+00
-4.577839607740491479e-02 2.674145979224059125e-02 0.000000000000000000e+00
-3.975489197906117989e-01 2.829879077247133834e-01 0.000000000000000000e+00
-2.851975225408830417e-01 1.831050566651881151e-01 0.000000000000000000e+00
1.574836645480016039e-03 2.285587673778794737e-01 0.000000000000000000e+00
1.993375063046348983e-01 4.381392965541642398e-02 0.000000000000000000e+00
-1.904472928757965644e-01 2.491213175810599173e-02 0.000000000000000000e+00
-9.933836464663932386e-02 2.066586831053356110e-01 0.000000000000000000e+00
1.054766094053742470e-01 -9.421195792784063661e-02 0.000000000000000000e+00
-2.955846194849031106e-01 -2.118092655028230853e-01 0.000000000000000000e+00
1.787741100626804025e-01 -4.242211256350804094e-01 0.000000000000000000e+00
3.209968975393694413e-01 -1.614173060656015624e-01 0.000000000000000000e+00
4.421254189970327125e-02 -2.391722756451072351e-01 0.000000000000000000e+00
2.606554730717421942e-01 3.917546382789575121e-01 0.000000000000000000e+00
1.331676022956891359e-01 2.548749134776686076e-01 0.000000000000000000e+00
-3.855857009252246503e-01 -1.491182802090091908e-01 0.000000000000000000e+00
-1.641150514254259563e-01 -3.882578017462274822e-01 0.000000000000000000e+00
1.140903130565908974e-01 5.049901957621098607e-03 0.000000000000000000e+00
-8.807732944256801977e-02 -2.579671848764172326e-01 0.000000000000000000e+00
-4.016137302702839640e-01 3.557081591892308735e-03 0.000000000000000000e+00
4.694359815141851966e-02 -2.142534217510633499e-01 0.000000000000000000e+00
3.301439471817407267e-01 1.831781251104340202e-01 0.000000000000000000e+00
1.602767940812574454e-01 -9.363527590199879902e-02 0.000000000000000000e+00
1.273234837860874602e-01 -2.704889921355500548e-01 0.000000000000000000e+00
-1.445175203786737694e-01 -1.928121537633692151e-01 0.000000000000000000e+00
1.834955370042828382e-01 -2.144959633665248222e-01 0.000000000000000000e+00
1.825332046453457813e-01 1.108587616248854490e-01 0.000000000000000000e+00
3.349508295190625762e-02 1.762208236651470125e-02 0.000000000000000000e+00
2.942978044222565592e-01 3.694169699401888551e-01 0.000000000000000000e+00
-1.358529993581955933e-02 -2.929073062636554647e-01 0.000000000000000000e+00
-3.888747362259740159e-01 -1.236794821833113039e-01 0.000000000000000000e+00
-3.196859183316595465e-01 2.417374371082935403e-01 0.000000000000000000e+00
3.272208794737611059e-01 -2.111547777818082172e-01 0.000000000000000000e+00
-1.920954857424952145e-01 -1.280200814184263847e-01 0.000000000000000000e+00
1.242375920664897659e-01 9.730790539224487556e-02 0.000000000000000000e+00
3.471031374819920634e-01 -1.254489500161882487e-01 0.000000000000000000e+00
-2.513911831466738023e-01 -2.098773399002314966e-01 0.000000000000000000e+00
-2.400989795260369264e-01 1.005642008742530930e-01 0.000000000000000000e+00
7.990897298495913681e-02 -2.671838602042629907e-01 0.000000000000000000e+00
1.177200549090080539e-01 -1.630661634631919432e-01 0.000000000000000000e+00
-3.340872957943354926e-01 7.997083692023325419e-02 0.000000000000000000e+00
2.864494216897750523e-01 -2.988311699323796811e-01 0.000000000000000000e+00
-2.083481096810716748e-01 -1.375812221984044903e-01 0.000000000000000000e+00
2.403971656266055967e-01 9.935376428219176714e-02 0.000000000000000000e+00
-1.394587386301620324e-01 6.116832444580076050e-02 0.000000000000000000e+00
-2.918369401813912800e-01 -2.341206908768017902e-01 0.000000000000000000e+00
6.987854326090099655e-02 5.929742931192556743e-02 0.000000000000000000e+00
-3.301098826828630095e-02 3.187414627100301767e-01 0.000000000000000000e+00
1.286094332061939460e-01 -1.593178769391263294e-01 0.000000000000000000e+00
1.572337219466839464e-01 -4.829642716895017618e-02 0.000000000000000000e+00
-1.133613869145213594e-02 2.767447283874002739e-01 0.000000000000000000e+00
-2.567002114543528446e-01 -3.759125744072591702e-01 0.000000000000000000e+00
1.082385348314592183e-01 8.436035255181510706e-02 0.000000000000000000e+00
-3.031402666076857266e-01 3.116387934933808057e-01 0.000000000000000000e+00
-2.666340107974243812e-01 1.924887738469616971e-01 0.000000000000000000e+00
1.756500299080989702e-01 3.854173303489236702e-01 0.000000000000000000e+00
2.310167165542899859e-01 1.440909924417246302e-01 0.000000000000000000e+00
-1.794335028714633962e-01 4.348938507618279048e-01 0.000000000000000000e+00
-3.195355557845064864e-01 -1.621027004892148793e-01 0.000000000000000000e+00
-2.069335948978585915e-01 1.649691402182038302e-01 0.000000000000000000e+00
-3.807802455282668919e-01 -2.470410096275439671e-02 0.000000000000000000e+00
1.710702659631839206e-01 -1.391775552007425143e-02 0.000000000000000000e+00
-1.808679029445543485e-01 1.723993578068610810e-01 0.000000000000000000e+00
3.296026858760510714e-01 2.516550197670097133e-01 0.000000000000000000e+00
-2.011387659700910879e-01 3.149712203454388959e-01 0.000000000000000000e+00
-1.995184898955511543e-01 4.120149366749071285e-01 0.000000000000000000e+00
-6.915125836180067986e-02 1.150362220324800677e-01 0.000000000000000000e+00
-7.897349919143441255e-02 -4.073312686978977637e-01 0.000000000000000000e+00
-2.962927108437553581e-01 3.123343920915065963e-01 0.000000000000000000e+00
-2.571588494235133582e-01 -1.676245329425892217e-01 0.000000000000000000e+00
8.371516617673541161e-02 3.024483978429489683e-01 0.000000000000000000e+00
-3.891125383782965130e-01 2.481106235116549152e-01 0.000000000000000000e+00
-1.489343685893423364e-01 -1.542876563485416908e-01 0.000000000000000000e+00
9.229367907625361800e-02 -8.823007816897082689e-02 0.000000000000000000e+00
-3.326106072360269783e-01 1.216256959790176229e-01 0.000000000000000000e+00
-3.289807395326048156e-01 1.805875229038110541e-01 0.000000000000000000e+00
2.825705345669889401e-01 -8.986032235717578143e-02 0.000000000000000000e+00
-5.631853860078537416e-02 9.039115474217834789e-02 0.000000000000000000e+00
1.234559751620151608e-01 -2.920979178532805420e-01 0.000000000000000000e+00
1.476105466139524813e-01 1.943667546306641070e-01 0.000000000000000000e+00
-1.526518418784300335e-01 -1.062211993767126356e-01 0.000000000000000000e+00
-3.679770055966817277e-01 2.737063790818481529e-02 0.000000000000000000e+00
1.614212588788883559e-02 4.159552947345965257e-01 0.000000000000000000e+00
2.471673177385546316e-01 -2.096022254093903026e-01 0.000000000000000000e+00
1.489071253037903622e-02 -1.054873982702489998e-01 0.000000000000000000e+00
-4.102476509185411235e-02 4.405807760336576395e-01 0.000000000000000000e+00
5.985272539923059548e-02 3.095573986588902038e-01 0.000000000000000000e+00
1.296769691181590411e-01 7.166023763111752098e-02 0.000000000000000000e+00
-5.479123527488743289e-02 4.076021747632432302e-01 0.000000000000000000e+00
1.731581711883063146e-01 -3.690805672430182149e-02 0.000000000000000000e+00
-3.738330546202469074e-01 1.541230142712028683e-01 0.000000000000000000e+00
4.321314911096487688e-01 2.000669822791708297e-01 0.000000000000000000e+00
-4.717970530366877857e-01 1.422959249582781416e-01 0.000000000000000000e+00
-2.678300813096387012e-01 2.792499252887565286e-01 0.000000000000000000e+00
-2.809325772400784182e-01 -1.296532213175244919e-01 0.000000000000000000e+00
1.780073316957776486e-01 -1.762402216416728284e-01 0.000000000000000000e+00
4.617112430161629533e-01 -1.071149168531412843e-01 0.000000000000000000e+00
-1.121752536075214385e-01 -3.090865970206488900e-01 0.000000000000000000e+00
-3.011001884459392208e-01 -3.559439923607575218e-01 0.000000000000000000e+00
1.305361213691429711e-01 1.214031542640746780e-01 0.000000000000000000e+00
1.925146507400345430e-01 2.178354725025721805e-01 0.000000000000000000e+00
3.248572555698047148e-01 -6.908400557487900939e-02 0.000000000000000000e+00
-1.042964467286942032e-01 2.886538193728137580e-01 0.000000000000000000e+00
1.532510800953208185e-01 -2.616621425868073114e-01 0.000000000000000000e+00
-4.414505317036876778e-03 1.969256876463358619e-01 0.000000000000000000e+00
-1.649395140125410053e-01 -1.533609634915765740e-01 0.000000000000000000e+00
9.357294377792751972e-02 1.968868209578329351e-02 0.000000000000000000e+00
1.436747547487443599e-01 -3.192218824915926123e-01 0.000000000000000000e+00
-9.130814937391380781e-02 2.692722497705323792e-01 0.000000000000000000e+00
1.969903724821959468e-01 2.059297764023517441e-01 0.000000000000000000e+00
2.768330548944409331e-01 -3.884169516532878230e-01 0.000000000000000000e+00
1.174635249721134173e-01 -3.355709958733330001e-01 0.000000000000000000e+00
-1.090117018101118551e-01 3.168801021229324388e-01 0.000000000000000000e+00
-2.455658887868216178e-01 -8.175994658384357072e-02 0.000000000000000000e+00
7.814105049692240956e-02 2.120654075661221882e-01 0.000000000000000000e+00
-1.880942306092712180e-01 -3.020547671141099455e-01 0.000000000000000000e+00
-2.173357539236284441e-01 -3.099824514125313346e-01 0.000000000000000000e+00
2.651869707568392243e-01 -4.015555085942390523e-01 0.000000000000000000e+00
9.980726790289635997e-02 -9.667994252368904140e-02 0.000000000000000000e+00
-4.189003489424306115e-01 2.399617571103563052e-01 0.000000000000000000e+00
-1.334782571982467414e-01 -1.184443585970246515e-01 0.000000000000000000e+00
3.352725213363291767e-01 1.411987278810438451e-01 0.000000000000000000e+00
2.428236587754108722e-01 7.424765074661164588e-02 0.000000000000000000e+00
-1.057292973605994113e-01 -2.145373367576894064e-01 0.000000000000000000e+00
-1.931525214469241303e-01 -3.275424669864122618e-01 0.000000000000000000e+00
4.713274737695384853e-01 9.193849361794122904e-03 0.000000000000000000e+00
2.966199353756921453e-01 2.870306235494978764e-01 0.000000000000000000e+00
6.071460160463398870e-02 1.368979095572915028e-01 0.000000000000000000e+00
-8.945926600687786889e-02 2.346725838815664766e-01 0.000000000000000000e+00
-1.339318845659100699e-01 4.816030343088526650e-02 0.000000000000000000e+00
2.074888657355419830e-01 2.008138677004748518e-01 0.000000000000000000e+00
3.071338383883615575e-01 7.229554873363917833e-02 0.000000000000000000e+00
2.250277963057331632e-01 2.489760610431584198e-01 0.000000000000000000e+00
-1.273527595795312939e-01 4.722470822208835739e-01 0.000000000000000000e+00
3.154331226446553949e-01 1.928355362863717892e-01 0.000000000000000000e+00
-3.459474455005845384e-01 1.592803898754178993e-01 0.000000000000000000e+00
-4.109302993296349432e-02 -8.592556476427899714e-02 0.000000000000000000e+00
1.885647886128813677e-01 -3.943089426271998432e-01 0.000000000000000000e+00
-3.701189599021711962e-02 -9.795627377839415117e-02 0.000000000000000000e+00
2.636190728930446481e-01 -3.784369555274011976e-01 0.000000000000000000e+00
-1.055376040787345676e-01 4.081996809467085541e-01 0.000000000000000000e+00
3.456857511354768930e-01 -3.190121752173709635e-01 0.000000000000000000e+00
-4.117475196731831821e-01 2.622603894689325421e-01 0.000000000000000000e+00
2.611605080267535572e-01 -2.490308095679939770e-01 0.000000000000000000e+00
4.379789344266878798e-02 -3.026021958756391905e-01 0.000000000000000000e+00
1.291643119130586048e-01 -4.962507855639939486e-02 0.000000000000000000e+00
4.335245177949856310e-01 9.943143586706941484e-02 0.000000000000000000e+00
7.783513033317784879e-02 -3.370041517715113288e-01 0.000000000000000000e+00
2.705703860041249603e-02 5.948969101327733489e-02 0.000000000000000000e+00
1.381989431867808593e-01 -1.060117063059019676e-01 0.000000000000000000e+00
-2.316066358786265100e-01 -4.129161158886002908e-02 0.000000000000000000e+00
1.737441976200929383e-01 2.476328017931750947e-01 0.000000000000000000e+00
2.116780481355888810e-01 4.351898876293234242e-01 0.000000000000000000e+00
2.911802846280444612e-01 -4.673739596035327015e-02 0.000000000000000000e+00
-1.317926596402314021e-01 9.134025970174856901e-02 0.000000000000000000e+00
1.901690834856451795e-01 -8.508057878735245452e-03 0.000000000000000000e+00
-3.496808527833576430e-01 -4.415891456084710537e-02 0.000000000000000000e+00
1.605775536447129337e-01 -1.240716682767172424e-01 0.000000000000000000e+00
-2.463985942270243978e-01 -1.881435168129278190e-01 0.000000000000000000e+00
-3.553689433877882387e-01 1.066234657209912257e-01 0.000000000000000000e+00
-7.539183558242611161e-02 3.279136453478394553e-01 0.000000000000000000e+00
-4.714958566149226038e-01 1.138656590549093350e-01 0.000000000000000000e+00
4.132679910374859600e-01 -6.055596741657389565e-02 0.000000000000000000e+00
7.643171526763923966e-05 3.798519914107250511e-02 0.000000000000000000e+00
-1.354962111109559719e-01 2.349335612141744967e-01 0.000000000000000000e+00
-2.636553505687443955e-01 -8.916998837799597344e-02 0.000000000000000000e+00
6.636335953633891449e-02 -2.590695865314418533e-01 0.000000000000000000e+00
-7.540660887596319084e-02 5.791298080289600941e-02 0.000000000000000000e+00
-3.942980820857754087e-02 -9.743698510394414869e-02 0.000000000000000000e+00
-1.075410501434532345e-01 -2.535818380353375701e-01 0.000000000000000000e+00
8.788872029039880573e-02 3.528474906904657815e-01 0.000000000000000000e+00
1.398121542653198712e-01 3.841181983794332289e-01 0.000000000000000000e+00
1.866600804925789281e-01 8.644528820120203627e-02 0.000000000000000000e+00
5.358256119711992532e-03 3.514369211438804486e-02 0.000000000000000000e+00
-4.234627356233668927e-01 -6.557642805636733352e-02 0.000000000000000000e+00
-3.368723797238004081e-01 -3.036249733256285444e-01 0.000000000000000000e+00
-2.774226357730103509e-01 -6.661299027497760879e-03 0.000000000000000000e+00
-6.749054588982293656e-02 2.841987695447547591e-01 0.000000000000000000e+00
-2.768029763946092681e-01 -3.275003782647895045e-01 0.000000000000000000e+00
1.888290643053740503e-01 1.108103465162367518e-01 0.000000000000000000e+00
-2.946769227471006669e-01 1.015434863379592462e-01 0.000000000000000000e+00
4.668972226674520526e-02 -8.152370961674638983e-02 0.000000000000000000e+00
-9.916023815592397983e-02 -3.198611306000175292e-01 0.000000000000000000e+00
1.144478501780254731e-01 4.420428806549273060e-01 0.000000000000000000e+00
3.252123524358427331e-01 1.498630017149394922e-01 0.000000000000000000e+00
-1.287561026674588494e-01 1.755165115464945580e-01 0.000000000000000000e+00
1.850880748978316059e-01 1.480862788244546591e-01 0.000000000000000000e+00
1.472747259646381979e-01 -1.687223782866989139e-02 0.000000000000000000e+00
-3.574124278159455659e-01 -2.962791892397384497e-01 0.000000000000000000e+00
-1.897238150847739280e-01 6.250397670853061194e-02 0.000000000000000000e+00
-1.561670676620862189e-02 3.301042611725494291e-01 0.000000000000000000e+00
-4.502169820639616016e-01 -1.263585457119044408e-01 0.000000000000000000e+00
1.075056914731183609e-02 2.325699767084912772e-01 0.000000000000000000e+00
-3.633776186589213197e-02 -9.703745804315877521e-02 0.000000000000000000e+00
2.856462299433807361e-01 -2.141639653445155927e-03 0.000000000000000000e+00
1.217834326724187705e-01 -1.638031922279325203e-01 0.000000000000000000e+00
-2.964722351561604463e-01 -2.955390330397441589e-01 0.000000000000000000e+00
-5.989413400429575290e-02 1.987669950573396904e-01 0.000000000000000000e+00
-4.714324946456737581e-02 3.914554310437975970e-01 0.000000000000000000e+00
-4.346441171888361654e-01 -5.097811432662072671e-03 0.000000000000000000e+00
3.045946145673911754e-01 -2.203667389452050596e-01 0.000000000000000000e+00
-5.878943380199650598e-02 2.865105480745718802e-01 0.000000000000000000e+00
-2.740075158877773864e-01 -1.742082467294618076e-01 0.000000000000000000e+00
2.771478353325552701e-01 9.820269909866315150e-02 0.000000000000000000e+00
-1.411382207993994442e-01 -7.753753769004574636e-02 0.000000000000000000e+00
7.119639968502224081e-02 -6.274061234687958177e-02 0.000000000000000000e+00
-2.387632475923984199e-01 -2.716976685435000261e-01 0.000000000000000000e+00
-2.251196205038498710e-01 1.738844964444687669e-01 0.000000000000000000e+00
-1.712454672619025953e-01 2.411398508281439867e-01 0.000000000000000000e+00
-6.643385833997891843e-02 2.951777736613706016e-01 0.000000000000000000e+00
2.518339691716333650e-01 -1.317920088747061014e-01 0.000000000000000000e+00
3.198236738974829518e-01 -1.685288570067185465e-01 0.000000000000000000e+00
3.262470201276959636e-01 1.914976428537977782e-01 0.000000000000000000e+00
-1.003676750786457461e-01 -3.072741926347835606e-01 0.000000000000000000e+00
-2.401025335920416726e-01 3.208827452862123564e-01 0.000000000000000000e+00
-2.754873363883977300e-01 -2.383911706672250941e-02 0.000000000000000000e+00
-3.108978275110067524e-01 -1.619430343325655164e-01 0.000000000000000000e+00
4.180253190822840748e-01 1.703847908138270140e-01 0.000000000000000000e+00
1.687799184028670463e-01 -2.867370838646940978e-01 0.000000000000000000e+00
1.984783702809147371e-02 2.437479013748095891e-01 0.000000000000000000e+00
1.045663877719243441e-02 4.883059063008904008e-03 0.000000000000000000e+00
5.836161912787409672e-02 2.948848860837599561e-01 0.000000000000000000e+00
-1.255641778916851969e-01 9.238974835690116905e-02 0.000000000000000000e+00
3.278896385323033097e-02 1.040752241362168373e-01 0.000000000000000000e+00
-3.385586040162316124e-01 2.005436997915467923e-01 0.000000000000000000e+00
-1.889687549022074087e-01 2.567645636411353127e-01 0.000000000000000000e+00
3.734289708530479368e-01 -3.097391933715082715e-02 0.000000000000000000e+00
-1.737910715189028565e-01 4.587828776495511685e-01 0.000000000000000000e+00
8.295777318681657464e-02 1.791031749466448974e-03 0.000000000000000000e+00
-3.800447443663523273e-01 1.283499272562810267e-01 0.000000000000000000e+00
-3.305901885403502716e-01 2.051934106974262484e-01 0.000000000000000000e+00
-1.930958275088694442e-01 8.824603083338260212e-03 0.000000000000000000e+00
-1.742378513694213260e-01 9.370284656226761377e-02 0.000000000000000000e+00
-1.762815005916638367e-01 1.089762455502421568e-01 0.000000000000000000e+00
7.413567674725550505e-02 4.165256558869822046e-01 0.000000000000000000e+00
1.067744266505892270e-01 2.151275584576153033e-01 0.000000000000000000e+00
1.786365339316947631e-01 -6.293235595554862172e-02 0.000000000000000000e+00
-2.161304087160182963e-01 -1.638357407010593292e-01 0.000000000000000000e+00
1.934901623231216616e-01 1.854261105745050597e-01 0.000000000000000000e+00
-7.503998649785779962e-02 -3.984611901012850149e-02 0.000000000000000000e+00
1.436061500038475665e-02 1.590684785212142793e-01 0.000000000000000000e+00
-9.406409720464085911e-02 -2.074269130651372472e-01 0.000000000000000000e+00
1.743120026550407653e-01 4.313097897291466309e-01 0.000000000000000000e+00
-4.568901755818858823e-01 -7.560170924829764938e-02 0.000000000000000000e+00
-3.756773580479984970e-02 -2.745789527174762878e-01 0.000000000000000000e+00
-9.405943890132621721e-02 8.021104751597420146e-02 0.000000000000000000e+00
1.901209086476029764e-01 1.017571203584262535e-01 0.000000000000000000e+00
4.222061199161972894e-02 -2.547225295253355837e-01 0.000000000000000000e+00
-1.686903950626833237e-01 3.686459472016456740e-01 0.000000000000000000e+00
-7.571336434987594247e-03 -4.276885743429055253e-01 0.000000000000000000e+00
1.607831955389649181e-01 -3.372176882077227988e-01 0.000000000000000000e+00
1.443437354989252422e-02 4.145033362849920855e-01 0.000000000000000000e+00
-1.616294595341223050e-01 -3.934101132984189897e-02 0.000000000000000000e+00
-1.426573590116376744e-01 -3.541524564212223392e-01 0.000000000000000000e+00
2.542488942482827863e-01 2.646361268484793694e-01 0.000000000000000000e+00
-1.017486116103433896e-01 -1.572345909965411903e-01 0.000000000000000000e+00
2.307833750660981398e-01 -1.810730502395176481e-02 0.000000000000000000e+00
-2.897129823917329872e-01 -2.740261909471126134e-01 0.000000000000000000e+00
-1.902337831768553256e-01 -3.505063351723950449e-01 0.000000000000000000e+00
1.035244730664243440e-01 -7.310023330158162136e-02 0.000000000000000000e+00
-2.214162225437732445e-01 3.219706714283473437e-01 0.000000000000000000e+00
1.236557723913488116e-01 -1.239809552491847600e-01 0.000000000000000000e+00
-2.512093530790673324e-01 -3.605255096828137440e-02 0.000000000000000000e+00
3.506373801170485915e-01 1.307642107675577488e-02 0.000000000000000000e+00
-1.244039322763324518e-01 3.044665225881080795e-01 0.000000000000000000e+00
2.420995417570636354e-01 -1.534546139047846813e-01 0.000000000000000000e+00
-4.554399285563087152e-01 1.701224615756590230e-01 0.000000000000000000e+00
-3.152951544642066395e-01 1.974692489813222873e-01 0.000000000000000000e+00
1.387214532537846823e-01 -4.278860047507680453e-01 0.000000000000000000e+00
2.301312771164299442e-01 2.912807909102680948e-01 0.000000000000000000e+00
-1.236192499925946736e-01 -2.822368971849232855e-01 0.000000000000000000e+00
-1.018491385826353996e-03 8.996236620008987717e-02 0.000000000000000000e+00
4.445647344260655887e-01 9.977231055201815635e-02 0.000000000000000000e+00
-3.388753227430892079e-02 -3.444918315915198592e-01 0.000000000000000000e+00
-3.841667581290531541e-01 1.174722163302867051e-01 0.000000000000000000e+00
-3.986752267112819714e-01 -1.326010668366436052e-01 0.000000000000000000e+00
-4.113182504664991690e-02 -3.904234236171554850e-01 0.000000000000000000e+00
-1.180074732759853334e-01 -2.922655157926630776e-01 0.000000000000000000e+00
-3.348942024798549633e-01 -1.115850985373198767e-01 0.000000000000000000e+00
2.395226616252007223e-01 1.816411612508894990e-01 0.000000000000000000e+00
3.383352617570338228e-01 -1.661713719127293765e-01 0.000000000000000000e+00
1.436510622397809134e-01 1.157450935610603443e-01 0.000000000000000000e+00
2.830330633383662878e-02 2.641896537111442234e-01 0.000000000000000000e+00
2.385214355844397227e-01 1.238624999942617017e-01 0.000000000000000000e+00
1.563019517863733499e-01 -3.073703694324156355e-02 0.000000000000000000e+00
4.042704596161521557e-01 3.024332474374754817e-02 0.000000000000000000e+00
-1.833990306158710948e-01 3.919877199612669672e-01 0.000000000000000000e+00
-8.494740070719481242e-03 3.356660616885684401e-01 0.000000000000000000e+00
-3.372747882742996861e-01 2.430964193504595583e-01 0.000000000000000000e+00
-3.137267739909772590e-01 2.909228272892857015e-01 0.000000000000000000e+00
1.963132682374774951e-01 -2.931889118339137817e-02 0.000000000000000000e+00
4.406235637763840085e-01 -7.276091233322165563e-02 0.000000000000000000e+00
1.393755921852440627e-01 -3.173149710633112464e-01 0.000000000000000000e+00
-1.787384558078763952e-01 1.197067996518011435e-02 0.000000000000000000e+00
1.811230370839394810e-01 3.135557506831052055e-01 0.000000000000000000e+00
2.055320020227729139e-01 -1.994498269895643439e-01 0.000000000000000000e+00
2.315274964019562454e-01 -3.657736175578913951e-01 0.000000000000000000e+00
3.627558281410210306e-01 -1.847316708656508710e-01 0.000000000000000000e+00
-5.322969388342918551e-02 1.606420813646971257e-01 0.000000000000000000e+00
4.001899284030612791e-01 3.396254328885282142e-02 0.000000000000000000e+00
2.103758567866847728e-01 -9.263118440946162269e-02 0.000000000000000000e+00
4.828611100920093130e-02 -2.202754066539028832e-01 0.000000000000000000e+00
3.826777669053604836e-02 2.816829159045655118e-01 0.000000000000000000e+00
-6.851534924493019041e-02 4.085665494985011303e-01 0.000000000000000000e+00
-2.036071746298196150e-01 -4.429291091273351300e-01 0.000000000000000000e+00
-6.634246858039212491e-02 -3.928044622143840314e-01 0.000000000000000000e+00
-1.505549461120446186e-01 -1.368268530753581624e-01 0.000000000000000000e+00
-2.824754279591882855e-01 -2.360447950414274257e-02 0.000000000000000000e+00
-7.099940114797788360e-02 -3.273736842694649485e-01 0.000000000000000000e+00
2.592184060604839080e-01 -4.221603411753929724e-02 0.000000000000000000e+00
-1.636030614917930170e-01 -2.516236441030672011e-01 0.000000000000000000e+00
4.440747400973947268e-01 -1.249730556514597885e-01 0.000000000000000000e+00
9.065046315043581715e-02 2.515406531475620211e-01 0.000000000000000000e+00
-1.006267652213523461e-01 -3.613971422703946557e-01 0.000000000000000000e+00
-2.595783778277701015e-01 -6.078748493326002061e-02 0.000000000000000000e+00
-8.111128410821169532e-02 -3.991653651018470805e-01 0.000000000000000000e+00
1.935060011552363624e-01 2.183775883111826188e-01 0.000000000000000000e+00
1.314531146880353052e-02 1.811216981542654314e-01 0.000000000000000000e+00
2.351226574509506784e-01 -3.275253271662619814e-01 0.000000000000000000e+00
3.408479118169717159e-01 -2.511616003816621867e-01 0.000000000000000000e+00
1.647691600462580005e-03 -2.807946700172758714e-01 0.000000000000000000e+00
-5.612301497594210375e-02 -2.193850389610431384e-01 0.000000000000000000e+00
2.622163264352764811e-01 -2.688155079349708876e-01 0.000000000000000000e+00
-1.218459750830584720e-01 -1.729621342619092617e-01 0.000000000000000000e+00
2.702216220938747915e-01 3.871284447726177635e-01 0.000000000000000000e+00
-2.729616404012423780e-01 -2.349402679448110431e-01 0.000000000000000000e+00
1.447228378708907172e-02 1.898984241484568125e-01 0.000000000000000000e+00
1.455954253467548754e-01 -2.415174236888734949e-01 0.000000000000000000e+00
-2.898974606937558193e-02 3.170015013712337848e-01 0.000000000000000000e+00
1.221101579062346398e-01 1.349695298064120808e-01 0.000000000000000000e+00
-3.878066039948194210e-01 1.978886252640473520e-01 0.000000000000000000e+00
1.440172690462215854e-01 1.323770479135776001e-01 0.000000000000000000e+00
1.565833188613070526e-01 -1.901375634869822973e-01 0.000000000000000000e+00
-7.241992689405389594e-02 -1.785524411686624791e-01 0.000000000000000000e+00
2.319845405832967472e-02 -2.620101803786238914e-01 0.000000000000000000e+00
-3.251779488711754595e-01 8.632796139239241884e-02 0.000000000000000000e+00
3.440132196616176863e-01 2.729007434774596841e-01 0.000000000000000000e+00
-4.655180613534722761e-02 -4.621482736169156280e-01 0.000000000000000000e+00
3.583146787761849472e-01 8.366909453756231352e-02 0.000000000000000000e+00
-6.454768238383397361e-02 -8.104433266459466767e-02 0.000000000000000000e+00
-2.778514276550596573e-01 1.840668134699647018e-01 0.000000000000000000e+00
-8.168153006100536961e-02 7.974989992804699945e-02 0.000000000000000000e+00
3.585368113530768008e-01 -1.394415284778326991e-01 0.000000000000000000e+00
-6.208132087720047432e-02 2.436753543445376591e-01 0.000000000000000000e+00
-3.437940970938273000e-01 4.603816510097301362e-02 0.000000000000000000e+00
-2.097326865289101672e-01 -1.287854028269608264e-01 0.000000000000000000e+00
-3.192011139640855144e-01 -2.728542299587225495e-01 0.000000000000000000e+00
-3.066360769699452704e-01 -1.972101041059743098e-01 0.000000000000000000e+00
1.789844511375024427e-02 -1.149969001600444213e-01 0.000000000000000000e+00
1.348083392112547907e-01 -3.356110625781422718e-01 0.000000000000000000e+00
-3.549221573832784804e-01 1.199543129184140466e-01 0.000000000000000000e+00
3.735416237007506135e-01 -2.437194002714184737e-01 0.000000000000000000e+00
4.976176316782431053e-02 3.780360271501816971e-01 0.000000000000000000e+00
2.388006885038236327e-01 2.643793655727155745e-01 0.000000000000000000e+00
8.322762595407902364e-02 -1.309986027221224716e-02 0.000000000000000000e+00
-1.116376458469986177e-01 1.950783486698765556e-01 0.000000000000000000e+00
-6.932256531923622345e-02 -1.255784765786737145e-01 0.000000000000000000e+00
9.044326274093238138e-02 -2.527513918870030740e-01 0.000000000000000000e+00
-4.394250797087372734e-02 4.792070701455174164e-02 0.000000000000000000e+00
3.386314498628287817e-01 -2.648541283193096563e-01 0.000000000000000000e+00
-2.657445210324755336e-01 2.021442061459552131e-01 0.000000000000000000e+00
-2.416669433144653101e-01 1.677589520570201831e-01 0.000000000000000000e+00
-4.906089502071811492e-01 2.614511090892668310e-03 0.000000000000000000e+00
1.910383958582568820e-01 1.347240447579583500e-01 0.000000000000000000e+00
-3.620544020247776218e-01 7.434000778449038893e-02 0.000000000000000000e+00
-3.794127176798794410e-01 4.139770894179325977e-02 0.000000000000000000e+00
2.272474161269080195e-01 -3.817484736756012742e-01 0.000000000000000000e+00
1.502711335260822623e-01 -4.292789585509284023e-01 0.000000000000000000e+00
-7.698660519547463610e-02 2.293255231027260116e-02 0.000000000000000000e+00
-5.722031627827804667e-02 1.120233894555732607e-01 0.000000000000000000e+00
1.730046334110507678e-01 3.958419348301850382e-01 0.000000000000000000e+00
3.674681123957696059e-03 2.213345706075082464e-01 0.000000000000000000e+00
-8.454808328724794375e-02 -2.978588228953754288e-02 0.000000000000000000e+00
4.144192799010163464e-01 -6.166147757146862862e-02 0.000000000000000000e+00
-3.014763296295859887e-02 2.876098017576687038e-01 0.000000000000000000e+00
1.432773686466747298e-01 -3.523879773909780466e-01 0.000000000000000000e+00
-3.528708922751542382e-02 -2.159474744534093105e-01 0.000000000000000000e+00
4.307614484137747835e-01 9.280096672576228223e-02 0.000000000000000000e+00
-6.594635580599012004e-02 -4.374606665162552588e-01 0.000000000000000000e+00
3.279613317169831344e-02 3.522492470312554858e-01 0.000000000000000000e+00
8.607752940366247829e-02 8.727698467105290958e-02 0.000000000000000000e+00
-3.979959270893056872e-02 -1.300168016673997756e-02 0.000000000000000000e+00
3.194109476001796843e-01 3.802349259761799577e-02 0.000000000000000000e+00
-5.368832472652399629e-02 -1.779180965177399321e-01 0.000000000000000000e+00
3.355074844214316898e-01 -3.242918422607585782e-01 0.000000000000000000e+00
3.504760715754563494e-01 -4.335568301131662722e-03 0.000000000000000000e+00
8.856562023139971651e-02 2.096184311325326177e-01 0.000000000000000000e+00
-2.000258866745149577e-01 1.873581251027248706e-01 0.000000000000000000e+00
1.677940015057882150e-01 2.190272021404645053e-01 0.000000000000000000e+00
2.685518963878557597e-01 2.099514280855134182e-02 0.000000000000000000e+00
-7.140567241599542203e-02 2.835445613052329228e-01 0.000000000000000000e+00
7.772306660632705144e-02 1.727669041414790774e-01 0.000000000000000000e+00
-1.219732619472686380e-01 3.042229852096253739e-02 0.000000000000000000e+00
7.403391716701293590e-02 -1.294468818937540566e-01 0.000000000000000000e+00
3.720480951677940934e-02 3.665365610693190335e-01 0.000000000000000000e+00
-2.657160163809835773e-01 -1.594850339803253469e-01 0.000000000000000000e+00
3.457006059387728869e-01 2.346437677026450355e-02 0.000000000000000000e+00
8.534886212411659651e-03 2.149767112768742605e-01 0.000000000000000000e+00
2.029591902112535540e-01 -8.580917377897509524e-02 0.000000000000000000e+00
1.065774282689075925e-01 3.920208404337153368e-02 0.000000000000000000e+00
-4.256469781730644053e-01 -1.824411957469218304e-01 0.000000000000000000e+00
-1.206785814750915703e-01 3.978106162309773541e-01 0.000000000000000000e+00
-8.395387177409828483e-02 1.072140829103647719e-01 0.000000000000000000e+00
-3.419315375668884743e-02 8.519823407570990825e-02 0.000000000000000000e+00
1.899946822152636383e-01 -4.642431399287513111e-02 0.000000000000000000e+00
3.706973890895973178e-01 6.344892102315094484e-02 0.000000000000000000e+00
-1.234408623814917810e-02 3.305166365119254282e-03 0.000000000000000000e+00
1.082927109181388015e-01 2.276523550891860204e-01 0.000000000000000000e+00
-9.763244036329440240e-03 -3.575829432416851028e-01 0.000000000000000000e+00
3.442374669089345168e-02 -6.128388867005973156e-02 0.000000000000000000e+00
3.157796862366955004e-01 -3.301836265032508932e-01 0.000000000000000000e+00
8.253730823285319873e-02 1.311635891485491978e-01 0.000000000000000000e+00
-2.673110978920047454e-01 2.286598105135486392e-01 0.000000000000000000e+00
-2.435820280885256373e-01 4.307797228636574965e-02 0.000000000000000000e+00
-1.042476255100533156e-01 3.445999902104673329e-01 0.000000000000000000e+00
-4.092594369737900806e-01 3.382878014375810538e-02 0.000000000000000000e+00
1.302578171520175354e-01 -9.164028422988840239e-02 0.000000000000000000e+00
6.565632365008226834e-02 3.313188510767615114e-01 0.000000000000000000e+00
-1.262599683208811829e-01 -4.352933405270304479e-01 0.000000000000000000e+00
1.837192270714960995e-01 -2.947287754757924039e-01 0.000000000000000000e+00
-2.395253304476127054e-01 3.963813059515338549e-02 0.000000000000000000e+00
-1.657265278789452068e-01 4.124303626054384164e-01 0.000000000000000000e+00
-2.612960448947951875e-01 -1.782488052067086604e-01 0.000000000000000000e+00
2.915193548988165295e-01 2.724707859119700482e-01 0.000000000000000000e+00
1.891736923748153498e-01 -6.440219731518713464e-02 0.000000000000000000e+00
2.524002907592691747e-01 -2.772229982031379492e-01 0.000000000000000000e+00
-1.092812080030235722e-01 8.077089237400746080e-02 0.000000000000000000e+00
1.161942688020420056e-01 2.421739065463510143e-02 0.000000000000000000e+00
8.981773698969343356e-02 -1.593635134630643491e-01 0.000000000000000000e+00
-1.870298457719109519e-01 1.886211563563149063e-02 0.000000000000000000e+00
2.222981103225612765e-01 3.596956234743443198e-02 0.000000000000000000e+00
-3.754613562070004407e-01 6.829134534279540647e-02 0.000000000000000000e+00
-9.504724927189346639e-02 -2.189300520222287327e-01 0.000000000000000000e+00
-5.094915757533406697e-02 -2.422985384771087491e-01 0.000000000000000000e+00
1.280415804107233879e-01 1.018148477849601247e-01 0.000000000000000000e+00
2.793318284738321444e-01 1.229881456798789241e-01 0.000000000000000000e+00
-2.553735068620243132e-01 9.470594120809185112e-02 0.000000000000000000e+00
5.610811273253265424e-02 6.845770169575524089e-02 0.000000000000000000e+00
8.632759479566926020e-02 -2.539475643219321066e-01 0.000000000000000000e+00
-1.549205460232171670e-02 -2.269901863009831655e-01 0.000000000000000000e+00
1.422611163458609163e-01 -2.518290497651628351e-02 0.000000000000000000e+00
-9.837593456526558255e-02 3.236121494912191365e-01 0.000000000000000000e+00
-3.195179444967902183e-01 -3.398698786815919637e-01 0.000000000000000000e+00
-2.734280684633235703e-01 1.210517260444333720e-01 0.000000000000000000e+00
-2.047731683035237948e-01 -1.364213847817658531e-01 0.000000000000000000e+00
7.756373376921975316e-02 1.411657377773256061e-01 0.000000000000000000e+00
-1.373149493655685116e-01 -3.909009475358686536e-02 0.000000000000000000e+00
1.348973749049942050e-01 -2.116081404602008220e-01 0.000000000000000000e+00
-9.455823638716964741e-02 -2.673955451204983458e-01 0.000000000000000000e+00
-3.247618742396471414e-02 -1.302508699135049575e-01 0.000000000000000000e+00
2.770444427908481111e-01 5.310742780054062556e-02 0.000000000000000000e+00
-1.834113619802333617e-01 -4.264211708910345955e-01 0.000000000000000000e+00
-2.034191800428468699e-01 1.547117994646925176e-01 0.000000000000000000e+00
-4.405991686152906928e-01 8.854066769490676753e-03 0.000000000000000000e+00
-2.885727357456021047e-01 1.782066777273952074e-01 0.000000000000000000e+00
-1.411650264650909925e-01 -2.590149777630192385e-01 0.000000000000000000e+00
-2.324939627807086906e-01 -3.659133763999125044e-01 0.000000000000000000e+00
-2.830851078267233589e-01 2.552803943624253336e-01 0.000000000000000000e+00
-7.519684561281612944e-02 -1.108707388682830947e-01 0.000000000000000000e+00
-6.210319312202185194e-02 -3.177237751541598515e-02 0.000000000000000000e+00
1.823701173626422756e-01 -2.791886559073371576e-01 0.000000000000000000e+00
-6.861557724413649972e-02 1.420134871427317924e-01 0.000000000000000000e+00
-1.891098666729700284e-01 1.059910660982861935e-01 0.000000000000000000e+00
-1.056135308383200772e-01 -1.039810704518748241e-01 0.000000000000000000e+00
-1.894448525463330313e-01 2.783107660301912048e-02 0.000000000000000000e+00
1.687412424585383597e-01 -2.779403946175842410e-01 0.000000000000000000e+00
8.039229308754551606e-03 -4.008524497900184946e-01 0.000000000000000000e+00
-3.748898093208827831e-01 1.682532816512452567e-01 0.000000000000000000e+00
-1.505141788458789487e-01 2.100463271599398163e-01 0.000000000000000000e+00
1.738089227637671375e-01 2.328413772343115029e-01 0.000000000000000000e+00
1.254470355750936517e-01 7.006168350859244554e-02 0.000000000000000000e+00
1.517060326305046669e-01 1.253463350626355388e-01 0.000000000000000000e+00
-3.179654324376919861e-01 1.592123562329445796e-01 0.000000000000000000e+00
6.000397816935025899e-03 -3.730458711711250874e-01 0.000000000000000000e+00
4.262518896725114165e-02 1.378947761210252976e-01 0.000000000000000000e+00
-2.809855788768136908e-01 3.044121558679237921e-02 0.000000000000000000e+00
-3.778717651727404592e-01 1.398660201280680360e-01 0.000000000000000000e+00
3.385410761739303664e-01 -8.888819741822545639e-02 0.000000000000000000e+00
-4.436287692521764803e-02 -1.553543306452965234e-01 0.000000000000000000e+00
8.415346534171765092e-02 1.027679226635262871e-01 0.000000000000000000e+00
-8.462347611342377340e-02 -2.794981094479713768e-01 0.000000000000000000e+00
2.868472621208960627e-01 -1.648927280292270536e-01 0.000000000000000000e+00
-1.686561345100740239e-01 1.935579944741872838e-01 0.000000000000000000e+00
1.735516964791252448e-01 1.127155469556890277e-01 0.000000000000000000e+00
-1.019759636206235970e-01 -1.171913516534800886e-01 0.000000000000000000e+00
-1.869804689260820274e-01 3.612892108159418414e-02 0.000000000000000000e+00
1.520063899744929226e-01 4.225866601536411998e-02 0.000000000000000000e+00
4.474925671796250448e-01 -8.970228265348545449e-02 0.000000000000000000e+00
-1.660720876721221706e-01 3.430723704159743814e-01 0.000000000000000000e+00
-3.934235055887377319e-01 4.426384779561626931e-02 0.000000000000000000e+00
1.163559996137473462e-01 -2.828286483473870239e-01 0.000000000000000000e+00
9.434303917090731961e-02 5.792831018888117828e-02 0.000000000000000000e+00
-9.269280172635796511e-02 1.657792281943513413e-01 0.000000000000000000e+00
1.018887906941881027e-01 1.121864828979747541e-01 0.000000000000000000e+00
-4.402601404157872600e-01 -1.608740038148996354e-01 0.000000000000000000e+00
8.446118001973713929e-02 -1.003620450262472374e-01 0.000000000000000000e+00
-6.420508769948064798e-02 4.464029833026417204e-02 0.000000000000000000e+00
3.648823456964527812e-01 -1.658802233697830586e-01 0.000000000000000000e+00
-2.423928617287377518e-01 3.136427920338377695e-01 0.000000000000000000e+00
-1.851838299407708444e-01 3.626119847769146420e-01 0.000000000000000000e+00
-3.855761382809968496e-01 -6.123224590077021995e-02 0.000000000000000000e+00
1.246013174178079753e-03 9.079371567831526213e-02 0.000000000000000000e+00
-2.347210307410947661e-01 5.439453122664052176e-02 0.000000000000000000e+00
-3.434142653513318488e-01 1.809217720103991622e-01 0.000000000000000000e+00
1.920450138075813218e-01 5.920635646466352459e-02 0.000000000000000000e+00
3.107621437903508310e-01 1.426262940249906075e-01 0.000000000000000000e+00
3.758140565858064663e-01 2.415471847083216772e-01 0.000000000000000000e+00
-4.935280992274004158e-02 3.584123126260330694e-01 0.000000000000000000e+00
-3.045271281020371923e-01 5.326967645441931833e-03 0.000000000000000000e+00
-1.413444467328847376e-01 8.589721282535849045e-02 0.000000000000000000e+00
2.674706282758056441e-01 -1.120789289035629271e-01 0.000000000000000000e+00
-1.648295072724874077e-01 1.281501239556800398e-01 0.000000000000000000e+00
3.165733259070648287e-01 -3.467913551631140456e-01 0.000000000000000000e+00
-3.359028828199180777e-02 4.754163239756505066e-02 0.000000000000000000e+00
-8.336356181704068780e-02 1.637338999335881395e-01 0.000000000000000000e+00
-3.611717399207429180e-01 2.098319537675403801e-01 0.000000000000000000e+00
2.674392610960926731e-01 -3.136812312141065706e-01 0.000000000000000000e+00
-6.583493932938350168e-02 -1.058584785284124030e-01 0.000000000000000000e+00
-4.439024591267562436e-01 1.043442339899222776e-01 0.000000000000000000e+00
2.825607067038370390e-01 3.804008437944462334e-02 0.000000000000000000e+00
4.945016074721808597e-02 -1.408512465491549778e-02 0.000000000000000000e+00
1.169387643429541102e-02 -7.031260597832197055e-03 0.000000000000000000e+00
3.547094179140123926e-01 -1.971359443126832756e-02 0.000000000000000000e+00
1.771170832213601887e-01 -2.124359825482256547e-01 0.000000000000000000e+00
-1.049041692214053856e-01 3.928272360003867703e-01 0.000000000000000000e+00
2.800333401218387808e-01 2.369763696837909848e-03 0.000000000000000000e+00
5.290324221002429272e-02 2.929617572627544186e-01 0.000000000000000000e+00
-6.929705121914729593e-02 -3.966269285967243263e-01 0.000000000000000000e+00
-7.821835427057367840e-03 -3.838407269348020345e-01 0.000000000000000000e+00
2.732807335862270648e-01 -1.958139526175525780e-02 0.000000000000000000e+00
3.206734006297775053e-01 -2.953463895954825391e-01 0.000000000000000000e+00
-1.342292853281889797e-01 4.516739843793279863e-01 0.000000000000000000e+00
-4.179230964445900254e-01 2.997910875552731863e-02 0.000000000000000000e+00
-1.622213453956850848e-01 -2.542402057760523304e-01 0.000000000000000000e+00
-2.199263026414771116e-01 3.411286089359956419e-02 0.000000000000000000e+00
4.195564537216258660e-01 -9.935228891157835140e-02 0.000000000000000000e+00
1.599879418694790112e-01 7.551382752255929309e-02 0.000000000000000000e+00
4.158581213749555361e-01 1.779859434837784415e-01 0.000000000000000000e+00
2.425104336922596082e-01 2.458447282014052659e-01 0.000000000000000000e+00
2.472117258181249499e-01 -3.103648722404310223e-01 0.000000000000000000e+00
1.553624951394788345e-01 -1.959086799397308509e-01 0.000000000000000000e+00
2.438489020789662287e-02 9.246656409531193999e-02 0.000000000000000000e+00
-2.384477041579148859e-01 -2.682436996193970358e-01 0.000000000000000000e+00
1.988183502860712271e-01 -5.528895796574295057e-02 0.000000000000000000e+00
2.995412141486297752e-01 2.774319228859939424e-01 0.000000000000000000e+00
1.634566702183774534e-01 -3.101796857594624202e-01 0.000000000000000000e+00
3.907594479954289851e-02 1.930647372998555711e-01 0.000000000000000000e+00
2.982584564619347733e-02 -6.024715052864269144e-02 0.000000000000000000e+00
-9.125914597020166885e-02 -8.651673958048877733e-02 0.000000000000000000e+00
3.227573514461127835e-01 -1.904967912347922286e-03 0.000000000000000000e+00
9.888402267350382413e-02 1.558942558603864659e-01 0.000000000000000000e+00
-7.759343718409897339e-02 -2.383928186026072482e-01 0.000000000000000000e+00
3.534742181724354615e-01 -1.335887096810406405e-02 0.000000000000000000e+00
-2.688711765260630160e-01 -1.644379797530031162e-01 0.000000000000000000e+00
-2.094937695257823029e-01 1.062714693183216055e-02 0.000000000000000000e+00
1.189628643725368883e-02 2.074915332299367143e-01 0.000000000000000000e+00
-2.833663312259956935e-01 -6.086372218035947940e-02 0.000000000000000000e+00
-2.979019747320462153e-01 3.051269658598963486e-01 0.000000000000000000e+00
2.367950085366555824e-01 -4.031841257498659514e-01 0.000000000000000000e+00
-3.630808942908985704e-01 -6.624179203486957324e-02 0.000000000000000000e+00
1.164046696453781143e-01 7.035686267774099445e-02 0.000000000000000000e+00
3.311233638322377271e-01 1.502494072030522709e-01 0.000000000000000000e+00
-1.533900956294090012e-01 9.102688468398811850e-02 0.000000000000000000e+00
-4.032335992490959087e-01 2.673547408936884917e-01 0.000000000000000000e+00
-2.878715539450514907e-02 -9.635012474176529729e-03 0.000000000000000000e+00
2.174625653620073651e-01 -2.985228481079892915e-01 0.000000000000000000e+00
8.037898738216878169e-02 -1.255671317382249519e-01 0.000000000000000000e+00
-3.450594517129397243e-01 1.535340139167007834e-03 0.000000000000000000e+00
1.322576635019489244e-01 1.920182027876172481e-01 0.000000000000000000e+00
1.402604755197546516e-01 -6.196621372258123706e-02 0.000000000000000000e+00
-2.169357989356962835e-01 -2.271291200102233676e-02 0.000000000000000000e+00
-1.056878457781718628e-01 -3.102196897876209961e-02 0.000000000000000000e+00
-3.117786837441045011e-01 -6.372920716115852702e-02 0.000000000000000000e+00
-5.984647077505849538e-02 4.910223119672984526e-01 0.000000000000000000e+00
2.954414312676866342e-02 3.665949152955033652e-01 0.000000000000000000e+00
3.750615228772928855e-01 1.435458445857105692e-01 0.000000000000000000e+00
1.066305850798420080e-01 -2.700135035082356083e-01 0.000000000000000000e+00
-4.246564963533543957e-01 2.061298689507478632e-01 0.000000000000000000e+00
-9.180573177873377344e-02 3.428825745522263713e-01 0.000000000000000000e+00
-2.532864867552230836e-01 2.186936694521604552e-01 0.000000000000000000e+00
-1.148268202747265015e-01 3.324578522302999994e-01 0.000000000000000000e+00
8.538388844638480912e-02 1.844563041669596837e-01 0.000000000000000000e+00
-1.725782289814641046e-02 -4.190501496562996642e-01 0.000000000000000000e+00
1.902874834241252977e-01 4.099567162245130736e-01 0.000000000000000000e+00
-1.885591957812502162e-01 4.094533113760965432e-02 0.000000000000000000e+00
1.089584149535350599e-01 5.258660922380942876e-02 0.000000000000000000e+00
-1.214492982939074234e-01 -3.653115152047148317e-02 0.000000000000000000e+00
-3.355412938855596716e-02 -2.642972267348150384e-01 0.000000000000000000e+00
4.168675709080249536e-02 -2.158685808976387732e-01 0.000000000000000000e+00
-5.829302300675572729e-02 4.020370697487191114e-01 0.000000000000000000e+00
-3.492015024065292517e-01 1.980435722745434168e-02 0.000000000000000000e+00
1.327513018885234930e-01 2.473240663283541863e-01 0.000000000000000000e+00
-1.373996471627367266e-01 -1.081561996498393574e-01 0.000000000000000000e+00
-9.740756335924243003e-02 3.021510383981990122e-01 0.000000000000000000e+00
4.887968172833805081e-02 -3.622629051869691863e-01 0.000000000000000000e+00
-2.688627285399887712e-01 1.117237942003264199e-02 0.000000000000000000e+00
2.152654610257052903e-01 -3.605162128001657140e-01 0.000000000000000000e+00
2.503655804315222388e-01 -4.361938275999272668e-02 0.000000000000000000e+00
-3.316626666583281091e-01 -2.709832006537675197e-01 0.000000000000000000e+00
3.450456200373782090e-01 -2.526404640567987414e-01 0.000000000000000000e+00
1.022087559600075024e-01 -1.034487416584074504e-01 0.000000000000000000e+00
1.719734025673251843e-01 -1.543779588052856533e-01 0.000000000000000000e+00
2.935886770201981411e-01 1.598530806392605697e-01 0.000000000000000000e+00
-3.493602940461881801e-02 -2.622298551747413997e-01 0.000000000000000000e+00
-2.462766265771900720e-01 5.358004181096992502e-02 0.000000000000000000e+00
-1.386856662066185131e-01 -7.935131923115448793e-02 0.000000000000000000e+00
3.088660903118472523e-01 -1.554072605754563685e-01 0.000000000000000000e+00
-3.212678701821672922e-01 1.029865778512159269e-01 0.000000000000000000e+00
2.706769166719392161e-01 1.519414618433805389e-02 0.000000000000000000e+00
-4.705741355100608037e-03 -4.780161875928747861e-01 0.000000000000000000e+00
1.374316336670570321e-03 2.501825268557583137e-01 0.000000000000000000e+00
-5.776456738436819977e-02 -1.220202108872237359e-02 0.000000000000000000e+00
-2.910274414090541772e-01 -1.574717750934558347e-01 0.000000000000000000e+00
-3.940617776794535509e-01 4.795758648906430638e-02 0.000000000000000000e+00
3.046690836849381689e-01 -3.410831668023286412e-01 0.000000000000000000e+00
3.159912973893857502e-01 2.304417987417148594e-01 0.000000000000000000e+00
2.011366273626736256e-01 -5.042394488064313313e-02 0.000000000000000000e+00
1.340188550742245910e-01 2.676033095479447566e-01 0.000000000000000000e+00
2.289567537057346502e-01 1.693772778921484035e-01 0.000000000000000000e+00
-9.452752741774790579e-02 3.068788973759197791e-01 0.000000000000000000e+00
-4.697205963411809626e-01 -6.175147990767002742e-02 0.000000000000000000e+00
3.999396410713907946e-01 -1.870076063968876268e-01 0.000000000000000000e+00
-9.159980326543379348e-02 -1.042671491155980207e-01 0.000000000000000000e+00
2.594851329501766668e-01 2.968637546237812286e-01 0.000000000000000000e+00
6.848493814746625663e-02 1.515357831060018257e-01 0.000000000000000000e+00
3.981863442564994582e-01 -8.718740287688794832e-02 0.000000000000000000e+00
-1.823841158773767401e-01 -1.143770872631167529e-01 0.000000000000000000e+00
1.073444429299260337e-02 1.812362034279679512e-01 0.000000000000000000e+00
-8.379159320935279653e-02 -1.944643754915128531e-01 0.000000000000000000e+00
4.450002270511524416e-02 1.173587940729613754e-01 0.000000000000000000e+00
2.773124957752067243e-01 4.921926860945943956e-03 0.000000000000000000e+00
1.700519949273253117e-01 4.338163794562450160e-01 0.000000000000000000e+00
3.800495723749635624e-01 -2.188497596846018245e-01 0.000000000000000000e+00
2.854164521957264777e-01 -1.988945698121228345e-01 0.000000000000000000e+00
-3.083083251513779044e-01 -2.707630984053971401e-01 0.000000000000000000e+00
3.971073098593478345e-01 4.850670401513489105e-02 0.000000000000000000e+00
1.914778239729828802e-01 -3.464979267443298039e-02 0.000000000000000000e+00
2.211085606351123889e-01 1.231141150416858177e-01 0.000000000000000000e+00
1.317869467316099830e-01 -1.028114751948978334e-01 0.000000000000000000e+00
2.525582478481874227e-01 -3.786741993028274744e-01 0.000000000000000000e+00
3.604616867268264913e-01 -4.913027675695957885e-02 0.000000000000000000e+00
-1.276893504947572422e-01 -1.405003466163914569e-02 0.000000000000000000e+00
2.620101438094823432e-01 -3.562635722176325515e-01 0.000000000000000000e+00
-1.272999800161133954e-01 -1.158159582481817496e-01 0.000000000000000000e+00
1.174066167695603513e-01 4.502138926824877235e-02 0.000000000000000000e+00
-2.419422821363848009e-01 -2.672101591784522556e-01 0.000000000000000000e+00
1.312804543438991778e-01 2.108279520216093383e-01 0.000000000000000000e+00
8.461468193432464258e-02 -5.413325020286393480e-02 0.000000000000000000e+00
-2.930240549462790889e-01 -1.409199861099240947e-01 0.000000000000000000e+00
3.025946672349700828e-01 -2.304315812441303790e-01 0.000000000000000000e+00
2.423989707030441143e-01 -2.472006692327037292e-01 0.000000000000000000e+00
-2.701297169127747089e-01 2.047457402130190840e-01 0.000000000000000000e+00
-1.435505001419203064e-01 -2.386594621765935065e-01 0.000000000000000000e+00
-8.287304452592644810e-02 5.129637500825018348e-02 0.000000000000000000e+00
2.004439704979304182e-01 -1.945067455579972127e-01 0.000000000000000000e+00
3.522978033171420553e-01 4.098845856463329690e-02 0.000000000000000000e+00
-4.157322693382052292e-01 1.101190930680995966e-01 0.000000000000000000e+00
2.949815005343119356e-01 -2.939101240483021557e-02 0.000000000000000000e+00
-3.257822708505914711e-01 -2.318756770146217921e-02 0.000000000000000000e+00
2.445715124061056955e-01 -8.955708316717020390e-02 0.000000000000000000e+00
1.352118446695050880e-01 -3.764360447064704629e-01 0.000000000000000000e+00
2.527335368085070755e-01 6.314328836306541508e-03 0.000000000000000000e+00
2.512211816308999035e-01 3.959582729381697086e-01 0.000000000000000000e+00
-2.925360393734164344e-01 -5.621772316900634781e-02 0.000000000000000000e+00
1.749299356569120056e-01 2.204971263535823733e-01 0.000000000000000000e+00
-1.024456559155365459e-01 -3.200446150319614658e-01 0.000000000000000000e+00
-1.385601190590782239e-01 -6.046902097636670803e-02 0.000000000000000000e+00
9.199460419613894602e-02 -4.209795328196644371e-02 0.000000000000000000e+00
-3.235595606865764307e-01 -6.651781272106753462e-02 0.000000000000000000e+00
1.383522157687386844e-01 -5.804584603124857134e-02 0.000000000000000000e+00
7.958396528014172189e-02 -2.152603077244218399e-01 0.000000000000000000e+00
-3.332887494733542955e-01 -1.558445857152181424e-01 0.000000000000000000e+00
2.142268652982436405e-01 2.534362995886718650e-01 0.000000000000000000e+00
1.942263242048171135e-01 -1.179590350639180517e-02 0.000000000000000000e+00
2.172512443471348309e-01 -3.473944287863787173e-01 0.000000000000000000e+00
-7.540742547311841959e-02 4.839601379322709951e-01 0.000000000000000000e+00
2.998883550632081008e-02 -1.930324609909568057e-01 0.000000000000000000e+00
-2.281048948803836851e-01 -1.940638095110953920e-01 0.000000000000000000e+00
-4.275008388443939100e-02 2.964933209882169018e-01 0.000000000000000000e+00
1.232659567158150560e-01 -2.113868109505065984e-01 0.000000000000000000e+00
-2.542674894352863202e-01 -3.019519251764885004e-01 0.000000000000000000e+00
-2.796708208210763602e-01 6.268849846244660406e-02 0.000000000000000000e+00
8.734039446391833605e-02 -3.090336429787676198e-01 0.000000000000000000e+00
2.792804637131784395e-01 -1.666555269888122526e-01 0.000000000000000000e+00
1.342463985279878924e-01 8.521483293980787466e-02 0.000000000000000000e+00
-4.038769638211778812e-01 -1.541786453343961527e-01 0.000000000000000000e+00
3.692651040235987031e-02 -1.309927622257462398e-01 0.000000000000000000e+00
3.973692451271942927e-02 -5.184782237923585974e-02 0.000000000000000000e+00
-8.897318837654132062e-02 2.866891766323574342e-01 0.000000000000000000e+00
2.012905652740714160e-02 -2.643038679087031939e-01 0.000000000000000000e+00
4.013209106407158444e-01 -1.694642629248325205e-01 0.000000000000000000e+00
-3.632612448740927397e-02 -4.446606669663499822e-01 0.000000000000000000e+00
2.407979884422657424e-01 2.026296565671678318e-01 0.000000000000000000e+00
-6.965528939173805389e-02 7.896363648574378225e-02 0.000000000000000000e+00
5.932468534482638473e-02 1.060995278248058199e-01 0.000000000000000000e+00
-2.441634851006589946e-01 7.939110929838655295e-02 0.000000000000000000e+00
-8.176832812605980272e-02 -4.795351484293449151e-01 0.000000000000000000e+00
2.006906988791188617e-01 -1.996381583791646264e-01 0.000000000000000000e+00
-1.012994602888108719e-01 -2.683419768928336224e-01 0.000000000000000000e+00
-1.831655255350101708e-01 -1.792394694605348171e-01 0.000000000000000000e+00
-6.403494589388317171e-02 -6.207933598798623387e-02 0.000000000000000000e+00
4.305745402332268323e-01 1.270552976011772306e-01 0.000000000000000000e+00
-1.090687822725151940e-01 -4.641975466396989769e-01 0.000000000000000000e+00
1.254186871512424362e-01 -2.898984012585671954e-01 0.000000000000000000e+00
-2.509973630192743888e-01 -2.078709221180631006e-01 0.000000000000000000e+00
-3.825309507970371947e-01 1.802521122481553217e-01 0.000000000000000000e+00
3.104360423937263525e-01 -2.352020792011515760e-01 0.000000000000000000e+00
-1.585737355631195167e-01 2.719815409377546178e-01 0.000000000000000000e+00
-9.911639551946889448e-02 2.212419791745423581e-01 0.000000000000000000e+00
-3.874589753336494802e-01 -1.205318964726928843e-01 0.000000000000000000e+00
-8.313025288900191545e-02 2.173526080635220237e-01 0.000000000000000000e+00
3.693541958436392658e-01 -2.001081183374865680e-02 0.000000000000000000e+00
3.069495077871965960e-01 -6.249362980578394150e-03 0.000000000000000000e+00
3.628926009397571151e-01 1.023305802544636767e-01 0.000000000000000000e+00
-3.605032644940147496e-03 -6.980824129988583149e-02 0.000000000000000000e+00
-7.501128059550894733e-02 -1.970405115941858132e-01 0.000000000000000000e+00
-3.841516141302241949e-01 -5.524991006724550707e-02 0.000000000000000000e+00
-7.087202697524021267e-02 -1.850863391221222176e-01 0.000000000000000000e+00
2.461439512448719280e-01 -1.874430837056697274e-01 0.000000000000000000e+00
2.976189568940441621e-01 -5.873187974447739712e-02 0.000000000000000000e+00
-1.247230883924520944e-01 -3.018325304453633451e-01 0.000000000000000000e+00
-1.399737559306556828e-02 -1.023943353998148093e-01 0.000000000000000000e+00
2.280781435012635139e-01 1.366390544689103093e-01 0.000000000000000000e+00
-3.118177603177733070e-01 1.291330729496208418e-01 0.000000000000000000e+00
-1.313565785488111093e-01 2.304627920180339906e-01 0.000000000000000000e+00
3.314672899179035848e-01 5.417458478320977266e-02 0.000000000000000000e+00
2.589949724006453402e-01 1.324609325506526103e-02 0.000000000000000000e+00
-7.355814143051464526e-02 1.122400999042633407e-01 0.000000000000000000e+00
3.636522548411876832e-01 1.707859276744121690e-01 0.000000000000000000e+00
1.048511663015847251e-01 1.949643404098506394e-01 0.000000000000000000e+00
-2.818384193273915095e-02 6.615086402214337413e-02 0.000000000000000000e+00
-2.849083268996189799e-01 -9.436214301075980526e-02 0.000000000000000000e+00
-1.750670125750517780e-01 -6.652679697643536227e-02 0.000000000000000000e+00
-4.372106776205284540e-01 -2.047216529883551933e-02 0.000000000000000000e+00
3.358036715227231128e-01 3.481274222261137585e-01 0.000000000000000000e+00
-1.814684018546223673e-02 2.851086070469875944e-01 0.000000000000000000e+00
-8.447468249478931601e-02 -2.844670194777351724e-01 0.000000000000000000e+00
8.322411542048492594e-02 3.346423321910058091e-01 0.000000000000000000e+00
2.098493840142897082e-01 -2.017261565238704923e-01 0.000000000000000000e+00
-3.995296952373657562e-01 -1.442119935767107175e-01 0.000000000000000000e+00
3.454644971930887487e-01 -8.657566405038803758e-02 0.000000000000000000e+00
4.263251597575229423e-02 1.623092962255076876e-01 0.000000000000000000e+00
-5.353793244899050091e-02 -1.487644860496964705e-01 0.000000000000000000e+00
2.497565801188522949e-01 9.031327552848435192e-02 0.000000000000000000e+00
2.204652043229231861e-01 2.851827684306941224e-01 0.000000000000000000e+00
2.091408175717317242e-02 -9.279106856766757006e-02 0.000000000000000000e+00
-1.155152688095245211e-01 1.245246717914389317e-01 0.000000000000000000e+00
2.147497156968375953e-01 -1.326159611881823075e-01 0.000000000000000000e+00
5.156741432115141688e-02 -1.611295251373448534e-01 0.000000000000000000e+00
1.752318702724458555e-01 1.936307339299033203e-01 0.000000000000000000e+00
-6.027716592619464242e-02 9.805051395874217479e-02 0.000000000000000000e+00
-4.690557532696497112e-01 8.095076006631715670e-03 0.000000000000000000e+00
1.240155112676025045e-01 -4.397745122039903864e-01 0.000000000000000000e+00
-4.068429266416718343e-02 1.313711363708586211e-01 0.000000000000000000e+00
2.859800995376416410e-01 2.804928547491091217e-01 0.000000000000000000e+00
-1.531557580187780099e-01 -1.338662068775522095e-02 0.000000000000000000e+00
7.494083867831566326e-02 -1.058271150082838452e-01 0.000000000000000000e+00
-1.107049264099185804e-01 -2.749629684450302647e-01 0.000000000000000000e+00
3.613741090064928052e-01 -2.627473975425350106e-01 0.000000000000000000e+00
-2.445639985083088719e-01 3.229430704336499480e-01 0.000000000000000000e+00
5.684101613898107086e-02 3.397381398641648453e-01 0.000000000000000000e+00
-1.581819511749783247e-01 -1.425363149900302495e-01 0.000000000000000000e+00
2.937813786350538803e-01 2.026759145225379422e-01 0.000000000000000000e+00
-1.445316002445094505e-01 -3.770376614857794406e-01 0.000000000000000000e+00
6.951884937774498174e-02 1.914415938960138119e-01 0.000000000000000000e+00
-4.538382965678992853e-02 4.399073703881744013e-01 0.000000000000000000e+00
1.237079178805848556e-01 -3.071521253585036693e-01 0.000000000000000000e+00
-2.331966542867482950e-01 -3.894530010823316849e-03 0.000000000000000000e+00
2.376634876983894362e-01 4.046177418761174316e-01 0.000000000000000000e+00
-4.373084056342307901e-01 -1.859720171607418537e-01 0.000000000000000000e+00
-4.920288121390477554e-01 -2.809570708526109087e-02 0.000000000000000000e+00
3.413963053679315296e-01 -2.822149560310354133e-01 0.000000000000000000e+00
-3.465990084806008786e-01 -3.205479557306752381e-01 0.000000000000000000e+00
-4.016952592493225338e-01 -7.810784378571267172e-02 0.000000000000000000e+00
-2.133417956977105012e-01 -2.216375237904132101e-01 0.000000000000000000e+00
-2.094431626424844706e-01 2.898198933346696204e-01 0.000000000000000000e+00
-3.280963757953426763e-01 1.423799946173938957e-01 0.000000000000000000e+00
1.487218925695222571e-01 4.269917181043283438e-01 0.000000000000000000e+00
4.692489106899164764e-01 4.846803638434916961e-02 0.000000000000000000e+00
-3.201539728234524540e-02 2.701731357661453226e-01 0.000000000000000000e+00
3.148594579682393868e-01 5.198098314694590827e-02 0.000000000000000000e+00
3.562661180285242590e-01 2.932292846934210773e-01 0.000000000000000000e+00
-1.963304354652340433e-01 2.874542850553154713e-02 0.000000000000000000e+00
3.049207369352567865e-01 1.780426640367932245e-01 0.000000000000000000e+00
-2.920751360830920462e-01 -9.205251669477196308e-02 0.000000000000000000e+00
8.483190227946793560e-02 -1.260688176937325433e-01 0.000000000000000000e+00
-1.880746698561936714e-01 -3.562967025300837753e-01 0.000000000000000000e+00
2.673664062593557600e-01 3.070487361479171118e-01 0.000000000000000000e+00
-6.000150086650481163e-02 -4.242487927456667363e-01 0.000000000000000000e+00
2.442326497675775254e-01 4.758892901407629772e-02 0.000000000000000000e+00
-1.847535376639565866e-02 2.708974158429899859e-01 0.000000000000000000e+00
3.637362384028224871e-01 1.149603083388918839e-01 0.000000000000000000e+00
-9.196093498692763102e-02 1.144948223882545912e-01 0.000000000000000000e+00
1.230445715990414676e-02 -3.601854212972455671e-01 0.000000000000000000e+00
1.119763047135102253e-02 -3.427531028658019063e-01 0.000000000000000000e+00
1.281598873388848092e-01 -2.325194419365539111e-01 0.000000000000000000e+00
3.335627806422311603e-01 1.204120406134713273e-01 0.000000000000000000e+00
3.913364494044704878e-01 9.254702278856004327e-02 0.000000000000000000e+00
-1.246834699245630701e-01 1.103461303200130583e-01 0.000000000000000000e+00
-3.251612302186281944e-01 -2.213138639988350073e-02 0.000000000000000000e+00
3.085743600088021177e-01 2.533540091873235367e-01 0.000000000000000000e+00
-5.431653201317954149e-02 -4.020336020303497127e-01 0.000000000000000000e+00
2.026543563124665326e-01 2.646120678993412745e-01 0.000000000000000000e+00
-1.365875606077019966e-01 1.372653867924077120e-01 0.000000000000000000e+00
-2.435615763941732514e-01 -3.623574072433102811e-01 0.000000000000000000e+00
-3.764386027318330358e-02 2.087614180036279424e-02 0.000000000000000000e+00
7.275022408823408893e-02 4.497499970025806149e-02 0.000000000000000000e+00
-8.942117298825207061e-02 -9.666414110984535013e-02 0.000000000000000000e+00
-1.894532351255992508e-01 -1.756606445420078877e-01 0.000000000000000000e+00
-3.869233571717439757e-01 -2.617309007618463107e-02 0.000000000000000000e+00
3.379492757347229426e-01 2.316258549073471895e-01 0.000000000000000000e+00
4.139462006560949009e-02 5.025027192174200824e-02 0.000000000000000000e+00
1.063298981858621095e-01 4.741739156881356609e-01 0.000000000000000000e+00
-1.541910205995078442e-01 3.956714864348942484e-01 0.000000000000000000e+00
-4.142903765267454408e-01 -7.221901011803208426e-02 0.000000000000000000e+00
-8.716590075694416462e-02 2.404739504535834405e-01 0.000000000000000000e+00
3.735443520026389408e-02 -2.749055409207923351e-01 0.000000000000000000e+00
2.934172915203145937e-01 -2.248918402146868056e-01 0.000000000000000000e+00
-2.493636866602146063e-01 -6.195218677094237875e-02 0.000000000000000000e+00
1.588852742600341539e-01 3.451519182471802227e-01 0.000000000000000000e+00
-1.358467674397509026e-02 -3.313432128408474314e-02 0.000000000000000000e+00
3.508702914307705312e-01 -8.047301858283203990e-02 0.000000000000000000e+00
-6.025751066829055508e-02 7.914072629621007882e-02 0.000000000000000000e+00
4.391610724405993205e-01 1.275986481842659725e-01 0.000000000000000000e+00
-1.557107965474787692e-01 2.689547359523784542e-01 0.000000000000000000e+00
8.438142487159976113e-02 -5.955723174258264335e-02 0.000000000000000000e+00
5.723191951789931287e-02 4.245544259593810321e-01 0.000000000000000000e+00
4.302204207701004757e-01 1.453113010546843720e-01 0.000000000000000000e+00
-1.607678319545544354e-01 1.800841497990012530e-01 0.000000000000000000e+00
5.859373709164659300e-02 -6.719199559654255582e-02 0.000000000000000000e+00
4.113008622836366451e-02 7.955767810526530315e-02 0.000000000000000000e+00
-9.295233197638029521e-02 3.887150273635293918e-02 0.000000000000000000e+00
4.961440428251191748e-02 -3.252242968854798799e-01 0.000000000000000000e+00
-1.877538731583126841e-01 2.859946191519691649e-01 0.000000000000000000e+00
-1.259894325477691479e-01 -5.684217355375301844e-02 0.000000000000000000e+00
-2.807503471072785306e-01 1.354200597069986078e-01 0.000000000000000000e+00
1.937951424926472044e-01 5.128946938966975205e-02 0.000000000000000000e+00
2.733270108709767166e-01 2.562475608738160604e-01 0.000000000000000000e+00
-1.515747326300556086e-01 -2.130555765589673134e-01 0.000000000000000000e+00
3.694111471378002665e-01 7.760241601091488750e-02 0.000000000000000000e+00
1.639952386780430815e-01 9.514845371775160210e-02 0.000000000000000000e+00
-3.540799091861511205e-01 2.231484403512485337e-01 0.000000000000000000e+00
1.468869362476866725e-01 -3.622034806854268485e-01 0.000000000000000000e+00
-3.270222418034883227e-01 -2.139322941387562516e-01 0.000000000000000000e+00
-2.439801906418441468e-01 -1.177753556129615756e-02 0.000000000000000000e+00
-2.944652734494840884e-01 -7.406088184978178168e-02 0.000000000000000000e+00
-6.966908994986932557e-02 3.531227485532218435e-01 0.000000000000000000e+00
6.749117343868733798e-02 3.490509513477637049e-01 0.000000000000000000e+00
2.050570079384973765e-01 -4.345164327486508715e-01 0.000000000000000000e+00
1.706175622219862631e-01 -1.026992098361401290e-01 0.000000000000000000e+00
2.082607728418943427e-01 2.913156274749473251e-01 0.000000000000000000e+00
2.498276302454160158e-01 7.963160065595518977e-02 0.000000000000000000e+00
3.434034018754568707e-01 4.675967128684935942e-02 0.000000000000000000e+00
8.352103318752353289e-02 3.575168490515520103e-01 0.000000000000000000e+00
-1.645054452396400857e-01 -1.568840878544802142e-01 0.000000000000000000e+00
-2.193154901583311556e-01 -4.353875999165796040e-01 0.000000000000000000e+00
-5.907660734235775646e-02 -1.931642070920987497e-01 0.000000000000000000e+00
2.400565020029628016e-01 1.586813390625112508e-01 0.000000000000000000e+00
-1.111135304303968868e-01 1.841803388736228952e-01 0.000000000000000000e+00
2.412589176423265980e-01 -2.891233104383120547e-02 0.000000000000000000e+00
-1.534134656727229318e-01 -2.564197854160921164e-01 0.000000000000000000e+00
1.873593563654445682e-01 3.866269522926168434e-01 0.000000000000000000e+00
3.879207945767178534e-01 -1.542035779698548367e-02 0.000000000000000000e+00
2.057999994950066580e-01 3.768206161205070459e-01 0.000000000000000000e+00
3.261856398428661374e-01 -2.811986220529809066e-01 0.000000000000000000e+00
2.351182133325880330e-01 -7.714939841261532483e-02 0.000000000000000000e+00
-1.069109320938162189e-01 -1.439945558202386788e-01 0.000000000000000000e+00
-4.248178167626698309e-01 1.409731571305975206e-01 0.000000000000000000e+00
2.582567953151423401e-01 -3.551487419837310866e-01 0.000000000000000000e+00
-3.750193165792822247e-01 -1.892216230385108666e-01 0.000000000000000000e+00
1.027348802698459379e-01 4.533482646744558253e-01 0.000000000000000000e+00
-1.264601558186825014e-01 -2.516803089846699204e-01 0.000000000000000000e+00
-2.586108438473662119e-01 2.126151599520084978e-01 0.000000000000000000e+00
-1.316448400179565936e-01 -2.297291163812077985e-01 0.000000000000000000e+00
1.029689839607186991e-01 -7.915959523924293029e-03 0.000000000000000000e+00
-1.370691367205284505e-01 -1.022002259038420624e-01 0.000000000000000000e+00
3.348647722397725124e-01 1.022629568410715617e-01 0.000000000000000000e+00
-9.821050551217504199e-02 1.345950339946080654e-01 0.000000000000000000e+00
2.163538274482869339e-01 9.517878250149085229e-02 0.000000000000000000e+00
9.306865311680742603e-02 -2.709192469044275908e-01 0.000000000000000000e+00
1.241453396050549440e-01 -2.882775039790749783e-01 0.000000000000000000e+00
-3.248179034090909606e-02 -6.681341376074227678e-02 0.000000000000000000e+00
3.501762338366166960e-02 1.682799143068653691e-01 0.000000000000000000e+00
1.127680805603824415e-01 1.722009097222308438e-01 0.000000000000000000e+00
-2.189063819401765032e-01 -1.899259327545061715e-01 0.000000000000000000e+00
-1.156231344610981066e-01 3.206840592788276489e-01 0.000000000000000000e+00
-2.702958255662499254e-01 -3.784362857162663629e-01 0.000000000000000000e+00
-5.935513687269876326e-02 3.086268879849999869e-01 0.000000000000000000e+00
-2.036135532652002741e-02 -2.569525836227217197e-01 0.000000000000000000e+00
3.669637729474237164e-01 1.716353813605843159e-01 0.000000000000000000e+00
1.092341370753536628e-01 3.351600296013890756e-01 0.000000000000000000e+00
1.949541413567594528e-01 -1.656285873974949197e-01 0.000000000000000000e+00
-1.823878532220150617e-01 -3.269823406110177744e-01 0.000000000000000000e+00
-1.851739500225658974e-01 -1.964297038780130067e-01 0.000000000000000000e+00
3.416744973936808871e-01 -1.039077556767945554e-01 0.000000000000000000e+00
2.626697538693011924e-01 -1.034099966613788307e-01 0.000000000000000000e+00
-2.706329620895350785e-01 -3.551816716350191805e-01 0.000000000000000000e+00
-1.334499138757905268e-01 4.074500321592595259e-02 0.000000000000000000e+00
3.347820831862389768e-01 -1.949657153803031062e-01 0.000000000000000000e+00
-1.822915992534900886e-01 -1.983905122207352822e-01 0.000000000000000000e+00
1.389416063865580586e-01 4.590995892118948096e-01 0.000000000000000000e+00
2.075306714408085285e-01 -7.906070251091659729e-02 0.000000000000000000e+00
-1.881364746904927443e-01 -8.699771992589676317e-02 0.000000000000000000e+00
-3.149427239748926466e-01 3.303417021848357726e-01 0.000000000000000000e+00
-3.916407338251584602e-01 1.003655608763055346e-01 0.000000000000000000e+00
1.170690489275637847e-01 -3.481632333864846385e-01 0.000000000000000000e+00
-3.808039934956453099e-01 4.159555891204692879e-02 0.000000000000000000e+00
1.057443103294382486e-01 2.381461876910447584e-01 0.000000000000000000e+00
-3.649201156201734575e-01 -5.789763764965318027e-02 0.000000000000000000e+00
-4.132169087908112853e-02 -6.222970879735450350e-02 0.000000000000000000e+00
2.747638565316869522e-02 2.161417424104302987e-01 0.000000000000000000e+00
4.692346194720123376e-01 -7.238917832021304899e-02 0.000000000000000000e+00
1.437792458419363817e-01 -2.261965328826220367e-01 0.000000000000000000e+00
3.124947263058622249e-01 -1.500391544968318058e-01 0.000000000000000000e+00
3.518948708528544800e-01 -1.077428968523124753e-01 0.000000000000000000e+00
2.819970857570999745e-01 -6.812291748019826121e-02 0.000000000000000000e+00
-3.448337666073038599e-01 -2.053843569103080136e-01 0.000000000000000000e+00
-1.680901105282436026e-01 -3.801133743336456566e-02 0.000000000000000000e+00
-3.384421482380681190e-01 2.654860280051236643e-01 0.000000000000000000e+00
3.633769578259436472e-01 2.126179772048512329e-01 0.000000000000000000e+00
1.586105975191427209e-01 5.632579092137891125e-02 0.000000000000000000e+00
1.009341577736182632e-01 1.015743249522206570e-01 0.000000000000000000e+00
2.296034774460068983e-01 2.252729356593289115e-02 0.000000000000000000e+00
-3.235774088932105164e-01 3.014394865360858766e-01 0.000000000000000000e+00
2.774941928603064656e-01 -6.772869620079080555e-02 0.000000000000000000e+00
1.091951408168689991e-01 3.675035461111084145e-01 0.000000000000000000e+00
-1.510571247633367697e-01 6.986943008527161415e-04 0.000000000000000000e+00
8.975189874203533258e-02 1.710497177245252076e-01 0.000000000000000000e+00
4.377529983878071518e-02 3.992213255793734539e-01 0.000000000000000000e+00
-2.516840857437830370e-01 -2.014922583152417568e-01 0.000000000000000000e+00
7.595802652203455241e-02 -4.276402205989738303e-01 0.000000000000000000e+00
-2.353714993177006554e-01 -4.024286026440674485e-02 0.000000000000000000e+00
-2.041617485213387262e-01 4.023568692852971806e-01 0.000000000000000000e+00
-1.719694552645626151e-01 -1.774627373986335521e-01 0.000000000000000000e+00
-1.412670061208081418e-01 -2.807226483381266569e-01 0.000000000000000000e+00
-2.232827453782750549e-01 2.679603916982372172e-02 0.000000000000000000e+00
-2.314434894288315558e-01 1.597267423862552271e-01 0.000000000000000000e+00
-1.797421168707258599e-01 9.652037911200751774e-02 0.000000000000000000e+00
-1.667595406096670230e-01 3.361025298028622599e-01 0.000000000000000000e+00
9.694305453121671023e-02 2.077647162239145140e-01 0.000000000000000000e+00
-3.698744200082900724e-01 1.650797666526668817e-01 0.000000000000000000e+00
2.068907798681739740e-01 -2.745342693570330117e-01 0.000000000000000000e+00
-1.160364967919742946e-01 1.826118944101799146e-01 0.000000000000000000e+00
1.917485469664330670e-03 -2.041590771396590426e-02 0.000000000000000000e+00
4.154003311480766181e-01 -1.217630863848369466e-01 0.000000000000000000e+00
3.587695238543336385e-01 4.183728649349921502e-02 0.000000000000000000e+00
-3.271488653371970035e-01 -4.800144307076251171e-02 0.000000000000000000e+00
3.730453643384300244e-02 1.281687068183631206e-01 0.000000000000000000e+00
-1.713437872661239536e-01 -6.229710467792447942e-02 0.000000000000000000e+00
2.195396391549746806e-01 2.013759602625850020e-01 0.000000000000000000e+00
-8.549833660092567844e-02 2.924309665234831046e-01 0.000000000000000000e+00
-2.096140753615311769e-01 -3.729896835761291052e-01 0.000000000000000000e+00
1.062128737387351696e-01 -3.711386015032442365e-01 0.000000000000000000e+00
-1.061507902354801580e-01 -1.150178769232567261e-01 0.000000000000000000e+00
-3.256693245143792992e-01 -1.516663724292032778e-01 0.000000000000000000e+00
-4.422333450427480828e-01 -5.885283340064609986e-02 0.000000000000000000e+00
-1.360241121731013136e-01 1.252133901833846485e-01 0.000000000000000000e+00
3.616858907951037150e-01 -2.875818733791046800e-01 0.000000000000000000e+00
2.267658510260285032e-01 -3.989494117975579957e-01 0.000000000000000000e+00
-1.438147037608756840e-01 2.881541751558405751e-01 0.000000000000000000e+00
-2.724381080486333873e-01 -3.269652591215924664e-01 0.000000000000000000e+00
1.402206318448384059e-01 -2.753565220078325049e-01 0.000000000000000000e+00
3.940365580584569427e-01 -2.282657568845434803e-01 0.000000000000000000e+00
-3.336287512609128481e-01 9.746335514278205159e-02 0.000000000000000000e+00
2.655468887790355947e-01 1.602768161310428319e-01 0.000000000000000000e+00
-3.396751692803109401e-01 -1.008557299089262588e-01 0.000000000000000000e+00
2.652472159500071647e-02 -1.063791901229130393e-01 0.000000000000000000e+00
2.526200945449887381e-01 1.681704640802416661e-01 0.000000000000000000e+00
9.831755431657239475e-02 2.395600965960170969e-01 0.000000000000000000e+00
1.906851130654917126e-01 6.332224417783238746e-02 0.000000000000000000e+00
-1.844722225647371372e-01 -3.695997268354443421e-01 0.000000000000000000e+00
-5.702795967790318110e-02 2.117165802543327091e-01 0.000000000000000000e+00
-1.126615860189593699e-01 -1.086585546334617042e-01 0.000000000000000000e+00
1.541497420282566255e-01 2.387149244234536838e-01 0.000000000000000000e+00
2.594765169179286679e-01 -9.295852580877943250e-02 0.000000000000000000e+00
-1.731642408669073485e-01 2.361297525570142386e-01 0.000000000000000000e+00
1.490264000385727039e-01 -3.451862049482423700e-01 0.000000000000000000e+00
2.650786820841299907e-01 3.231357363007921757e-01 0.000000000000000000e+00
-1.346571658852307174e-01 -3.863479213348767205e-01 0.000000000000000000e+00
3.353944309026546389e-01 5.074027012334411668e-02 0.000000000000000000e+00
-2.869756944331112170e-01 -1.718755342046418555e-02 0.000000000000000000e+00
-2.672218032693332579e-01 1.738476552618374860e-01 0.000000000000000000e+00
-2.464768874397196829e-01 3.656511613757220669e-01 0.000000000000000000e+00
1.215296799370110675e-01 -1.488339162615822525e-02 0.000000000000000000e+00
2.247154448837411223e-01 1.009505650716030906e-01 0.000000000000000000e+00
-7.638924016504038128e-02 -2.326641162575046606e-01 0.000000000000000000e+00
-2.651972896222673515e-01 3.839901080288743440e-02 0.000000000000000000e+00
2.018994569572519771e-01 2.378944716184417663e-01 0.000000000000000000e+00
-1.977260617632680406e-01 2.185733413721308582e-01 0.000000000000000000e+00
-3.967524489555682710e-01 -1.853549152699994138e-02 0.000000000000000000e+00
-2.001627095680857393e-01 -3.861999129385964569e-01 0.000000000000000000e+00
-1.610495448367170179e-01 4.496779267681420000e-01 0.000000000000000000e+00
8.072267810989987996e-03 3.925369638627394520e-01 0.000000000000000000e+00
-2.561550897793313242e-01 2.667736367823627663e-01 0.000000000000000000e+00
-1.620965333833174760e-01 3.755780082317350943e-01 0.000000000000000000e+00
1.924867072955354363e-01 6.998263144582611561e-02 0.000000000000000000e+00
-2.756156666685205536e-01 5.189356396705872843e-02 0.000000000000000000e+00
1.036161410189157389e-01 3.641614738419978181e-01 0.000000000000000000e+00
-5.879893506784530759e-03 9.312206573233128282e-02 0.000000000000000000e+00
-3.075585464882976683e-01 -4.012972896606242096e-02 0.000000000000000000e+00
4.742962426147268595e-01 -1.221034902197612737e-01 0.000000000000000000e+00
-1.461161306170327412e-01 -1.756566435809411852e-01 0.000000000000000000e+00
-3.635290400102363095e-02 2.981619776945070299e-01 0.000000000000000000e+00
4.090202327332374543e-01 -1.325365631891735063e-01 0.000000000000000000e+00
-1.380235551023127893e-01 3.182466006561664520e-03 0.000000000000000000e+00
2.770364666788968644e-01 -1.479632874021558075e-01 0.000000000000000000e+00
2.435702926130171777e-03 -1.720214249337037593e-01 0.000000000000000000e+00
9.962716982575581248e-02 -2.781596426306104930e-01 0.000000000000000000e+00
-1.738295481357217398e-01 4.839934801835328593e-02 0.000000000000000000e+00
1.430666336143478490e-01 -4.198834638636800842e-01 0.000000000000000000e+00
-2.644227098742648052e-01 2.118067665791245890e-01 0.000000000000000000e+00
-1.876197725856450782e-01 3.053157703738980655e-01 0.000000000000000000e+00
3.672231986260772185e-01 1.045213995660660422e-01 0.000000000000000000e+00
3.418746482087443861e-02 5.581763535491608003e-02 0.000000000000000000e+00
-1.724305420476839523e-03 2.154456127194450399e-01 0.000000000000000000e+00
2.432698111034333199e-01 -2.574513849071863869e-01 0.000000000000000000e+00
8.997872334862785926e-02 4.059723299251429829e-01 0.000000000000000000e+00
-2.707668918736016450e-01 3.133215468359636380e-01 0.000000000000000000e+00
1.309512360304347089e-01 -2.371076962775724162e-01 0.000000000000000000e+00
-3.696472412547258668e-01 1.586771360110530160e-01 0.000000000000000000e+00
1.274688637930906643e-01 2.028908490477470128e-01 0.000000000000000000e+00
2.355873107840316671e-01 -4.972635268958788823e-02 0.000000000000000000e+00
-3.756017418121937457e-02 1.407531813189887571e-01 0.000000000000000000e+00
3.943721728123261716e-02 -3.945746913360266284e-01 0.000000000000000000e+00
-4.237460208107123871e-01 -8.944374791465571628e-02 0.000000000000000000e+00
1.578334217024025543e-01 2.431563731424270791e-01 0.000000000000000000e+00
3.662024614642016007e-01 3.135693207901197321e-01 0.000000000000000000e+00
1.443362096583616049e-02 3.343596125683919174e-01 0.000000000000000000e+00
2.622961293111979869e-02 -1.073974562061751487e-01 0.000000000000000000e+00
-8.082615718636221303e-02 -4.853365547521058809e-02 0.000000000000000000e+00
-1.437850572801742943e-01 1.050213790588039459e-01 0.000000000000000000e+00
-2.082864188001714023e-01 -4.047477082296270234e-01 0.000000000000000000e+00
-2.129926608455530723e-01 1.106902758133323367e-01 0.000000000000000000e+00
-4.711870784719160987e-01 1.834224373255311392e-03 0.000000000000000000e+00
-8.972268821368360736e-02 3.681783990689942859e-02 0.000000000000000000e+00
-2.600088892833447574e-01 -1.328356997774303161e-01 0.000000000000000000e+00
-1.685357150737902265e-01 -1.267164829334512244e-01 0.000000000000000000e+00
-9.987921151259993024e-02 -7.835825330612158912e-02 0.000000000000000000e+00
3.400335134766886980e-01 4.484312983223246590e-02 0.000000000000000000e+00
5.073711366975922066e-02 2.778975443637643483e-01 0.000000000000000000e+00
1.167311258943973945e-01 -4.158543876967041308e-02 0.000000000000000000e+00
-6.891127197742570598e-02 3.986829654408332035e-01 0.000000000000000000e+00
-1.075504094121149112e-01 -3.418556621103318038e-01 0.000000000000000000e+00
-1.999433653276606604e-01 -5.215206571727738077e-02 0.000000000000000000e+00
1.905488692500446612e-01 -2.137104018173315301e-01 0.000000000000000000e+00
-3.182519919311327383e-01 -1.327025611080237880e-02 0.000000000000000000e+00
3.966790037208577369e-01 4.351105067918853431e-02 0.000000000000000000e+00
-4.871291498311137308e-02 4.521153375079124404e-01 0.000000000000000000e+00
-7.227082207593056584e-02 -9.130878798205918634e-02 0.000000000000000000e+00
-1.547768118380726532e-01 -1.890309401432481440e-01 0.000000000000000000e+00
-2.063273930633853503e-01 -1.189933933671336042e-01 0.000000000000000000e+00
-3.781327331991056750e-01 -1.115669428431463467e-01 0.000000000000000000e+00
-3.281441828094325275e-01 1.808825629487128550e-01 0.000000000000000000e+00
1.394442513126558647e-01 -5.448178848311086009e-02 0.000000000000000000e+00
3.908162512946187356e-02 -3.296922771592411538e-01 0.000000000000000000e+00
8.493075634163274601e-02 1.594019935463328874e-01 0.000000000000000000e+00
2.421392642437058818e-01 -1.979478837571068406e-01 0.000000000000000000e+00
2.973754939651918061e-01 -1.491540203450966440e-01 0.000000000000000000e+00
3.209282729649789445e-01 2.801682250257018225e-01 0.000000000000000000e+00
-1.833861584979867287e-01 1.243781294888324923e-01 0.000000000000000000e+00
2.573691371364169589e-01 -8.629499381603948638e-02 0.000000000000000000e+00
-3.102712494267884091e-01 -2.794344116683313284e-01 0.000000000000000000e+00
5.313349714259306411e-02 2.673818542896780684e-02 0.000000000000000000e+00
-3.296776875746067481e-01 2.853033084481765291e-01 0.000000000000000000e+00
3.773075673488064941e-01 -5.342951072499104587e-02 0.000000000000000000e+00
8.842067092629511682e-02 -3.152738382030697006e-01 0.000000000000000000e+00
-3.715623049109054721e-01 -2.844342933169533572e-01 0.000000000000000000e+00
-1.472095754164795267e-01 -2.467040692541504210e-01 0.000000000000000000e+00
4.196958349652159942e-02 3.263202928653428647e-01 0.000000000000000000e+00
-6.179559573641263404e-02 1.463913551054331873e-02 0.000000000000000000e+00
-2.880136560062856455e-01 -8.392190236430659145e-02 0.000000000000000000e+00
-1.050452108774464627e-01 -2.327609439827897919e-01 0.000000000000000000e+00
1.261122745131701417e-01 -1.962252867785925416e-03 0.000000000000000000e+00
3.494186546984354713e-01 1.394608713650281051e-01 0.000000000000000000e+00
3.982006723089701050e-02 4.530202587181959006e-01 0.000000000000000000e+00
5.963312059140216809e-02 3.550752657994605821e-01 0.000000000000000000e+00
2.030891798316895314e-01 4.809122316491294680e-02 0.000000000000000000e+00
1.661823685136519235e-01 -1.153911088830081449e-01 0.000000000000000000e+00
1.203135159228985521e-02 -1.870677380398660106e-01 0.000000000000000000e+00
1.301629386459263737e-01 -4.417049091119745752e-01 0.000000000000000000e+00
-1.560095059347260150e-02 1.016878406181010996e-01 0.000000000000000000e+00
3.290805480569302111e-01 1.512454595890252440e-01 0.000000000000000000e+00
-8.384958429551181425e-02 4.575108799443577401e-01 0.000000000000000000e+00
7.845679873745070587e-02 -1.295469673037287217e-01 0.000000000000000000e+00
1.805860541560280197e-01 2.504632813410780368e-01 0.000000000000000000e+00
4.060402524779078287e-02 -6.072151616190990184e-03 0.000000000000000000e+00
-4.919111127655793059e-01 -2.354673880232905497e-02 0.000000000000000000e+00
-1.873011873660244686e-01 -1.624222854344117561e-01 0.000000000000000000e+00
6.075210672019239894e-02 3.020118242855725568e-03 0.000000000000000000e+00
-1.864936130261146130e-01 2.029116204225273334e-01 0.000000000000000000e+00
-3.617125327827276360e-01 2.664133026564049489e-01 0.000000000000000000e+00
1.532730426038192706e-01 -1.194448606713090499e-01 0.000000000000000000e+00
-1.788564022265481668e-01 3.039621731759450940e-01 0.000000000000000000e+00
1.567958518040122595e-01 1.353331184889532968e-01 0.000000000000000000e+00
-5.334857124837918269e-02 8.788644073009564683e-02 0.000000000000000000e+00
-2.370839990128403574e-01 2.084283300572961628e-01 0.000000000000000000e+00
-3.645166354002498110e-01 9.670192839171358468e-02 0.000000000000000000e+00
-6.738660755116403223e-02 3.168965202101785561e-01 0.000000000000000000e+00
-1.752743254848743715e-01 2.444045088838703583e-01 0.000000000000000000e+00
-2.961433329277202153e-01 9.378669272444234428e-02 0.000000000000000000e+00
3.290777511930331189e-01 -5.758196692079393247e-02 0.000000000000000000e+00
2.511113389587269484e-01 -3.639342837120302515e-02 0.000000000000000000e+00
-2.471042228107439287e-01 -5.735441329034290242e-02 0.000000000000000000e+00
7.830893120823870235e-02 3.917798643898394717e-01 0.000000000000000000e+00
1.854008640807881525e-01 -2.650633338620809187e-01 0.000000000000000000e+00
-1.992032472205092219e-01 -2.494188703632964077e-01 0.000000000000000000e+00
-9.336741318068456086e-02 -5.179689185899834236e-02 0.000000000000000000e+00
2.950646411090243060e-01 1.309470375718568003e-01 0.000000000000000000e+00
2.635350757331832994e-01 7.853985149256234588e-02 0.000000000000000000e+00
-3.282757302939213195e-01 -4.883835696034972279e-02 0.000000000000000000e+00
3.996212187082165967e-01 2.303810988049189712e-01 0.000000000000000000e+00
-1.763959421056397747e-01 -3.397890828247702721e-01 0.000000000000000000e+00
2.343407821727828619e-02 -2.131015527698174039e-01 0.000000000000000000e+00
-2.161088014644567401e-01 3.299898721906368015e-01 0.000000000000000000e+00
2.035337370754969899e-01 -7.880757345143045434e-02 0.000000000000000000e+00
2.175301275300131065e-01 -5.966747413141579304e-02 0.000000000000000000e+00
-1.144946626624986918e-01 -1.198445807104481370e-01 0.000000000000000000e+00
-4.852296732692018000e-01 -3.005430434208951687e-02 0.000000000000000000e+00
6.285143469857738634e-03 -1.978230004133769704e-01 0.000000000000000000e+00
3.533946700266585861e-01 8.498391448173765739e-02 0.000000000000000000e+00
1.955949209754038187e-01 3.240195121466836747e-01 0.000000000000000000e+00
7.414147820690461521e-02 -2.232564138762718059e-02 0.000000000000000000e+00
-1.046787820227422089e-01 2.197649134504246760e-01 0.000000000000000000e+00
-1.867704053044693113e-01 -1.789716016550984001e-01 0.000000000000000000e+00
-9.651376115258514243e-02 -3.031898675121537101e-01 0.000000000000000000e+00
-2.942620406254009002e-01 -6.382398607184715245e-02 0.000000000000000000e+00
5.195643519309626340e-02 7.590895025525823403e-02 0.000000000000000000e+00
-1.335964929273043000e-01 1.794240038100461121e-01 0.000000000000000000e+00
2.966689549781155733e-01 2.129429187345911398e-02 0.000000000000000000e+00
5.537517120012856037e-02 3.417698265612833519e-01 0.000000000000000000e+00
-1.236093647865798145e-01 3.487904319668096997e-01 0.000000000000000000e+00
-2.209048384606912552e-01 -2.284612052189652354e-02 0.000000000000000000e+00
-1.336721554135290348e-02 1.932999960979541187e-01 0.000000000000000000e+00
-2.244622188280120667e-01 3.219999381853799747e-01 0.000000000000000000e+00
-5.244907060846696473e-02 7.203293775578305247e-02 0.000000000000000000e+00
-1.829955371406803422e-01 -3.184581871497379341e-02 0.000000000000000000e+00
3.464387067723918856e-02 -6.526472564338087201e-02 0.000000000000000000e+00
1.357386842225594970e-01 1.740439513046056763e-01 0.000000000000000000e+00
1.947235568016935370e-01 -3.131861038273004993e-01 0.000000000000000000e+00
-1.680993541083189713e-01 -1.774971192526811070e-01 0.000000000000000000e+00
-1.187650959751148788e-01 4.157917955578339653e-01 0.000000000000000000e+00
5.846430769068017286e-02 -4.216637315928249419e-01 0.000000000000000000e+00
7.878938390187341032e-03 1.367648243979477651e-01 0.000000000000000000e+00
4.624578366403368085e-02 -1.267549951679023956e-01 0.000000000000000000e+00
-2.617895716284399099e-01 3.054401216365364435e-01 0.000000000000000000e+00
-9.226985994407711777e-02 -3.245176945547850744e-01 0.000000000000000000e+00
-1.956058071178151669e-01 1.407529976111903391e-01 0.000000000000000000e+00
-2.912343550934471947e-01 -3.771327975889952194e-02 0.000000000000000000e+00
-2.416919114005203206e-02 3.095352192430700922e-01 0.000000000000000000e+00
2.243883679581481216e-01 -1.099001884295023324e-01 0.000000000000000000e+00
-1.979514020348968339e-01 -1.495854176472107278e-01 0.000000000000000000e+00
1.097092248289862487e-02 -4.287310552921257956e-01 0.000000000000000000e+00
-3.036421118070978808e-01 -3.587845947481714259e-01 0.000000000000000000e+00
-1.213647060695779850e-01 -2.756994733766555128e-01 0.000000000000000000e+00
1.119350718574114133e-03 1.433594696265486912e-01 0.000000000000000000e+00
1.468289980265598260e-01 1.129816303111433849e-02 0.000000000000000000e+00
-3.649503296903118810e-01 2.346488946801711384e-01 0.000000000000000000e+00
3.375895220456314183e-01 -1.329554829805519034e-01 0.000000000000000000e+00
4.700618577527467257e-01 1.166225826820443678e-01 0.000000000000000000e+00
2.840438475771860441e-02 4.186778648478503562e-01 0.000000000000000000e+00
1.464414220262225952e-01 -1.532860036672105131e-01 0.000000000000000000e+00
-1.220343548152576368e-01 -3.116170461856634377e-01 0.000000000000000000e+00
-2.443791688182966604e-01 2.032663501897692682e-01 0.000000000000000000e+00
1.246239869799556366e-01 -4.024933186867545309e-01 0.000000000000000000e+00
-1.792872786075716818e-01 -1.175959152446561240e-01 0.000000000000000000e+00
1.426863786749497931e-01 4.045879999235038604e-02 0.000000000000000000e+00
2.419597964308726340e-02 -2.413260077751197274e-01 0.000000000000000000e+00
1.089507962678828851e-01 1.436663765832248141e-01 0.000000000000000000e+00
-2.520532745614902440e-02 4.187018527643180388e-01 0.000000000000000000e+00
1.010621554119156829e-01 -9.778991423773183977e-02 0.000000000000000000e+00
1.441514267583609010e-01 2.517080466557287122e-01 0.000000000000000000e+00
-1.261484522774341810e-01 -1.895311444662438061e-01 0.000000000000000000e+00
1.212495949052836974e-01 -2.937680194673968348e-01 0.000000000000000000e+00
-1.197467138810214132e-01 3.684530615992961944e-01 0.000000000000000000e+00
-3.323740290711672540e-01 -5.288573076576841975e-02 0.000000000000000000e+00
2.163489432705537896e-01 9.065811288196090265e-03 0.000000000000000000e+00
-3.233566868980425335e-02 2.666826805239352338e-01 0.000000000000000000e+00
-7.497674312023228094e-02 2.830503144173143748e-01 0.000000000000000000e+00
-4.872793408273234372e-01 -8.152613833333055560e-02 0.000000000000000000e+00
2.833710143165764639e-01 7.282334001149257108e-02 0.000000000000000000e+00
-6.693871207702910275e-02 -4.186790285940202028e-02 0.000000000000000000e+00
2.790742152730442682e-01 2.696530499749692084e-02 0.000000000000000000e+00
-2.170681495655531756e-01 7.741220535461749985e-02 0.000000000000000000e+00
-9.963020442017696265e-02 1.972451969087207768e-01 0.000000000000000000e+00
-1.734713976887036213e-01 3.335894624096453764e-01 0.000000000000000000e+00
1.095897319696887556e-01 3.144249783404752807e-01 0.000000000000000000e+00
-4.460751770277766037e-01 -2.034105308116364308e-01 0.000000000000000000e+00
-2.899890445965364050e-01 1.021226399878162744e-01 0.000000000000000000e+00
4.200566874610106582e-02 -3.166222074341130122e-01 0.000000000000000000e+00
3.784569229046861466e-02 -2.178024805717916901e-01 0.000000000000000000e+00
3.272037622217044417e-01 3.667259723882798639e-01 0.000000000000000000e+00
6.593194886540483524e-02 -3.495083914529536484e-01 0.000000000000000000e+00
2.297352926472632714e-02 2.724064767619830407e-01 0.000000000000000000e+00
-8.220780210938051502e-02 -3.097306513166613318e-01 0.000000000000000000e+00
-1.638922690946167382e-01 -6.538587122390425443e-02 0.000000000000000000e+00
-2.703491869848642648e-01 1.838721812443737114e-01 0.000000000000000000e+00
5.693416937890099366e-02 6.987387990931707982e-02 0.000000000000000000e+00
2.550903410392104109e-01 5.023280630433308441e-02 0.000000000000000000e+00
-1.624419784297817804e-01 2.866826617689332002e-01 0.000000000000000000e+00
2.511594011955796124e-01 -2.427411287645038218e-01 0.000000000000000000e+00
-4.797447342465911424e-01 3.205158835549072691e-03 0.000000000000000000e+00
-2.268487652920690156e-01 -4.741735747411326279e-02 0.000000000000000000e+00
-3.396443529337905397e-04 -3.146237318238493952e-01 0.000000000000000000e+00
3.423175419499229627e-02 3.390610243788590439e-01 0.000000000000000000e+00
2.575877710830672407e-01 -1.704589886369074769e-01 0.000000000000000000e+00
3.081411022204063044e-01 6.898566907859078612e-02 0.000000000000000000e+00
-3.326026855719390607e-01 2.400748862181034324e-02 0.000000000000000000e+00
3.574325738103320549e-02 -3.148022729339478576e-01 0.000000000000000000e+00
2.399798268544888480e-01 -9.072471856152422576e-02 0.000000000000000000e+00
2.088662309796653349e-01 -3.780764975245694548e-01 0.000000000000000000e+00
1.455284610309693638e-01 3.911681552872191964e-02 0.000000000000000000e+00
-2.096576930183616239e-01 2.037340178064246388e-01 0.000000000000000000e+00
1.644819995869202800e-01 2.089036214301434324e-01 0.000000000000000000e+00
-2.489838040727236634e-01 -1.381728111868381348e-01 0.000000000000000000e+00
-2.404222568129293081e-01 -2.199734349501893949e-01 0.000000000000000000e+00
6.204856838074934017e-03 1.162915676318511671e-01 0.000000000000000000e+00
-5.613295470886909243e-03 4.215256987206876700e-03 0.000000000000000000e+00
-4.197471636104256332e-01 2.258045689085920738e-01 0.000000000000000000e+00
-3.216317485603397697e-01 -2.051682574334238729e-01 0.000000000000000000e+00
3.417001325345597196e-01 -2.117504550603569458e-01 0.000000000000000000e+00
-1.211891785096886748e-01 4.607840421418175625e-01 0.000000000000000000e+00
2.369653817570314680e-01 2.884985285159579749e-01 0.000000000000000000e+00
2.567087083746414505e-02 3.015783642330674974e-01 0.000000000000000000e+00
2.637764552128726292e-01 -1.760983714453218385e-01 0.000000000000000000e+00
-6.384652920633537843e-02 -3.224184769735752298e-02 0.000000000000000000e+00
6.250774063888685228e-02 2.691872639192862682e-01 0.000000000000000000e+00
6.146433054966055770e-02 2.982712447723744886e-01 0.000000000000000000e+00
-2.839631833596404364e-01 -1.175680798334441807e-01 0.000000000000000000e+00
-6.278727656979582461e-02 -4.186042174936422944e-01 0.000000000000000000e+00
3.382460060136474045e-01 -2.149096397424422877e-01 0.000000000000000000e+00
-3.183504648095234479e-01 1.605252462658155188e-01 0.000000000000000000e+00
-2.980215167918265351e-01 3.110640957231380899e-02 0.000000000000000000e+00
8.661290442621535912e-02 -2.383744117070751289e-01 0.000000000000000000e+00
3.298935183452829378e-02 1.104208642321069939e-01 0.000000000000000000e+00
4.685711091700699507e-03 -1.031900931303123686e-01 0.000000000000000000e+00
3.907574279784729043e-01 1.571555620983874357e-01 0.000000000000000000e+00
1.583904953033480334e-01 1.644164220584563574e-01 0.000000000000000000e+00
-4.429709136861941787e-01 -6.668110884067597610e-02 0.000000000000000000e+00
-4.773069710195219084e-01 1.013687822811425165e-01 0.000000000000000000e+00
-3.570889035369851916e-01 -7.440998644468252432e-02 0.000000000000000000e+00
1.665493425538802363e-01 9.566895313292687539e-03 0.000000000000000000e+00
-2.705557881390149855e-01 5.670945984808035967e-02 0.000000000000000000e+00
6.130265722918560277e-03 4.481514412539038816e-01 0.000000000000000000e+00
-3.201326832664118383e-02 -1.534087538585380273e-01 0.000000000000000000e+00
2.511358285400341339e-01 -9.153859350846292597e-02 0.000000000000000000e+00
-3.417724573379229969e-01 -2.115746591552197242e-01 0.000000000000000000e+00
-4.795320186054101708e-01 3.214826515265294116e-02 0.000000000000000000e+00
-2.548159307339286084e-01 -3.622026027390700537e-02 0.000000000000000000e+00
1.565780250657076988e-01 -2.672462757774522468e-01 0.000000000000000000e+00
3.075922217825181049e-01 2.974303323250329090e-01 0.000000000000000000e+00
3.329361292919682525e-01 3.315754945989553004e-01 0.000000000000000000e+00
2.929685262808355839e-01 -1.307557496736012903e-01 0.000000000000000000e+00
1.827965422435444687e-01 7.540766625554362612e-02 0.000000000000000000e+00
3.811665671082558049e-01 2.223106306907372820e-01 0.000000000000000000e+00
-3.431756441916011258e-01 -1.786490692322102725e-02 0.000000000000000000e+00
-2.308576450569940763e-01 -9.131137486493763611e-02 0.000000000000000000e+00
7.306695902609162963e-02 -2.206090225393476101e-01 0.000000000000000000e+00
-2.702619996306381278e-01 1.987420364441870868e-01 0.000000000000000000e+00
-3.031906298538035172e-01 1.130660971565301265e-01 0.000000000000000000e+00
-6.739206066789291301e-03 3.365467794989788208e-01 0.000000000000000000e+00
4.280579924400811365e-01 -4.386785663160704118e-02 0.000000000000000000e+00
-2.180396685859301020e-02 1.191496577571951876e-01 0.000000000000000000e+00
-1.272241065227491807e-01 -2.068673499616809075e-01 0.000000000000000000e+00
2.803188691077621031e-01 8.725309444650516597e-03 0.000000000000000000e+00
-2.215241274149084769e-02 -5.325902572294526072e-02 0.000000000000000000e+00
4.055308817794336940e-02 3.206900648832629319e-02 0.000000000000000000e+00
1.127169850057894718e-01 -2.636625412851371641e-01 0.000000000000000000e+00
5.440315625738570415e-02 -1.573439226885644041e-02 0.000000000000000000e+00
-3.908241391531200315e-01 3.266741490396440906e-02 0.000000000000000000e+00
-4.487690155997211550e-01 -1.523553461727820448e-02 0.000000000000000000e+00
4.422199463657958129e-01 -1.413654835937754040e-01 0.000000000000000000e+00
-1.891815730439827536e-01 -1.107962604926475553e-01 0.000000000000000000e+00
2.879105664104944506e-01 2.789226937547230056e-01 0.000000000000000000e+00
1.019997057953532654e-01 -4.178723959393278453e-01 0.000000000000000000e+00
1.525908854838007034e-01 -2.707491449870668698e-01 0.000000000000000000e+00
4.922805844254826702e-02 3.160177485512831730e-01 0.000000000000000000e+00
-1.435398890074963962e-01 2.329639843112508990e-01 0.000000000000000000e+00
-6.840981330527930171e-02 1.655093238573906167e-01 0.000000000000000000e+00
2.520996203993490503e-02 4.559898183281661521e-01 0.000000000000000000e+00
-3.503632396339983468e-01 -3.276554418176193528e-01 0.000000000000000000e+00
1.318228423569200725e-01 1.540276798922384505e-01 0.000000000000000000e+00
2.403647751698352042e-01 -2.577202906943317773e-01 0.000000000000000000e+00
-1.417356458601716218e-01 -5.451359952710001233e-02 0.000000000000000000e+00
3.430487175885313933e-01 -2.209767354534319939e-01 0.000000000000000000e+00
2.641091703937198387e-01 -1.690407200433052537e-01 0.000000000000000000e+00
1.361356113104693691e-02 1.051964209371782644e-01 0.000000000000000000e+00
-3.185104093064671793e-01 -9.698861739112868419e-02 0.000000000000000000e+00
-2.195875140528718850e-01 2.967915954795029010e-01 0.000000000000000000e+00
-2.394312379565715632e-01 -2.007098954714536809e-01 0.000000000000000000e+00
-4.109646937633309460e-01 -1.969497321951887425e-01 0.000000000000000000e+00
2.311973689471319426e-01 -6.657060263387247490e-02 0.000000000000000000e+00
-1.628443136302036021e-01 -2.662894112652621770e-01 0.000000000000000000e+00
1.092105577275696987e-01 2.807098170642542967e-01 0.000000000000000000e+00
-3.665725265819232415e-01 -1.346026489870945642e-01 0.000000000000000000e+00
4.642364605591891569e-01 -1.247895052589927251e-01 0.000000000000000000e+00
1.554874771065359595e-01 -2.283743766052369062e-01 0.000000000000000000e+00
1.421798061039628580e-01 -1.346095638014651596e-01 0.000000000000000000e+00
1.445283186990296842e-01 -2.880657608814174431e-02 0.000000000000000000e+00
-1.846352284162919855e-01 -1.953091689047407320e-01 0.000000000000000000e+00
3.351959528670812594e-01 8.611826307183723106e-02 0.000000000000000000e+00
1.153449072050281160e-01 -2.062203151087290132e-01 0.000000000000000000e+00
2.475773558348846048e-01 -2.387121059209297014e-01 0.000000000000000000e+00
3.053948419097429201e-01 1.309455710730998979e-01 0.000000000000000000e+00
2.701856677779921334e-01 2.179242847136526606e-01 0.000000000000000000e+00
-2.814793801464724465e-01 1.894648360219298722e-01 0.000000000000000000e+00
-4.467088120694157616e-01 1.359441882520550371e-01 0.000000000000000000e+00
1.531596098260149530e-01 -3.592888328939044529e-01 0.000000000000000000e+00
-1.795541649249552951e-01 3.414647188805182698e-01 0.000000000000000000e+00
3.180616204911114187e-01 1.921700179971699562e-01 0.000000000000000000e+00
-1.372262560206713722e-01 -2.504486546679395298e-01 0.000000000000000000e+00
-2.864880694459585875e-02 -3.583115569595425320e-01 0.000000000000000000e+00
-1.284437062977878963e-01 -3.934334645073402359e-01 0.000000000000000000e+00
1.565892147990758654e-01 1.516040714411119594e-01 0.000000000000000000e+00
1.584962008286784907e-01 -2.124624471393475877e-01 0.000000000000000000e+00
3.365973941448957008e-01 1.848573701575515760e-01 0.000000000000000000e+00
8.829331795370476410e-02 -1.399342956147228700e-01 0.000000000000000000e+00
2.072286754021087918e-01 2.733262710235566662e-01 0.000000000000000000e+00
-2.682667712689393302e-01 -3.692170403524602101e-02 0.000000000000000000e+00
-3.438198157742631267e-01 -1.459308377474987928e-01 0.000000000000000000e+00
-7.537415528485466587e-02 2.844856054586332728e-01 0.000000000000000000e+00
-2.057791445040283995e-01 6.419005458153317911e-02 0.000000000000000000e+00
-3.742667730314389735e-02 2.518635561166755465e-01 0.000000000000000000e+00
-5.290017793708413907e-02 -2.803752746836637444e-01 0.000000000000000000e+00
-9.601954222304866227e-02 -3.133057930773806010e-01 0.000000000000000000e+00
-1.232440218555060224e-01 -4.842025285724230743e-01 0.000000000000000000e+00
-1.271755048313622793e-01 -3.088718119270175144e-01 0.000000000000000000e+00
1.233982613179059468e-01 3.452555333760424783e-01 0.000000000000000000e+00
-2.831412663480291081e-01 -1.207862436518212096e-01 0.000000000000000000e+00
-2.884325496010413659e-01 1.434277889211847401e-01 0.000000000000000000e+00
-1.348373010171804304e-02 -4.704010776081191114e-01 0.000000000000000000e+00
3.227994658254445537e-01 -2.352702536897490759e-01 0.000000000000000000e+00
1.370032736523743855e-01 -1.002691229159224789e-01 0.000000000000000000e+00
-2.172229317438081619e-01 -1.458151412613184483e-01 0.000000000000000000e+00
4.396401250943733630e-02 3.310362760310860963e-01 0.000000000000000000e+00
-2.489623510543024776e-01 3.307754618708170780e-01 0.000000000000000000e+00
3.762258400989591800e-02 -1.333631870828340948e-01 0.000000000000000000e+00
-1.504401805416093474e-01 3.812281297267319236e-01 0.000000000000000000e+00
-1.584231206693683114e-01 -2.493746048053627207e-02 0.000000000000000000e+00
1.341246656103839419e-02 -6.210285906871772232e-02 0.000000000000000000e+00
-3.113389388390743751e-01 1.954054119067111517e-01 0.000000000000000000e+00
3.322839686644658008e-01 3.203316156562457245e-02 0.000000000000000000e+00
2.066139244667172525e-01 -3.034706816162137111e-01 0.000000000000000000e+00
3.874311598977968618e-01 9.826394453549346097e-02 0.000000000000000000e+00
-3.134747030405015122e-01 2.011182717136172915e-01 0.000000000000000000e+00
2.443953649921797866e-01 1.490989235794699386e-01 0.000000000000000000e+00
2.081167500589855557e-01 -3.975359953391761625e-01 0.000000000000000000e+00
1.223297512454962627e-01 1.770259060757164160e-01 0.000000000000000000e+00
1.059106322055050620e-01 -1.507781182095813410e-01 0.000000000000000000e+00
-3.839815071035075911e-01 7.455991052356103488e-02 0.000000000000000000e+00
-3.701996545060921018e-01 1.265579019710603437e-01 0.000000000000000000e+00
1.178013645027725653e-01 3.839230172923251971e-01 0.000000000000000000e+00
-3.564349335295814991e-01 1.158607152204065432e-01 0.000000000000000000e+00
3.166159072154864362e-01 -8.601043224211376084e-03 0.000000000000000000e+00
-1.896573833036585000e-01 -1.001772612111803268e-01 0.000000000000000000e+00
2.064643736253212944e-02 2.143422347147934670e-01 0.000000000000000000e+00
4.767811795337082437e-01 6.054824892628668520e-02 0.000000000000000000e+00
-1.023565497382767364e-01 -3.658298751198539867e-01 0.000000000000000000e+00
-1.175038204682514048e-01 1.082715518762729784e-01 0.000000000000000000e+00
1.703804552571859532e-02 2.230985842036981026e-01 0.000000000000000000e+00
1.788154451352851615e-01 -8.069666526978994114e-02 0.000000000000000000e+00
1.902031861064483464e-01 3.281853602067369424e-01 0.000000000000000000e+00
-2.499366007367295750e-01 -3.896255482220512684e-02 0.000000000000000000e+00
-1.481477375849085953e-01 -2.965556173976900411e-01 0.000000000000000000e+00
3.459644371988542244e-01 2.347302594490885408e-01 0.000000000000000000e+00
1.160098150854119992e-01 -4.001142993987480412e-02 0.000000000000000000e+00
-2.028697822199594658e-02 3.546903663106149018e-01 0.000000000000000000e+00
-3.998158685612020480e-01 -2.938012001329248779e-02 0.000000000000000000e+00
5.018607835663353028e-02 2.198878373418582111e-01 0.000000000000000000e+00
-4.602960523273770810e-01 -1.448860330556590581e-01 0.000000000000000000e+00
3.657080068588168531e-02 1.641375618822039917e-01 0.000000000000000000e+00
-2.105512498715370051e-02 1.732199703785155254e-01 0.000000000000000000e+00
-2.414120426241793751e-02 3.841391376454271391e-03 0.000000000000000000e+00
-8.416812155543716700e-02 3.080590783670555388e-01 0.000000000000000000e+00
-4.565095100113832349e-01 -6.595872231993653301e-02 0.000000000000000000e+00
-1.833888100381551589e-01 2.611305411772972540e-02 0.000000000000000000e+00
-2.576330986421724867e-01 -4.088963035328908174e-02 0.000000000000000000e+00
2.603527093663296488e-01 1.807676658140649761e-01 0.000000000000000000e+00
5.243951979558105631e-02 -1.879021801119836743e-01 0.000000000000000000e+00
-3.479628053143562494e-01 1.054263744036402217e-01 0.000000000000000000e+00
8.124368029054367113e-02 4.576019824466215913e-01 0.000000000000000000e+00
3.424367286521160514e-01 -3.012201248407850862e-01 0.000000000000000000e+00
1.655751683366090687e-01 3.070349542298353440e-01 0.000000000000000000e+00
-4.087564637631155851e-01 4.415789384778981419e-02 0.000000000000000000e+00
1.783005820411401599e-01 -2.899094759558445977e-01 0.000000000000000000e+00
1.031572553058986152e-02 -2.617498814539180874e-01 0.000000000000000000e+00
1.381785187542388382e-01 -3.048599742757139297e-01 0.000000000000000000e+00
3.611719904071980514e-02 2.131330772559755227e-01 0.000000000000000000e+00
3.878647006910081463e-01 1.298665088242425825e-01 0.000000000000000000e+00
-3.318288665218327438e-01 -5.490539926754171851e-02 0.000000000000000000e+00
1.843185567675887093e-01 5.292165998466891869e-02 0.000000000000000000e+00
1.754329562646948226e-01 1.691593587931660911e-02 0.000000000000000000e+00
-2.443307963468737687e-01 -3.027250119425251018e-01 0.000000000000000000e+00
1.525370404383332434e-01 -1.723409069516922687e-01 0.000000000000000000e+00
3.911847703922775588e-01 5.900004776263989559e-02 0.000000000000000000e+00
-4.083810054971137582e-02 -1.674644197795953637e-01 0.000000000000000000e+00
3.286676883814261818e-01 2.889100848725775772e-01 0.000000000000000000e+00
1.125265646741893943e-01 -9.060812852956635910e-02 0.000000000000000000e+00
-2.538421562787007146e-01 -3.297264225052150000e-01 0.000000000000000000e+00
4.100244028780419131e-02 -1.432712718200882807e-01 0.000000000000000000e+00
-3.222194859153096891e-01 1.057036570698499933e-01 0.000000000000000000e+00
-1.288281103700705255e-01 1.571672625976083260e-01 0.000000000000000000e+00
-4.121940483856839088e-01 2.454008122929843549e-01 0.000000000000000000e+00
-2.222886710317020231e-01 1.455801579771324183e-01 0.000000000000000000e+00
-2.844144279183615787e-01 1.034934281001343437e-01 0.000000000000000000e+00
1.150616705085405894e-01 2.847095403354903409e-01 0.000000000000000000e+00
-2.076941102173013587e-01 -1.311718403946367795e-01 0.000000000000000000e+00
5.282272878711055664e-02 -1.206798505541857025e-01 0.000000000000000000e+00
2.885135847346487759e-01 1.464227404501895202e-01 0.000000000000000000e+00
-1.825552356415332811e-01 1.894438062640821652e-01 0.000000000000000000e+00
7.183487669317711877e-02 6.689218557348693139e-02 0.000000000000000000e+00
-2.123812946444760541e-01 5.389988320516182763e-02 0.000000000000000000e+00
8.532903737117278342e-02 4.259299337854758893e-01 0.000000000000000000e+00
2.694318954900786767e-01 1.814515126866324823e-01 0.000000000000000000e+00
-4.864531523441450456e-01 -2.852684998614457568e-02 0.000000000000000000e+00
-4.639444534512089935e-01 5.513581850225634379e-02 0.000000000000000000e+00
-3.323668691995329549e-01 -1.055229680901955264e-01 0.000000000000000000e+00
-1.008118429904275998e-01 3.093555908201218174e-01 0.000000000000000000e+00
-1.365558297902572660e-01 -3.162469327825985776e-01 0.000000000000000000e+00
-4.253306120298728787e-01 -2.384071985891488277e-01 0.000000000000000000e+00
9.624628867774435992e-02 1.783500043471673291e-01 0.000000000000000000e+00
4.030654590088732052e-03 1.838235227844053910e-01 0.000000000000000000e+00
-2.987386372578765270e-01 1.254236439553412241e-01 0.000000000000000000e+00
-3.864243844446659248e-01 1.813434279689077611e-01 0.000000000000000000e+00
8.081700154626537957e-02 -1.293061371213276578e-01 0.000000000000000000e+00
5.632173058709209063e-02 3.985104698249806732e-01 0.000000000000000000e+00
1.576572768265276925e-01 5.770005124021321263e-02 0.000000000000000000e+00
-3.883306084401207392e-01 1.502886774546146054e-01 0.000000000000000000e+00
-3.313188120175124540e-01 -1.290654675230229476e-01 0.000000000000000000e+00
-3.349697579257923663e-01 1.140175726367830822e-01 0.000000000000000000e+00
5.456633186122253343e-02 4.632468970085629745e-01 0.000000000000000000e+00
-4.674294924804489604e-01 2.056869298786730485e-02 0.000000000000000000e+00
-2.663976254255702725e-01 2.027069977676795032e-01 0.000000000000000000e+00
1.938466129787556613e-01 1.406214377693492668e-01 0.000000000000000000e+00
2.363925200387962944e-01 2.835053050634773197e-01 0.000000000000000000e+00
-4.120373746332724463e-01 -1.684886535047210865e-01 0.000000000000000000e+00
-9.758338134488143967e-02 -1.030162668354680094e-01 0.000000000000000000e+00
2.098548599920825874e-01 9.925008080058532467e-02 0.000000000000000000e+00
-4.610819771085487573e-01 -7.132048779580908715e-02 0.000000000000000000e+00
3.475160100158129484e-01 9.422141382291879252e-02 0.000000000000000000e+00
1.603158095846495546e-01 -2.602211444732235868e-01 0.000000000000000000e+00
-4.321310174555026973e-01 -2.104718885741884427e-01 0.000000000000000000e+00
1.620558159514426944e-01 -4.536405871873640250e-02 0.000000000000000000e+00
-3.194724995982936577e-01 -3.011675458422067297e-01 0.000000000000000000e+00
-2.316844334598827382e-01 -1.108594214261728571e-02 0.000000000000000000e+00
-3.691572586396761335e-01 2.140455227482722655e-01 0.000000000000000000e+00
2.387663473507603829e-01 -2.559752277800211306e-01 0.000000000000000000e+00
-3.259694641601058041e-01 2.450754477068901593e-01 0.000000000000000000e+00
3.516594049595344051e-01 -1.428720168157890658e-01 0.000000000000000000e+00
7.685474730157810380e-03 4.869532166987978750e-01 0.000000000000000000e+00
-2.359091885661055155e-01 -3.720184412877694524e-01 0.000000000000000000e+00
-1.114410856141242190e-01 2.074243990288552053e-01 0.000000000000000000e+00
-8.826284024850965249e-02 -1.983856027720534154e-01 0.000000000000000000e+00
-6.311843846098252366e-04 -3.472030583811618332e-01 0.000000000000000000e+00
-6.246826541125893167e-02 7.915436753493027000e-02 0.000000000000000000e+00
1.093635695311135497e-01 -1.974160510336149810e-01 0.000000000000000000e+00
-2.361136074660137862e-01 -1.230243459035502557e-01 0.000000000000000000e+00
-2.156962988088861333e-01 2.013805035678626898e-01 0.000000000000000000e+00
3.433807838572185966e-01 1.472716959343985110e-01 0.000000000000000000e+00
-3.645017207033815487e-01 1.849115181113212547e-01 0.000000000000000000e+00
-3.220246825717013039e-01 4.223137252415114923e-03 0.000000000000000000e+00
1.126661971984012495e-01 -4.093534938802755874e-01 0.000000000000000000e+00
-3.638349430017949748e-01 -1.889978968491685674e-01 0.000000000000000000e+00
1.511381345644853824e-01 -1.132682437155744515e-01 0.000000000000000000e+00
3.318252104449591622e-01 -4.129773180333262683e-02 0.000000000000000000e+00
-2.431709967865016420e-01 -1.825927774173979612e-01 0.000000000000000000e+00
2.275443681253767336e-01 3.442346145304499283e-02 0.000000000000000000e+00
2.756096950212577265e-02 1.210626821537940517e-01 0.000000000000000000e+00
5.707878444446266158e-02 -2.299335760047597488e-01 0.000000000000000000e+00
3.223916126617276112e-01 -3.620123835885942221e-01 0.000000000000000000e+00
7.722765438023562745e-02 4.366671253607550818e-01 0.000000000000000000e+00
-7.996645535893198709e-02 -8.780748299930432599e-02 0.000000000000000000e+00
-2.505302879646560954e-01 -3.079459435483642427e-01 0.000000000000000000e+00
-2.830909383022612857e-01 1.239081201693821022e-01 0.000000000000000000e+00
-2.502274971392736136e-01 2.050114221780832136e-01 0.000000000000000000e+00
-9.637556294040694471e-02 4.364853445909931962e-01 0.000000000000000000e+00
1.868687094362962153e-01 -2.010225919585842680e-01 0.000000000000000000e+00
-2.386530690189744286e-01 2.086148684604279824e-01 0.000000000000000000e+00
1.340581927792534878e-01 -1.484424642627537316e-01 0.000000000000000000e+00
-3.758787166682844849e-01 -1.430563787992842617e-01 0.000000000000000000e+00
1.197421670470353028e-01 4.212639130915813435e-01 0.000000000000000000e+00
-3.451520018971681036e-01 -9.886185759174519194e-02 0.000000000000000000e+00
-2.099186215170915915e-01 -3.574174283058501739e-02 0.000000000000000000e+00
1.974661365731772075e-02 -2.074495403098713664e-01 0.000000000000000000e+00
1.136515473402044257e-01 -1.628723668858115259e-01 0.000000000000000000e+00
-2.481432701179365485e-01 3.213062711586510134e-01 0.000000000000000000e+00
1.447395109636653576e-01 2.951152846545159261e-02 0.000000000000000000e+00
-2.777084409914094137e-02 -3.177865585506057244e-01 0.000000000000000000e+00
-2.211968250024101690e-01 6.224819297260449774e-02 0.000000000000000000e+00
-3.163875519795919522e-01 8.539864631676018225e-02 0.000000000000000000e+00
-3.849404284254450137e-01 5.035232986437982589e-02 0.000000000000000000e+00
8.288897517789443198e-03 -2.511867493045937261e-01 0.000000000000000000e+00
6.715661288645595473e-02 -1.710184376734957545e-01 0.000000000000000000e+00
2.917331993371155008e-01 8.786699955110439941e-02 0.000000000000000000e+00
-4.687955788888435033e-02 -3.280554936807672517e-01 0.000000000000000000e+00
3.197785718661004528e-02 2.038666364425482658e-01 0.000000000000000000e+00
2.925027327955375678e-01 -3.473930551948065104e-01 0.000000000000000000e+00
2.210321972581790473e-01 -1.074694152054333357e-02 0.000000000000000000e+00
7.911606168087707835e-02 -3.465699543678223971e-01 0.000000000000000000e+00
4.106914808077938850e-01 -2.492414584523914844e-01 0.000000000000000000e+00
1.782211390171986876e-01 -3.307752126147571192e-01 0.000000000000000000e+00
-5.818541207387080416e-02 -1.939459298769155848e-01 0.000000000000000000e+00
-1.453175201496045843e-01 -2.557097763006225821e-01 0.000000000000000000e+00
-1.730604015036198151e-01 2.061928057116616253e-01 0.000000000000000000e+00
-3.475215506319513925e-01 -1.564490731807735291e-01 0.000000000000000000e+00
4.994309414816451576e-02 -1.887938056220632987e-01 0.000000000000000000e+00
-1.190864163561528855e-01 -1.258355546450276030e-01 0.000000000000000000e+00
2.606522001396237020e-01 6.004535665629951585e-02 0.000000000000000000e+00
-4.016774591976158271e-01 1.228631184560549927e-01 0.000000000000000000e+00
4.686920741429820847e-01 2.928947535283634232e-02 0.000000000000000000e+00
1.526920809308998928e-01 3.090438107015218150e-01 0.000000000000000000e+00
1.037310788347529100e-01 -4.666160243986529621e-01 0.000000000000000000e+00
-3.234032271210042220e-01 2.748511291849028981e-01 0.000000000000000000e+00
7.758324467112311107e-02 1.051388262633057707e-01 0.000000000000000000e+00
-1.841441744446745965e-01 -2.451916679573001856e-01 0.000000000000000000e+00
1.439167824156008246e-01 2.982321473021117275e-01 0.000000000000000000e+00
-2.954671946657660420e-01 -1.809699388940635978e-01 0.000000000000000000e+00
4.352439760253724588e-01 -1.610460616087834029e-01 0.000000000000000000e+00
2.965537262570335786e-01 5.054028791025042683e-02 0.000000000000000000e+00
-1.222590025662693286e-01 -8.484649206114595887e-02 0.000000000000000000e+00
-1.137930590194497771e-01 -3.775214975421889996e-01 0.000000000000000000e+00
-1.055509162440578935e-01 3.220331025877853359e-01 0.000000000000000000e+00
-2.638789543749022193e-01 7.229776028334351790e-02 0.000000000000000000e+00
1.469903787283300400e-01 -1.869557045982177812e-01 0.000000000000000000e+00
-5.135129125409421819e-02 4.729885457014234573e-01 0.000000000000000000e+00
3.221488400523663809e-01 -8.771199290440152840e-02 0.000000000000000000e+00
4.551649735329169055e-01 6.356014541314936039e-02 0.000000000000000000e+00
-2.544104796097799714e-01 3.178596095585419466e-03 0.000000000000000000e+00
1.646005682004870463e-01 -1.262142518734659102e-01 0.000000000000000000e+00
3.443511166359238818e-01 -9.682001051830213534e-02 0.000000000000000000e+00
-4.362227070189931277e-01 -8.354867868592945335e-02 0.000000000000000000e+00
3.633725195567574229e-01 -1.485598820868561931e-01 0.000000000000000000e+00
-1.884954619564559730e-01 2.605008161270284603e-02 0.000000000000000000e+00
-2.328019032542729960e-01 -1.337884028419460691e-01 0.000000000000000000e+00
-8.011558243363736675e-02 2.985887416819059115e-01 0.000000000000000000e+00
3.987062808974812800e-01 6.927711105387328316e-02 0.000000000000000000e+00
3.972593085643170152e-01 -2.273550256298107475e-01 0.000000000000000000e+00
-3.159314019594747225e-01 -4.963048249680794555e-02 0.000000000000000000e+00
-7.762064707012523122e-03 -3.237352675131155433e-01 0.000000000000000000e+00
3.393402876714022298e-01 -8.647609420376900502e-02 0.000000000000000000e+00
3.741944300180874983e-01 1.596564317353462159e-01 0.000000000000000000e+00
-6.419153149154818716e-02 2.631779748096197552e-02 0.000000000000000000e+00
1.777684698683884290e-01 2.787770224592198698e-01 0.000000000000000000e+00
-1.605613687960608105e-02 -2.841954779504539674e-01 0.000000000000000000e+00
3.432041011651605356e-01 1.583523442130986003e-01 0.000000000000000000e+00
-2.909288861483700916e-01 4.695881093019545899e-03 0.000000000000000000e+00
4.296302470855700717e-01 -1.753087089620537498e-01 0.000000000000000000e+00
-1.059377814091871095e-01 1.470261350582733328e-01 0.000000000000000000e+00
9.594633744735703296e-02 -1.880104905942450999e-01 0.000000000000000000e+00
8.184071574808168825e-02 -1.735327750395272151e-01 0.000000000000000000e+00
-9.039031836005833459e-03 -2.566562702173056931e-01 0.000000000000000000e+00
-1.315638457104603698e-01 -2.950348313810852718e-01 0.000000000000000000e+00
-2.585799118715185196e-01 2.502865300882547439e-01 0.000000000000000000e+00
-3.955513660773136153e-01 2.238858062521504599e-01 0.000000000000000000e+00
-1.741558232589697774e-01 -3.668008852016109711e-01 0.000000000000000000e+00
1.109575494667377621e-01 -7.707920952206630261e-02 0.000000000000000000e+00
-2.537092827527834826e-01 -2.362457130298941527e-02 0.000000000000000000e+00
2.758844789779445542e-02 -8.491505792011604103e-02 0.000000000000000000e+00
-2.324226812737607006e-01 -5.290798971676800855e-02 0.000000000000000000e+00
2.895600063776438970e-01 1.477330648082236519e-01 0.000000000000000000e+00
1.312956379365476933e-01 -1.297014346172095101e-01 0.000000000000000000e+00
-1.462403929513242384e-01 -2.379489762102897921e-01 0.000000000000000000e+00
2.505187595591085170e-01 -1.219153045007622949e-01 0.000000000000000000e+00
3.490622818938886596e-01 1.262923877745470713e-01 0.000000000000000000e+00
1.083591158001220855e-01 7.253774753490987992e-02 0.000000000000000000e+00
-4.149627293767200187e-01 -1.506049232203410526e-01 0.000000000000000000e+00
-8.261208112618532995e-02 3.377392053678376360e-01 0.000000000000000000e+00
1.858739344737047328e-01 2.744879416517210791e-01 0.000000000000000000e+00
-8.294101994149293000e-02 1.941170636651362580e-01 0.000000000000000000e+00
-1.148479661935921173e-02 4.576191880731644290e-01 0.000000000000000000e+00
4.329281995657481286e-01 -6.716052194143549980e-02 0.000000000000000000e+00
1.001304377864413037e-01 3.427873524084167900e-01 0.000000000000000000e+00
3.422437374486571593e-01 1.456689994686813545e-02 0.000000000000000000e+00
1.225659055164076833e-01 -1.017735262903545629e-01 0.000000000000000000e+00
-3.014598683908750743e-01 -3.780361018656352295e-02 0.000000000000000000e+00
3.900412937253291967e-01 -1.782827778100969651e-01 0.000000000000000000e+00
-1.454606818880551933e-01 1.895996092316903359e-01 0.000000000000000000e+00
-4.026593045546620897e-01 -2.955608550772758324e-03 0.000000000000000000e+00
-1.316568357806130185e-01 2.172889311445158900e-01 0.000000000000000000e+00
6.631071736247734494e-02 -1.301666187102991645e-01 0.000000000000000000e+00
-1.179863726979150096e-01 8.633349155413952425e-02 0.000000000000000000e+00
5.298932170431526478e-02 2.448235259475315673e-01 0.000000000000000000e+00
-3.159281986912668705e-01 3.299243447081478542e-01 0.000000000000000000e+00
-3.577341747896815027e-01 -3.025019065408607877e-01 0.000000000000000000e+00
-4.973358068224753570e-02 -3.449482067235975502e-01 0.000000000000000000e+00
-4.180389895740468376e-01 1.098745457016413601e-01 0.000000000000000000e+00
1.969123059669848977e-02 3.899161118344383614e-01 0.000000000000000000e+00
4.141696942982392993e-01 2.598179130512336954e-01 0.000000000000000000e+00
1.302802384675206537e-01 -3.268679004259050225e-01 0.000000000000000000e+00
3.421326756822687942e-01 9.531439401033880987e-02 0.000000000000000000e+00
1.039792515576927895e-01 -4.338597753780343291e-01 0.000000000000000000e+00
2.767618193935121873e-01 -6.324668847211875611e-02 0.000000000000000000e+00
2.719878267893726109e-01 1.553176937526625501e-01 0.000000000000000000e+00
-9.230721870474314916e-03 -7.151990799317424485e-02 0.000000000000000000e+00
4.040103187743292468e-01 2.871723835565580252e-02 0.000000000000000000e+00
-3.038850762171393383e-01 7.334877669999931293e-02 0.000000000000000000e+00
1.009987144079773358e-01 -5.229077173050615535e-02 0.000000000000000000e+00
-7.246160283022276549e-02 1.817385427027515266e-01 0.000000000000000000e+00
-3.432703984728437963e-01 -1.442010668772144011e-01 0.000000000000000000e+00
1.875216208013724961e-01 9.908366842074663519e-03 0.000000000000000000e+00
-6.298881530025325637e-02 3.082658789375168906e-01 0.000000000000000000e+00
1.587532366452640842e-01 2.117795055751789113e-01 0.000000000000000000e+00
-2.054267311379504302e-01 1.410103828341246479e-01 0.000000000000000000e+00
-2.657996523384010823e-01 1.618110734034956533e-01 0.000000000000000000e+00
2.188564898887402355e-01 -1.113552841652282049e-01 0.000000000000000000e+00
-1.970753136725835464e-01 -1.915382431876611335e-01 0.000000000000000000e+00
-1.490207659570942089e-01 -2.929098289935905264e-01 0.000000000000000000e+00
8.413244787962401161e-02 -6.247873562364566341e-02 0.000000000000000000e+00
2.261524197881526477e-01 -5.157622879166528368e-02 0.000000000000000000e+00
2.078704102850541247e-01 -1.082555998481829346e-01 0.000000000000000000e+00
1.500737678845240342e-01 2.086127685282684330e-01 0.000000000000000000e+00
3.534250436422502473e-01 2.238915110978313971e-01 0.000000000000000000e+00
6.024868608188210795e-02 -1.008561393837083819e-01 0.000000000000000000e+00
-2.561458051437153632e-02 -1.776523674468799552e-01 0.000000000000000000e+00
2.279343574272622158e-02 1.983745387591787923e-01 0.000000000000000000e+00
2.980126451298035217e-01 5.145026211961459262e-02 0.000000000000000000e+00
-3.666430185870439562e-02 2.602217585653598952e-01 0.000000000000000000e+00
1.883104255955619227e-02 1.699349382256455931e-01 0.000000000000000000e+00
5.219786741449147088e-02 2.834289813649598644e-01 0.000000000000000000e+00
-3.003123657229163079e-01 2.796667818401370464e-01 0.000000000000000000e+00
-4.438874069411845036e-01 1.649757125565193272e-01 0.000000000000000000e+00
-1.585338700263703646e-02 -1.159277716825867083e-01 0.000000000000000000e+00
2.890262847171413130e-01 2.031507958861927809e-01 0.000000000000000000e+00
4.036845553569259892e-02 -3.299224244064816736e-01 0.000000000000000000e+00
1.755970480311340731e-01 2.557171375379088674e-01 0.000000000000000000e+00
3.244520673772592900e-01 -1.531996932982328807e-01 0.000000000000000000e+00
-4.314599404739951072e-01 6.811161653436513530e-02 0.000000000000000000e+00
-3.895831057854222679e-01 3.038982109980670754e-01 0.000000000000000000e+00
8.114295940798729387e-03 5.514364771014183125e-02 0.000000000000000000e+00
-1.188565685690309986e-01 2.844971484189282029e-01 0.000000000000000000e+00
1.741342164075232110e-02 4.155532229476087136e-01 0.000000000000000000e+00
3.326118005711790615e-01 -4.831871225220706056e-02 0.000000000000000000e+00
2.030856660232196742e-01 1.791323330942418413e-01 0.000000000000000000e+00
-1.547440965125818357e-01 1.047768362546415422e-01 0.000000000000000000e+00
4.510973552356577487e-01 -7.809370884339787711e-02 0.000000000000000000e+00
5.254357842769401959e-02 -8.174865297202101033e-02 0.000000000000000000e+00
3.080662457270709753e-01 4.055944102703297818e-03 0.000000000000000000e+00
-2.295262911036128894e-01 -1.282955552945230782e-01 0.000000000000000000e+00
5.490367242616720628e-02 3.815125402234895158e-01 0.000000000000000000e+00
-3.736834103201773782e-01 1.570576462615468349e-01 0.000000000000000000e+00
4.371391669188263718e-01 1.321328058748683087e-01 0.000000000000000000e+00
4.281057242113562866e-01 -4.221150310578354603e-02 0.000000000000000000e+00
-1.026142254240312995e-01 1.399091891800794130e-01 0.000000000000000000e+00
5.774705144455606620e-02 7.037971767219725061e-02 0.000000000000000000e+00
2.437199367886044854e-01 -8.501220835686819355e-02 0.000000000000000000e+00
-1.353703360247308085e-01 5.670117333217431638e-02 0.000000000000000000e+00
3.725175070981450176e-01 1.398497247513628972e-01 0.000000000000000000e+00
3.125590276644532040e-01 -1.672034716157479728e-01 0.000000000000000000e+00
1.159642689821348133e-01 -4.148233899865309549e-01 0.000000000000000000e+00
-7.697702943139533849e-02 -3.218521309782656492e-01 0.000000000000000000e+00
-3.211535108147158812e-01 -1.002908475409238082e-01 0.000000000000000000e+00
-6.787717810812742003e-02 4.223705937114625719e-01 0.000000000000000000e+00
1.092635328393010141e-01 -4.664285528202152253e-01 0.000000000000000000e+00
1.563704305706263564e-01 9.330617430459256815e-04 0.000000000000000000e+00
-1.665291376698323500e-01 -9.587234480548034732e-02 0.000000000000000000e+00
-3.305795109778589258e-01 -1.694691429549328998e-01 0.000000000000000000e+00
-1.516326603823195396e-02 9.103398739036042131e-02 0.000000000000000000e+00
-1.499614902393422711e-01 -3.196577481067978677e-01 0.000000000000000000e+00
3.682899712973463496e-02 -1.782500230349067238e-01 0.000000000000000000e+00
2.388914716130217247e-02 -2.368559987988020088e-01 0.000000000000000000e+00
2.395388114015797043e-01 1.217169986211684846e-01 0.000000000000000000e+00
2.761834244709215347e-01 1.415503567842696653e-01 0.000000000000000000e+00
3.655466905573053205e-01 6.503470316314753641e-02 0.000000000000000000e+00
1.011158438210860017e-01 5.375860721427045547e-02 0.000000000000000000e+00
4.425816316213618262e-01 8.521743203850314086e-02 0.000000000000000000e+00
3.550292511380638838e-01 -2.044827639392704233e-01 0.000000000000000000e+00
-8.387618110290215312e-02 7.931405333426053139e-02 0.000000000000000000e+00
7.935370016117776482e-02 4.872957594086545496e-01 0.000000000000000000e+00
-1.946478453269469971e-02 2.005595775352361221e-01 0.000000000000000000e+00
-1.264812139629427519e-02 -4.649324718142525820e-02 0.000000000000000000e+00
-4.016886409720377138e-01 -1.957108280039817072e-01 0.000000000000000000e+00
-1.976038296216291526e-02 -4.285624264828444968e-02 0.000000000000000000e+00
-2.129897129060118743e-01 3.041629837890876820e-01 0.000000000000000000e+00
-1.711926303951976369e-01 -3.603489757980237185e-01 0.000000000000000000e+00
-2.422496339311442093e-01 2.447464229263264512e-01 0.000000000000000000e+00
6.521770742113952579e-02 -4.760839937564761981e-02 0.000000000000000000e+00
-4.067117184308937650e-01 1.829714067641680653e-01 0.000000000000000000e+00
-7.929974764508393448e-02 3.110200715760086942e-01 0.000000000000000000e+00
-9.197621531179077381e-02 3.207864270813212126e-01 0.000000000000000000e+00
2.951787089895929195e-01 1.305021756483931150e-01 0.000000000000000000e+00
-1.867695401551210110e-02 4.716281217850470941e-02 0.000000000000000000e+00
-1.191403544100018141e-01 -7.539756182889753577e-02 0.000000000000000000e+00
-1.432023990686151216e-01 3.105908815421050129e-01 0.000000000000000000e+00
2.247036402205616346e-01 2.724414804607306340e-01 0.000000000000000000e+00
2.137606487968096991e-01 4.217510915396622262e-01 0.000000000000000000e+00
1.839027616871521387e-01 -4.584724761910099339e-02 0.000000000000000000e+00
2.007193418270293017e-01 3.277286206867796592e-01 0.000000000000000000e+00
4.244260853725634330e-02 -2.085746815895681699e-02 0.000000000000000000e+00
-9.630892145205230057e-03 1.447017935170467062e-01 0.000000000000000000e+00
1.323737062781375207e-01 1.809594021335755309e-01 0.000000000000000000e+00
-2.931016710379769630e-01 1.685430239137119257e-01 0.000000000000000000e+00
-2.204308998256111207e-01 -1.395751000052624091e-01 0.000000000000000000e+00
1.111924659048531688e-01 3.819321554917307071e-01 0.000000000000000000e+00
-6.554015103352993366e-02 3.458675383926926861e-01 0.000000000000000000e+00
2.300725378593611870e-01 3.628586878359672530e-01 0.000000000000000000e+00
2.349399186032981590e-01 2.830055337556834916e-01 0.000000000000000000e+00
4.936332679571681786e-02 -5.657290937325677033e-02 0.000000000000000000e+00
1.775224761336152979e-01 5.658225591734782772e-05 0.000000000000000000e+00
1.236127141880334901e-01 2.617834579068019085e-01 0.000000000000000000e+00
1.457974690138341689e-01 -7.657523882666106285e-02 0.000000000000000000e+00
4.568187304307043672e-01 -9.746152564733361057e-02 0.000000000000000000e+00
-1.764360832409698765e-01 -4.104133270145503450e-03 0.000000000000000000e+00
3.338305327639103370e-01 2.619937755116253375e-01 0.000000000000000000e+00
-3.865737614008144529e-01 2.081367117743517514e-01 0.000000000000000000e+00
4.028310625892264629e-02 -2.336008570952051167e-01 0.000000000000000000e+00
-2.679465459866383070e-01 9.155689203311304092e-02 0.000000000000000000e+00
2.584974334088939729e-01 -2.104080442829225905e-01 0.000000000000000000e+00
-3.588248299137276609e-01 -1.067664543144377920e-01 0.000000000000000000e+00
4.384730050894850711e-02 3.276139758932154755e-02 0.000000000000000000e+00
-3.249223950932144112e-01 6.055270405038895576e-02 0.000000000000000000e+00
2.242535027214750121e-01 -4.228298669732809961e-02 0.000000000000000000e+00
4.485357433016060047e-01 -7.121542415487785993e-02 0.000000000000000000e+00
-2.930074308479015399e-01 -1.830333148376948604e-01 0.000000000000000000e+00
-6.884889741813375597e-02 2.279075133036313761e-01 0.000000000000000000e+00
4.096839783378362909e-02 9.482071405741834824e-02 0.000000000000000000e+00
7.086258768812020437e-02 3.478091547338472700e-01 0.000000000000000000e+00
1.673485127256495175e-01 -1.782672531283704398e-01 0.000000000000000000e+00
6.785501224672210729e-02 -5.521341183544309361e-02 0.000000000000000000e+00
2.275558135136821758e-01 2.159497135339611407e-01 0.000000000000000000e+00
1.708305733168930529e-01 -1.542652277349642609e-01 0.000000000000000000e+00
-1.761679951794745402e-01 -2.951383200183970712e-01 0.000000000000000000e+00
1.244067836624184464e-01 4.837494048250721990e-02 0.000000000000000000e+00
-3.733780699557772559e-02 4.721551366271941053e-01 0.000000000000000000e+00
-2.147094883268887144e-01 3.707509937133203759e-01 0.000000000000000000e+00
4.198253912913985086e-01 9.906610630220409608e-02 0.000000000000000000e+00
8.535161376833230729e-02 -1.365648069706835999e-01 0.000000000000000000e+00
1.382821976106771433e-01 2.279729556698560367e-01 0.000000000000000000e+00
-1.170760571852861275e-02 -3.275303472172514385e-01 0.000000000000000000e+00
1.146191681305164245e-01 3.729007580758164075e-01 0.000000000000000000e+00
-1.451785262033367108e-01 9.847809336073187758e-02 0.000000000000000000e+00
-1.917999240997787791e-02 -5.768219945450014929e-02 0.000000000000000000e+00
3.446566717141413827e-01 8.560191094214594787e-02 0.000000000000000000e+00
8.173471384275652609e-04 -1.560351522335316210e-01 0.000000000000000000e+00
-2.978262192298630207e-01 9.350769971893975463e-02 0.000000000000000000e+00
3.161995971182213760e-01 2.932503537709457708e-01 0.000000000000000000e+00
-1.221959842774502231e-01 -8.902003980417014239e-02 0.000000000000000000e+00
8.920504319207695973e-03 -7.734581303977745848e-02 0.000000000000000000e+00
2.291740736791990363e-01 3.602784260580091935e-01 0.000000000000000000e+00
2.247224900106367107e-01 7.393096245257961552e-02 0.000000000000000000e+00
1.997605501443332210e-01 1.940198083817260555e-01 0.000000000000000000e+00
1.111207054928520926e-01 -1.777068680622889418e-01 0.000000000000000000e+00
3.687767406125967984e-01 5.586176900976713711e-02 0.000000000000000000e+00
-2.654038944666394229e-01 1.144389151009489458e-01 0.000000000000000000e+00
-4.068968284261872403e-01 2.579258274549400265e-01 0.000000000000000000e+00
-4.039537893130210056e-02 6.991434094884529937e-02 0.000000000000000000e+00
-3.235940129002284338e-01 -1.331749527282843348e-01 0.000000000000000000e+00
-7.174283298454574298e-02 -3.030672627094460059e-01 0.000000000000000000e+00
4.353085192483900356e-01 -1.349734732138513638e-01 0.000000000000000000e+00
-2.083185058342902352e-01 -9.394049811300221597e-02 0.000000000000000000e+00
2.550686431957538969e-01 8.957042186573904718e-02 0.000000000000000000e+00
-2.176637258144044351e-01 -2.249579819109363832e-01 0.000000000000000000e+00
2.136363750069812384e-01 -3.586947063991774987e-01 0.000000000000000000e+00
2.351536403585060275e-01 3.633647630843058751e-01 0.000000000000000000e+00
-2.009653686191369137e-01 1.220537341925926472e-01 0.000000000000000000e+00
-1.547851027901861187e-01 3.903722679353412855e-02 0.000000000000000000e+00
5.826854253360257141e-02 2.948026223366496668e-01 0.000000000000000000e+00
-7.404466690140315555e-02 -4.729156208338315404e-01 0.000000000000000000e+00
-3.954261537275033378e-01 2.005532148080819976e-01 0.000000000000000000e+00
1.292464545926061692e-01 -2.524898821454231723e-01 0.000000000000000000e+00
1.961516848396265833e-01 -3.234679972630160050e-01 0.000000000000000000e+00
2.985009038052648389e-01 3.535899285484849219e-01 0.000000000000000000e+00
7.212719390511064532e-02 -3.048040061541958390e-01 0.000000000000000000e+00
-9.018175624921913325e-02 9.919029241331603353e-02 0.000000000000000000e+00
-2.255172362881596171e-01 -1.569154822654804937e-01 0.000000000000000000e+00
-8.568607490105645957e-03 2.017262479966659416e-01 0.000000000000000000e+00
2.553716358134046627e-01 -7.168448194337165291e-02 0.000000000000000000e+00
3.132788159383419480e-01 1.106450570608034228e-01 0.000000000000000000e+00
-1.730087288556806102e-01 2.136378300538272212e-01 0.000000000000000000e+00
1.296636118539685745e-01 -3.376148857615480781e-01 0.000000000000000000e+00
1.872424360046207881e-01 -6.191376580264365548e-02 0.000000000000000000e+00
3.225724389903202732e-02 2.690136791108881376e-01 0.000000000000000000e+00
5.055193061722002695e-02 -1.696931635300185925e-01 0.000000000000000000e+00
7.676879913008886891e-02 -3.686002317256095728e-01 0.000000000000000000e+00
2.957775586654244893e-01 -2.405260036961701098e-02 0.000000000000000000e+00
2.404311811286313216e-01 4.301858691898875486e-01 0.000000000000000000e+00
-6.366288197709558949e-02 -2.754687266925682776e-01 0.000000000000000000e+00
-7.999701991937616108e-02 -7.893879044394307154e-02 0.000000000000000000e+00
1.017141870266384009e-02 2.829912379636682074e-01 0.000000000000000000e+00
2.951419107129757413e-01 -1.094328313301439343e-01 0.000000000000000000e+00
-9.107690952522612404e-02 -1.340384764676962603e-01 0.000000000000000000e+00
9.604114661971790978e-02 -3.106907510923517246e-01 0.000000000000000000e+00
2.414581723722162843e-01 3.210720889903095898e-01 0.000000000000000000e+00
1.257646628587594795e-01 2.856173549730773864e-01 0.000000000000000000e+00
6.255989293321834177e-02 1.324457204319854919e-01 0.000000000000000000e+00
2.089057661003101418e-01 2.659075010355097524e-01 0.000000000000000000e+00
2.122894197459943844e-01 -2.487862690373855712e-01 0.000000000000000000e+00
3.170819737724650533e-01 1.395192692758576991e-01 0.000000000000000000e+00
1.488586314079892448e-01 -2.234371568595794055e-01 0.000000000000000000e+00
-9.811652285877496549e-02 7.627591855995864700e-02 0.000000000000000000e+00
1.939506674331590297e-01 1.386450942482625459e-01 0.000000000000000000e+00
-2.828442664885017291e-02 -1.391657286091671220e-01 0.000000000000000000e+00
-1.133238733517801244e-01 -6.850100100242813295e-02 0.000000000000000000e+00
1.549851123337359082e-01 -2.720964616915131917e-01 0.000000000000000000e+00
2.116399468761413494e-01 3.481111218994034640e-02 0.000000000000000000e+00
-8.628976343598537824e-02 -1.792801843830696407e-01 0.000000000000000000e+00
1.022556494826108199e-02 3.257047675264001518e-01 0.000000000000000000e+00
-4.159410004304921471e-01 1.104990943130664399e-01 0.000000000000000000e+00
1.597218329090807076e-01 9.847258637504729961e-02 0.000000000000000000e+00
3.332124662218112210e-01 -9.537403562269232415e-02 0.000000000000000000e+00
2.536068125839316401e-01 2.446051454563852035e-01 0.000000000000000000e+00
-6.694026160439860151e-02 4.876437785798491409e-01 0.000000000000000000e+00
-1.557899559439595294e-01 -1.919417993186653959e-01 0.000000000000000000e+00
-1.914633061618571941e-01 6.219512263846906953e-03 0.000000000000000000e+00
-4.191079476616233618e-02 -1.692211671121502670e-01 0.000000000000000000e+00
2.701614259166142951e-01 1.900195916146705521e-01 0.000000000000000000e+00
1.495039622821969783e-01 2.464437964402308168e-01 0.000000000000000000e+00
-2.513437240944402240e-01 1.490425999541120927e-01 0.000000000000000000e+00
-3.103580898324965337e-02 1.700678721457638334e-02 0.000000000000000000e+00
2.744963387403331900e-01 -2.732657825914614480e-01 0.000000000000000000e+00
2.642998333025831648e-01 3.058845146609144861e-01 0.000000000000000000e+00
-3.809462258346092423e-01 -1.507218924641096358e-01 0.000000000000000000e+00
-6.681488314845711318e-02 2.776450439028401163e-01 0.000000000000000000e+00
-1.435522155840446568e-01 4.219300282517126632e-01 0.000000000000000000e+00
2.560294924442464981e-01 9.603999726429229833e-02 0.000000000000000000e+00
9.922063526509238007e-02 3.675102525127154629e-01 0.000000000000000000e+00
1.917074464681108037e-01 2.797318201649471869e-01 0.000000000000000000e+00
-3.955552164084890632e-01 -4.494328896982293514e-02 0.000000000000000000e+00
6.633568248380001739e-03 3.834357296849308927e-01 0.000000000000000000e+00
-9.716900240186986115e-02 4.248257587183985606e-01 0.000000000000000000e+00
3.162717561583465453e-02 -1.710290406029382759e-02 0.000000000000000000e+00
2.891711980603236531e-01 -2.897017786575496467e-01 0.000000000000000000e+00
-3.127859682872287661e-01 -3.973187368261490993e-02 0.000000000000000000e+00
1.172799403091689258e-01 -1.079234581066878945e-01 0.000000000000000000e+00
-3.446517862936805954e-01 1.184844015986492999e-01 0.000000000000000000e+00
-3.208064361794317199e-01 2.873424264436074682e-01 0.000000000000000000e+00
-2.069450127579143886e-03 -3.777167426995026167e-01 0.000000000000000000e+00
-5.370819683920280418e-02 4.071298075644417258e-01 0.000000000000000000e+00
-1.855718824553271307e-01 6.145925709003678683e-02 0.000000000000000000e+00
1.578269931842979368e-02 -2.719827901376878354e-01 0.000000000000000000e+00
-1.283439259079168782e-01 2.087001959982104915e-01 0.000000000000000000e+00
1.987876126473438754e-01 3.511474623783785720e-01 0.000000000000000000e+00
1.456451188250717510e-01 -3.688475401686234778e-01 0.000000000000000000e+00
3.991220468508588914e-01 -1.358391515645166747e-01 0.000000000000000000e+00
1.080717830456974365e-01 2.394437359424538558e-01 0.000000000000000000e+00
1.945850934175744340e-01 3.442818630420563797e-01 0.000000000000000000e+00
-3.019301069883308375e-01 1.087025312974999464e-01 0.000000000000000000e+00
-2.319178317370033660e-01 2.235325061280771242e-01 0.000000000000000000e+00
2.403956704007892062e-02 -1.823110413400119145e-01 0.000000000000000000e+00
-1.768844739163647761e-01 1.470001035537825754e-02 0.000000000000000000e+00
-6.449700596276027043e-02 1.290912295830413392e-01 0.000000000000000000e+00
-2.439819440886404067e-01 3.771550144615614664e-01 0.000000000000000000e+00
-1.193903603330847586e-02 -3.055950575328244545e-01 0.000000000000000000e+00
1.373940302162847960e-01 -7.648497241937962654e-02 0.000000000000000000e+00
4.320973136031620865e-02 4.482979920310978805e-01 0.000000000000000000e+00
-2.358866315161436134e-01 3.612479504621406989e-01 0.000000000000000000e+00
4.818175803035723015e-01 4.733515978491746601e-02 0.000000000000000000e+00
-1.136579993895573959e-01 3.673491084449769656e-02 0.000000000000000000e+00
3.150755891709921402e-02 3.314917794071307044e-01 0.000000000000000000e+00
-6.407727579754879388e-02 -8.492171052818217603e-02 0.000000000000000000e+00
-1.616317375730984274e-01 -5.019685364900792340e-02 0.000000000000000000e+00
1.448236413516802989e-01 -2.394349654676764250e-01 0.000000000000000000e+00
6.003422917189937119e-02 2.583660136672796259e-01 0.000000000000000000e+00
1.743700788064477536e-01 3.565688020818253978e-01 0.000000000000000000e+00
2.514299175554600696e-01 1.434174046790004098e-01 0.000000000000000000e+00
6.870996447260110940e-02 -3.380949438099034032e-01 0.000000000000000000e+00
-1.675891372842277793e-01 -1.536432887128337532e-01 0.000000000000000000e+00
-6.672845770690565004e-02 -4.749148074197797609e-01 0.000000000000000000e+00
1.034100768185731711e-01 -4.202615452510360394e-01 0.000000000000000000e+00
-7.098120262617634013e-02 9.777519658431209348e-02 0.000000000000000000e+00
4.163712444802559753e-01 -2.610548873452656418e-02 0.000000000000000000e+00
-3.380583997624826975e-01 3.004248428547556804e-01 0.000000000000000000e+00
1.864373883747909855e-01 1.965181088840723123e-01 0.000000000000000000e+00
-1.411871628533994671e-01 3.854754069314025311e-01 0.000000000000000000e+00
1.616371811299665839e-01 5.261910121168651006e-02 0.000000000000000000e+00
-1.225432814138108645e-01 -2.507430525226773677e-01 0.000000000000000000e+00
2.126976676477077277e-01 -6.954200821425920997e-02 0.000000000000000000e+00
2.847513285721806620e-01 -7.367323289365747263e-02 0.000000000000000000e+00
2.450933378930569562e-01 -1.809210680915651903e-01 0.000000000000000000e+00
3.662304426596736384e-01 -2.829366700652214961e-01 0.000000000000000000e+00
-9.058325487189804182e-02 -3.737801764786588543e-01 0.000000000000000000e+00
-1.502844364722643600e-01 1.752524239203541168e-01 0.000000000000000000e+00
7.699142669220855606e-02 1.510504011665181612e-01 0.000000000000000000e+00
-4.089927614569395797e-01 -2.447888586455312238e-02 0.000000000000000000e+00
2.426634505860764957e-01 2.435743385217933044e-01 0.000000000000000000e+00
2.716282035350816582e-01 3.879852036529475579e-02 0.000000000000000000e+00
-9.519924047187743044e-02 1.822555086030023253e-01 0.000000000000000000e+00
-2.514692332689542897e-02 3.226950194102543024e-01 0.000000000000000000e+00
-5.913675900200737051e-02 -2.372327805211385254e-01 0.000000000000000000e+00
-1.831666246145392529e-01 -2.282803545883897167e-01 0.000000000000000000e+00
1.106940565957460626e-01 3.036075958497978441e-02 0.000000000000000000e+00
1.325763527356832172e-01 4.673809635716370536e-01 0.000000000000000000e+00
-1.495223766648102470e-01 -3.495027856712922265e-01 0.000000000000000000e+00
-1.928400606475996482e-01 -3.810514815351456058e-02 0.000000000000000000e+00
4.638949315107206983e-01 9.231099157327601890e-02 0.000000000000000000e+00
2.565431302810239345e-01 -1.283017304316272644e-01 0.000000000000000000e+00
7.947639826391440787e-02 3.848798251537400295e-01 0.000000000000000000e+00
3.240230548233760666e-02 -3.158304559382137944e-01 0.000000000000000000e+00
-6.233363047667975047e-03 3.378092186833164812e-01 0.000000000000000000e+00
-1.839256793912051324e-01 -2.573483635786563140e-01 0.000000000000000000e+00
4.741811413752096138e-01 -1.319501287987568175e-02 0.000000000000000000e+00
-1.707576131336661640e-01 -2.320265429431835613e-01 0.000000000000000000e+00
-3.841495376257027528e-01 2.174857406788203440e-01 0.000000000000000000e+00
2.903633314382281227e-01 -3.223102820580308614e-01 0.000000000000000000e+00
-2.724934610757284714e-01 -2.540080804465127406e-01 0.000000000000000000e+00
-2.532359150238296386e-01 -3.232048542426559368e-01 0.000000000000000000e+00
4.668565958133862742e-02 2.395453535885438690e-01 0.000000000000000000e+00
5.860168839413891495e-02 4.171761610292424316e-01 0.000000000000000000e+00
8.610932845993647666e-02 -6.997085952887975580e-02 0.000000000000000000e+00
-2.725346159137946866e-01 1.219985493934849612e-02 0.000000000000000000e+00
-1.595421090849912793e-01 -4.337333556548525482e-01 0.000000000000000000e+00
2.943219846830533518e-02 4.434877917275346082e-01 0.000000000000000000e+00
1.686326669760165320e-01 -3.136657527268427170e-01 0.000000000000000000e+00
1.744382401695289964e-01 3.239580722697429360e-01 0.000000000000000000e+00
-2.907889063241782535e-01 1.284978640467205335e-01 0.000000000000000000e+00
-2.242071027976486053e-01 -6.972706236437212213e-03 0.000000000000000000e+00
-1.882405091077679338e-01 1.784524977600745188e-01 0.000000000000000000e+00
-1.246962157050605924e-01 3.333984999349289425e-03 0.000000000000000000e+00
4.597537304189149715e-02 -1.564730634680093768e-01 0.000000000000000000e+00
4.383566472755860977e-01 5.001079485876647190e-02 0.000000000000000000e+00
-2.358575946764704667e-01 -5.675107238924980563e-02 0.000000000000000000e+00
-9.936038794999303703e-03 3.509410835565732190e-01 0.000000000000000000e+00
-3.319563164143998768e-02 -1.054392510203014666e-01 0.000000000000000000e+00
-1.607334633774055999e-02 -4.008230540720883472e-01 0.000000000000000000e+00
-3.517621948908493668e-01 7.995407166013944467e-02 0.000000000000000000e+00
-2.695728169357002324e-01 2.378142061745080749e-01 0.000000000000000000e+00
3.852199662444579648e-02 -1.960602997385032797e-01 0.000000000000000000e+00
-7.039818121041102605e-02 2.414362373503038117e-01 0.000000000000000000e+00
1.036199523149838597e-01 -4.043100820414498586e-01 0.000000000000000000e+00
2.988989725292240385e-01 1.866762572443008208e-02 0.000000000000000000e+00
2.382246705961246769e-01 -3.166972538810525761e-01 0.000000000000000000e+00
-1.863192190741981002e-01 -4.399246216833054834e-01 0.000000000000000000e+00
2.814259256482802840e-01 -2.222885254571222227e-02 0.000000000000000000e+00
3.704563145714450667e-01 -1.930117334536243789e-02 0.000000000000000000e+00
-7.224848571889400106e-02 5.806541279637583014e-02 0.000000000000000000e+00
-4.099048281329540910e-01 5.710400177058429921e-02 0.000000000000000000e+00
1.430700879858958219e-01 9.791762497978348523e-02 0.000000000000000000e+00
-7.637817696846292692e-02 3.283392659982919404e-01 0.000000000000000000e+00
-2.786994766026216208e-01 -1.926078950459831490e-02 0.000000000000000000e+00
-3.424270410732507819e-01 1.663508957089678830e-01 0.000000000000000000e+00
8.034657511887359493e-03 -4.710978122512994304e-01 0.000000000000000000e+00
1.694953478903406530e-01 -2.125690945197256376e-01 0.000000000000000000e+00
-9.008478007714926239e-02 5.245876684880984575e-02 0.000000000000000000e+00
4.452986453118901178e-01 4.521105333529275294e-02 0.000000000000000000e+00
1.281398415477737369e-02 -4.549540541863517779e-02 0.000000000000000000e+00
-9.123603365596744119e-02 -2.926525209047496912e-01 0.000000000000000000e+00
-4.074219107338503121e-02 2.469025850456789961e-01 0.000000000000000000e+00
-4.442182263365062056e-01 -1.941065492211576926e-01 0.000000000000000000e+00
1.286003512186904563e-01 1.753295179788877667e-01 0.000000000000000000e+00
1.141602597060339119e-01 6.961239942708148665e-02 0.000000000000000000e+00
-3.215371015086842532e-01 1.728926584443028075e-02 0.000000000000000000e+00
-2.654318722836080391e-01 -2.353035559915678532e-01 0.000000000000000000e+00
-1.557528254230831355e-01 4.057060495728286309e-01 0.000000000000000000e+00
5.461715281737029165e-02 1.848022844792340247e-01 0.000000000000000000e+00
5.412437192526720758e-02 -4.030225741900800990e-02 0.000000000000000000e+00
-1.208454874545280833e-01 2.094390212338400337e-01 0.000000000000000000e+00
1.702917833610089471e-01 1.036701944470554658e-02 0.000000000000000000e+00
-1.796197518578797059e-01 6.174440109409060073e-02 0.000000000000000000e+00
2.113015622577901070e-02 2.234244097636763349e-01 0.000000000000000000e+00
-1.148186634467105033e-01 5.751667846241335707e-04 0.000000000000000000e+00
-4.342957361027121599e-01 -6.998585823784110246e-03 0.000000000000000000e+00
1.814348527293604962e-01 -3.800295189158964249e-02 0.000000000000000000e+00
2.354708228816244364e-01 -1.708891211340663741e-01 0.000000000000000000e+00
-1.441171249247673869e-01 -4.089969182607884335e-01 0.000000000000000000e+00
8.758444811995290402e-02 -2.077230963553639287e-01 0.000000000000000000e+00
4.142610935812810619e-02 -1.909490589480422051e-01 0.000000000000000000e+00
2.626999735989848928e-01 4.174834612436110343e-02 0.000000000000000000e+00
7.085094629476945682e-02 3.139211340377359022e-02 0.000000000000000000e+00
3.031012042845143695e-01 -3.640739763913448113e-01 0.000000000000000000e+00
-1.227955834108346821e-02 -1.220570079080235543e-01 0.000000000000000000e+00
5.839264583791066443e-02 -6.651019262740380869e-03 0.000000000000000000e+00
2.259531900661426451e-01 2.282920853551176910e-01 0.000000000000000000e+00
-1.110282794854221544e-01 -2.307082680074170888e-01 0.000000000000000000e+00
2.904896801449742827e-01 -2.061630203364958336e-01 0.000000000000000000e+00
2.262888845106222346e-01 -7.892106624006151039e-02 0.000000000000000000e+00
1.404183702357056918e-01 -3.286623887513024922e-01 0.000000000000000000e+00
3.646032397539764047e-01 1.093346588923435753e-01 0.000000000000000000e+00
1.578851399122701282e-01 -3.538180154435052183e-01 0.000000000000000000e+00
1.773324449491234522e-01 3.141528328416358096e-01 0.000000000000000000e+00
-1.822550294566778195e-01 -4.099218930954405260e-01 0.000000000000000000e+00
-1.336346467429035401e-01 -8.341875400524126349e-02 0.000000000000000000e+00
-3.991889065327263175e-01 7.282500985783778302e-02 0.000000000000000000e+00
1.853285292882547175e-01 2.613210327436265093e-02 0.000000000000000000e+00
-8.814169135502367136e-02 1.285475488204258256e-02 0.000000000000000000e+00
-2.422057039440272119e-01 -3.283733665924354894e-01 0.000000000000000000e+00
-2.525567927852447325e-01 2.524869858554851798e-01 0.000000000000000000e+00
-7.507346447384385946e-02 -4.036546780575999138e-01 0.000000000000000000e+00
-2.181982325422527347e-01 -1.939294237072965721e-01 0.000000000000000000e+00
3.439957241446081615e-01 4.679611988480984058e-02 0.000000000000000000e+00
-7.547195605461229362e-02 3.044422406754617172e-01 0.000000000000000000e+00
-3.410483637208479024e-01 -2.864247778261347355e-01 0.000000000000000000e+00
-1.104898239255343861e-01 7.501748846106848787e-04 0.000000000000000000e+00
1.267561091720219579e-01 -3.998384951115885877e-01 0.000000000000000000e+00
2.767532513040205436e-02 -4.234162651120957355e-01 0.000000000000000000e+00
1.712487896398518991e-02 -8.685519774654817948e-02 0.000000000000000000e+00
-2.776897105844483016e-01 2.028303156498026671e-01 0.000000000000000000e+00
2.493346937812017383e-01 -1.096534682103201819e-01 0.000000000000000000e+00
-8.049480099608923023e-02 2.606721792684192351e-01 0.000000000000000000e+00
-3.715609923275765558e-01 1.459092513413106640e-01 0.000000000000000000e+00
3.309571649573076479e-01 3.490640390771000967e-01 0.000000000000000000e+00
1.060230061209514463e-01 2.009645806685207148e-01 0.000000000000000000e+00
1.174038302534701345e-01 -1.058959771956043128e-01 0.000000000000000000e+00
-2.425864735970353625e-01 2.997488734335817528e-01 0.000000000000000000e+00
-4.435746660846448530e-02 -3.059183559795833895e-01 0.000000000000000000e+00
2.423147738809266205e-01 1.825135952905291778e-02 0.000000000000000000e+00
4.022689602765523453e-01 9.766198581149711233e-02 0.000000000000000000e+00
-3.326337522856997464e-01 -2.318327394539169695e-01 0.000000000000000000e+00
-1.497361691383780613e-01 -2.997950400602990562e-01 0.000000000000000000e+00
-2.085071328463952156e-01 -2.864268850445474413e-01 0.000000000000000000e+00
2.664557001954498405e-01 1.979133494244643410e-02 0.000000000000000000e+00
-2.261704762306648020e-01 -3.451605142480663746e-01 0.000000000000000000e+00
9.792843425208366814e-02 1.909239364618325330e-01 0.000000000000000000e+00
1.231697225169894744e-01 -2.422709188088468524e-01 0.000000000000000000e+00
2.331059975087384217e-01 7.051659350346947686e-02 0.000000000000000000e+00
-3.005907529608670692e-01 3.611874428306915408e-01 0.000000000000000000e+00
3.459371084611445601e-01 2.838040486213209701e-01 0.000000000000000000e+00
-1.093565459622423269e-01 3.332897519548425058e-02 0.000000000000000000e+00
-3.178026484289843689e-01 4.192150231945545452e-02 0.000000000000000000e+00
3.477400897710007932e-01 -1.389168226844215703e-01 0.000000000000000000e+00
-2.675738439392348345e-01 1.510803204409267020e-01 0.000000000000000000e+00
1.270609201061656812e-01 2.908954347517589967e-01 0.000000000000000000e+00
4.248970064643475819e-01 -1.116170775671232601e-01 0.000000000000000000e+00
6.414023294858806068e-02 2.922205312143721367e-01 0.000000000000000000e+00
-2.628498501070325455e-01 3.539546478398317708e-01 0.000000000000000000e+00
-3.264825802407554933e-01 2.645634662865907205e-01 0.000000000000000000e+00
-1.258502408993344979e-01 -2.620809701517554102e-01 0.000000000000000000e+00
3.305965564268033563e-01 8.996985911863616958e-02 0.000000000000000000e+00
7.238327110113003393e-02 8.324695176034363486e-02 0.000000000000000000e+00
3.037507433271034452e-01 -2.978632265548302946e-02 0.000000000000000000e+00
1.064661098032144426e-01 3.276199750351355133e-02 0.000000000000000000e+00
2.833229171180858263e-01 -1.725837490956936074e-02 0.000000000000000000e+00
-1.056423956253528529e-01 -3.226232425161202899e-01 0.000000000000000000e+00
4.279910468375455052e-02 1.010735796041840884e-01 0.000000000000000000e+00
8.178415316604001339e-02 -1.767630843485720471e-01 0.000000000000000000e+00
2.925447135700015577e-01 1.526223086162253328e-01 0.000000000000000000e+00
-4.411890973131658567e-01 -2.126560931456387693e-01 0.000000000000000000e+00
-1.296070805982443286e-01 1.140565995193413007e-01 0.000000000000000000e+00
-2.302971777480864457e-01 3.463520170797148579e-01 0.000000000000000000e+00
-4.443084228344902908e-01 1.627646141797297052e-01 0.000000000000000000e+00
4.398254179401002439e-02 2.890063864499275992e-01 0.000000000000000000e+00
1.771691377035519710e-01 -1.844261763129366738e-01 0.000000000000000000e+00
-1.914527189725407919e-01 -2.839420045679641458e-01 0.000000000000000000e+00
-8.364128386317636055e-02 -1.780861769558619578e-01 0.000000000000000000e+00
-1.285651956168359644e-01 9.919900834985520555e-02 0.000000000000000000e+00
1.762796443793463175e-01 2.915606437285805375e-01 0.000000000000000000e+00
1.875463000275447434e-01 1.966992652655111529e-01 0.000000000000000000e+00
3.192434347072547335e-02 4.422231485706082932e-01 0.000000000000000000e+00
-9.022108267291169270e-02 -3.254453484289075438e-01 0.000000000000000000e+00
-2.532270755683542207e-01 3.915797174861139485e-02 0.000000000000000000e+00
1.258579553197954615e-01 2.541832085826699617e-01 0.000000000000000000e+00
3.158378510840767484e-01 -1.355044877342409804e-01 0.000000000000000000e+00
3.139064278504231642e-01 -1.490521985199878829e-01 0.000000000000000000e+00
2.413223157021245069e-01 3.482985435079061776e-01 0.000000000000000000e+00
-2.161894274114659620e-01 -2.430347568573767159e-01 0.000000000000000000e+00
1.651378569152842091e-01 6.764172835967788289e-02 0.000000000000000000e+00
-4.355281420956917948e-01 -1.585670841674252096e-01 0.000000000000000000e+00
-7.349060489728610757e-02 -7.252368186997840138e-02 0.000000000000000000e+00
-7.861950280051525908e-02 -2.716921524382088782e-01 0.000000000000000000e+00
-2.256424043832656323e-01 3.532655014241044000e-01 0.000000000000000000e+00
4.727352963450597023e-02 4.070367299553661611e-01 0.000000000000000000e+00
-1.365053289731026631e-01 -2.538447286771534639e-01 0.000000000000000000e+00
-4.667989322078295311e-01 -4.055021056002098591e-03 0.000000000000000000e+00
4.521559336863801293e-01 1.898771060837260716e-02 0.000000000000000000e+00
-2.648843428990602100e-01 -1.262912854641711768e-01 0.000000000000000000e+00
-6.545861802553835929e-02 -1.925397318330245577e-01 0.000000000000000000e+00
2.241623072852814147e-01 -2.186824800411150405e-01 0.000000000000000000e+00
-1.268281846074954256e-01 1.368471919994324604e-01 0.000000000000000000e+00
-3.546957606994985412e-01 -4.009726780855944056e-02 0.000000000000000000e+00
-1.018256823005077860e-01 2.944857525063327985e-01 0.000000000000000000e+00
-3.592126857398454942e-01 -4.001125351754064585e-02 0.000000000000000000e+00
2.933542464478097189e-01 -1.531188700226512878e-02 0.000000000000000000e+00
1.573964001009686697e-01 -9.440152802790609254e-02 0.000000000000000000e+00
2.950769763092074838e-01 -1.201756855063989549e-01 0.000000000000000000e+00
3.344732291586618445e-01 -2.443458252412561149e-01 0.000000000000000000e+00
-1.038816686001885342e-01 -3.809192924649488776e-01 0.000000000000000000e+00
-1.801646715200555804e-01 1.604468507861273388e-02 0.000000000000000000e+00
-1.434272001953023623e-01 2.793023174153625998e-01 0.000000000000000000e+00
2.224874127658407197e-01 3.141161861439090708e-01 0.000000000000000000e+00
4.683461178059783805e-03 2.515379080658863842e-01 0.000000000000000000e+00
2.147174797840502580e-01 -1.369216459936433428e-01 0.000000000000000000e+00
2.696216106625700867e-02 8.314103280266312013e-02 0.000000000000000000e+00
-2.861588035737185898e-01 -3.331111447592803310e-01 0.000000000000000000e+00
5.464757560197774922e-02 2.240110618411491616e-01 0.000000000000000000e+00
3.151906389889007065e-01 4.805894053920611170e-02 0.000000000000000000e+00
-1.302509360591244392e-01 -2.532474612771276057e-01 0.000000000000000000e+00
-7.228417797682022694e-02 4.784547561115458647e-01 0.000000000000000000e+00
2.830588243464701725e-01 2.046307456314324924e-01 0.000000000000000000e+00
-1.686461489458465635e-01 -2.828908684380156968e-01 0.000000000000000000e+00
-4.102972343897148474e-03 -3.977160065448062110e-01 0.000000000000000000e+00
-1.900551810486959259e-01 2.674723424751931922e-01 0.000000000000000000e+00
2.752229653359480888e-01 2.986277214792412149e-01 0.000000000000000000e+00
-2.221876884763534787e-01 -3.291072536888289268e-01 0.000000000000000000e+00
-3.595965849610039400e-01 1.190882792132347823e-01 0.000000000000000000e+00
2.501858283091878410e-01 -2.119563495982625945e-01 0.000000000000000000e+00
2.788688027467597363e-01 1.875472466015246087e-01 0.000000000000000000e+00
-1.672371706751056009e-01 -3.287601596186772723e-01 0.000000000000000000e+00
1.686606675390866783e-01 -2.175330912342187673e-01 0.000000000000000000e+00
-8.388492410529821419e-02 -1.775424198360084360e-01 0.000000000000000000e+00
-1.247878779807585076e-01 3.582442907834111345e-01 0.000000000000000000e+00
-3.697332575619305950e-01 -2.942394490898387130e-03 0.000000000000000000e+00
-4.792592957497134043e-02 2.319349111005850061e-02 0.000000000000000000e+00
6.074098722544692130e-02 2.040640559935455178e-01 0.000000000000000000e+00
-2.375681240413156370e-01 -1.657500301895587502e-01 0.000000000000000000e+00
2.130141653866695350e-01 -3.980857669969254387e-01 0.000000000000000000e+00
4.368772283490125474e-01 1.071981104644158522e-01 0.000000000000000000e+00
3.080606790859188870e-01 3.148983872666732964e-02 0.000000000000000000e+00
8.553153730378602881e-02 1.112965482595790617e-01 0.000000000000000000e+00
5.841727912344112268e-03 -6.908601896229479844e-02 0.000000000000000000e+00
3.902191008933120764e-01 4.958239633050549183e-02 0.000000000000000000e+00
-2.011438072274766564e-01 3.513461787377569561e-04 0.000000000000000000e+00
-2.648473412796436000e-01 -1.815926697842435156e-01 0.000000000000000000e+00
2.408726905961849629e-01 1.242490016335274228e-01 0.000000000000000000e+00
-1.819158465524991775e-01 -8.220531206655894152e-02 0.000000000000000000e+00
-4.064528201311340960e-01 -1.387329799808796060e-01 0.000000000000000000e+00
6.981546170532547391e-02 -2.297536505413542984e-01 0.000000000000000000e+00
1.311500791239371133e-01 5.719631541273952763e-02 0.000000000000000000e+00
3.255431504724537461e-02 3.058279777186633241e-01 0.000000000000000000e+00
-5.522113217511216698e-02 8.800187774593686008e-02 0.000000000000000000e+00
-2.570291602894771987e-01 1.243130054460500483e-01 0.000000000000000000e+00
-2.787673365622906491e-02 3.155765063500935996e-01 0.000000000000000000e+00
-3.371618042721966635e-01 1.038365110690427778e-01 0.000000000000000000e+00
-2.132660622734626199e-01 1.235755230917914282e-01 0.000000000000000000e+00
-3.961894737665717092e-01 -1.044925909843948120e-01 0.000000000000000000e+00
3.729846373674339244e-01 -7.879325387886068621e-02 0.000000000000000000e+00
-6.844947593601033442e-02 3.233048488724023506e-01 0.000000000000000000e+00
4.216217686523723307e-01 1.518290065307594937e-04 0.000000000000000000e+00
-2.906865993824911398e-01 -1.877999848547053374e-01 0.000000000000000000e+00
-4.245818566806322525e-01 -3.276986969684790585e-02 0.000000000000000000e+00
3.288432528598473348e-01 -5.076079869583281778e-02 0.000000000000000000e+00
-2.375412691395208387e-01 -3.396098951598198190e-01 0.000000000000000000e+00
4.318351703906073147e-01 1.212616269002260022e-01 0.000000000000000000e+00
1.970659010681938828e-01 1.097176519191505328e-01 0.000000000000000000e+00
3.482657858352319891e-01 -4.968682269359490922e-02 0.000000000000000000e+00
3.855586119736541528e-01 2.016805990136936177e-01 0.000000000000000000e+00
1.303523789776431796e-01 1.171382821760489912e-01 0.000000000000000000e+00
-2.712079807479962721e-03 4.058860632290003934e-01 0.000000000000000000e+00
-2.427488613600048140e-01 -8.990227492694614908e-02 0.000000000000000000e+00
-8.289094073895618420e-02 -2.371586993536725640e-01 0.000000000000000000e+00
4.835920111545898709e-02 -2.637068109670398855e-02 0.000000000000000000e+00
-4.850368475970352478e-01 8.660589625273046321e-02 0.000000000000000000e+00
1.360977658431130333e-01 -2.738181679537653457e-01 0.000000000000000000e+00
4.233082595899617662e-01 -1.932423557141122461e-01 0.000000000000000000e+00
-2.717507058989186985e-01 6.485641789561122361e-02 0.000000000000000000e+00
-4.490254746664870678e-02 -4.702600208931378978e-02 0.000000000000000000e+00
-1.046009895234874532e-01 1.681684489377156333e-03 0.000000000000000000e+00
-3.513374063805198011e-01 -1.932879633302349576e-01 0.000000000000000000e+00
-4.093991153526616023e-01 -5.296827439261796860e-02 0.000000000000000000e+00
2.019870100756710196e-01 1.540673352045836830e-01 0.000000000000000000e+00
7.056870796349540287e-02 1.459416383308854114e-02 0.000000000000000000e+00
3.746139529489032061e-01 4.756349477304666618e-02 0.000000000000000000e+00
-3.344709851413245616e-01 -2.283475485865232163e-02 0.000000000000000000e+00
1.678501010579756259e-01 2.302778736582075103e-01 0.000000000000000000e+00
1.143258481744035410e-01 -2.200379763240960795e-01 0.000000000000000000e+00
-1.780038709861046439e-02 -2.193964981309933504e-01 0.000000000000000000e+00
4.058540159258072072e-02 3.170854026871678943e-01 0.000000000000000000e+00
-1.991502675915393095e-01 1.836694323592003852e-01 0.000000000000000000e+00
1.704318979156086156e-01 -4.051309758557274932e-01 0.000000000000000000e+00
2.483768066936019869e-01 -3.904000562979634825e-01 0.000000000000000000e+00
1.301700696987366235e-01 1.836227113559183721e-01 0.000000000000000000e+00
3.339551089302685849e-01 -2.670295385641507369e-01 0.000000000000000000e+00
-3.004816098228944160e-02 4.110052107093584706e-01 0.000000000000000000e+00
8.865640587870048366e-04 4.359505305790286056e-01 0.000000000000000000e+00
2.737261827482588838e-01 -2.363254830209629842e-01 0.000000000000000000e+00
-1.795865092745429215e-01 -3.778030781750320033e-01 0.000000000000000000e+00
1.690676783982406617e-01 8.674152734613460591e-02 0.000000000000000000e+00
-7.184119967581113764e-02 1.690651653760713927e-02 0.000000000000000000e+00
3.353382223409697716e-01 6.905274085295239062e-02 0.000000000000000000e+00
6.393161456148159505e-02 4.058521559147793001e-01 0.000000000000000000e+00
3.948187206395894489e-01 3.829516528387709451e-02 0.000000000000000000e+00
-3.728343961364987691e-01 4.825401242787739214e-02 0.000000000000000000e+00
-5.983412608391429355e-02 2.112013744220175571e-01 0.000000000000000000e+00
2.867309970664423391e-01 -2.895187370216535938e-01 0.000000000000000000e+00
-3.587546956939383636e-01 1.176024735832842671e-01 0.000000000000000000e+00
2.670944844454327116e-01 2.546721954819003986e-01 0.000000000000000000e+00
5.123647035567222702e-02 1.748381401121186507e-01 0.000000000000000000e+00
2.194320269703593507e-01 -2.564979844949483723e-01 0.000000000000000000e+00
-1.057138045554255612e-01 -3.364943029679210579e-02 0.000000000000000000e+00
-1.561863653776264169e-02 3.097614502372666445e-01 0.000000000000000000e+00
1.074847044729206474e-01 -1.331962387066988884e-01 0.000000000000000000e+00
-4.268437665107315815e-01 -3.812682270684340791e-02 0.000000000000000000e+00
3.206663349745391134e-01 -3.062108988943366139e-01 0.000000000000000000e+00
3.088973817395502253e-01 -1.581922598335692709e-01 0.000000000000000000e+00
2.432458110568415099e-01 -1.436084884241490278e-01 0.000000000000000000e+00
-3.025889394504999719e-01 -3.174411909040480428e-01 0.000000000000000000e+00
-1.947981714120520791e-01 -1.310382465357854131e-01 0.000000000000000000e+00
1.949168052737425549e-01 -3.204744452720317271e-01 0.000000000000000000e+00
1.574654392302240469e-01 -2.397568442407645717e-01 0.000000000000000000e+00
-7.808939206542173106e-02 1.418903771909513778e-01 0.000000000000000000e+00
1.210160114736452686e-01 1.114377700604346905e-01 0.000000000000000000e+00
3.224150970959849816e-01 -2.816444508187945783e-01 0.000000000000000000e+00
2.269702183954592015e-02 -2.383196464690873484e-01 0.000000000000000000e+00
-3.218358076028804415e-02 8.686572442407754224e-02 0.000000000000000000e+00
-1.981210751198211883e-01 -2.449985665065033680e-01 0.000000000000000000e+00
7.673308832372642552e-02 -4.164058830948586531e-01 0.000000000000000000e+00
-4.417634257219360538e-02 -1.426757284727718511e-01 0.000000000000000000e+00
5.067476743957293785e-03 1.813809128720906549e-01 0.000000000000000000e+00
-3.784504759325895140e-01 1.611226462860488873e-01 0.000000000000000000e+00
1.907360991097571679e-01 2.064293610517617117e-01 0.000000000000000000e+00
-1.928988472536335708e-01 3.279718501058190294e-02 0.000000000000000000e+00
4.686631128943608698e-02 -6.943020125104026885e-02 0.000000000000000000e+00
-6.149974512850901048e-02 3.626171812371908887e-01 0.000000000000000000e+00
-6.773477579124705106e-02 9.503481095466490003e-02 0.000000000000000000e+00
-4.321727079892203477e-02 -2.697842425318183746e-01 0.000000000000000000e+00
-2.834660466765692166e-01 -6.261424332191090070e-02 0.000000000000000000e+00
3.630917563065558795e-01 1.321949204835101421e-01 0.000000000000000000e+00
7.677853771840206787e-02 2.687137978459245291e-01 0.000000000000000000e+00
1.735631098319637688e-01 2.417706507568092023e-01 0.000000000000000000e+00
-1.781435988022405520e-02 3.787961530275512079e-01 0.000000000000000000e+00
1.778217035691392334e-01 1.864209503209003638e-01 0.000000000000000000e+00
1.910339525933189495e-02 1.274375736746583831e-01 0.000000000000000000e+00
-5.472171183681606016e-03 -2.029194220802118045e-02 0.000000000000000000e+00
5.580710085016186983e-02 4.771259373586649311e-01 0.000000000000000000e+00
2.413957360205375435e-01 1.642037480958119244e-01 0.000000000000000000e+00
-3.689508725523598098e-01 1.386527757473218214e-01 0.000000000000000000e+00
-1.823867257794813401e-01 -3.444067418908927092e-01 0.000000000000000000e+00
1.154884568755814855e-01 2.045833449151679417e-01 0.000000000000000000e+00
-2.415441858922694474e-01 1.417129740470901011e-01 0.000000000000000000e+00
-1.400813621919463903e-01 4.008204802628709262e-01 0.000000000000000000e+00
-1.671890445354365720e-02 3.410087612185879746e-01 0.000000000000000000e+00
-6.963240482670418618e-02 1.490424369020999090e-02 0.000000000000000000e+00
-2.908645281753183959e-02 5.698936446166399938e-02 0.000000000000000000e+00
-1.607495840826589639e-01 2.395844778682145182e-01 0.000000000000000000e+00
-1.223150923579137128e-01 1.303923832917228045e-03 0.000000000000000000e+00
1.454367657450372775e-02 1.800062453861686063e-01 0.000000000000000000e+00
1.600530996355167268e-01 2.796565313926533403e-01 0.000000000000000000e+00
3.778274248912983913e-01 -1.008784532916993382e-01 0.000000000000000000e+00
2.596831592177448189e-01 -2.146161079092780422e-01 0.000000000000000000e+00
-7.128608985394085940e-02 3.899649311009117936e-01 0.000000000000000000e+00
-1.006646949354499943e-01 -3.670313162726937528e-01 0.000000000000000000e+00
9.904248645460971001e-02 -1.228980531186084357e-01 0.000000000000000000e+00
2.727030216671507690e-01 9.064487691416930892e-02 0.000000000000000000e+00
2.825273939824188285e-01 3.092046225430366557e-01 0.000000000000000000e+00
1.135413242814306695e-01 3.665518986150804182e-01 0.000000000000000000e+00
3.052078115705202932e-01 -3.186166713626179675e-02 0.000000000000000000e+00
-2.050777400338534284e-01 3.624456268626467526e-01 0.000000000000000000e+00
-4.819943656875234211e-02 -1.352314821921427601e-01 0.000000000000000000e+00
2.802711003974628357e-01 2.495514557510918052e-01 0.000000000000000000e+00
4.762399789995742649e-01 7.808541460324719408e-02 0.000000000000000000e+00
-2.795441431008875433e-01 -3.196719893015079195e-01 0.000000000000000000e+00
-2.761279211624676974e-02 2.224064133408164001e-01 0.000000000000000000e+00
-3.428584291366980341e-02 -4.503648871090541045e-02 0.000000000000000000e+00
3.223284724838831328e-01 -1.118509680281090102e-01 0.000000000000000000e+00
2.620452196144033574e-01 7.175816759149254709e-02 0.000000000000000000e+00
-2.694705585437546028e-02 2.650627251668255524e-01 0.000000000000000000e+00
-4.952887091088497423e-02 -4.412333946629484749e-01 0.000000000000000000e+00
1.576877439795736080e-01 5.365148012213329792e-02 0.000000000000000000e+00
3.315040892378836035e-01 -2.264622805879994982e-01 0.000000000000000000e+00
1.713979135621694350e-01 -8.753276328168753395e-02 0.000000000000000000e+00
-1.917614240152080707e-01 -1.490426462020203735e-01 0.000000000000000000e+00
1.466846252907435810e-01 1.021029148961834498e-01 0.000000000000000000e+00
-4.159810505524850210e-01 -1.490791730756030053e-01 0.000000000000000000e+00
-3.896373186507065545e-01 -2.748216507688324706e-01 0.000000000000000000e+00
2.633504200193373390e-01 -2.516163360890164014e-01 0.000000000000000000e+00
-7.096858872797910667e-02 -3.762192479077546003e-02 0.000000000000000000e+00
-3.974378235649694835e-02 4.946239813792032147e-01 0.000000000000000000e+00
-1.083048298094417689e-01 1.513172361666366428e-02 0.000000000000000000e+00
1.006717315895928749e-01 -4.355123985947467746e-01 0.000000000000000000e+00
3.323626953580590682e-01 -2.517944230458148414e-01 0.000000000000000000e+00
-1.832330688903490989e-01 -1.629926642732929531e-01 0.000000000000000000e+00
-4.118689670693529425e-01 1.906453141007559138e-01 0.000000000000000000e+00
-4.251398071488889374e-01 -9.020392336522935726e-04 0.000000000000000000e+00
-1.736103667117380733e-02 9.425224833948178671e-02 0.000000000000000000e+00
-1.453220968053683948e-01 -3.083683124855128854e-01 0.000000000000000000e+00
2.459385475290103984e-01 -2.189084691743446026e-02 0.000000000000000000e+00
5.402041070968469777e-02 6.734208286926256226e-02 0.000000000000000000e+00
1.640053667883480670e-01 -3.669031241111254671e-01 0.000000000000000000e+00
1.692960447487062425e-01 3.753463520496549966e-01 0.000000000000000000e+00
1.567786457625407470e-01 2.652333131161821456e-01 0.000000000000000000e+00
1.027790293401203842e-01 -1.596894433454082787e-02 0.000000000000000000e+00
2.030660967519716531e-01 4.317620802486403786e-01 0.000000000000000000e+00
1.195519777568780084e-01 3.337828156912173716e-01 0.000000000000000000e+00
-2.054251095527571680e-01 2.821586212857683101e-02 0.000000000000000000e+00
5.187843065079322802e-02 -1.345353927359514527e-02 0.000000000000000000e+00
9.085991236241998392e-02 4.095587269967878585e-01 0.000000000000000000e+00
1.765249237219428946e-01 -2.499796750302890613e-01 0.000000000000000000e+00
-3.856791621995099839e-01 -1.006802712758647460e-02 0.000000000000000000e+00
2.781084084803326362e-01 9.911261233380961461e-03 0.000000000000000000e+00
3.241288965949754020e-01 -2.199154711132847440e-01 0.000000000000000000e+00
-3.606555436313500784e-02 -2.434358698657964060e-01 0.000000000000000000e+00
-1.928452826959163036e-01 2.558015929740513061e-01 0.000000000000000000e+00
-3.193448658935878481e-01 5.753789891454001021e-02 0.000000000000000000e+00
1.230954667829405090e-03 -2.122408342922559032e-01 0.000000000000000000e+00
1.418280053780483774e-01 5.059875211044136123e-02 0.000000000000000000e+00
1.050806788703166211e-01 -2.818221272193662252e-01 0.000000000000000000e+00
-7.008936892537175056e-02 -1.694887280686564468e-01 0.000000000000000000e+00
6.097162612505661883e-02 -3.695656308915458155e-01 0.000000000000000000e+00
3.665098733347455506e-01 2.505183364142342661e-01 0.000000000000000000e+00
-4.549063089737245824e-02 1.019785329983093070e-01 0.000000000000000000e+00
-4.698623717368864416e-01 -1.522343196115482633e-01 0.000000000000000000e+00
-6.631800594032742635e-02 -3.028582015393894156e-01 0.000000000000000000e+00
1.600303751143767050e-01 -1.550671245773716476e-02 0.000000000000000000e+00
-3.591797628545980170e-01 1.328477879655634020e-01 0.000000000000000000e+00
1.301779671451396836e-01 1.193642909842990291e-01 0.000000000000000000e+00
-8.192610334588694421e-02 8.449323557006925556e-02 0.000000000000000000e+00
1.316893554593824046e-02 -4.318684321084602651e-01 0.000000000000000000e+00
-1.288239022975154746e-01 4.299084245689759887e-01 0.000000000000000000e+00
-1.875698680095569393e-01 -6.437409043760673744e-02 0.000000000000000000e+00
3.251719891130449014e-01 1.647590700758450044e-01 0.000000000000000000e+00
2.458266170907862092e-01 1.135944719064477804e-01 0.000000000000000000e+00
-9.688682424972956675e-02 2.796450699895615122e-01 0.000000000000000000e+00
7.312306101441916686e-03 9.319680275620938203e-02 0.000000000000000000e+00
1.855181823555298315e-01 3.239619327992479536e-01 0.000000000000000000e+00
-3.912016285589672848e-01 2.407886541807865710e-01 0.000000000000000000e+00
-4.344344606416617460e-01 1.879259475330168766e-02 0.000000000000000000e+00
-1.390827955792291737e-01 1.821090885388259029e-01 0.000000000000000000e+00
8.075727048571468281e-02 -1.136545946443681503e-02 0.000000000000000000e+00
-2.565902725487447245e-01 -2.348460798086326740e-01 0.000000000000000000e+00
5.114831692670014467e-03 -3.257650055099527431e-01 0.000000000000000000e+00
-1.004386039328276081e-01 -2.623913277701887536e-01 0.000000000000000000e+00
-6.219508141877063377e-03 -3.185975431432978150e-02 0.000000000000000000e+00
3.217781363240442699e-02 1.706291163360330598e-01 0.000000000000000000e+00
1.396307665607904591e-01 -2.113318731675223675e-02 0.000000000000000000e+00
-3.958221958868328727e-01 -7.708742040434996001e-02 0.000000000000000000e+00
-2.639937309480044347e-01 1.084236640489696646e-01 0.000000000000000000e+00
1.885506064358819650e-02 2.864127005671266435e-01 0.000000000000000000e+00
6.577182074560236624e-02 2.077213827922357314e-01 0.000000000000000000e+00
-1.491226121473488431e-01 9.157760066600138804e-02 0.000000000000000000e+00
6.363313818312892056e-02 1.957228078606216837e-01 0.000000000000000000e+00
2.832421894387863737e-01 1.568402244426007341e-01 0.000000000000000000e+00
6.709562842741123058e-03 9.804290179599857435e-02 0.000000000000000000e+00
1.766022770335305969e-01 1.646794895261331493e-01 0.000000000000000000e+00
-4.894965108119957997e-01 9.255335866241874709e-02 0.000000000000000000e+00
-2.866726333168823429e-02 2.366419218682327963e-01 0.000000000000000000e+00
-1.832457019339251147e-01 -6.836464032107524014e-02 0.000000000000000000e+00
-2.617662092664503892e-01 5.134388533028330648e-02 0.000000000000000000e+00
4.461941039624929828e-01 -8.818785370092846465e-02 0.000000000000000000e+00
4.289579939830624467e-01 -1.699134623801325794e-01 0.000000000000000000e+00
-2.311204529161448307e-01 -2.744698806393441326e-01 0.000000000000000000e+00
1.092556138196859421e-02 8.005767284509689163e-02 0.000000000000000000e+00
1.666235934353736681e-01 -4.125991416462208572e-01 0.000000000000000000e+00
2.369747830506310216e-01 -3.835405914345493827e-01 0.000000000000000000e+00
-4.323943545575627267e-02 1.845150530326975236e-01 0.000000000000000000e+00
7.823760792312239865e-02 3.952736040097900028e-01 0.000000000000000000e+00
-3.761179245137502569e-01 -2.126917274797518378e-03 0.000000000000000000e+00
-2.182686490594025475e-02 -3.582226843741277422e-01 0.000000000000000000e+00
-1.277356190878012054e-01 1.986341847391706605e-01 0.000000000000000000e+00
-1.419406494487920611e-01 -7.573491069926426011e-02 0.000000000000000000e+00
-2.447199026241253794e-01 3.207680005188816019e-01 0.000000000000000000e+00
-9.714120451331489936e-02 3.075086383135362533e-01 0.000000000000000000e+00
-1.223169624444369295e-02 1.531371434947311483e-01 0.000000000000000000e+00
-3.531434191765089881e-01 -2.789315846036590218e-01 0.000000000000000000e+00
-2.269916935125014176e-02 3.782306101165919254e-01 0.000000000000000000e+00
2.137702364009151298e-02 -2.023206477815301663e-01 0.000000000000000000e+00
-3.465977921507421011e-01 -5.719063412703824165e-03 0.000000000000000000e+00
-5.690815827088641782e-02 -1.327194376502103812e-01 0.000000000000000000e+00
-1.224210574553086101e-01 -4.602030783777802947e-01 0.000000000000000000e+00
3.016530783953687012e-01 8.663172915487692138e-02 0.000000000000000000e+00
-2.847418531937831454e-01 -9.248333634068272788e-03 0.000000000000000000e+00
1.536999627047638470e-02 -2.998212328738542043e-01 0.000000000000000000e+00
2.707059782585204966e-01 3.472135129073387061e-01 0.000000000000000000e+00
-4.608235863147600586e-01 -1.321500518670696428e-02 0.000000000000000000e+00
-1.331168809685321372e-03 2.949700210559377811e-01 0.000000000000000000e+00
1.571771783145666512e-01 2.444260543116454631e-01 0.000000000000000000e+00
-7.268443931297918770e-02 -2.018938069781851807e-01 0.000000000000000000e+00
1.441345853990082526e-01 -4.148725811307781008e-02 0.000000000000000000e+00
-1.124706816504951468e-01 6.174832474982711690e-04 0.000000000000000000e+00
-2.349453825645840266e-01 -9.030217570602050436e-02 0.000000000000000000e+00
-3.200401028319587726e-01 1.172403174606240078e-01 0.000000000000000000e+00
-1.573558474109622574e-01 -3.304429740257541770e-02 0.000000000000000000e+00
-9.044503460445983689e-02 3.235873013115997954e-01 0.000000000000000000e+00
1.877088820883489606e-01 -3.705586156069909931e-01 0.000000000000000000e+00
-1.792877793501124195e-01 2.457768381355441012e-01 0.000000000000000000e+00
-1.512281783696213244e-01 -4.593981665635878120e-02 0.000000000000000000e+00
4.262684204656735226e-02 6.004296746882519659e-02 0.000000000000000000e+00
1.627398391078071771e-01 1.369551287066604339e-01 0.000000000000000000e+00
-4.045911079779432873e-01 1.202176678827708706e-01 0.000000000000000000e+00
2.165171462362279822e-02 -1.297559829217745930e-01 0.000000000000000000e+00
-3.840497872640592780e-02 1.755395036726863089e-01 0.000000000000000000e+00
-9.135703764725577880e-02 -5.084055641259654229e-02 0.000000000000000000e+00
8.123038743322283373e-02 -2.264946185344858809e-01 0.000000000000000000e+00
1.611084073944802630e-01 -3.948869355759064836e-01 0.000000000000000000e+00
3.194270122405063611e-02 2.476044647357431017e-01 0.000000000000000000e+00
3.934879778175349729e-01 -9.751633020057140500e-02 0.000000000000000000e+00
-1.945149743746480697e-01 2.883281949679253886e-01 0.000000000000000000e+00
8.698951694942740065e-02 -6.977657862003605604e-02 0.000000000000000000e+00
-7.283668955825314817e-02 1.496081503374308563e-01 0.000000000000000000e+00
-6.415504433689120378e-02 -3.796770066157991175e-01 0.000000000000000000e+00
-1.201141936403285621e-01 9.097578712224731190e-02 0.000000000000000000e+00
-2.838274081616756761e-02 -4.838999425227905743e-02 0.000000000000000000e+00
2.131694143423551180e-01 3.385561094568592111e-01 0.000000000000000000e+00
3.086569586127275722e-01 -2.222815044470766443e-01 0.000000000000000000e+00
-8.043661778787467367e-03 2.704344084095987588e-01 0.000000000000000000e+00
-1.425138876928520593e-01 -3.315063801291548984e-01 0.000000000000000000e+00
-4.029164077010361639e-02 4.114082781138309053e-01 0.000000000000000000e+00
-1.810354866653331174e-01 -1.164172281596249636e-01 0.000000000000000000e+00
3.367088480536313544e-02 3.137672380554152318e-01 0.000000000000000000e+00
1.014904089180244801e-01 -3.605353170367841531e-01 0.000000000000000000e+00
7.408897122490455504e-03 -2.358113634235099454e-01 0.000000000000000000e+00
-2.218813867660951178e-01 -4.205415899471035002e-01 0.000000000000000000e+00
9.136544684369117542e-02 -2.796914967483968839e-01 0.000000000000000000e+00
-1.337655349981843045e-01 1.287095872738104885e-01 0.000000000000000000e+00
2.362739756199436769e-01 -9.611459375790210036e-02 0.000000000000000000e+00
-2.340636130243974877e-01 -9.883846823443984825e-03 0.000000000000000000e+00
1.394153339717359337e-02 -2.879620477567798043e-01 0.000000000000000000e+00
2.990358432429110480e-01 -2.526553852935282118e-01 0.000000000000000000e+00
-2.517331319998885597e-01 3.453190878108611805e-01 0.000000000000000000e+00
2.032743734315233253e-01 2.094048174110309801e-01 0.000000000000000000e+00
-4.155271874255980769e-02 -1.970717112447344932e-01 0.000000000000000000e+00
-4.046948017981970014e-01 1.971548271357515258e-01 0.000000000000000000e+00
4.519156915999087420e-01 1.923991318133743689e-01 0.000000000000000000e+00
1.939661403127212469e-01 -1.573047458151956290e-01 0.000000000000000000e+00
3.109788814755315434e-01 -1.173024435731772133e-02 0.000000000000000000e+00
-4.506017234843918695e-01 -1.350190716408317115e-01 0.000000000000000000e+00
7.746550814118406680e-02 3.194946278034590526e-01 0.000000000000000000e+00
3.409944528226867000e-01 -1.972828883094775443e-01 0.000000000000000000e+00
-1.280489219942878842e-01 -4.391895502990088573e-01 0.000000000000000000e+00
5.774169457121807597e-02 -1.888672734956191590e-01 0.000000000000000000e+00
-2.970587402175241531e-01 2.478945251391841964e-01 0.000000000000000000e+00
-2.985600830130936689e-01 3.092902404619987666e-01 0.000000000000000000e+00
2.496438399658932328e-01 -2.360501628944833563e-01 0.000000000000000000e+00
1.600195329024715896e-01 3.393523811882726005e-01 0.000000000000000000e+00
2.239893106931847011e-01 4.119123293586927081e-01 0.000000000000000000e+00
-3.173261573913119804e-01 -7.648589432940462729e-02 0.000000000000000000e+00
1.360144145273353977e-01 4.318832037110463817e-01 0.000000000000000000e+00
-6.405368899640016822e-02 2.123741595003250104e-01 0.000000000000000000e+00
-1.243469865817433025e-02 -3.419271885558287649e-01 0.000000000000000000e+00
1.085700263167409391e-01 1.350433139447214381e-01 0.000000000000000000e+00
4.041818894401187634e-02 -2.611358902152342010e-01 0.000000000000000000e+00
5.418917364157820743e-02 -3.447247699503068752e-01 0.000000000000000000e+00
-7.803943854131940340e-03 -2.207453061450993098e-02 0.000000000000000000e+00
5.589188777991396101e-02 1.534360541238355968e-01 0.000000000000000000e+00
-1.529761320164146343e-01 1.810920105992126772e-01 0.000000000000000000e+00
2.488161582390032156e-01 -1.445260582667231009e-01 0.000000000000000000e+00
-1.064415178976903104e-01 2.399863876668463514e-01 0.000000000000000000e+00
3.141109958657881812e-02 1.071258438442628247e-01 0.000000000000000000e+00
2.339658312281970298e-01 3.206477864935726729e-01 0.000000000000000000e+00
2.757677068579935664e-01 -1.787334265820528581e-02 0.000000000000000000e+00
-1.231838033832166057e-01 1.525039732117853541e-01 0.000000000000000000e+00
-2.113553846563155647e-01 2.444795984839465419e-01 0.000000000000000000e+00
9.529502980121164202e-02 3.297256644960926963e-01 0.000000000000000000e+00
-3.193994525847417831e-01 -7.940230162783326606e-02 0.000000000000000000e+00
-3.032323547027294119e-01 -1.670552331010224101e-01 0.000000000000000000e+00
-2.582596468281682656e-01 2.655318215533322701e-01 0.000000000000000000e+00
1.439719142404273788e-01 -1.279113181219257989e-01 0.000000000000000000e+00
2.187954690792342227e-01 3.776248003201604364e-01 0.000000000000000000e+00
-1.747323330359571436e-01 3.355445876333592592e-01 0.000000000000000000e+00
-4.924289064631459656e-01 -5.259919548150999297e-02 0.000000000000000000e+00
-8.015396528745610816e-03 -2.017075357032881711e-01 0.000000000000000000e+00
-9.552578084005031167e-02 2.405699106549875621e-01 0.000000000000000000e+00
7.541255495231832806e-02 1.128371471198089948e-01 0.000000000000000000e+00
-1.726581884055594374e-01 -8.904229243840436347e-02 0.000000000000000000e+00
-3.051445365718891134e-01 1.719969804007125402e-01 0.000000000000000000e+00
1.415240619295576874e-01 2.187173661041997841e-01 0.000000000000000000e+00
-2.454929700056954212e-01 -8.847148849557738559e-02 0.000000000000000000e+00
-1.767655508430794609e-01 1.269246924670049681e-01 0.000000000000000000e+00
-2.053604459922228342e-01 1.344889178037636801e-01 0.000000000000000000e+00
3.393698461786707199e-01 1.289584237558899331e-02 0.000000000000000000e+00
-5.916567550072637099e-02 9.423888415702098842e-02 0.000000000000000000e+00
3.086676548942882126e-01 3.595445213782657023e-01 0.000000000000000000e+00
-6.715202652145073337e-02 1.582412314863914649e-01 0.000000000000000000e+00
2.200246600839144417e-01 -1.310098923247806080e-01 0.000000000000000000e+00
-1.386222396078549413e-01 2.302866605978702574e-01 0.000000000000000000e+00
3.872634293797823368e-02 -3.701451300597581873e-01 0.000000000000000000e+00
-1.204542907769136778e-01 -1.837177597712159050e-01 0.000000000000000000e+00
-1.325384790909784061e-01 3.491602970932776162e-01 0.000000000000000000e+00
5.463045284982833566e-02 3.722115185430862061e-01 0.000000000000000000e+00
-8.484345104346230348e-02 4.623901348876877093e-01 0.000000000000000000e+00
2.752061426362036323e-01 6.553096610829027557e-02 0.000000000000000000e+00
-1.582869435774989508e-01 9.641162733111961758e-02 0.000000000000000000e+00
6.446478606740446704e-02 -1.443250614557623490e-01 0.000000000000000000e+00
2.062368661860033425e-01 -3.541337871035670770e-01 0.000000000000000000e+00
-2.951278449482981348e-01 -2.838139851312251882e-01 0.000000000000000000e+00
-6.650252142653523268e-02 8.420426821885047819e-02 0.000000000000000000e+00
-1.049776144559041030e-01 5.640470521327795722e-02 0.000000000000000000e+00
1.464896770456823247e-02 -3.832174468801449740e-01 0.000000000000000000e+00
5.459281956819902332e-02 -2.600969140898229948e-01 0.000000000000000000e+00
-3.850068000691728165e-01 -2.806167848190528336e-01 0.000000000000000000e+00
-2.302023933027523561e-01 1.599911188400424678e-01 0.000000000000000000e+00
4.421676082542799757e-01 1.013053150866292246e-01 0.000000000000000000e+00
-2.084249649133620430e-01 -9.018125893365597223e-02 0.000000000000000000e+00
3.387306253457696842e-02 2.564823797787043058e-01 0.000000000000000000e+00
-2.307030721847072030e-01 -2.855377460162987213e-01 0.000000000000000000e+00
3.049284339415760381e-01 -8.352039201945964109e-02 0.000000000000000000e+00
-1.215571936564151384e-01 4.433496086795557511e-01 0.000000000000000000e+00
4.578628656089338556e-01 -2.920729647242488458e-02 0.000000000000000000e+00
1.318668966760642158e-01 1.705425529695228093e-01 0.000000000000000000e+00
1.545899972211549345e-01 2.553950695241159474e-01 0.000000000000000000e+00
-3.887509311142351431e-01 -1.310765281909111457e-01 0.000000000000000000e+00
-9.174444554727022305e-02 -5.889950525626125657e-03 0.000000000000000000e+00
-2.813571656396361420e-01 1.247708393057204573e-01 0.000000000000000000e+00
1.549291121893215384e-01 4.342082545280867567e-01 0.000000000000000000e+00
-3.268563615424333602e-01 -3.234117924919360232e-01 0.000000000000000000e+00
-6.732887299189191377e-02 -1.998033375147574911e-02 0.000000000000000000e+00
4.268607069062690940e-01 2.409769346457647787e-01 0.000000000000000000e+00
2.576529430014688482e-01 3.130310273206197702e-01 0.000000000000000000e+00
-3.194125242845298751e-01 1.558098907362154562e-01 0.000000000000000000e+00
-2.321425911534052700e-01 3.309368594073399117e-01 0.000000000000000000e+00
2.571209568115981892e-01 -3.294238673988671984e-01 0.000000000000000000e+00
2.749692123041658220e-01 -1.321823939588872288e-01 0.000000000000000000e+00
1.681928321787057867e-01 4.789284251340338722e-02 0.000000000000000000e+00
-1.391764357742417690e-01 -3.154963706552684211e-01 0.000000000000000000e+00
3.074336636559255043e-01 2.910448331801048782e-01 0.000000000000000000e+00
-1.301914501585710315e-01 1.343340984743261052e-03 0.000000000000000000e+00
-1.729776284113247395e-02 -1.375725036787299738e-01 0.000000000000000000e+00
1.720061238440636908e-01 1.963950302947578830e-01 0.000000000000000000e+00
-1.119315504919812104e-01 -4.773253567456742785e-01 0.000000000000000000e+00
-2.699558033184415451e-01 -2.245693808370503863e-02 0.000000000000000000e+00
-1.558483498036053183e-01 -3.857915823743934269e-01 0.000000000000000000e+00
2.634353876329166844e-01 -3.976471949033632547e-01 0.000000000000000000e+00
2.817908967571045031e-01 -2.581247459898522098e-02 0.000000000000000000e+00
4.230869324156225075e-01 -7.393758516667039982e-02 0.000000000000000000e+00
-3.530173320614902188e-01 -2.077442537746967410e-01 0.000000000000000000e+00
-1.375251586481545940e-01 -2.368858207659597648e-01 0.000000000000000000e+00
-5.658731888363952023e-02 7.121125581505359514e-02 0.000000000000000000e+00
2.914181456527752401e-01 -9.467141246291715939e-02 0.000000000000000000e+00
1.318303953308504750e-01 -1.980956520892592221e-01 0.000000000000000000e+00
3.269113142832630325e-02 -3.335157471060161416e-03 0.000000000000000000e+00
3.078200316443143736e-01 -2.024518526711719113e-01 0.000000000000000000e+00
8.189877729838511422e-02 -4.418609174722766264e-01 0.000000000000000000e+00
5.309491710988239327e-02 4.479423766054772549e-01 0.000000000000000000e+00
-1.194813847581545768e-01 7.649008820406803799e-02 0.000000000000000000e+00
-2.563826638671604652e-01 2.692360449172291892e-01 0.000000000000000000e+00
-2.420294478418586956e-02 1.171754768282564085e-01 0.000000000000000000e+00
-2.625722242267093387e-01 -2.398285476242422165e-01 0.000000000000000000e+00
1.439169451630592789e-01 2.702993498523792448e-01 0.000000000000000000e+00
-7.733982688345372725e-02 2.948610387000989430e-01 0.000000000000000000e+00
-7.597049885255371948e-02 2.465049855837865289e-01 0.000000000000000000e+00
4.364575218910968779e-01 3.149125158868822192e-03 0.000000000000000000e+00
-2.853845360811964049e-01 3.662563524909953072e-01 0.000000000000000000e+00
2.050892014529349938e-01 -8.217047149133045736e-02 0.000000000000000000e+00
-1.956857596492372064e-01 3.715687169644447257e-02 0.000000000000000000e+00
4.300641200895319316e-01 -2.292530456671367511e-01 0.000000000000000000e+00
1.046388714089093869e-01 2.079424309071648824e-01 0.000000000000000000e+00
-3.380056933926439688e-01 -1.245312360217651765e-01 0.000000000000000000e+00
-2.037693371825716471e-01 1.421711965166138347e-01 0.000000000000000000e+00
2.046221480911650514e-01 2.976866270210923870e-01 0.000000000000000000e+00
2.441736755855908048e-01 -1.083474671518654953e-01 0.000000000000000000e+00
-2.366833069537265521e-01 2.151746521636793141e-01 0.000000000000000000e+00
-2.047943356862670372e-01 -3.694182018555161595e-02 0.000000000000000000e+00
-4.526533785287304434e-01 -1.572537361615994611e-01 0.000000000000000000e+00
5.471399581014208674e-02 -3.281257239846286367e-01 0.000000000000000000e+00
2.726982386641756961e-01 1.913469411223379935e-01 0.000000000000000000e+00
-7.803563529828187739e-02 -1.145012191809445697e-02 0.000000000000000000e+00
1.158444162761877588e-01 1.410676659501943209e-01 0.000000000000000000e+00
-2.809746150816955224e-01 8.556272444383973552e-02 0.000000000000000000e+00
-2.050421674093365343e-01 -2.372617958051716491e-01 0.000000000000000000e+00
-1.119468371159727249e-01 -3.960712812173135533e-01 0.000000000000000000e+00
-1.802476688216285150e-01 4.400301100937124565e-01 0.000000000000000000e+00
-2.403947567516559192e-01 6.630974587854080934e-03 0.000000000000000000e+00
4.061494039942586398e-01 -2.726629130959210556e-01 0.000000000000000000e+00
1.697560516363803562e-01 4.023502798480675657e-02 0.000000000000000000e+00
1.748163981408550616e-01 -4.530727284074990285e-02 0.000000000000000000e+00
9.659605977771736074e-02 8.153488511740561440e-02 0.000000000000000000e+00
3.280133499110440831e-01 -2.175756162650439585e-01 0.000000000000000000e+00
2.588369381025013016e-02 4.046947023142495325e-01 0.000000000000000000e+00
-1.498765916714527580e-01 2.361072674082617950e-01 0.000000000000000000e+00
8.290418885780197200e-02 3.578787804075493351e-01 0.000000000000000000e+00
-1.340571435852367932e-01 -3.927041547318178005e-01 0.000000000000000000e+00
4.966853836963654178e-02 5.526455539726710803e-02 0.000000000000000000e+00
-1.762759512335023149e-01 -4.581132075272836834e-02 0.000000000000000000e+00
-2.657605897930609418e-01 -2.515723009578387237e-01 0.000000000000000000e+00
-1.474087051622414435e-01 -1.879276771367673626e-01 0.000000000000000000e+00
3.987977027622081616e-01 2.080895195154280342e-01 0.000000000000000000e+00
-2.518864798908193592e-02 2.598446541514952690e-01 0.000000000000000000e+00
3.174437897266991215e-01 3.069185691803456573e-01 0.000000000000000000e+00
-1.612661102637308330e-01 -1.357138933886186394e-01 0.000000000000000000e+00
2.321507476270614212e-01 -2.886371526482726657e-01 0.000000000000000000e+00
-3.287497129365453130e-01 -3.573959894556946182e-01 0.000000000000000000e+00
3.850178056587297837e-01 2.109776558505543076e-01 0.000000000000000000e+00
-1.873947379126511825e-01 -9.489322963287202817e-02 0.000000000000000000e+00
-1.964624775495050768e-01 1.518534510270970472e-01 0.000000000000000000e+00
-2.744064670722192179e-01 -6.993036153781057029e-02 0.000000000000000000e+00
6.698172562446406963e-02 -2.273139054114196589e-01 0.000000000000000000e+00
2.249549447091505061e-01 1.172999431697659412e-01 0.000000000000000000e+00
2.863990341806817511e-02 -1.438153422572504246e-02 0.000000000000000000e+00
2.810907867644919511e-01 -1.307367326947717068e-01 0.000000000000000000e+00
-2.791924382022279438e-01 6.640732078510390435e-02 0.000000000000000000e+00
1.280495719061216786e-01 1.029613886743299817e-01 0.000000000000000000e+00
-3.351894898524583888e-01 2.481328925832993471e-01 0.000000000000000000e+00
6.799909076911725414e-02 2.760236008779997086e-01 0.000000000000000000e+00
-4.171075356688436209e-01 1.291430618880265446e-01 0.000000000000000000e+00
-6.221437762795273274e-02 3.471479269027304415e-01 0.000000000000000000e+00
2.612911246743385707e-01 1.396882918170968824e-01 0.000000000000000000e+00
1.457744685439196497e-01 -3.429572182724970886e-01 0.000000000000000000e+00
1.675578960807367068e-01 -4.376311280549242261e-02 0.000000000000000000e+00
-8.255471787553052276e-02 1.499109545253623187e-02 0.000000000000000000e+00
-2.847983299251838005e-02 -4.281650307880804918e-01 0.000000000000000000e+00
-1.139740790803751569e-01 -5.941177003237955306e-02 0.000000000000000000e+00
1.785126982423325404e-01 3.356955592159949209e-01 0.000000000000000000e+00
-2.026992933115174533e-01 -3.046223553679823781e-01 0.000000000000000000e+00
6.205081621105928286e-02 4.617154643426024108e-01 0.000000000000000000e+00
1.019029380764419623e-01 -2.558639688159097814e-01 0.000000000000000000e+00
-2.477834221046205654e-01 -2.587656164776070411e-01 0.000000000000000000e+00
-5.377785740821788146e-02 -2.372930385067144321e-01 0.000000000000000000e+00
1.895593137395992084e-02 -1.556800356245261752e-01 0.000000000000000000e+00
-2.892120115039321648e-01 -3.740545123186189702e-01 0.000000000000000000e+00
1.126168773410132634e-01 -8.980176805721813704e-02 0.000000000000000000e+00
-2.929331712469301352e-01 1.337034428929531060e-01 0.000000000000000000e+00
-3.139666814247065174e-01 4.047959455505662635e-02 0.000000000000000000e+00
-1.028158864646484816e-01 1.291192210088097647e-01 0.000000000000000000e+00
-2.407437084782811376e-01 -3.137537657899358567e-01 0.000000000000000000e+00
1.179278261128999770e-02 -1.290448859414213868e-02 0.000000000000000000e+00
1.113852117727403557e-01 -4.399212803654398707e-01 0.000000000000000000e+00
1.356486542587616861e-01 2.889919561430855377e-01 0.000000000000000000e+00
2.253277832903348710e-01 6.600874392827507653e-02 0.000000000000000000e+00
2.391498532320888437e-01 2.387088154115983019e-01 0.000000000000000000e+00
4.345099125236642074e-02 -4.408428991771883854e-01 0.000000000000000000e+00
9.964346538976752432e-02 -3.556633360620786027e-02 0.000000000000000000e+00
-1.626446669362609510e-01 3.003869819450705192e-01 0.000000000000000000e+00
4.293659164791171490e-01 -3.655713482626853084e-02 0.000000000000000000e+00
-1.187764371156972421e-01 1.669707955078114647e-02 0.000000000000000000e+00
-5.102082090016562405e-02 -3.034420003305217661e-01 0.000000000000000000e+00
-1.639507309325737711e-02 6.938603162452412765e-02 0.000000000000000000e+00
-8.386441290769162948e-02 -1.893633498260823000e-01 0.000000000000000000e+00
-2.885817220795408589e-01 -6.820562009107809798e-02 0.000000000000000000e+00
-1.980807755081016863e-02 -2.337568781782959071e-01 0.000000000000000000e+00
-1.952985150862578401e-01 -1.136291952934517964e-03 0.000000000000000000e+00
-4.202347378351345975e-01 1.442932845302346070e-02 0.000000000000000000e+00
3.296976375810982129e-01 2.545224533675273515e-02 0.000000000000000000e+00
3.921618827318037459e-01 -7.958977995052646248e-02 0.000000000000000000e+00
-1.103392979589565143e-01 3.746719608420895353e-01 0.000000000000000000e+00
-2.560406985745077302e-01 -3.501245559806360763e-01 0.000000000000000000e+00
-3.252668503935687849e-01 -1.476171365455257456e-01 0.000000000000000000e+00
-3.340238203227143821e-01 -9.718426310831722315e-02 0.000000000000000000e+00
2.089809112258186330e-01 -9.084718670284701314e-02 0.000000000000000000e+00
-2.252226963622634692e-01 -6.415011413085578145e-05 0.000000000000000000e+00
3.585947944696124415e-04 3.041404118572988979e-01 0.000000000000000000e+00
1.563732495934995470e-01 1.531488679551645526e-01 0.000000000000000000e+00
-1.623556374388324397e-01 -3.254897787637714979e-01 0.000000000000000000e+00
7.268044057869460506e-02 -1.734133820103097301e-01 0.000000000000000000e+00
6.634905613819266912e-02 -2.778188586350281986e-01 0.000000000000000000e+00
-9.474256317688256601e-02 -3.328585918033545310e-01 0.000000000000000000e+00
3.083396069650809479e-01 1.777555165447715080e-01 0.000000000000000000e+00
-2.678707193257129915e-01 7.300932788263425621e-02 0.000000000000000000e+00
3.618602615342723094e-01 2.842350409721704496e-01 0.000000000000000000e+00
-3.489944476178448163e-01 1.278474059133563601e-01 0.000000000000000000e+00
-5.573827694306957015e-02 3.167463548863062028e-01 0.000000000000000000e+00
-1.071269865875594252e-01 2.302456826697132919e-02 0.000000000000000000e+00
3.450368497172738858e-01 -1.952450643848146691e-02 0.000000000000000000e+00
2.356394218043988964e-01 -4.004122856251723372e-01 0.000000000000000000e+00
-3.278632210511243095e-01 9.738133072863353057e-02 0.000000000000000000e+00
-2.375795290617228606e-01 3.821265330921070902e-01 0.000000000000000000e+00
4.455656317428775826e-02 -4.538173317678630414e-01 0.000000000000000000e+00
3.659349117826192210e-01 -2.599436650946397864e-01 0.000000000000000000e+00
1.328965207760422762e-01 -3.900123219359483695e-01 0.000000000000000000e+00
2.436215784866345435e-01 -8.084019038593712181e-02 0.000000000000000000e+00
-3.735462433547368649e-02 2.504095543648423572e-01 0.000000000000000000e+00
7.588050307122636007e-02 -2.032478955324049652e-01 0.000000000000000000e+00
-7.657973760400270391e-02 -2.742618889975551588e-01 0.000000000000000000e+00
-2.837969732943715351e-01 2.843913990329632879e-01 0.000000000000000000e+00
-6.168101798990117263e-02 3.145787892318360202e-01 0.000000000000000000e+00
1.581272642683738405e-02 -4.701002185478833639e-02 0.000000000000000000e+00
-1.906053101927915328e-01 -4.437830084328183572e-02 0.000000000000000000e+00
3.191419542316865643e-01 -3.329820412200082402e-01 0.000000000000000000e+00
-4.492336984212125794e-01 -3.564641581274989590e-02 0.000000000000000000e+00
-3.603414530960547535e-01 2.344283870091188604e-01 0.000000000000000000e+00
-2.282639721219501538e-01 -3.224535312669737919e-01 0.000000000000000000e+00
3.367342263430395666e-01 -1.877876110471623228e-01 0.000000000000000000e+00
-4.586004552930775247e-01 1.286839492838738608e-01 0.000000000000000000e+00
-1.708233635794723371e-01 3.708216902959018957e-01 0.000000000000000000e+00
-1.459373491083441055e-01 -5.646232866749335833e-02 0.000000000000000000e+00
-6.748126897389496170e-02 2.692172037145511565e-01 0.000000000000000000e+00
1.174994148660547938e-01 2.981102653246717193e-01 0.000000000000000000e+00
3.070163035457822501e-02 4.424490984246673975e-01 0.000000000000000000e+00
4.494938993559964291e-01 9.898337297296770643e-03 0.000000000000000000e+00
3.561453831269776882e-01 -4.003982455522148848e-02 0.000000000000000000e+00
6.563564618902920089e-02 -3.073105740532932062e-01 0.000000000000000000e+00
3.245661279326856885e-01 -7.117332303237683400e-02 0.000000000000000000e+00
1.581244360732315946e-01 -1.869333878930095616e-01 0.000000000000000000e+00
2.198944239926493016e-01 1.534349152777048086e-01 0.000000000000000000e+00
-4.484075843519261251e-02 -8.346136834854699354e-04 0.000000000000000000e+00
2.222843974365634467e-01 -1.832107586108472699e-02 0.000000000000000000e+00
2.097968583351443594e-01 -2.446682598958851984e-01 0.000000000000000000e+00
1.603917577520057036e-01 4.455132369153222416e-02 0.000000000000000000e+00
-3.226141096909673767e-02 2.307855790676213159e-01 0.000000000000000000e+00
-1.381804769124876375e-01 -3.729237318510142396e-01 0.000000000000000000e+00
-1.269863450717188535e-01 2.046636537037085646e-01 0.000000000000000000e+00
-1.429892781659783674e-01 2.246498668699297152e-01 0.000000000000000000e+00
-1.558917329632848736e-01 -2.128661996674191259e-01 0.000000000000000000e+00
-4.108523503013344347e-01 -4.797893375592542434e-03 0.000000000000000000e+00
8.562947400036548251e-02 4.636009856508207516e-01 0.000000000000000000e+00
-7.608450465276013486e-02 2.467359789383968272e-01 0.000000000000000000e+00
-2.494461159337699740e-01 -5.408051419539477295e-02 0.000000000000000000e+00
1.936125642601767283e-01 1.780275884191136193e-01 0.000000000000000000e+00
-2.165610223125105649e-01 -2.799410810495840396e-01 0.000000000000000000e+00
4.607379743299896274e-02 2.892039174442009308e-01 0.000000000000000000e+00
8.470342012631985884e-02 2.283406076184829880e-01 0.000000000000000000e+00
-2.000582588041682208e-01 2.039935601761857370e-02 0.000000000000000000e+00
1.616393052530072094e-01 -4.052386920928551656e-02 0.000000000000000000e+00
7.722009785744299304e-02 -1.221253732604929698e-01 0.000000000000000000e+00
1.003123236542904397e-02 -3.108097698235109396e-01 0.000000000000000000e+00
1.683382648450146638e-02 -3.938116816534603104e-01 0.000000000000000000e+00
3.197374464208916911e-01 1.539115497249976816e-01 0.000000000000000000e+00
-4.577065503860045514e-01 7.940816537422822887e-04 0.000000000000000000e+00
5.217130620847224703e-02 -2.804328973405599210e-02 0.000000000000000000e+00
3.649923240524270002e-02 -1.516940528517890796e-01 0.000000000000000000e+00
1.143965896024762008e-01 2.669504006825494224e-03 0.000000000000000000e+00
1.060733338040737717e-01 3.924817164864248531e-02 0.000000000000000000e+00
3.490198363619288480e-01 7.437032806287340037e-02 0.000000000000000000e+00
1.104918851161992427e-01 1.801548805943339326e-01 0.000000000000000000e+00
-1.247569896784285065e-01 -3.624107425445792230e-01 0.000000000000000000e+00
2.986483715011600815e-01 -1.006318982313422900e-01 0.000000000000000000e+00
1.603170981198580869e-01 2.422461675606603360e-01 0.000000000000000000e+00
9.507896236757728062e-03 -2.527966913360695789e-01 0.000000000000000000e+00
-4.609446766853652622e-01 -9.239109670630742122e-02 0.000000000000000000e+00
-7.243685073804377594e-02 -8.897080797580872447e-02 0.000000000000000000e+00
-1.060785309719543129e-01 -3.103657113652237912e-03 0.000000000000000000e+00
-6.399369260426626682e-02 3.655138706164420270e-01 0.000000000000000000e+00
1.650433395892671462e-01 2.667777273194896215e-01 0.000000000000000000e+00
-2.213671002512606900e-01 -1.343850758309857174e-01 0.000000000000000000e+00
-8.407065203782594642e-02 -2.073772584098587668e-01 0.000000000000000000e+00
-3.830655678430904681e-02 -1.074708056497643543e-03 0.000000000000000000e+00
-2.170387933123499868e-01 2.743548283280862754e-01 0.000000000000000000e+00
-2.952897998439992233e-01 3.501859762454615499e-01 0.000000000000000000e+00
1.569506258356596629e-01 7.292624984371640084e-02 0.000000000000000000e+00
3.077272124930703345e-01 6.042259040639461759e-02 0.000000000000000000e+00
2.693472536567877509e-02 -1.188024091121935022e-01 0.000000000000000000e+00
-3.091963003641639562e-01 2.576039150582133952e-01 0.000000000000000000e+00
1.280475533452970216e-01 -3.137066583235568196e-01 0.000000000000000000e+00
-3.188744801185310340e-01 -1.517939129245239049e-01 0.000000000000000000e+00
-6.777723477929759044e-02 -7.486476668752793662e-02 0.000000000000000000e+00
-1.290739491945273876e-01 -1.718757667347520779e-01 0.000000000000000000e+00
4.148557548842393694e-02 1.608563070947216234e-01 0.000000000000000000e+00
-1.496478253538691405e-01 3.578673573874182057e-01 0.000000000000000000e+00
-3.462035500035491875e-01 -1.881042553118899008e-01 0.000000000000000000e+00
7.376788693110543360e-02 -7.114498586378210920e-02 0.000000000000000000e+00
-3.605758390013010795e-01 2.769775323116298593e-01 0.000000000000000000e+00
7.376155914172398409e-02 4.844350687478348738e-01 0.000000000000000000e+00
1.479207297530415188e-01 3.814569063363211776e-01 0.000000000000000000e+00
3.420690592267845442e-01 2.671881294232400159e-02 0.000000000000000000e+00
-1.411839297612736965e-01 -4.060234945781220940e-03 0.000000000000000000e+00
1.774938125826648894e-01 3.507363656251222817e-01 0.000000000000000000e+00
-2.651211999226611993e-01 4.847328422839442680e-02 0.000000000000000000e+00
8.689089652596228286e-02 -1.431139793307902308e-01 0.000000000000000000e+00
1.027683898246553318e-01 2.290921041152735871e-01 0.000000000000000000e+00
-4.027764752802205916e-01 -7.207873640983732122e-02 0.000000000000000000e+00
2.868042794329206391e-01 -7.748947027210024985e-02 0.000000000000000000e+00
1.307944333405728077e-01 3.697043230954707993e-02 0.000000000000000000e+00
2.989530152610503366e-01 6.704309889477530482e-02 0.000000000000000000e+00
4.583528980597472158e-01 1.004934805547157833e-01 0.000000000000000000e+00
-3.187353222358225713e-01 3.159926135289016502e-02 0.000000000000000000e+00
-6.225011173059996628e-02 -2.981473372037722891e-01 0.000000000000000000e+00
-3.147159521711109242e-01 -1.692499511142468993e-01 0.000000000000000000e+00
-2.008540726792371750e-02 -1.039322475463173717e-01 0.000000000000000000e+00
-6.458587340533757104e-02 2.454750332644643415e-02 0.000000000000000000e+00
2.245277968899520027e-01 -1.986459006115053882e-01 0.000000000000000000e+00
1.119701914771399631e-01 4.807180920841634397e-01 0.000000000000000000e+00
-3.412262978116267220e-01 -2.376807330003714858e-01 0.000000000000000000e+00
7.342713195681255245e-02 4.301485972977384109e-02 0.000000000000000000e+00
2.338184333055891018e-01 -1.363012869361395207e-01 0.000000000000000000e+00
-2.034873533663810741e-01 9.082546965561553998e-02 0.000000000000000000e+00
-2.718300811544233087e-01 -2.989277848450568043e-02 0.000000000000000000e+00
-2.100319912545852152e-01 1.880019887340724782e-01 0.000000000000000000e+00
1.318067295450796317e-01 -1.531566113205609092e-01 0.000000000000000000e+00
6.458349699953910839e-02 -1.238071551406483561e-01 0.000000000000000000e+00
-1.896765837987940684e-01 -4.060778941431069655e-01 0.000000000000000000e+00
-1.487906776674422504e-01 3.019436528588503865e-01 0.000000000000000000e+00
-1.937165972824138604e-01 -4.550676488774992312e-01 0.000000000000000000e+00
-9.921191464169636098e-02 2.684909783307559694e-01 0.000000000000000000e+00
-9.230566630679438306e-03 -3.928256548373407209e-01 0.000000000000000000e+00
3.728817046596424878e-01 1.941870126784430448e-03 0.000000000000000000e+00
-1.176156606919294689e-01 -7.076617684744898606e-02 0.000000000000000000e+00
-1.978069619873402407e-01 -3.644098381453816926e-01 0.000000000000000000e+00
-3.791849145186529380e-01 1.081679475602737722e-02 0.000000000000000000e+00
-3.200412196992356573e-01 1.930080790703582183e-01 0.000000000000000000e+00
-1.809388508436109988e-01 -2.083937363628126649e-01 0.000000000000000000e+00
2.183397494917050860e-02 -2.915971480208914279e-01 0.000000000000000000e+00
8.777720489177941177e-02 -3.046091975929181017e-01 0.000000000000000000e+00
-3.762586936416293937e-01 7.215219029048645927e-02 0.000000000000000000e+00
-2.479995016571091004e-01 -3.220229750400999125e-01 0.000000000000000000e+00
-4.250239266031569790e-02 1.488223143796508219e-01 0.000000000000000000e+00
3.738696199950973797e-01 2.444504005439535402e-02 0.000000000000000000e+00
-1.993753131121890620e-01 -3.021300284956492943e-01 0.000000000000000000e+00
3.156390151689583701e-01 3.153597014897513429e-01 0.000000000000000000e+00
-1.503148502287374733e-01 2.737228013117750658e-01 0.000000000000000000e+00
1.808592713553901568e-02 -2.884403293105788912e-01 0.000000000000000000e+00
-1.820638915617328046e-01 -2.376475222973805368e-01 0.000000000000000000e+00
-1.279482467779251564e-01 -1.059324223910275559e-01 0.000000000000000000e+00
2.183208124340131895e-01 -1.880359050217887962e-01 0.000000000000000000e+00
2.567059330209056286e-03 -3.526105568347832064e-01 0.000000000000000000e+00
-1.235183111262208588e-01 4.452680505584513670e-01 0.000000000000000000e+00
-3.337880402145368408e-01 1.875202319559173270e-01 0.000000000000000000e+00
-2.369826494927396859e-02 4.270657267553413239e-01 0.000000000000000000e+00
2.632052275050916768e-02 -1.857652690279405772e-01 0.000000000000000000e+00
-8.129247824584247273e-02 2.058179356226796930e-01 0.000000000000000000e+00
-3.786508957902542383e-01 -1.180370533617521381e-02 0.000000000000000000e+00
1.252985995231344074e-01 -3.243798600773216134e-01 0.000000000000000000e+00
4.477799254816863805e-01 -2.191484941399458874e-01 0.000000000000000000e+00
2.883556607198586308e-01 -1.515100702220653628e-01 0.000000000000000000e+00
5.888978353795494558e-02 -2.568150483696061137e-01 0.000000000000000000e+00
-1.628546700794503699e-01 3.308151778703108392e-01 0.000000000000000000e+00
1.645340584243249749e-01 -3.345596701516940774e-01 0.000000000000000000e+00
8.705631165074877512e-03 -2.825333498763368811e-01 0.000000000000000000e+00
4.107709159874861626e-01 2.023948082027769713e-02 0.000000000000000000e+00
-1.050002653399344926e-01 -1.688731785053592949e-01 0.000000000000000000e+00
1.969003447009305685e-02 2.509392254945221890e-01 0.000000000000000000e+00
-2.198727933514416366e-01 -3.170641660436018250e-01 0.000000000000000000e+00
-8.794763987891038304e-02 7.978276893857784435e-02 0.000000000000000000e+00
9.539217091874277465e-02 -3.258919457549016019e-01 0.000000000000000000e+00
1.089588250415193804e-01 -1.998547317321606454e-01 0.000000000000000000e+00
-4.405121406335772982e-01 7.536394651243862042e-02 0.000000000000000000e+00
3.522523947302247382e-01 -3.374589250887380376e-01 0.000000000000000000e+00
7.976079415414427665e-02 3.113358316972686390e-01 0.000000000000000000e+00
-1.897710850043205499e-01 1.638271764628067284e-01 0.000000000000000000e+00
3.634613387109043026e-01 -5.185756674528936572e-02 0.000000000000000000e+00
-3.246753514619601932e-01 -2.895896544598809408e-01 0.000000000000000000e+00
1.860247927160424419e-01 -3.556237577339674827e-01 0.000000000000000000e+00
2.086589791479771250e-01 1.145275877097814109e-02 0.000000000000000000e+00
-1.850544621579946480e-01 1.253844175148733087e-01 0.000000000000000000e+00
-3.850507415800813460e-01 -2.185391465298373581e-01 0.000000000000000000e+00
2.678695535701043906e-01 -3.883173230938307685e-01 0.000000000000000000e+00
-1.594115217081737146e-01 -4.155435813311081361e-01 0.000000000000000000e+00
-3.418683616038190043e-01 -2.002836993570523971e-01 0.000000000000000000e+00
1.992627060721953725e-01 3.077142563274933296e-01 0.000000000000000000e+00
-1.084208013510584712e-02 3.736122840491048480e-01 0.000000000000000000e+00
3.760510347016571830e-01 -3.073013592094056556e-01 0.000000000000000000e+00
-2.282493334198278101e-01 -4.070514263687069478e-01 0.000000000000000000e+00
3.143717999989494305e-01 -8.102828462510038021e-02 0.000000000000000000e+00
-4.132958039845505138e-02 4.722185965213745451e-01 0.000000000000000000e+00
-2.075075714046008823e-01 1.856828408636039540e-01 0.000000000000000000e+00
-3.846840577466114075e-01 -2.012287370329560524e-02 0.000000000000000000e+00
-2.605500007955885988e-01 -4.139082244820965761e-02 0.000000000000000000e+00
2.504594260327051569e-01 -1.275775844809759196e-01 0.000000000000000000e+00
3.262713659890907336e-01 2.960229070301374499e-01 0.000000000000000000e+00
-2.983397450425446379e-02 -3.140722736116260960e-01 0.000000000000000000e+00
-2.837254179204774795e-02 -1.981122662686815028e-01 0.000000000000000000e+00
-2.339225030157079388e-01 -9.993666157629287061e-02 0.000000000000000000e+00
1.272760037130823418e-01 9.738070132998320749e-02 0.000000000000000000e+00
-1.188409426516033457e-01 -1.338889175040738344e-01 0.000000000000000000e+00
4.605436254470234025e-03 -4.064618942288812375e-01 0.000000000000000000e+00
6.589389078576399217e-02 1.141641279300176365e-01 0.000000000000000000e+00
-4.471376088576390906e-01 -3.690569398683925945e-02 0.000000000000000000e+00
-1.723213014821490807e-01 -6.692539355473002549e-02 0.000000000000000000e+00
-2.524165068348449559e-01 2.200144711799173758e-01 0.000000000000000000e+00
-1.912906515503972338e-01 -7.370498309879165710e-02 0.000000000000000000e+00
1.601493599247576227e-01 8.005695150177299935e-02 0.000000000000000000e+00
-2.047729694305197301e-01 -7.210929108141539423e-02 0.000000000000000000e+00
-4.999993447105468419e-02 1.450565741450914881e-01 0.000000000000000000e+00
-2.665775125347354946e-01 -5.216151116715223718e-02 0.000000000000000000e+00
2.868480137660307516e-01 1.487800093422899372e-01 0.000000000000000000e+00
2.856089339051846587e-01 2.275223625322146392e-01 0.000000000000000000e+00
9.903993735142853361e-02 1.252157262945002014e-01 0.000000000000000000e+00
3.789950165200001719e-01 6.871076125855686556e-02 0.000000000000000000e+00
1.695136435245919171e-01 -2.292217291433270576e-01 0.000000000000000000e+00
-1.528013827868460461e-01 -1.179647858496626900e-01 0.000000000000000000e+00
2.403960152540164930e-01 -1.258727971573820048e-01 0.000000000000000000e+00
-3.359512560998463848e-01 3.036654202652259160e-01 0.000000000000000000e+00
-8.653746216810886960e-02 1.979949067893573833e-01 0.000000000000000000e+00
3.002008150664357000e-01 -9.759224678064952474e-02 0.000000000000000000e+00
6.739956866949232961e-02 -3.483182898646843828e-01 0.000000000000000000e+00
3.253384894968988639e-01 -2.796664313822078696e-01 0.000000000000000000e+00
-4.719036078695400260e-02 3.941107106765032730e-01 0.000000000000000000e+00
-2.589847088345014758e-01 3.905871233225440275e-01 0.000000000000000000e+00
-6.049052970307700755e-02 -1.573933345633806991e-01 0.000000000000000000e+00
2.847514326184745204e-01 -8.419331919019171218e-02 0.000000000000000000e+00
2.057895390882094611e-02 -1.049058977863117220e-01 0.000000000000000000e+00
-1.291104179304407851e-01 -7.361009843984191170e-02 0.000000000000000000e+00
1.481528243002655787e-01 9.258620451538393872e-03 0.000000000000000000e+00
-1.012624496242939681e-01 2.023063607463503055e-01 0.000000000000000000e+00
-4.277726891075547266e-01 1.416152455834027157e-01 0.000000000000000000e+00
6.981715627201770524e-02 -3.848652065129137267e-01 0.000000000000000000e+00
-1.937121320714484674e-01 -3.374348155337227040e-02 0.000000000000000000e+00
-1.231761420588579348e-01 2.669509906685492706e-01 0.000000000000000000e+00
-1.408544414730110994e-01 -2.886500665544309840e-01 0.000000000000000000e+00
3.585540681763029203e-01 -1.848212237295599747e-01 0.000000000000000000e+00
2.888878445945852746e-01 2.260446846115152786e-01 0.000000000000000000e+00
-1.131676730744318043e-02 2.874482382354818233e-01 0.000000000000000000e+00
-3.380389699169185358e-02 -8.887801207110884727e-02 0.000000000000000000e+00
-2.091990691247898881e-01 -8.449164733443313702e-02 0.000000000000000000e+00
8.245823089131619488e-02 5.524513401111005167e-02 0.000000000000000000e+00
-2.774388974482910886e-01 9.641368330799787723e-02 0.000000000000000000e+00
1.537988848033805256e-01 5.501285424430418791e-02 0.000000000000000000e+00
-9.279637907797884389e-02 2.067888027737853351e-02 0.000000000000000000e+00
1.045483226466379784e-01 -1.055303679527465482e-01 0.000000000000000000e+00
2.807091375132684807e-01 2.296740005568999876e-01 0.000000000000000000e+00
-1.512935879073293854e-01 -1.632591983777116618e-01 0.000000000000000000e+00
-1.745115603063195908e-01 1.151966923743693166e-01 0.000000000000000000e+00
3.737413781051541761e-01 6.683349683885046744e-02 0.000000000000000000e+00
-3.808663037110618377e-02 -3.337598021760688760e-01 0.000000000000000000e+00
-4.078937456432498582e-02 2.277320982344909761e-01 0.000000000000000000e+00
4.906387184461959150e-02 5.050691568789562706e-03 0.000000000000000000e+00
-1.840390255405506270e-01 2.043037714853575271e-01 0.000000000000000000e+00
3.956768997008912603e-01 1.250745148103716564e-01 0.000000000000000000e+00
-2.351481311128857665e-01 -3.759700823394373503e-01 0.000000000000000000e+00
-2.670748559873760697e-01 -4.971400275856924234e-02 0.000000000000000000e+00
1.189117527614288045e-01 -4.268625736227908973e-01 0.000000000000000000e+00
-2.127622555743585997e-01 -1.240898769412676628e-02 0.000000000000000000e+00
2.179929577303738875e-01 -2.463293113857163430e-01 0.000000000000000000e+00
4.541066926559945149e-01 -4.631519194233243812e-03 0.000000000000000000e+00
-2.143656594795428361e-01 -2.591112290030297416e-01 0.000000000000000000e+00
1.294365689731605783e-02 2.746664861804916091e-01 0.000000000000000000e+00
2.366653157848337130e-01 -5.836438344345924734e-02 0.000000000000000000e+00
-7.194569185322146135e-03 -1.065772076715680167e-01 0.000000000000000000e+00
-2.279710768972995905e-01 9.715466262300340161e-02 0.000000000000000000e+00
1.673112272277601509e-01 3.596234579825503819e-02 0.000000000000000000e+00
-3.588806508285322661e-01 -2.819119003536596502e-01 0.000000000000000000e+00
1.280939597125102525e-01 -2.525670307841463291e-01 0.000000000000000000e+00
-1.944536748320630781e-01 2.866648649913772773e-01 0.000000000000000000e+00
3.225132366638486792e-01 2.600674473050735291e-01 0.000000000000000000e+00
-1.426152156288135187e-01 -3.371612440642359210e-01 0.000000000000000000e+00
-5.740604457606649641e-02 -4.139871055960302887e-02 0.000000000000000000e+00
2.776843335584228134e-01 8.441928765495536335e-02 0.000000000000000000e+00
3.583383222379366018e-02 -3.252986296717196302e-01 0.000000000000000000e+00
1.462638054085615980e-01 2.294764930652823387e-01 0.000000000000000000e+00
4.518032440635166153e-02 4.413051481459914216e-01 0.000000000000000000e+00
8.784739466474277350e-03 9.388379038759248063e-02 0.000000000000000000e+00
3.487424008515299101e-01 -4.237607276375802978e-02 0.000000000000000000e+00
7.046962963133117028e-03 -1.692969217322667363e-01 0.000000000000000000e+00
-3.870482404467072146e-01 -5.114337837712636115e-02 0.000000000000000000e+00
-7.913298835975658696e-02 -9.830111207557451491e-02 0.000000000000000000e+00
2.550820982074448739e-01 -3.916529557896007430e-01 0.000000000000000000e+00
1.113739820823199944e-01 9.611915911344828811e-02 0.000000000000000000e+00
-2.572605347936923748e-01 2.771791821114751309e-01 0.000000000000000000e+00
-2.307618441696227540e-01 1.912181044250046980e-02 0.000000000000000000e+00
2.527192966253895001e-01 3.011913663694794074e-01 0.000000000000000000e+00
2.970031978276386209e-01 2.025549850808976426e-01 0.000000000000000000e+00
-1.693313977939728265e-01 9.184080681000411639e-02 0.000000000000000000e+00
8.793407780505878291e-02 -3.274355378574515529e-01 0.000000000000000000e+00
1.121030000700188184e-01 2.371006598360231310e-01 0.000000000000000000e+00
2.855845887422518992e-01 -1.451953061048961713e-01 0.000000000000000000e+00
4.635701621019808899e-02 -1.626581031195412641e-01 0.000000000000000000e+00
-1.040513084547978750e-01 -1.510730563833030497e-02 0.000000000000000000e+00
-2.800900243621489150e-01 -1.496361353465396338e-01 0.000000000000000000e+00
5.630316859893801790e-02 1.362885644625514148e-01 0.000000000000000000e+00
-3.840157154203051593e-01 2.777629313879302897e-01 0.000000000000000000e+00
3.949056883908734217e-01 1.894252446676125967e-01 0.000000000000000000e+00
-3.070153654474964688e-01 2.500448974696742321e-01 0.000000000000000000e+00
-1.007250724660472552e-01 -1.095159030361416153e-01 0.000000000000000000e+00
-3.366278905958358103e-01 2.092405975687034458e-01 0.000000000000000000e+00
-8.177265807728084646e-02 1.613610451715504213e-01 0.000000000000000000e+00
-2.166971588037070462e-01 -3.679153119479442458e-01 0.000000000000000000e+00
-2.624632495778945196e-01 1.726777710063756577e-01 0.000000000000000000e+00
-6.440512142681265040e-02 1.317065669026707964e-01 0.000000000000000000e+00
1.529235588244206301e-01 -3.901622687539628154e-01 0.000000000000000000e+00
-2.542357056561569406e-01 -1.249314576094796431e-01 0.000000000000000000e+00
3.329196808206217884e-01 1.628837131670543836e-01 0.000000000000000000e+00
-1.083620598630399279e-01 -4.217491015400116616e-01 0.000000000000000000e+00
2.558397950082914596e-01 -3.200228513449522860e-01 0.000000000000000000e+00
2.102110979220614406e-02 -2.643704819630595115e-01 0.000000000000000000e+00
-3.230537750909143746e-01 -3.388594521327883413e-01 0.000000000000000000e+00
-2.287819543191122740e-01 8.380972152041485379e-02 0.000000000000000000e+00
6.773654595705938530e-02 3.255707984606466265e-01 0.000000000000000000e+00
3.701332963184117419e-01 -1.934782861017003419e-01 0.000000000000000000e+00
4.410117998562493868e-01 1.704573965637188326e-01 0.000000000000000000e+00
-3.788752775905462888e-02 2.894617048354247713e-01 0.000000000000000000e+00
-2.757384870893487272e-01 -1.663718666382102140e-01 0.000000000000000000e+00
-1.328394411011166454e-01 -3.991933684199950871e-01 0.000000000000000000e+00
1.766424687537524463e-01 -3.241500589751581396e-01 0.000000000000000000e+00
7.539016629076164371e-03 -4.960497919738077188e-01 0.000000000000000000e+00
-9.055959557089289513e-02 -1.754513791818979318e-01 0.000000000000000000e+00
-8.012320611085216315e-02 1.768087790944540549e-01 0.000000000000000000e+00
-2.626606986482424907e-03 1.600323441716874073e-01 0.000000000000000000e+00
3.436301087368370255e-01 1.841935082824129946e-02 0.000000000000000000e+00
3.859712763556791271e-01 -2.003980584952742006e-01 0.000000000000000000e+00
-3.938181197785204507e-02 3.151406744986085529e-01 0.000000000000000000e+00
6.443905468351869212e-03 1.604468486737996857e-01 0.000000000000000000e+00
2.324875788101326279e-01 -1.708491933051211331e-01 0.000000000000000000e+00
9.868073095157399444e-02 6.730577816061725227e-02 0.000000000000000000e+00
-3.114608256945770037e-01 -5.905174787472884657e-02 0.000000000000000000e+00
-1.097117608835997543e-01 5.652840093352715090e-02 0.000000000000000000e+00
3.301955850308587737e-01 -2.776058315630465789e-01 0.000000000000000000e+00
3.652874832637461600e-01 3.216725090112106111e-02 0.000000000000000000e+00
3.753495118131364716e-01 -1.218800126700829711e-01 0.000000000000000000e+00
6.628399983979507692e-02 -4.122709906120066714e-01 0.000000000000000000e+00
-1.310580468191936410e-01 -1.807282586468995367e-01 0.000000000000000000e+00
-4.588614444368760426e-01 1.151958537975062286e-01 0.000000000000000000e+00
-1.173746649415075283e-01 1.482381121596680895e-01 0.000000000000000000e+00
4.420315197466909707e-01 1.180085250962070557e-02 0.000000000000000000e+00
2.381111266260494130e-01 1.291363885970106817e-01 0.000000000000000000e+00
2.062805031260696031e-01 -1.417063877861203247e-01 0.000000000000000000e+00
-3.419424543682628159e-01 1.656703819551239854e-01 0.000000000000000000e+00
-9.685178280095298534e-03 2.967689083299476782e-01 0.000000000000000000e+00
-1.922193312800996867e-01 3.765716679783448484e-01 0.000000000000000000e+00
-2.180200965651127587e-01 -1.697772535357089385e-02 0.000000000000000000e+00
-3.611740660350646996e-03 1.800495495368941157e-01 0.000000000000000000e+00
-4.218877077191451365e-03 1.531322791145068862e-01 0.000000000000000000e+00
-1.777017300400505206e-01 1.697181866423720931e-01 0.000000000000000000e+00
-2.732214746330800499e-04 4.855615024930277634e-01 0.000000000000000000e+00
-2.156015269163236714e-01 -2.489509777861366735e-01 0.000000000000000000e+00
-1.692972410045225640e-01 1.065818937470576072e-01 0.000000000000000000e+00
-3.339376691820187815e-01 -1.655390252827859676e-01 0.000000000000000000e+00
-1.303390139961412009e-02 -3.916052647377465945e-01 0.000000000000000000e+00
-2.857192328708497153e-01 5.391053251041280636e-02 0.000000000000000000e+00
4.017195580249007247e-01 9.612163488451350157e-02 0.000000000000000000e+00
-2.222447536810622515e-01 -1.308980976311201749e-01 0.000000000000000000e+00
-3.249279585202792531e-02 -1.435848686492043336e-01 0.000000000000000000e+00
2.625486466093717719e-01 -1.137204041968402635e-01 0.000000000000000000e+00
-1.992063823489157726e-01 -2.726475771584466745e-01 0.000000000000000000e+00
-9.485709434607703106e-02 -3.906526998238342152e-01 0.000000000000000000e+00
2.137551562210493472e-01 -3.516983757703571745e-01 0.000000000000000000e+00
1.103298521396350873e-01 2.323211211864663062e-01 0.000000000000000000e+00
2.000707073371575662e-01 -1.190275436901514633e-01 0.000000000000000000e+00
5.030571264201625509e-02 -2.671872846143071856e-01 0.000000000000000000e+00
2.493892249677386319e-01 -2.176615134154627207e-01 0.000000000000000000e+00
2.139630809009541307e-02 -1.283475439433367227e-01 0.000000000000000000e+00
3.195285902436932612e-02 -1.039718132457105870e-01 0.000000000000000000e+00
-2.177896150836716293e-03 1.956233034600851628e-01 0.000000000000000000e+00
1.486801626148307742e-01 -3.661112651896368808e-01 0.000000000000000000e+00
3.407216677100998736e-01 3.129455413410420217e-01 0.000000000000000000e+00
1.528707938952106049e-01 2.853303107243985656e-02 0.000000000000000000e+00
3.241027548838683603e-01 1.438051117563514947e-01 0.000000000000000000e+00
4.665727650479029043e-02 -2.606495318204496980e-01 0.000000000000000000e+00
-3.727681332485893034e-02 1.193391905229942429e-01 0.000000000000000000e+00
-4.263084793616199741e-01 -2.071174511921754571e-02 0.000000000000000000e+00
1.624640780308019283e-01 -4.101718824533192587e-01 0.000000000000000000e+00
2.776034510152609602e-01 2.634254274206900281e-01 0.000000000000000000e+00
-2.464767908379342232e-01 -1.467400599404747874e-01 0.000000000000000000e+00
-4.603475139442532449e-02 1.887380153653390458e-01 0.000000000000000000e+00
2.359227233836005688e-01 9.126352093841436086e-02 0.000000000000000000e+00
-1.163069474898641986e-01 3.658921653324419543e-01 0.000000000000000000e+00
-2.172797126596530681e-01 3.405989909389824932e-01 0.000000000000000000e+00
2.846997940660481521e-02 2.070144182926609011e-01 0.000000000000000000e+00
2.189968010035822921e-01 -2.857495255983776294e-01 0.000000000000000000e+00
1.725594083346220775e-01 4.282933583736727723e-01 0.000000000000000000e+00
-2.511327117910506779e-01 2.216960006994704302e-01 0.000000000000000000e+00
-2.055140949789275306e-01 3.265058200333948446e-01 0.000000000000000000e+00
4.012074202596945249e-01 2.588352048942170747e-01 0.000000000000000000e+00
2.246114356058180050e-01 3.420097362956533438e-01 0.000000000000000000e+00
-1.162332256898032518e-01 -4.061577581962196870e-01 0.000000000000000000e+00
1.683562957223030954e-01 -4.380844492269243828e-02 0.000000000000000000e+00
-3.136932991611546262e-01 3.197348811396068247e-02 0.000000000000000000e+00
3.117812572385937342e-01 2.453267049193696980e-01 0.000000000000000000e+00
-1.806729914345455434e-01 -4.090132896126925099e-01 0.000000000000000000e+00
-9.328986418065392250e-03 -1.641567143941533580e-01 0.000000000000000000e+00
-1.186591126451839728e-01 -2.389646345303477193e-01 0.000000000000000000e+00
-8.325315822504315844e-02 -4.710613520179250391e-01 0.000000000000000000e+00
2.940319275891425943e-02 3.237489888293353102e-02 0.000000000000000000e+00
1.914076524852763306e-02 -1.790660870391121984e-01 0.000000000000000000e+00
4.091786121351327910e-01 4.911059307329896512e-02 0.000000000000000000e+00
3.679916607946722151e-01 -1.302487537582432825e-02 0.000000000000000000e+00
9.609985583591063030e-02 -8.923579812435736280e-02 0.000000000000000000e+00
9.284773052667479043e-02 4.704010531442097687e-01 0.000000000000000000e+00
-1.403110718894099995e-01 -2.026212406221547246e-01 0.000000000000000000e+00
-5.668044578090625923e-02 1.824223883770365318e-01 0.000000000000000000e+00
2.360586038836075262e-01 -5.069969993644277140e-02 0.000000000000000000e+00
-2.733010130634360713e-01 3.847901799921110699e-01 0.000000000000000000e+00
-1.717789420515796472e-01 1.203018137428520096e-01 0.000000000000000000e+00
3.713277216262009239e-01 1.094835364981675691e-01 0.000000000000000000e+00
-7.574569777261223880e-02 1.334139117653665441e-01 0.000000000000000000e+00
-1.943724213679173252e-01 2.664933587862456932e-01 0.000000000000000000e+00
-7.757836216224026256e-03 -4.342734642543654711e-01 0.000000000000000000e+00
-5.272997889537537480e-02 2.231364402090338095e-01 0.000000000000000000e+00
1.385622775967952358e-01 -1.107638149158783891e-01 0.000000000000000000e+00
3.470929987781786186e-01 -1.817152346433213994e-01 0.000000000000000000e+00
2.340716715152962035e-01 3.932397374995910688e-01 0.000000000000000000e+00
-2.762728456528741328e-01 -9.869136518443571982e-02 0.000000000000000000e+00
-4.301544162055486176e-01 -3.391448107464248296e-02 0.000000000000000000e+00
-1.840874334288197522e-01 -3.884576269524073755e-01 0.000000000000000000e+00
-1.611632282716725650e-01 3.135423645880566074e-02 0.000000000000000000e+00
2.946383353799190141e-01 1.002056536323491787e-01 0.000000000000000000e+00
-5.513426171876754933e-02 -3.915551532891712871e-01 0.000000000000000000e+00
2.401456923648850883e-01 -2.924698950222421878e-01 0.000000000000000000e+00
-7.536004161088062647e-02 4.693113698027812641e-01 0.000000000000000000e+00
9.131207884921405116e-02 2.895816704802555153e-01 0.000000000000000000e+00
-3.295528117852838945e-01 1.995814489409503401e-01 0.000000000000000000e+00
-1.478813660542402375e-01 -1.425501497819350039e-01 0.000000000000000000e+00
2.839272405250924461e-02 5.774659412987848128e-02 0.000000000000000000e+00
-2.769237651075966977e-01 -1.271087529898364821e-01 0.000000000000000000e+00
-4.513493135031051290e-02 1.708445310887156746e-02 0.000000000000000000e+00
-7.758624314749570927e-02 -1.004179629903922677e-01 0.000000000000000000e+00
-1.268781611166433232e-01 -1.495433820225849052e-02 0.000000000000000000e+00
-6.292333179304999968e-02 -3.802654026952942967e-01 0.000000000000000000e+00
-3.625866905953663011e-01 -1.439321962527098653e-01 0.000000000000000000e+00
4.505278753148897475e-02 3.119044139313674191e-01 0.000000000000000000e+00
-2.058086844209094934e-01 3.232239473552839804e-01 0.000000000000000000e+00
9.039007681980018583e-02 -3.552487830688328407e-01 0.000000000000000000e+00
1.322576270789480313e-01 2.562108256049291377e-01 0.000000000000000000e+00
-2.562416698860730535e-01 -2.678938156969147277e-01 0.000000000000000000e+00
3.385277019522486830e-03 -5.551377333139884129e-02 0.000000000000000000e+00
2.709092464567944974e-02 2.356349570022943651e-01 0.000000000000000000e+00
3.124039411360072793e-01 -1.034420669092443734e-01 0.000000000000000000e+00
2.086176278825811192e-01 2.793001680294739386e-01 0.000000000000000000e+00
-3.650756049426467920e-01 -1.641505256636802412e-01 0.000000000000000000e+00
7.983375061700177799e-02 -2.960103382667462757e-01 0.000000000000000000e+00
1.731363692791277054e-01 1.295016587540872011e-01 0.000000000000000000e+00
2.461187416720587440e-01 -2.461934873865916640e-01 0.000000000000000000e+00
1.579144804019114445e-01 -1.087959003396580943e-01 0.000000000000000000e+00
-3.758251467960196379e-01 -1.223851615363019951e-01 0.000000000000000000e+00
2.313988068049913083e-01 2.496805452179774454e-01 0.000000000000000000e+00
1.584285806495366877e-01 4.495899746465586988e-01 0.000000000000000000e+00
-2.005182270681387935e-01 -1.024903987106465381e-01 0.000000000000000000e+00
1.284944101516107256e-03 2.708810586435673740e-01 0.000000000000000000e+00
-1.477680710056373803e-01 1.746014377253930216e-01 0.000000000000000000e+00
-3.644851143517899295e-01 8.976330140548532954e-02 0.000000000000000000e+00
1.612789855716257603e-01 1.715004347439829657e-01 0.000000000000000000e+00
3.106399523085219827e-01 -2.430106006924067849e-02 0.000000000000000000e+00
-2.636418708915155840e-01 -3.467921023202392150e-01 0.000000000000000000e+00
-1.900910522213204445e-01 5.928610742711112186e-02 0.000000000000000000e+00
1.920850992325177642e-01 1.533642789169634146e-02 0.000000000000000000e+00
-1.715848718763724745e-01 3.211167690622110937e-01 0.000000000000000000e+00
-2.077316323898202033e-01 -3.133433803035897136e-01 0.000000000000000000e+00
-3.676388260167601785e-01 1.531480256068420698e-01 0.000000000000000000e+00
6.865439936298900481e-02 2.467760072652502856e-02 0.000000000000000000e+00
2.090588852090531913e-01 6.140260728636201537e-02 0.000000000000000000e+00
1.306952464806184488e-01 -3.989129479203936124e-01 0.000000000000000000e+00
1.409503227915812618e-01 -1.217781500104458264e-01 0.000000000000000000e+00
1.745597456830860761e-01 2.026924961559043725e-01 0.000000000000000000e+00
-4.332411802860743899e-01 8.281303958159842715e-02 0.000000000000000000e+00
-3.475039711017349070e-02 -1.890479791337333071e-01 0.000000000000000000e+00
-2.235416414042711020e-02 -3.729294019952039130e-01 0.000000000000000000e+00
9.990472940623190690e-03 1.806729609652941715e-01 0.000000000000000000e+00
3.906904003538493320e-01 -1.806895131862265927e-02 0.000000000000000000e+00
3.174949666760097933e-01 2.083076258191714214e-01 0.000000000000000000e+00
4.360957627886530297e-01 2.394210077703592260e-02 0.000000000000000000e+00
1.270743357670444107e-01 -4.356850708430100305e-02 0.000000000000000000e+00
-3.531268776602059511e-01 3.498255979218431455e-01 0.000000000000000000e+00
-4.617204353132363381e-02 -2.999773828284393873e-01 0.000000000000000000e+00
5.219401343036277757e-02 -1.569890943265400685e-02 0.000000000000000000e+00
-3.777599100563499568e-01 -2.574588583097067174e-01 0.000000000000000000e+00
-1.196354013658795651e-01 2.117081718381959646e-03 0.000000000000000000e+00
1.443348591254884627e-01 -3.165593477753068097e-01 0.000000000000000000e+00
1.653778102448767717e-01 2.671035509741733760e-01 0.000000000000000000e+00
2.024855787064386570e-01 7.055260695127853199e-02 0.000000000000000000e+00
-1.245210324672260671e-01 -2.209042124909746940e-01 0.000000000000000000e+00
-4.825306572521694259e-01 9.564189616637069902e-02 0.000000000000000000e+00
-1.082005163625081312e-01 2.049743101925963484e-01 0.000000000000000000e+00
2.022393813966330001e-01 2.778941656903398741e-02 0.000000000000000000e+00
-1.894230488281891944e-01 -1.491718644163185781e-01 0.000000000000000000e+00
-4.776134261326826502e-01 -4.786135313672355146e-02 0.000000000000000000e+00
2.113913463478664656e-01 -6.373070952909520859e-02 0.000000000000000000e+00
2.067663305702120702e-01 -6.590896668118627344e-02 0.000000000000000000e+00
-2.151973854766274785e-01 -3.534741068948949461e-01 0.000000000000000000e+00
-2.645799609542231479e-01 -3.979713959274323171e-02 0.000000000000000000e+00
3.741257006401561003e-01 2.881380790739486164e-01 0.000000000000000000e+00
1.354142672833767713e-01 -2.144366077784319313e-01 0.000000000000000000e+00
2.832360176742991162e-02 -4.351772650844777934e-01 0.000000000000000000e+00
3.846137662717986072e-01 -4.576771326471260753e-02 0.000000000000000000e+00
9.776996519921228590e-02 4.686762667726725173e-02 0.000000000000000000e+00
-2.695523125986175050e-01 4.985603847106993836e-03 0.000000000000000000e+00
2.909376889337544903e-01 1.464166942825725626e-01 0.000000000000000000e+00
-3.642628272180527538e-01 -1.524919033105570643e-01 0.000000000000000000e+00
4.109834156979505493e-01 -1.027731521171085655e-01 0.000000000000000000e+00
-2.910743574013399670e-01 7.515435335928308258e-02 0.000000000000000000e+00
8.094716244642366498e-02 -3.922681737809327052e-01 0.000000000000000000e+00
-4.067306691668742258e-01 9.529326597152529971e-03 0.000000000000000000e+00
1.513120546909571262e-01 -3.657342768066443872e-01 0.000000000000000000e+00
3.244759738980809161e-01 8.839706465369388810e-02 0.000000000000000000e+00
-8.001843050537627488e-04 -4.775450721079518290e-01 0.000000000000000000e+00
-2.708800617881856887e-01 -1.075471143820202202e-01 0.000000000000000000e+00
2.440141445268221784e-02 4.425462855639356596e-01 0.000000000000000000e+00
-3.168617328498948837e-01 1.955880218268269966e-01 0.000000000000000000e+00
4.079021517441152600e-01 -2.532304745167455184e-01 0.000000000000000000e+00
3.125149190252932141e-01 -8.701520791820938072e-02 0.000000000000000000e+00
1.721598985274379046e-01 2.464549086828972946e-01 0.000000000000000000e+00
-1.044951004077235290e-01 -1.925061831486024888e-01 0.000000000000000000e+00
1.269264082802277760e-01 2.872246170423758405e-01 0.000000000000000000e+00
-1.251330006177787391e-01 -1.269434487695587921e-01 0.000000000000000000e+00
3.007077527716546239e-01 3.666798090178501890e-01 0.000000000000000000e+00
2.284217152475344348e-01 1.326853544007624008e-01 0.000000000000000000e+00
-6.671766447930657824e-03 -2.505712938653859023e-01 0.000000000000000000e+00
-8.748624656412228029e-02 2.040413770400908711e-01 0.000000000000000000e+00
-2.416321945266186877e-01 -6.768303224048501099e-02 0.000000000000000000e+00
-4.839256836734386058e-02 -1.894677872531990714e-01 0.000000000000000000e+00
3.248306077673950854e-01 -3.688782249296657656e-01 0.000000000000000000e+00
1.901093887413771721e-01 1.277162624476402830e-01 0.000000000000000000e+00
1.217040034129246856e-01 2.548931423659212339e-02 0.000000000000000000e+00
1.618860869516685827e-03 3.016878636328808594e-01 0.000000000000000000e+00
-4.503608254722822335e-01 1.207170612147367844e-01 0.000000000000000000e+00
-4.034890444550851551e-01 -8.766794254429263744e-02 0.000000000000000000e+00
7.846716757108543328e-02 3.202555746803762426e-01 0.000000000000000000e+00
3.171543422060610351e-01 -2.435983335614843037e-01 0.000000000000000000e+00
-1.334870623156695912e-01 -1.054003782729637066e-02 0.000000000000000000e+00
-3.100109993274122178e-01 1.388665727669243510e-01 0.000000000000000000e+00
-1.180111146275942130e-01 2.506726934884614955e-01 0.000000000000000000e+00
-8.274184393946695804e-02 2.551922184728024415e-02 0.000000000000000000e+00
-1.293985117236981508e-01 -4.151186943602396817e-01 0.000000000000000000e+00
2.811778419525341466e-01 -9.533657710366037763e-02 0.000000000000000000e+00
-4.053554463675641539e-01 1.672618563711275597e-01 0.000000000000000000e+00
2.435649489775054133e-01 4.439276584844609186e-02 0.000000000000000000e+00
3.446236431544619783e-01 1.171333281394915798e-01 0.000000000000000000e+00
-5.361643577537084787e-02 2.997841753116934349e-01 0.000000000000000000e+00
3.003879849694114645e-03 1.022587697459063361e-01 0.000000000000000000e+00
-1.340996165056396183e-01 -3.549514884607187781e-01 0.000000000000000000e+00
3.984482613679294905e-01 -2.041192087473653882e-01 0.000000000000000000e+00
3.853362491215571728e-01 6.737890750621551572e-02 0.000000000000000000e+00
-8.315446412860108549e-02 -1.119912290417307832e-01 0.000000000000000000e+00
-6.512105814256632930e-02 -4.588735976631738156e-01 0.000000000000000000e+00
-3.095740545918156394e-01 -3.215417568657840675e-01 0.000000000000000000e+00
4.602434813946611192e-02 1.101192258407912156e-01 0.000000000000000000e+00
5.123869136852245154e-02 -9.333806737563300759e-02 0.000000000000000000e+00
-3.943730365060838516e-01 -5.218329429278883991e-02 0.000000000000000000e+00
-4.200824304655633168e-01 -5.488655130991406533e-02 0.000000000000000000e+00
-2.967866904674090409e-02 1.322250417482360996e-01 0.000000000000000000e+00
-3.058205716306628408e-01 -2.246995990604247484e-01 0.000000000000000000e+00
1.009649331240540793e-01 -1.373024484882527096e-01 0.000000000000000000e+00
1.767054789153686134e-01 2.484606393526012924e-01 0.000000000000000000e+00
-8.883202946381049681e-02 1.554007784013821669e-01 0.000000000000000000e+00
-4.887495592040905223e-01 -5.630399980851174407e-02 0.000000000000000000e+00
-3.569777894165038906e-02 -1.865475131750602700e-01 0.000000000000000000e+00
1.308235248456537936e-03 -6.265963091745795077e-02 0.000000000000000000e+00
-6.041181475752045033e-02 2.239615299302111229e-01 0.000000000000000000e+00
-1.656430829342570021e-01 1.732396277290706721e-01 0.000000000000000000e+00
3.253985104806505352e-02 1.172319778055547074e-01 0.000000000000000000e+00
2.409352618778923538e-01 -3.959050999705948648e-01 0.000000000000000000e+00
-1.232606483105934958e-01 3.505769435990808147e-01 0.000000000000000000e+00
4.948902631346674408e-02 -3.226161322164644574e-01 0.000000000000000000e+00
4.751411112128916918e-03 -4.193241624719469263e-01 0.000000000000000000e+00
-3.147251170588184488e-01 1.174114346645842161e-01 0.000000000000000000e+00
-1.173293358432757061e-01 3.639186654889881578e-01 0.000000000000000000e+00
-4.633208725066318978e-01 7.604960602953465820e-02 0.000000000000000000e+00
-2.705613981219307310e-02 2.130205149922075603e-01 0.000000000000000000e+00
3.190967589942315247e-02 1.995040236742069966e-03 0.000000000000000000e+00
3.165586736952341607e-01 1.861702116097523341e-01 0.000000000000000000e+00
3.785899591575779821e-01 -1.479480632679934862e-02 0.000000000000000000e+00
2.738689616280650108e-01 -2.731049900242955020e-01 0.000000000000000000e+00
2.742868898701033009e-01 2.137262047272244225e-01 0.000000000000000000e+00
-1.572016318693921638e-02 -1.589210614950188616e-01 0.000000000000000000e+00
-1.124040098919004693e-01 -2.932748196710777688e-01 0.000000000000000000e+00
-2.273849655548234316e-01 -3.298654454005487402e-01 0.000000000000000000e+00
-2.920186906846313768e-01 5.347058943628715116e-02 0.000000000000000000e+00
-2.224148070009319689e-01 -1.218633672343397145e-01 0.000000000000000000e+00
-4.250252821591774532e-01 -3.870711217934646314e-02 0.000000000000000000e+00
-3.593960350010189098e-01 2.876912710918141380e-01 0.000000000000000000e+00
-2.209141045332639053e-01 -1.144425386939142003e-01 0.000000000000000000e+00
2.308323554149422641e-01 2.328536515970638654e-01 0.000000000000000000e+00
-4.915961943843265985e-02 3.204610967936711297e-01 0.000000000000000000e+00
-1.930807794785098508e-02 2.439647523488124581e-01 0.000000000000000000e+00
-1.041256924908145476e-01 -4.247465682058413905e-01 0.000000000000000000e+00
2.594279176714315294e-01 2.464023465211131469e-01 0.000000000000000000e+00
-1.049841572624806985e-01 3.400490127183611877e-01 0.000000000000000000e+00
-1.849870339341672110e-02 4.330166398288814306e-02 0.000000000000000000e+00
-2.052798118161538177e-01 7.603812946611862578e-02 0.000000000000000000e+00
-9.477508938320337861e-02 2.120748087762067413e-01 0.000000000000000000e+00
5.776708302658072752e-02 -1.220162914173495428e-01 0.000000000000000000e+00
-6.625540003644574127e-02 3.556138250261163258e-01 0.000000000000000000e+00
2.155276186481055178e-01 -2.674642435375975125e-01 0.000000000000000000e+00
7.807446596634962099e-02 -7.261750940420816369e-02 0.000000000000000000e+00
1.401685635581849387e-02 1.804800912830207271e-01 0.000000000000000000e+00
-1.676468688826067976e-01 7.474258685072504571e-02 0.000000000000000000e+00
1.434637426966033913e-01 2.883441876717817709e-01 0.000000000000000000e+00
-3.955844129322624858e-01 -1.025933941282055339e-01 0.000000000000000000e+00
2.335312306566405816e-01 -2.715247416766096711e-01 0.000000000000000000e+00
7.278753810168360483e-02 1.692702166210433568e-01 0.000000000000000000e+00
-1.195568401136223868e-01 1.639680936964959534e-01 0.000000000000000000e+00
1.708120242031369029e-01 7.362618889329740346e-02 0.000000000000000000e+00
2.229149518519074336e-01 -3.973859462833784773e-01 0.000000000000000000e+00
3.535479938170620340e-01 -3.927254687191394228e-02 0.000000000000000000e+00
4.312115704377205705e-01 6.586736015147962031e-02 0.000000000000000000e+00
3.039355699542707900e-01 1.628027335710055534e-02 0.000000000000000000e+00
1.764118921769566584e-01 -1.736875035291831904e-01 0.000000000000000000e+00
3.715356568910695434e-01 3.154084121830553755e-01 0.000000000000000000e+00
-3.740266046076458628e-01 1.622154533443829483e-01 0.000000000000000000e+00
7.366231568515958783e-02 -1.903587601028869924e-01 0.000000000000000000e+00
5.402936333559316129e-02 -3.120371485352499974e-01 0.000000000000000000e+00
-1.943707028592404351e-01 2.889700493788397440e-01 0.000000000000000000e+00
1.648232761579248584e-01 2.975456031864037038e-02 0.000000000000000000e+00
8.134001270537079276e-02 3.354221471373944330e-01 0.000000000000000000e+00
6.877519891314820555e-02 -3.596036964131651970e-01 0.000000000000000000e+00
6.438358221514801916e-02 1.865731401521300847e-01 0.000000000000000000e+00
7.675783121756644956e-02 9.662985770156776177e-02 0.000000000000000000e+00
-4.449251806927131958e-02 -1.433006486839181193e-01 0.000000000000000000e+00
2.939811810846191809e-01 -3.177753113189574763e-01 0.000000000000000000e+00
3.413687764925631418e-01 -6.281514097304187472e-02 0.000000000000000000e+00
-3.828893722042956971e-01 -2.161407629191952340e-01 0.000000000000000000e+00
-3.263014482796016691e-01 -2.341465497830989284e-01 0.000000000000000000e+00
-1.198109330348597623e-01 -2.249232761022740557e-01 0.000000000000000000e+00
-1.290227786084521822e-01 -2.178319190821625118e-01 0.000000000000000000e+00
-1.733088331897000844e-01 -1.143411993037303509e-01 0.000000000000000000e+00
1.020807341911695726e-01 -2.555277092839990938e-01 0.000000000000000000e+00
6.472881901660336446e-02 -2.491716612333089772e-03 0.000000000000000000e+00
2.118857119109441023e-01 2.566107007469925483e-01 0.000000000000000000e+00
3.903865683363921257e-01 5.533094297154639296e-02 0.000000000000000000e+00
2.374656417026319369e-02 -3.362220651261184634e-01 0.000000000000000000e+00
-3.775160302833894810e-01 2.745814573078998455e-01 0.000000000000000000e+00
-1.442625269803426147e-01 1.767210839406266332e-02 0.000000000000000000e+00
-2.843666706507957595e-02 2.091360715671401471e-01 0.000000000000000000e+00
-7.045685876482267462e-02 -2.514778491470974486e-02 0.000000000000000000e+00
-1.674688334598770645e-01 4.108675603660197906e-01 0.000000000000000000e+00
3.070352783221344528e-01 2.635694481087639835e-03 0.000000000000000000e+00
8.866465383744245171e-03 -5.216529292409472635e-03 0.000000000000000000e+00
4.060203084628141723e-02 -2.010608150509732572e-01 0.000000000000000000e+00
-3.609315507222278785e-01 -4.405372644612409044e-02 0.000000000000000000e+00
-3.285388221161402167e-01 3.657662974620482649e-02 0.000000000000000000e+00
-1.672471893791819264e-01 7.719092022530982256e-02 0.000000000000000000e+00
2.576114392517365320e-02 3.061535857829507101e-01 0.000000000000000000e+00
-9.677432070598893099e-02 6.833337891763080485e-02 0.000000000000000000e+00
8.550376744612157853e-02 3.522125751612404376e-01 0.000000000000000000e+00
-1.794043009588380810e-01 3.415251551563173171e-01 0.000000000000000000e+00
-1.053518027617827979e-01 -8.740308901302301647e-02 0.000000000000000000e+00
2.708439256356411917e-01 -6.498805561024827149e-02 0.000000000000000000e+00
1.621871349907980930e-01 1.788702952830200366e-01 0.000000000000000000e+00
1.170848701881523207e-01 1.315790909991987889e-01 0.000000000000000000e+00
2.788393163613446801e-01 -1.283150111758029066e-01 0.000000000000000000e+00
-1.730616622894355638e-01 1.648999186636332936e-01 0.000000000000000000e+00
6.249551166507956446e-02 2.403399170831494736e-01 0.000000000000000000e+00
-1.329940762384843045e-01 -2.664225592877426663e-01 0.000000000000000000e+00
-3.020506112086223660e-01 -1.317819024348921841e-01 0.000000000000000000e+00
-4.678378343150570856e-02 1.563631476758774175e-01 0.000000000000000000e+00
-2.818794837030948464e-01 2.703311144980574676e-01 0.000000000000000000e+00
8.705460736488081219e-02 6.392899371440030620e-02 0.000000000000000000e+00
-2.447113455002588589e-01 1.723246293363264459e-01 0.000000000000000000e+00
2.422989731255785484e-01 -5.550211395656321628e-02 0.000000000000000000e+00
-3.943497224389015954e-01 2.024279496771154152e-01 0.000000000000000000e+00
-1.744349927130763034e-01 2.528510632977581940e-01 0.000000000000000000e+00
1.504397895409101960e-01 7.672474078048463486e-02 0.000000000000000000e+00
-3.180697455907806614e-01 1.130347601347272690e-01 0.000000000000000000e+00
8.474192413954981240e-02 1.667934058802044150e-01 0.000000000000000000e+00
2.265220836887288924e-01 1.782145436895390400e-01 0.000000000000000000e+00
4.835651267510028724e-03 -4.620689073145595738e-01 0.000000000000000000e+00
1.565843988151315869e-01 3.686898602291651672e-01 0.000000000000000000e+00
6.540142509441303209e-02 4.880987020591794900e-01 0.000000000000000000e+00
-1.078963951371700314e-01 -2.998025428721998731e-01 0.000000000000000000e+00
1.995886090299389681e-01 -2.817347052282627162e-01 0.000000000000000000e+00
-3.720770476243444591e-01 2.448737807216191387e-01 0.000000000000000000e+00
-7.596822500028152514e-02 9.520869227998196571e-02 0.000000000000000000e+00
-1.962055881162667881e-01 1.088220511207709101e-01 0.000000000000000000e+00
3.245116426382506081e-01 -2.277761010021353005e-01 0.000000000000000000e+00
-3.177156600052831736e-01 2.037418218871166753e-01 0.000000000000000000e+00
2.223220843041118777e-01 2.821107751832185317e-01 0.000000000000000000e+00
-4.601970161254372305e-01 -4.210347884442625782e-02 0.000000000000000000e+00
-2.264874925072959400e-01 -3.602097716407081651e-01 0.000000000000000000e+00
3.139518268839374369e-03 -1.572816267319441796e-01 0.000000000000000000e+00
1.646386084748249420e-02 -3.520912919302338628e-01 0.000000000000000000e+00
-1.636396541885813127e-01 1.030700050178103427e-01 0.000000000000000000e+00
1.530893732756651859e-01 -4.510462344325905093e-01 0.000000000000000000e+00
1.310314004760669004e-01 -7.211358952659552290e-02 0.000000000000000000e+00
-2.636475380252236711e-01 -4.923054060675412930e-02 0.000000000000000000e+00
1.836547237576611202e-01 1.619971947544764368e-01 0.000000000000000000e+00
3.776097774700264420e-01 -2.963705024181880268e-02 0.000000000000000000e+00
-4.827829120140170877e-02 -1.429052494555473896e-01 0.000000000000000000e+00
8.988333198313007422e-02 1.591966030113838582e-01 0.000000000000000000e+00
-8.659360248193512027e-04 9.869011172401279119e-02 0.000000000000000000e+00
1.608026361899137779e-01 -8.549317625269484480e-03 0.000000000000000000e+00
9.152002615377038963e-02 2.912713853836051414e-01 0.000000000000000000e+00
3.847592994048041892e-01 4.054813484399952261e-02 0.000000000000000000e+00
1.628200808560734680e-01 4.408831430126785023e-01 0.000000000000000000e+00
-8.163876380962217794e-02 2.601584899141750062e-01 0.000000000000000000e+00
-3.519400380498524106e-01 -1.667991907387858866e-02 0.000000000000000000e+00
-1.780426311289344185e-02 4.177943705195484858e-01 0.000000000000000000e+00
3.654823138663324533e-01 2.807501824731272189e-01 0.000000000000000000e+00
-8.641418209511486648e-02 -3.358331879460708103e-01 0.000000000000000000e+00
-1.664612872996136528e-01 -7.063461957379815748e-02 0.000000000000000000e+00
8.764487128816976502e-02 -1.575129918554316333e-01 0.000000000000000000e+00
1.154508962293419733e-01 -4.327921839724011566e-01 0.000000000000000000e+00
-2.294955709639338037e-01 2.478891869171813422e-01 0.000000000000000000e+00
3.916234331109205713e-01 2.255148698903423898e-01 0.000000000000000000e+00
3.061826027379855875e-01 8.218117198458313455e-02 0.000000000000000000e+00
8.825020554053017441e-02 1.231424677006772439e-01 0.000000000000000000e+00
2.949125874460867824e-01 -2.535038739457148860e-01 0.000000000000000000e+00
2.218516555448012406e-01 -1.974690565150383770e-01 0.000000000000000000e+00
-1.820938540024967245e-01 3.600972049661720353e-01 0.000000000000000000e+00
-3.838909944991516499e-01 -1.646619614883477675e-02 0.000000000000000000e+00
-3.458173284433764816e-01 3.108224331239357596e-01 0.000000000000000000e+00
9.389677552542279038e-02 1.131499140799428066e-01 0.000000000000000000e+00
4.157688754531885245e-01 -1.911351419392484652e-01 0.000000000000000000e+00
5.681031360317147921e-02 3.330651924917669149e-01 0.000000000000000000e+00
9.486354589717418961e-02 8.558676088852194830e-02 0.000000000000000000e+00
-2.565449341592995203e-01 8.733408092003466794e-02 0.000000000000000000e+00
-2.422903988304984102e-01 -9.460043804463497130e-02 0.000000000000000000e+00
4.115948006517715085e-01 -1.342682365887002682e-01 0.000000000000000000e+00
1.935500255133427994e-01 -9.667278247234828426e-02 0.000000000000000000e+00
5.061616149460869407e-02 -9.976156053167262172e-02 0.000000000000000000e+00
2.634248850197845604e-01 -1.091456558945037431e-01 0.000000000000000000e+00
3.205093855972246386e-01 8.390212403695036791e-02 0.000000000000000000e+00
-6.798015122257432263e-02 -2.384469151774525619e-01 0.000000000000000000e+00
1.968408524555376737e-01 2.551040627159908980e-01 0.000000000000000000e+00
-6.614113198731170866e-03 -1.029850677537191006e-01 0.000000000000000000e+00
1.944396959164710337e-01 2.753124076985440372e-01 0.000000000000000000e+00
2.956766725616895575e-01 -2.259341204704950201e-01 0.000000000000000000e+00
1.191280490770685319e-01 2.375837090796227846e-01 0.000000000000000000e+00
6.995382577249842360e-02 -4.529162188719365600e-01 0.000000000000000000e+00
2.447622178372170498e-01 -3.212609495201455556e-01 0.000000000000000000e+00
-1.287302587337487148e-01 -4.171825416879967885e-01 0.000000000000000000e+00
3.815545247007498531e-02 -6.028090113947396494e-02 0.000000000000000000e+00
-6.752198750259408300e-02 -1.297183701012986079e-01 0.000000000000000000e+00
1.060326180082841324e-01 3.868472002582078462e-01 0.000000000000000000e+00
-4.241243091431267515e-02 -4.131180832739655973e-01 0.000000000000000000e+00
-3.396710906109023376e-01 2.363155312500739014e-01 0.000000000000000000e+00
-1.266904920175633831e-01 3.274155630995138067e-01 0.000000000000000000e+00
3.484162911877404512e-02 2.271590346480838463e-01 0.000000000000000000e+00
1.003577023382199590e-01 -4.692884499334212811e-01 0.000000000000000000e+00
-3.812181310155852709e-01 -1.495243770536064387e-01 0.000000000000000000e+00
2.593090292991120371e-01 1.191163690813668158e-01 0.000000000000000000e+00
1.838270735260607094e-02 4.613275668338846502e-01 0.000000000000000000e+00
-2.218342326435631673e-01 3.264409391400479588e-01 0.000000000000000000e+00
-1.414646797038977312e-02 3.676570723453484457e-02 0.000000000000000000e+00
1.585810127644013134e-01 4.550099253882123329e-01 0.000000000000000000e+00
-9.852931119556664064e-02 1.840913975541739744e-01 0.000000000000000000e+00
2.112835350779237661e-02 -1.798764819841549845e-01 0.000000000000000000e+00
-3.836040870267691805e-01 -2.603039460545106092e-03 0.000000000000000000e+00
3.786131021599541957e-01 -1.613928139365614356e-01 0.000000000000000000e+00
-1.976228215568613111e-01 2.722646104310770809e-01 0.000000000000000000e+00
1.886268507430662322e-01 -1.423547723149582167e-01 0.000000000000000000e+00
-2.724715090501649284e-01 5.406340079029738760e-02 0.000000000000000000e+00
-1.015501053477309429e-01 -2.335711943112767364e-01 0.000000000000000000e+00
2.265607735434726488e-01 1.297294929331694879e-01 0.000000000000000000e+00
-2.467099541696875231e-01 -1.389667192764929837e-01 0.000000000000000000e+00
-1.740047812939386485e-01 1.362933316943433504e-01 0.000000000000000000e+00
3.105019617137155796e-01 -1.368714032281093118e-01 0.000000000000000000e+00
4.393515300936102763e-01 -4.663125037756728208e-02 0.000000000000000000e+00
2.953593766639278084e-01 -2.744228067945882546e-02 0.000000000000000000e+00
1.154153098440109659e-02 -2.984756448693372533e-01 0.000000000000000000e+00
-2.586067133373393667e-01 -8.537407425765176916e-02 0.000000000000000000e+00
-6.788341793293899140e-02 4.216710541746684915e-01 0.000000000000000000e+00
-3.312421971666799081e-01 2.821492103741857216e-01 0.000000000000000000e+00
2.969633086178652404e-02 3.676322095265909251e-01 0.000000000000000000e+00
-3.312916851097104654e-01 -5.978108766544578540e-02 0.000000000000000000e+00
-1.156714635413858411e-01 2.489425534779495242e-01 0.000000000000000000e+00
-1.110610412063463975e-01 1.468873901147010053e-01 0.000000000000000000e+00
5.146288192644547788e-02 -1.174499581229375977e-01 0.000000000000000000e+00
-2.330625309152646943e-02 -2.283889231421270261e-01 0.000000000000000000e+00
2.563212523539289411e-01 2.926050849240127705e-01 0.000000000000000000e+00
1.936389593695007905e-01 3.427775377687997671e-01 0.000000000000000000e+00
-2.176793915332906337e-01 -4.109740390930240878e-02 0.000000000000000000e+00
-2.110449873933369913e-01 3.161593976380919213e-01 0.000000000000000000e+00
6.874860519917319612e-02 3.665634683547303041e-01 0.000000000000000000e+00
1.661303225162271413e-01 -4.828993202367349441e-02 0.000000000000000000e+00
-6.898315917044665901e-02 2.603522658871140205e-01 0.000000000000000000e+00
5.049264153452896753e-02 -1.325447304081143474e-01 0.000000000000000000e+00
-1.904468040867125234e-01 1.050566217197409641e-01 0.000000000000000000e+00
1.059949148443188605e-01 -1.297814089579565067e-01 0.000000000000000000e+00
-2.689201279769222186e-01 -1.861027824238587203e-01 0.000000000000000000e+00
4.209114268323105312e-02 -6.152188513336136200e-02 0.000000000000000000e+00
1.810098318108929460e-01 4.324514098930010153e-01 0.000000000000000000e+00
-1.692239953127907537e-01 -1.541769533678461479e-01 0.000000000000000000e+00
7.155525345223170963e-02 5.705384857633479662e-02 0.000000000000000000e+00
3.250692382087776444e-01 1.090242354399425934e-01 0.000000000000000000e+00
3.594167888106664654e-01 -1.591225160658905902e-01 0.000000000000000000e+00
-1.306681227461213568e-01 6.322676892491732592e-02 0.000000000000000000e+00
-6.207396686094236726e-02 6.864138855998976052e-02 0.000000000000000000e+00
1.318196397007200260e-01 9.111348273481228999e-02 0.000000000000000000e+00
-2.837506740411463446e-01 -1.854819593509604014e-01 0.000000000000000000e+00
5.008767942667260130e-03 -4.066119116607411210e-02 0.000000000000000000e+00
1.551690629087111063e-02 -1.315372918667609969e-01 0.000000000000000000e+00
-4.735878556755637736e-02 -2.626999586550300414e-01 0.000000000000000000e+00
2.855041240184453821e-01 -1.230025393383421956e-01 0.000000000000000000e+00
1.482577827847069707e-01 8.031335548120878409e-02 0.000000000000000000e+00
4.325912301846506457e-03 -1.325748034439468981e-01 0.000000000000000000e+00
3.384606408842720238e-01 2.503280376382366335e-01 0.000000000000000000e+00
-3.949455023043120794e-01 -1.532754742211042964e-01 0.000000000000000000e+00
-1.270957344060655025e-01 3.022266625914096227e-01 0.000000000000000000e+00
3.705651001913314868e-01 9.579967238440481592e-02 0.000000000000000000e+00
-1.227916863708247153e-01 1.977886715391383443e-01 0.000000000000000000e+00
1.693840928445369039e-03 -6.877554547211296720e-02 0.000000000000000000e+00
2.919065046691508153e-02 -2.608671213511273845e-01 0.000000000000000000e+00
-3.212428819253562023e-02 -1.192455942955810561e-01 0.000000000000000000e+00
3.154179075208796840e-02 1.659091714490674649e-02 0.000000000000000000e+00
2.743967156719323008e-01 3.806695296348472368e-01 0.000000000000000000e+00
3.949342353779684567e-01 1.898275307422503111e-01 0.000000000000000000e+00
1.208104551757592238e-01 -1.294190331709298234e-03 0.000000000000000000e+00
-3.026794615748173642e-02 1.842150480498121745e-01 0.000000000000000000e+00
1.263250866271830031e-01 -2.258977236269934241e-01 0.000000000000000000e+00
-1.522908639594763025e-01 2.168577640329623357e-01 0.000000000000000000e+00
-1.792086303168451134e-01 -1.456425064664377822e-01 0.000000000000000000e+00
1.666190269157919179e-01 -3.652228977507427921e-01 0.000000000000000000e+00
-6.395732287101588143e-02 -1.995910450986052020e-01 0.000000000000000000e+00
2.154721569887025068e-01 -3.206345885261678297e-01 0.000000000000000000e+00
4.127389511617822748e-01 8.293431938169290585e-02 0.000000000000000000e+00
-1.395301048906597563e-01 -8.525753701685778729e-02 0.000000000000000000e+00
5.090517360090007770e-02 4.649793047596567641e-01 0.000000000000000000e+00
3.496127616008145034e-01 2.691549837829668168e-01 0.000000000000000000e+00
-2.966552894321218825e-01 1.105283146179304732e-01 0.000000000000000000e+00
3.175669054114445555e-01 2.886695545536149266e-01 0.000000000000000000e+00
-3.855001370600535382e-01 -8.404036480016804922e-02 0.000000000000000000e+00
2.538026290688095710e-01 -1.772366776455611970e-01 0.000000000000000000e+00
1.546226533130073133e-01 2.044889814469920686e-01 0.000000000000000000e+00
4.110973521345337445e-01 -9.770528005590579934e-02 0.000000000000000000e+00
-4.029427779821440070e-02 -2.696988818521625086e-01 0.000000000000000000e+00
5.938792108963841798e-02 -1.616964368877510660e-01 0.000000000000000000e+00
-3.317946667903219349e-01 7.193275078932703792e-02 0.000000000000000000e+00
-1.895106166263825498e-01 8.732469229905023833e-02 0.000000000000000000e+00
-2.441096567300567177e-01 1.225865207951613717e-01 0.000000000000000000e+00
-2.680276559751626833e-02 -1.279059788870056114e-01 0.000000000000000000e+00
-4.067471187512691211e-01 -1.879947670976464882e-02 0.000000000000000000e+00
3.653831408416238768e-01 -6.649207300781620478e-02 0.000000000000000000e+00
-2.776084038379336150e-01 1.750063841914574758e-01 0.000000000000000000e+00
2.172069502459623713e-01 6.395650425031629803e-03 0.000000000000000000e+00
-2.207383192974656239e-01 -1.606181984015786490e-01 0.000000000000000000e+00
-1.911378227245671968e-02 -2.831869716527675718e-01 0.000000000000000000e+00
1.319871392702428037e-01 -3.078286328022062854e-02 0.000000000000000000e+00
2.763478850615441185e-01 3.429677498711789507e-01 0.000000000000000000e+00
-1.289471112406684050e-01 3.175749029927809053e-01 0.000000000000000000e+00
-1.060636240789351453e-01 4.389618752998030587e-02 0.000000000000000000e+00
-6.499884373689271411e-02 1.458583783872852702e-01 0.000000000000000000e+00
-1.244439854523261141e-01 -1.541788344496449192e-01 0.000000000000000000e+00
-1.528904555860963466e-01 -3.487839558824146202e-01 0.000000000000000000e+00
-3.921971384175491210e-02 2.278476077703383007e-01 0.000000000000000000e+00
4.173489787990862232e-01 1.388102522758796475e-01 0.000000000000000000e+00
3.277308348064179033e-01 -3.677767797118431936e-01 0.000000000000000000e+00
-2.380400224567101874e-01 -9.502586116433091312e-02 0.000000000000000000e+00
5.043663259637233900e-03 -4.346742408605813041e-02 0.000000000000000000e+00
1.035223701715500128e-01 -3.464042634407922816e-01 0.000000000000000000e+00
-9.253119323449068845e-02 -3.576570320903229017e-01 0.000000000000000000e+00
2.388203264181909258e-01 3.126373366193340581e-02 0.000000000000000000e+00
1.316946965310450690e-01 2.498048509111769067e-01 0.000000000000000000e+00
7.289912724571602498e-02 2.146341615441544060e-01 0.000000000000000000e+00
1.227339916688912486e-01 -4.283115146870583034e-01 0.000000000000000000e+00
-1.205704600289622813e-01 -4.099451806454318947e-01 0.000000000000000000e+00
-1.357020017924443767e-01 3.857848964753131382e-02 0.000000000000000000e+00
-5.700403412119542379e-02 -1.814327376545618875e-01 0.000000000000000000e+00
-3.450343197714174637e-01 -1.762225600587280228e-01 0.000000000000000000e+00
-3.991815075170352389e-01 2.323433326868210025e-01 0.000000000000000000e+00
9.261485355644548390e-02 2.752286164020275039e-01 0.000000000000000000e+00
2.098872358281886896e-01 -3.902703781142967676e-01 0.000000000000000000e+00
-2.945745341742494333e-02 3.564205557011266429e-02 0.000000000000000000e+00
-7.676926356436250543e-02 -1.432742314121801808e-01 0.000000000000000000e+00
1.529824664163793868e-01 -4.080214133080882211e-01 0.000000000000000000e+00
3.794605728248715004e-01 -1.113002226044791099e-01 0.000000000000000000e+00
-1.496752780898303048e-01 8.434996417630785670e-02 0.000000000000000000e+00
-2.175900686412514384e-01 1.004583935994648319e-01 0.000000000000000000e+00
-9.017802402154569130e-02 1.537220622167634609e-01 0.000000000000000000e+00
1.647041093465400619e-01 7.168578024412956828e-02 0.000000000000000000e+00
4.796506059042660031e-01 -6.615438223390109063e-02 0.000000000000000000e+00
-3.379801219526276657e-01 2.362715982059201969e-01 0.000000000000000000e+00
-3.581546187204900922e-01 7.484255461982464164e-02 0.000000000000000000e+00
-4.388852243573568845e-01 -6.024515914034755254e-02 0.000000000000000000e+00
-2.525187302094042963e-01 -1.885127332011135859e-01 0.000000000000000000e+00
-2.423235662080354680e-01 2.107732598418302350e-01 0.000000000000000000e+00
4.263983084769243370e-01 -1.980373203243737668e-01 0.000000000000000000e+00
2.682832146153142361e-01 -3.187067129231483387e-01 0.000000000000000000e+00
1.085665626270208330e-02 -1.180369762591712696e-01 0.000000000000000000e+00
5.637639464681387658e-02 -1.555877650364966835e-01 0.000000000000000000e+00
4.031094892073414787e-02 -1.328978272587287845e-01 0.000000000000000000e+00
-4.144205486605596622e-01 8.413104786884875730e-02 0.000000000000000000e+00
1.268359112887567086e-01 -1.635090849921091438e-01 0.000000000000000000e+00
-2.892280347033204246e-01 -3.961984507688779550e-02 0.000000000000000000e+00
2.603370735028671112e-01 -7.425462426871182360e-03 0.000000000000000000e+00
-6.099096855178352122e-02 3.556391702847914171e-01 0.000000000000000000e+00
2.401480157753336231e-01 -2.901689775013738815e-01 0.000000000000000000e+00
7.814815705099532883e-02 3.935062991774657681e-01 0.000000000000000000e+00
-1.040356244333911634e-01 1.107155371163604241e-01 0.000000000000000000e+00
-6.681754653629193297e-02 -2.081821900513020074e-02 0.000000000000000000e+00
3.782612090910882768e-02 2.835144872146110329e-01 0.000000000000000000e+00
2.853530684687451968e-01 3.374096824863241917e-01 0.000000000000000000e+00
2.724316732436239397e-01 3.509405422466224111e-01 0.000000000000000000e+00
-1.202387076867925120e-01 -3.475972181622834500e-01 0.000000000000000000e+00
8.115537728368719950e-02 4.429392866267380380e-01 0.000000000000000000e+00
1.185658735248246026e-01 3.542002561945548078e-01 0.000000000000000000e+00
6.893859868537623170e-02 2.515006787300368418e-01 0.000000000000000000e+00
-2.436745192372357927e-01 2.014729502557371411e-03 0.000000000000000000e+00
-1.785130449966660648e-01 3.529612690486986781e-01 0.000000000000000000e+00
2.758277329527760724e-01 1.875768909586413291e-01 0.000000000000000000e+00
-2.031679595123852544e-01 3.153126712967621592e-01 0.000000000000000000e+00
1.672775775358112116e-01 -3.275319071376747160e-01 0.000000000000000000e+00
-1.915767470865490651e-01 -2.011846155399100167e-01 0.000000000000000000e+00
1.954443820113129227e-01 -1.085972475766596168e-01 0.000000000000000000e+00
-1.491594374262847911e-01 -2.930583922975479871e-01 0.000000000000000000e+00
1.890996877893263151e-01 3.039663187205190464e-01 0.000000000000000000e+00
3.886950107989898262e-01 -4.517366824524680913e-02 0.000000000000000000e+00
3.167302714542535869e-01 -1.147592132843344853e-01 0.000000000000000000e+00
-4.548243574079201546e-01 -1.545126554279835085e-01 0.000000000000000000e+00
-3.642987519406346575e-01 -6.640079295158947403e-02 0.000000000000000000e+00
-2.491888690079647750e-01 -3.101001769988213086e-01 0.000000000000000000e+00
4.232423653602180313e-01 -1.205772593557400893e-02 0.000000000000000000e+00
3.103738897454899615e-01 2.290787061314653386e-02 0.000000000000000000e+00
-4.092933848929672380e-02 -2.951566148940547585e-01 0.000000000000000000e+00
-1.824072691174266347e-01 7.347589412244728835e-02 0.000000000000000000e+00
-2.792267600203196531e-01 -1.260860675182122470e-01 0.000000000000000000e+00
-1.122061764894257685e-01 6.509902051219149284e-03 0.000000000000000000e+00
-1.234692430045827329e-02 -3.715637354050210228e-01 0.000000000000000000e+00
7.130135350072884515e-02 -3.698512621669166056e-01 0.000000000000000000e+00
-1.636451180731364474e-01 -3.039903493807687429e-01 0.000000000000000000e+00
-2.111385448439263568e-01 -1.895615287898559653e-01 0.000000000000000000e+00
-1.681406782498603980e-01 -2.985349503371904564e-02 0.000000000000000000e+00
1.928370530557622919e-01 1.873551321405508008e-01 0.000000000000000000e+00
-1.349263683864238561e-01 4.237752956118485681e-01 0.000000000000000000e+00
2.112848755444605153e-01 3.838342929456965424e-01 0.000000000000000000e+00
2.060636407307859796e-01 -1.140170306707253417e-01 0.000000000000000000e+00
7.381614019971377560e-02 -4.296915147540803642e-02 0.000000000000000000e+00
-3.069706149507914206e-01 8.762063141792400534e-02 0.000000000000000000e+00
-1.986061724879660539e-03 -1.608311700816414946e-01 0.000000000000000000e+00
1.970212484918547335e-01 2.489640091751319229e-01 0.000000000000000000e+00
-8.359467463036804324e-02 -1.651822798719909113e-01 0.000000000000000000e+00
-1.152508249360406634e-01 -2.837036789964537675e-01 0.000000000000000000e+00
3.591856731130589897e-01 5.069481727826481710e-02 0.000000000000000000e+00
1.314974312111105714e-01 2.099362477233213675e-01 0.000000000000000000e+00
3.561187701043041498e-01 2.593044785052860957e-01 0.000000000000000000e+00
-1.038942763303438571e-01 -3.301161587442264511e-01 0.000000000000000000e+00
1.814630697407202675e-01 8.236684268582555868e-02 0.000000000000000000e+00
-3.069866089989956026e-01 9.332190458271288902e-02 0.000000000000000000e+00
-3.015835343235210297e-01 2.276586604358489807e-01 0.000000000000000000e+00
-2.395451637505739140e-01 1.852462405143761592e-01 0.000000000000000000e+00
-2.466500731928929768e-01 -1.423984987143090686e-01 0.000000000000000000e+00
-1.327519400903541258e-01 7.308555681025293883e-03 0.000000000000000000e+00
2.644324455055517276e-01 2.652171180158586772e-01 0.000000000000000000e+00
3.930717390775363002e-02 9.124604752706198807e-02 0.000000000000000000e+00
3.807116756791557866e-02 -3.245526913592100549e-02 0.000000000000000000e+00
-2.166188836732607093e-01 -1.399355738508364644e-01 0.000000000000000000e+00
3.507649036056545433e-02 9.333076857371094825e-02 0.000000000000000000e+00
4.701735657114528566e-01 -2.983169710723190468e-02 0.000000000000000000e+00
8.914473643280755588e-02 2.632869493449641052e-01 0.000000000000000000e+00
4.144494699423712514e-01 4.882339764597148218e-02 0.000000000000000000e+00
6.312802251754050242e-02 -1.994850105029205289e-01 0.000000000000000000e+00
-3.204647969136502628e-01 -1.508465811679679247e-01 0.000000000000000000e+00
-3.813060884885199342e-01 2.759895662057156307e-01 0.000000000000000000e+00
-2.195955099688198242e-01 -2.108606142918073856e-01 0.000000000000000000e+00
-1.454069344375997497e-01 -3.221928135282237649e-01 0.000000000000000000e+00
1.277655180954934133e-01 -2.187514719564611076e-01 0.000000000000000000e+00
-1.049590843658585460e-01 -7.922893148181832379e-02 0.000000000000000000e+00
4.038919802641902645e-01 -1.837417997992834839e-01 0.000000000000000000e+00
-9.746452764288758563e-02 9.358042687154390082e-02 0.000000000000000000e+00
2.834855117496055676e-01 1.078082209072086205e-02 0.000000000000000000e+00
1.997365541734711092e-01 -2.471411177095967845e-02 0.000000000000000000e+00
2.032182823231240276e-01 -2.105438932126608986e-01 0.000000000000000000e+00
2.799254782154321775e-01 -2.195502294425284023e-02 0.000000000000000000e+00
1.379919662045199502e-01 -2.127134957163125464e-02 0.000000000000000000e+00
-1.354589336668187705e-01 4.763961493725939467e-01 0.000000000000000000e+00
-3.835209888262933187e-01 2.126810272127994117e-01 0.000000000000000000e+00
1.157089799040818684e-01 -3.473036682620787574e-01 0.000000000000000000e+00
1.357186977854991650e-01 -1.218086892533992854e-01 0.000000000000000000e+00
3.084941626723976538e-01 1.833578320589721589e-01 0.000000000000000000e+00
-2.223313822852261978e-01 2.375291544590871912e-02 0.000000000000000000e+00
2.755983031616348611e-01 -2.378833829924169585e-01 0.000000000000000000e+00
1.711144292093269570e-02 2.063569018332216953e-01 0.000000000000000000e+00
3.391721455232303561e-02 -2.406508348595234048e-01 0.000000000000000000e+00
-4.199863784069108319e-01 -1.652789115997961578e-01 0.000000000000000000e+00
3.352598409425568415e-01 -4.554039939656054359e-02 0.000000000000000000e+00
1.153925390717538552e-01 -1.857634740554641728e-01 0.000000000000000000e+00
-4.373885251718376277e-01 -1.300615680579241817e-01 0.000000000000000000e+00
-2.148349367959173639e-01 6.244515848445501838e-02 0.000000000000000000e+00
1.481565648163812310e-01 -2.988907928275788897e-02 0.000000000000000000e+00
1.514473811143598192e-01 -1.662644046526486896e-01 0.000000000000000000e+00
2.639184846147397678e-01 -2.293715412395706810e-01 0.000000000000000000e+00
6.583901090829433200e-02 -2.033480440969503422e-01 0.000000000000000000e+00
-1.011201830732679496e-01 1.177290882982971881e-01 0.000000000000000000e+00
-3.696617255085214437e-01 1.192721846056083029e-01 0.000000000000000000e+00
-1.083488384655741515e-01 -1.508263454486357125e-01 0.000000000000000000e+00
2.329220748167327437e-01 -3.428087756954633636e-01 0.000000000000000000e+00
1.237230895241238082e-01 -1.801213301439040793e-01 0.000000000000000000e+00
2.365097218029763304e-01 2.027152488162436705e-01 0.000000000000000000e+00
4.422661357689924161e-02 -3.156958855101975048e-01 0.000000000000000000e+00
3.528295240193657367e-01 -9.264406613722898920e-02 0.000000000000000000e+00
-2.610030797419369275e-01 1.666717730093777716e-01 0.000000000000000000e+00
-2.045371092160355730e-01 1.898621428318197912e-01 0.000000000000000000e+00
-4.475149720677409904e-01 -1.379813027664979763e-01 0.000000000000000000e+00
-1.388670144074293789e-01 4.464742868677143428e-01 0.000000000000000000e+00
-3.029901775325554714e-01 -3.599179925518499745e-01 0.000000000000000000e+00
1.007829037489793300e-01 1.212991498858703582e-01 0.000000000000000000e+00
2.442231184650012488e-01 2.671611582234813542e-01 0.000000000000000000e+00
-1.508013753859029915e-01 -2.275298742604701385e-01 0.000000000000000000e+00
-4.701668006317059889e-02 3.062649699684906746e-01 0.000000000000000000e+00
8.102035148825176281e-02 -2.112772907845520895e-02 0.000000000000000000e+00
4.445958876222112499e-01 -2.273129272908208931e-01 0.000000000000000000e+00
-4.747790957563146619e-01 2.024830013979943971e-02 0.000000000000000000e+00
1.582836458175555794e-01 -1.522335527050283910e-01 0.000000000000000000e+00
-9.841780024607943780e-03 7.515185892413332736e-02 0.000000000000000000e+00
9.911041184386076841e-02 1.441978672787587179e-01 0.000000000000000000e+00
-2.335904294526591762e-01 -3.196762470296778402e-01 0.000000000000000000e+00
-6.870732490182088203e-02 -9.810549383704832149e-02 0.000000000000000000e+00
2.969776820650711913e-01 -3.536024090590159652e-01 0.000000000000000000e+00
-4.128014979703284459e-01 -2.088074365917435560e-01 0.000000000000000000e+00
4.900231264752623155e-03 7.323360686178831402e-02 0.000000000000000000e+00
-3.234562661050442434e-01 2.823721919907531963e-01 0.000000000000000000e+00
-2.618660145035508480e-01 3.407499938090427505e-01 0.000000000000000000e+00
-3.952599869409674782e-01 1.411037128096207134e-02 0.000000000000000000e+00
-1.953429169183209524e-01 7.649501120124331532e-02 0.000000000000000000e+00
-8.530439343195991841e-02 -2.893095447826969369e-01 0.000000000000000000e+00
6.165662612234006079e-02 -3.401031694948252193e-01 0.000000000000000000e+00
4.909042068004445536e-01 -5.141672876969598932e-02 0.000000000000000000e+00
1.752587291999703756e-01 -1.939210162576293639e-01 0.000000000000000000e+00
-1.264556963873467166e-01 1.231147466927685341e-01 0.000000000000000000e+00
-2.412425418898566376e-01 -4.416019063246023196e-02 0.000000000000000000e+00
-1.977197461504739615e-02 -4.933220880372739536e-01 0.000000000000000000e+00
9.146544220323138408e-02 6.231592037057171601e-02 0.000000000000000000e+00
2.528251695857480080e-02 -1.133654701485128924e-02 0.000000000000000000e+00
-1.828171588248534152e-01 -2.103803622670430695e-01 0.000000000000000000e+00
1.814544318002983547e-01 1.799356392849204567e-01 0.000000000000000000e+00
9.911466257148722481e-02 -3.067593741464762491e-01 0.000000000000000000e+00
-1.105134040840257542e-01 1.905606316563311989e-02 0.000000000000000000e+00
-1.967374221980811022e-01 -6.784454232067531343e-02 0.000000000000000000e+00
3.815050577260700737e-02 1.050163450145770172e-01 0.000000000000000000e+00
-2.418326522647954446e-01 -5.704274170197548566e-02 0.000000000000000000e+00
-1.010173950853828218e-01 -1.437920449338001283e-01 0.000000000000000000e+00
-3.723471639346031536e-01 -3.106479390603917104e-02 0.000000000000000000e+00
-2.086174413739640965e-01 3.132647338021732897e-01 0.000000000000000000e+00
8.718214957648079411e-02 1.923248745493036371e-01 0.000000000000000000e+00
-1.067752546041095402e-01 3.931968044905724269e-01 0.000000000000000000e+00
-1.496804556892425142e-01 -2.887784975022084644e-01 0.000000000000000000e+00
-1.920580694808286248e-01 2.948680722912193075e-01 0.000000000000000000e+00
1.064163948207373367e-01 7.392082083840380291e-02 0.000000000000000000e+00
2.383799332712680519e-01 -3.217130963299077995e-01 0.000000000000000000e+00
3.173025276473926959e-01 2.455364275459464007e-01 0.000000000000000000e+00
3.422042967257021284e-01 -7.398014233830437934e-04 0.000000000000000000e+00
-5.285662067150239535e-02 -1.737945004881560895e-01 0.000000000000000000e+00
-2.639006623616813596e-01 1.902848189912815235e-01 0.000000000000000000e+00
-2.987978443357212077e-01 2.343610110219312981e-02 0.000000000000000000e+00
-1.003849447315643545e-01 1.226869757039923403e-01 0.000000000000000000e+00
-6.965833344995539349e-03 2.639193906924399702e-01 0.000000000000000000e+00
-1.837216200621255846e-01 -3.706805963641972013e-01 0.000000000000000000e+00
-1.644242079450618788e-01 2.648136997284633934e-02 0.000000000000000000e+00
-2.363221681755715148e-02 -8.093425967712929159e-02 0.000000000000000000e+00
-1.733696750608263726e-01 2.454818041495464565e-01 0.000000000000000000e+00
1.128579773892504495e-01 -2.184904633819920450e-01 0.000000000000000000e+00
2.499516174913819083e-02 -3.545684290408433470e-01 0.000000000000000000e+00
-4.780938275482112809e-01 5.725900094103157645e-02 0.000000000000000000e+00
3.373560805470523505e-01 -2.580141936172730688e-01 0.000000000000000000e+00
-4.565650076586245942e-02 -7.066386635019115958e-02 0.000000000000000000e+00
-4.552127455502537057e-01 -1.084515893037732159e-01 0.000000000000000000e+00
-1.173291018696503846e-01 1.555779246729291874e-02 0.000000000000000000e+00
-1.453010336354943199e-01 2.859091045290813593e-01 0.000000000000000000e+00
-3.732858527901682377e-01 5.534327316356719290e-02 0.000000000000000000e+00
-4.121721455295034864e-01 -4.562967036173200264e-02 0.000000000000000000e+00
-1.311341157713612204e-01 4.602743040310859346e-01 0.000000000000000000e+00
-2.002980768535440603e-01 4.299738197343041524e-01 0.000000000000000000e+00
-3.118731108731069290e-01 1.595705171500499120e-01 0.000000000000000000e+00
-2.201387554251849066e-01 -1.562300206446645967e-01 0.000000000000000000e+00
-2.864340013527036932e-01 7.080547968393485769e-02 0.000000000000000000e+00
-9.665708705232547993e-03 -1.663384841701551486e-01 0.000000000000000000e+00
8.354620166640734646e-02 -4.408993426322596054e-01 0.000000000000000000e+00
-1.103421608557827865e-01 2.539116833180124488e-01 0.000000000000000000e+00
-2.203780545698914850e-01 3.437399972905876844e-01 0.000000000000000000e+00
3.166881221005377611e-01 9.031851140650049015e-02 0.000000000000000000e+00
7.187603969985231767e-02 -5.774891606261494878e-03 0.000000000000000000e+00
-1.280704046170447891e-02 -2.026486812825156192e-01 0.000000000000000000e+00
-2.545786589363389085e-01 2.670539052439865335e-01 0.000000000000000000e+00
-2.295682592362797425e-01 3.602939027972033859e-02 0.000000000000000000e+00
-1.620397804499453809e-01 4.351077940563234936e-01 0.000000000000000000e+00
-2.159758545050510237e-01 4.181975144733995897e-01 0.000000000000000000e+00
6.567311069281464575e-02 -2.228618976856567013e-01 0.000000000000000000e+00
2.438162968121219687e-01 2.044391480156206586e-01 0.000000000000000000e+00
4.047768419936225714e-01 2.322419977861930884e-02 0.000000000000000000e+00
-2.107960857669859481e-02 -1.696885664677806327e-01 0.000000000000000000e+00
1.995320169960856371e-01 5.568374092361819128e-02 0.000000000000000000e+00
-2.714583466302927794e-02 -4.302490800645441538e-01 0.000000000000000000e+00
1.161769929781640842e-01 -3.970456717454091677e-01 0.000000000000000000e+00
-3.964471301434221301e-02 3.484970274236240950e-01 0.000000000000000000e+00
-2.502305097495312602e-01 3.434512980475014632e-01 0.000000000000000000e+00
2.209437165238026524e-01 2.933761910691404795e-01 0.000000000000000000e+00
3.658952617382562611e-01 -1.178982919154095976e-01 0.000000000000000000e+00
7.596300234679066732e-02 -1.363229832725284529e-01 0.000000000000000000e+00
2.260885273944363283e-01 -1.644611904036336891e-01 0.000000000000000000e+00
-8.081079035027347035e-02 3.654476178120911189e-01 0.000000000000000000e+00
-1.595173897849247457e-01 6.054520388802656777e-02 0.000000000000000000e+00
1.761561382209861359e-01 -2.013679105065161734e-01 0.000000000000000000e+00
3.654581840049326846e-01 8.815851820555392626e-02 0.000000000000000000e+00
-3.584069274246181463e-02 1.817181635793152505e-01 0.000000000000000000e+00
-1.353887204486843299e-01 -4.642985008797143043e-01 0.000000000000000000e+00
-3.423875846477685003e-02 -4.413045745035895084e-01 0.000000000000000000e+00
-7.288623312679283484e-02 -3.505480448985516251e-01 0.000000000000000000e+00
-1.784426949162311316e-01 -4.295540617248956305e-01 0.000000000000000000e+00
1.592466958995011062e-01 -1.564430279401467505e-01 0.000000000000000000e+00
2.767195785736407676e-01 -1.737626184668017160e-01 0.000000000000000000e+00
1.534388962706597914e-01 -3.244685952451379918e-01 0.000000000000000000e+00
8.612927937731085226e-02 1.082235939326693652e-01 0.000000000000000000e+00
-4.445377644643854764e-01 -1.572796681591140111e-01 0.000000000000000000e+00
1.493860811567992442e-01 -7.105443894364167623e-02 0.000000000000000000e+00
2.506038522342267094e-01 -2.078166236163535852e-01 0.000000000000000000e+00
1.623756510525406482e-02 -3.716550669876813040e-01 0.000000000000000000e+00
-4.080083552425597393e-01 -2.559429960113776548e-01 0.000000000000000000e+00
-2.502498021911206960e-01 -1.418404771506941566e-04 0.000000000000000000e+00
3.775944724346798620e-01 -2.954275595445552960e-01 0.000000000000000000e+00
4.004894223125102237e-02 -3.651851240817676758e-01 0.000000000000000000e+00
1.041080808727347790e-01 2.982662546637541712e-01 0.000000000000000000e+00
-2.747556585152966316e-02 -3.241929426905402756e-01 0.000000000000000000e+00
1.212124797773139612e-01 -3.858549937189603707e-01 0.000000000000000000e+00
1.663488403754719014e-01 -3.615733894062069798e-01 0.000000000000000000e+00
1.460525683041493661e-01 -2.908237338395593397e-01 0.000000000000000000e+00
-3.575305292925336914e-02 -1.298122373911628213e-01 0.000000000000000000e+00
4.771462593441770650e-02 -4.120352326611876337e-01 0.000000000000000000e+00
-2.846745092285119308e-02 4.087493434356714306e-01 0.000000000000000000e+00
-1.365423547949304872e-01 1.464873785486350555e-01 0.000000000000000000e+00
1.591556631322462723e-01 2.886564912092309809e-01 0.000000000000000000e+00
-1.112470553940318463e-01 -1.373476862779137997e-01 0.000000000000000000e+00
1.560893731745598700e-01 -1.780609674758283356e-01 0.000000000000000000e+00
-2.982628775013627664e-01 -1.104407481426249588e-01 0.000000000000000000e+00
-9.524932353749737679e-02 -1.704367265178527713e-01 0.000000000000000000e+00
-1.881365650235851741e-02 9.632105496732661087e-02 0.000000000000000000e+00
1.549956601301000769e-01 2.544347739384573148e-01 0.000000000000000000e+00
1.567317788549149882e-01 9.227575529681018851e-02 0.000000000000000000e+00
-1.073837986110409010e-01 -4.032333876213026191e-02 0.000000000000000000e+00
-3.371220083471105355e-01 -3.751012488366883835e-02 0.000000000000000000e+00
-3.431943913148041148e-01 -2.361240479141842874e-01 0.000000000000000000e+00
1.075903748045335118e-01 -2.658811769607431486e-01 0.000000000000000000e+00
2.986240246596624792e-01 -1.135711431199899896e-01 0.000000000000000000e+00
-4.095019264496586875e-02 1.785800620141709261e-01 0.000000000000000000e+00
3.613892291437255655e-01 -1.628699079607625610e-01 0.000000000000000000e+00
-3.046584917304150930e-01 3.578640278545363040e-01 0.000000000000000000e+00
-1.973886210012901765e-01 9.987027064305446789e-02 0.000000000000000000e+00
2.993458877206466862e-01 2.738454205038940992e-01 0.000000000000000000e+00
-4.392280682489211885e-01 -1.131527023045104385e-01 0.000000000000000000e+00
-1.588552248449303927e-01 3.134747352639535856e-01 0.000000000000000000e+00
3.728379917634783852e-02 -1.796532162293086876e-01 0.000000000000000000e+00
-4.366805372443375854e-01 2.063325595431213244e-02 0.000000000000000000e+00
-1.540495216834098235e-01 4.658020603118420699e-02 0.000000000000000000e+00
2.952492885314798587e-01 2.908710895446900424e-01 0.000000000000000000e+00
-1.149274779105477762e-01 -1.765344913838202412e-01 0.000000000000000000e+00
6.244049948013924434e-02 1.736868628827657746e-02 0.000000000000000000e+00
-3.335016916888021155e-01 -2.451558127537680487e-01 0.000000000000000000e+00
2.722682917011137183e-01 -1.755746578038501482e-01 0.000000000000000000e+00
-2.360861204520892098e-02 1.658660542445974384e-01 0.000000000000000000e+00
4.584550518813990672e-01 1.818196388801274765e-01 0.000000000000000000e+00
1.861492781726988566e-01 1.114623681007324008e-01 0.000000000000000000e+00
-1.186661074146367761e-01 1.142560252184686848e-01 0.000000000000000000e+00
-3.348047299118612763e-01 -8.515521420359951910e-02 0.000000000000000000e+00
2.308509350326127529e-01 1.437790196855135150e-01 0.000000000000000000e+00
-2.921361653878665199e-01 6.715670495372322302e-02 0.000000000000000000e+00
3.653563570776560132e-01 9.841861561782684620e-02 0.000000000000000000e+00
-3.616538987890842716e-01 -3.881947739704226519e-02 0.000000000000000000e+00
6.941696818094228449e-02 -2.048005347279854282e-01 0.000000000000000000e+00
-1.166776172307663201e-01 3.572734982981780327e-02 0.000000000000000000e+00
-1.580944567222582475e-01 -3.846899033464834528e-01 0.000000000000000000e+00
-9.624643808843513781e-02 -4.619511689493065870e-02 0.000000000000000000e+00
-3.257972189921974626e-02 -6.771930049210132807e-02 0.000000000000000000e+00
2.024047703915991259e-01 -1.759918010673846012e-01 0.000000000000000000e+00
-1.116657227108367179e-01 -1.703289559396812536e-01 0.000000000000000000e+00
6.404985267997950760e-02 2.443472759807914785e-01 0.000000000000000000e+00
-6.366383187859572801e-02 3.861171135303283486e-01 0.000000000000000000e+00
-3.854424993331543869e-01 -2.475315961896448758e-01 0.000000000000000000e+00
-3.693474502827580053e-01 -2.338384677568680625e-01 0.000000000000000000e+00
4.377397584565253519e-01 -1.222703519457256083e-01 0.000000000000000000e+00
1.226034104322788615e-01 4.283869339460747439e-01 0.000000000000000000e+00
-1.781945559449590877e-02 -2.363712486820498393e-01 0.000000000000000000e+00
1.898028842174415420e-01 -3.027671665498803955e-01 0.000000000000000000e+00
4.607895518251573508e-01 -1.039706708766674065e-01 0.000000000000000000e+00
-3.435918164093773042e-01 -1.609938324090348372e-01 0.000000000000000000e+00
-1.823455190453898977e-01 -3.796192776733973151e-01 0.000000000000000000e+00
9.003102277340496729e-02 -1.836656744527964680e-01 0.000000000000000000e+00
-3.350420754456266415e-01 1.435651862786881672e-01 0.000000000000000000e+00
-4.586149752568207116e-01 -9.176585331754921748e-02 0.000000000000000000e+00
-3.755490701262629294e-01 -1.274698557685326195e-01 0.000000000000000000e+00
-2.917206441867196687e-01 1.482152075212441744e-01 0.000000000000000000e+00
-3.024776102516513743e-01 3.341612976602881258e-01 0.000000000000000000e+00
-4.529776831116932856e-01 -5.271502016837916610e-02 0.000000000000000000e+00
-3.848013386669235092e-01 -5.390359407556455373e-02 0.000000000000000000e+00
-2.898704543785999427e-02 -5.977337094667021372e-02 0.000000000000000000e+00
-3.491344648153278940e-01 -3.839273935844930014e-02 0.000000000000000000e+00
1.085702638847595991e-01 4.642631610297722200e-01 0.000000000000000000e+00
2.561958447867580535e-01 -2.157004248427632498e-01 0.000000000000000000e+00
5.244914248131164053e-02 3.387124252059736662e-01 0.000000000000000000e+00
-3.354936688766663178e-01 5.955512484662401490e-02 0.000000000000000000e+00
-5.691530778597204965e-02 -4.855290357664149292e-01 0.000000000000000000e+00
-1.525625605955022125e-03 -1.980470271681023520e-01 0.000000000000000000e+00
-9.752208374135967750e-02 1.423394189883128436e-01 0.000000000000000000e+00
-3.083947701726976950e-02 -1.426631680879516251e-01 0.000000000000000000e+00
-2.074196765011780338e-02 -1.362574812362966625e-01 0.000000000000000000e+00
-1.625130910288785924e-01 2.184179051890434153e-01 0.000000000000000000e+00
-3.609544434368875954e-01 -2.354216546068192695e-01 0.000000000000000000e+00
2.634515827593266191e-01 -3.819855747493487441e-01 0.000000000000000000e+00
-1.312620559389628683e-01 -1.185245326143312544e-01 0.000000000000000000e+00
3.472912049716265770e-01 5.828202436244411810e-02 0.000000000000000000e+00
-3.274519726564046884e-01 -2.061920843894790301e-01 0.000000000000000000e+00
8.048894991719740544e-02 -3.219396822787384260e-01 0.000000000000000000e+00
3.663095533018532746e-01 2.075882652570672504e-01 0.000000000000000000e+00
2.507412164923216169e-01 3.326268275552705656e-01 0.000000000000000000e+00
-1.829151228786195793e-01 1.563632748707250164e-01 0.000000000000000000e+00
-2.502398543004770159e-01 3.963845296749143182e-02 0.000000000000000000e+00
-1.238966909905431790e-01 9.144993405485384030e-02 0.000000000000000000e+00
1.806083409898443237e-01 -3.769447306925738372e-01 0.000000000000000000e+00
1.229759975189659293e-01 -2.242791776750904520e-01 0.000000000000000000e+00
-1.647271619402925769e-01 -1.541394443661740221e-01 0.000000000000000000e+00
-2.911387996086028385e-01 1.882720674527093296e-01 0.000000000000000000e+00
3.393708185425237112e-01 1.286075669520928555e-01 0.000000000000000000e+00
4.326867818153492390e-02 2.150464022974104827e-01 0.000000000000000000e+00
-1.980526069892899477e-01 3.312308143448441378e-01 0.000000000000000000e+00
-4.444993644044196719e-04 1.943355798742537888e-01 0.000000000000000000e+00
-4.610388918416095660e-01 -9.515458417514452774e-03 0.000000000000000000e+00
-9.503914690742812366e-02 -1.184396568149196846e-03 0.000000000000000000e+00
1.195005696025487896e-01 1.496436071585233174e-01 0.000000000000000000e+00
-3.273601664551453183e-01 3.258801104682682633e-03 0.000000000000000000e+00
-3.453077606207012873e-01 2.999085492974387646e-01 0.000000000000000000e+00
-2.812020443958154758e-01 3.785422204873226809e-02 0.000000000000000000e+00
-5.453170999114734935e-02 3.300355283864787048e-01 0.000000000000000000e+00
2.913819623139292728e-02 3.739177700919973923e-01 0.000000000000000000e+00
-6.193934803005358286e-02 -2.083234852027715245e-01 0.000000000000000000e+00
2.127820093847780647e-02 -2.448519559386756472e-01 0.000000000000000000e+00
-1.483579216680574464e-01 -2.938366170098821173e-01 0.000000000000000000e+00
6.838620460434789716e-02 -3.942287912908674918e-03 0.000000000000000000e+00
1.576356289238889097e-01 3.469952279330285050e-01 0.000000000000000000e+00
-1.767141959489088032e-01 3.841831377447056384e-01 0.000000000000000000e+00
-4.691953551163709213e-02 -4.502567467686915959e-01 0.000000000000000000e+00
3.968502376954041039e-02 9.509409709864474758e-02 0.000000000000000000e+00
3.629284749962251588e-01 1.234352508561230161e-01 0.000000000000000000e+00
-7.264601419815128192e-02 -4.069960407799405600e-01 0.000000000000000000e+00
-3.966109698302958120e-01 8.934349355024204242e-02 0.000000000000000000e+00
1.267480838805821741e-01 -1.730742517184138685e-01 0.000000000000000000e+00
-5.591643839869694065e-03 -2.748970025475608869e-01 0.000000000000000000e+00
-3.825668492722550940e-01 -2.205071952260991841e-01 0.000000000000000000e+00
3.336210475858430308e-02 -2.303254045226880986e-01 0.000000000000000000e+00
2.853767805829445225e-01 -2.904605495287416184e-01 0.000000000000000000e+00
2.821028290857359733e-01 3.301447487929696223e-01 0.000000000000000000e+00
7.086082952786596260e-05 -1.247708655378017284e-01 0.000000000000000000e+00
2.902665936666650182e-01 -3.633271120629137929e-01 0.000000000000000000e+00
1.994148486137650167e-01 -1.056074863822825671e-01 0.000000000000000000e+00
1.844619360315311596e-01 3.569204848090955506e-01 0.000000000000000000e+00
1.170718685991949636e-02 -4.535941525517547812e-01 0.000000000000000000e+00
7.630366473119715165e-02 -4.042837688496624948e-01 0.000000000000000000e+00
3.595260205549756227e-01 3.445130122137841228e-02 0.000000000000000000e+00
1.591827738023090799e-01 3.808330657788028262e-01 0.000000000000000000e+00
-2.868392782046716438e-02 -6.695486485883292427e-02 0.000000000000000000e+00
-2.976965682560919757e-01 -3.953553753712950591e-01 0.000000000000000000e+00
1.497829017362383719e-01 3.211250317805739996e-01 0.000000000000000000e+00
4.145923080038798614e-01 2.042353525379927981e-01 0.000000000000000000e+00
-3.854515455293533455e-01 3.254886759546882918e-02 0.000000000000000000e+00
7.629224657584644798e-02 -4.175984837036378350e-01 0.000000000000000000e+00
-5.504989217077849856e-02 1.247961638068702667e-01 0.000000000000000000e+00
-3.706731795225346460e-01 -2.438748554722743045e-01 0.000000000000000000e+00
-2.061551544319121798e-01 3.854235380490811293e-03 0.000000000000000000e+00
3.229401912320420398e-01 -3.341823050461181777e-01 0.000000000000000000e+00
-1.998966955013657121e-01 1.854237202221576883e-02 0.000000000000000000e+00
2.701000041926373552e-01 -5.621034645619071152e-02 0.000000000000000000e+00
2.159528222299090250e-01 -2.159753596626500793e-01 0.000000000000000000e+00
-3.989634914657827491e-01 -2.431544546958460951e-01 0.000000000000000000e+00
-3.150735374760919028e-01 1.088068743994410892e-02 0.000000000000000000e+00
-2.868734110738016541e-01 -1.517116454017231053e-01 0.000000000000000000e+00
4.313920827137282532e-01 -5.697151328647954288e-02 0.000000000000000000e+00
-1.078178182926478323e-01 -1.443372556702631482e-01 0.000000000000000000e+00
-5.699339894809232754e-02 1.343345264677741346e-01 0.000000000000000000e+00
1.976094052858525518e-01 7.425527024254867381e-02 0.000000000000000000e+00
9.596920323366212036e-02 2.204847316811545388e-01 0.000000000000000000e+00
1.142598823379102346e-01 -3.057874844402081460e-01 0.000000000000000000e+00
7.356769187827182088e-02 2.584989082933625837e-01 0.000000000000000000e+00
1.844925475022589634e-01 -2.460340499141022708e-01 0.000000000000000000e+00
3.375581733782161975e-01 1.849406994219100764e-01 0.000000000000000000e+00
2.452884441681977556e-01 4.968715198326956184e-02 0.000000000000000000e+00
-2.022069725151850739e-01 -2.072591991813626522e-01 0.000000000000000000e+00
4.009301373544790215e-01 2.275518378080653437e-01 0.000000000000000000e+00
2.710591111749878768e-01 2.130727958468867089e-01 0.000000000000000000e+00
3.458116686528813211e-01 -3.124379815663728688e-01 0.000000000000000000e+00
1.962007114348175429e-01 -8.554523188532646427e-02 0.000000000000000000e+00
-2.597004980452174983e-01 -2.974818231748025399e-01 0.000000000000000000e+00
2.570428198412370580e-01 1.001817653566993427e-01 0.000000000000000000e+00
3.742261666239196649e-01 -2.878528524140056347e-02 0.000000000000000000e+00
-2.796155487044990062e-01 -1.786312987014813114e-01 0.000000000000000000e+00
3.754059161081533258e-01 1.748566132275908569e-01 0.000000000000000000e+00
-3.302928557453171238e-02 -4.215376421125248130e-01 0.000000000000000000e+00
-1.390526023222980190e-01 1.372461594569610033e-01 0.000000000000000000e+00
2.953188761642807081e-01 -3.143640451481556908e-01 0.000000000000000000e+00
-1.514726108223984624e-01 -3.536868229309150791e-01 0.000000000000000000e+00
-8.358237128132758875e-02 1.791239412694441979e-01 0.000000000000000000e+00
-3.312424808900290424e-02 1.211968063177900623e-01 0.000000000000000000e+00
1.725504526189343413e-01 -2.411704356349302081e-02 0.000000000000000000e+00
-9.663904264292412505e-02 1.607451496550014736e-01 0.000000000000000000e+00
2.086348886392220409e-02 -3.352092895913834081e-01 0.000000000000000000e+00
7.207466530617504842e-03 -2.631674994709685689e-01 0.000000000000000000e+00
-1.999581122045917814e-01 -3.656162717843139953e-01 0.000000000000000000e+00
-1.471274727387472947e-01 1.319872096374818081e-02 0.000000000000000000e+00
1.783681506960450580e-01 1.516743795704530162e-01 0.000000000000000000e+00
1.625057940254744093e-01 2.171341271478236801e-01 0.000000000000000000e+00
-3.625486891478555962e-01 9.097296560067769100e-02 0.000000000000000000e+00
3.204264467107709180e-01 -4.009206681438334113e-02 0.000000000000000000e+00
-1.337425286770985433e-01 1.978530294342248086e-01 0.000000000000000000e+00
6.235239385843498877e-02 -2.348744336575893932e-01 0.000000000000000000e+00
7.734079441555265222e-02 -1.858575051307716497e-01 0.000000000000000000e+00
1.936156746097185410e-02 3.093614057308335941e-01 0.000000000000000000e+00
-1.698293065831421866e-01 3.724520796843100012e-03 0.000000000000000000e+00
2.026921484805025986e-01 2.814201784692085262e-01 0.000000000000000000e+00
-1.148862856459555021e-01 -3.873614795369613173e-01 0.000000000000000000e+00
-2.293985492274531746e-01 4.001808438716194516e-01 0.000000000000000000e+00
-3.739059760746328287e-01 2.507838138039033757e-02 0.000000000000000000e+00
3.301897985587145534e-01 1.464319538191374281e-01 0.000000000000000000e+00
1.515981861960905008e-01 -1.224219518268642309e-01 0.000000000000000000e+00
3.845493176100566179e-01 5.937183393615018401e-02 0.000000000000000000e+00
2.928384069599664907e-01 2.490827655810456398e-01 0.000000000000000000e+00
1.722901991899608576e-01 -2.026549842383841560e-01 0.000000000000000000e+00
3.469304123364042591e-01 2.807954842099451027e-03 0.000000000000000000e+00
-3.175813334747882299e-01 2.391323240920183724e-01 0.000000000000000000e+00
-1.758509966115570089e-01 -3.438019567313536085e-01 0.000000000000000000e+00
-4.128406770329598463e-01 -2.195134091880394933e-01 0.000000000000000000e+00
1.472709488703257130e-01 4.588081082224438334e-01 0.000000000000000000e+00
1.078865571486653935e-01 -1.817601431388711775e-01 0.000000000000000000e+00
4.423851380015471346e-02 -2.987034534167132271e-01 0.000000000000000000e+00
3.150400273492324765e-01 2.474916235462048253e-01 0.000000000000000000e+00
8.865708141447438406e-02 -2.200074471007872068e-01 0.000000000000000000e+00
6.295527984002062538e-02 1.240247116544353073e-01 0.000000000000000000e+00
2.665215444667827227e-01 3.870411283314697526e-01 0.000000000000000000e+00
3.201100917448459482e-01 3.210254266812631041e-01 0.000000000000000000e+00
2.275361578294242959e-01 2.380574118531177674e-01 0.000000000000000000e+00
3.148685225748523719e-01 -2.124158131815920003e-01 0.000000000000000000e+00
-1.507110458824812392e-02 4.614095368969319821e-01 0.000000000000000000e+00
1.787135660370409510e-02 -3.255775573462592054e-01 0.000000000000000000e+00
-1.416090245777929801e-01 5.398961425682567011e-02 0.000000000000000000e+00
2.433593588445246148e-01 9.998407748674827122e-02 0.000000000000000000e+00
4.900193093152157425e-02 1.488990107365321947e-01 0.000000000000000000e+00
-2.786606271256216183e-01 9.652794267617392787e-02 0.000000000000000000e+00
1.146090358904520712e-01 -5.421329870908666443e-02 0.000000000000000000e+00
-1.205276086480326081e-01 -5.181134048873753395e-02 0.000000000000000000e+00
-1.432463666891974907e-01 -2.310332927308309803e-01 0.000000000000000000e+00
1.675522644049232124e-01 3.870277864098911058e-01 0.000000000000000000e+00
-1.163849952960366030e-01 -2.236133153109831351e-01 0.000000000000000000e+00
-1.906998391476855403e-01 -3.055930692988318917e-02 0.000000000000000000e+00
9.622063218183932176e-02 1.895247936399461763e-01 0.000000000000000000e+00
-2.199111010841569291e-01 2.780197013398599259e-01 0.000000000000000000e+00
-3.712571029828308777e-01 1.813518450868693843e-01 0.000000000000000000e+00
-2.029383891094931336e-01 1.331252796754646764e-02 0.000000000000000000e+00
-3.434445005024710507e-01 -1.003063682760595432e-01 0.000000000000000000e+00
2.378915218918828400e-01 1.798207882919592160e-01 0.000000000000000000e+00
9.246019794769291811e-02 1.973481148269695673e-01 0.000000000000000000e+00
2.982932757338470700e-02 3.766183580386906482e-01 0.000000000000000000e+00
3.629600246637305072e-01 3.080662362518589090e-02 0.000000000000000000e+00
1.665766567176067137e-01 1.568653565845995190e-01 0.000000000000000000e+00
4.342564576468969095e-01 -7.245235243153948235e-02 0.000000000000000000e+00
3.551252699390636813e-01 -7.010771405062578288e-02 0.000000000000000000e+00
1.467530251961559618e-01 -1.427087610494674752e-01 0.000000000000000000e+00
-3.715540735525380556e-01 9.570906933605285993e-02 0.000000000000000000e+00
2.934184883501692043e-01 2.705766852852842241e-01 0.000000000000000000e+00
3.175484050180987228e-01 7.251139050508002837e-02 0.000000000000000000e+00
-4.773376185941525796e-01 -4.341202054118119963e-02 0.000000000000000000e+00
2.976727986143345439e-01 -2.752549673120143758e-01 0.000000000000000000e+00
3.287648538093210226e-01 2.991439199815120187e-01 0.000000000000000000e+00
-1.589648622598552885e-01 2.746215109004742083e-01 0.000000000000000000e+00
1.222896499538951021e-01 1.437187207374773235e-01 0.000000000000000000e+00
-4.114586870397918261e-02 -2.740438301087163575e-01 0.000000000000000000e+00
-3.383795797310529263e-01 2.574770552492506859e-01 0.000000000000000000e+00
-2.531447260861265369e-01 -3.804517102774630510e-01 0.000000000000000000e+00
1.993863306822697135e-01 -1.958646637159283943e-01 0.000000000000000000e+00
1.763600207473222103e-01 -3.157627967593509832e-01 0.000000000000000000e+00
1.992725630483602878e-02 2.781431804050196743e-01 0.000000000000000000e+00
1.624914450782046979e-02 2.951941441841545721e-01 0.000000000000000000e+00
1.339786563963809088e-02 -1.231445049882802789e-01 0.000000000000000000e+00
-2.202121932463010634e-01 2.616182428661772974e-01 0.000000000000000000e+00
-2.511227806612806313e-01 -2.865849285479541986e-01 0.000000000000000000e+00
-4.045520627135451575e-01 -2.532822566809977416e-01 0.000000000000000000e+00
-3.876908167856988885e-01 -2.346826907709566035e-01 0.000000000000000000e+00
-2.504775608840986156e-01 3.805911987120986356e-02 0.000000000000000000e+00
1.304644710363937199e-01 1.166065767702580830e-01 0.000000000000000000e+00
-1.658456310956400170e-01 -3.312314127299226252e-01 0.000000000000000000e+00
1.703200282856248693e-02 -8.536926717588848301e-02 0.000000000000000000e+00
5.408688962542251150e-02 -4.611072434680306142e-01 0.000000000000000000e+00
-5.835460842429352618e-02 1.343921303564709069e-01 0.000000000000000000e+00
4.132042912708379090e-01 -1.635601495503766489e-01 0.000000000000000000e+00
4.268426028926536331e-02 -2.312917555773064404e-01 0.000000000000000000e+00
-2.001629486794366530e-01 -1.154201199133609163e-01 0.000000000000000000e+00
-1.116349891975859931e-01 1.014693858532418336e-01 0.000000000000000000e+00
-6.829772883355143820e-02 4.947191965094464849e-02 0.000000000000000000e+00
1.041215759638842581e-01 -2.455973685193883482e-01 0.000000000000000000e+00
-2.662041555544817917e-01 -3.666140094285317286e-01 0.000000000000000000e+00
-1.932090578031389061e-01 -4.314612035199111295e-01 0.000000000000000000e+00
2.850057312254110076e-01 -2.997518094719428539e-01 0.000000000000000000e+00
-9.812925020193237480e-02 2.314910620877831671e-02 0.000000000000000000e+00
7.315275221258479843e-02 1.847204395548817379e-01 0.000000000000000000e+00
8.755452043796120576e-02 -2.220942160966803414e-01 0.000000000000000000e+00
-2.099220079808374745e-02 -2.352528829224945217e-01 0.000000000000000000e+00
3.220084315314066248e-01 2.278766482261332660e-01 0.000000000000000000e+00
2.181005444331246546e-01 -1.180035981602711587e-01 0.000000000000000000e+00
2.765535561262094100e-01 -2.201445742951104734e-01 0.000000000000000000e+00
1.497951410797274951e-01 -3.582816926351317655e-01 0.000000000000000000e+00
3.362341155075699445e-02 -3.485263008441876753e-01 0.000000000000000000e+00
-2.429111397128259076e-01 2.181570326056877229e-01 0.000000000000000000e+00
-3.312967770109282450e-01 1.331706874140738128e-01 0.000000000000000000e+00
2.092639033391273384e-01 -4.092569836317958010e-01 0.000000000000000000e+00
-1.672269556136849467e-01 -1.582085828020164675e-02 0.000000000000000000e+00
7.242419386930389058e-02 -1.522473761568141903e-01 0.000000000000000000e+00
-3.547453172707409896e-01 -5.386676418588264015e-02 0.000000000000000000e+00
3.800230760949724340e-01 1.512272074715260706e-01 0.000000000000000000e+00
-1.030166311355303933e-02 1.782457589008623888e-01 0.000000000000000000e+00
-2.582153427495431641e-01 -2.775425098355533415e-01 0.000000000000000000e+00
1.480768547445647787e-01 2.340495027752660384e-01 0.000000000000000000e+00
-3.939528185836599916e-01 1.328203073596576356e-01 0.000000000000000000e+00
-3.118279965873653192e-01 -1.537605987786114237e-01 0.000000000000000000e+00
-3.121643540681591222e-01 8.379411778759066065e-02 0.000000000000000000e+00
1.576244478185949149e-01 2.959660209276749887e-01 0.000000000000000000e+00
2.456569444522833101e-01 3.350858826539760416e-01 0.000000000000000000e+00
4.208664370809201971e-01 -7.298507278383307983e-02 0.000000000000000000e+00
2.678353484329156209e-01 2.610786203073601763e-01 0.000000000000000000e+00
-2.482904354289661442e-01 -2.382658048098901804e-01 0.000000000000000000e+00
-1.076843719567631003e-01 3.905523716799818024e-01 0.000000000000000000e+00
8.136175251231680949e-02 -3.735251962663652114e-01 0.000000000000000000e+00
3.364309447233659878e-01 2.605626411554197181e-03 0.000000000000000000e+00
8.416831345874185855e-02 -1.803839146459458032e-01 0.000000000000000000e+00
-1.361434624155750395e-01 4.581320831673383470e-02 0.000000000000000000e+00
-9.275689476566618963e-02 5.104508711298396534e-02 0.000000000000000000e+00
-2.495050727785664280e-01 1.958004806459633096e-01 0.000000000000000000e+00
9.100450460315871737e-02 -4.052829196697134151e-01 0.000000000000000000e+00
2.660528051442979658e-01 -1.212525878206182767e-01 0.000000000000000000e+00
-1.817683902685110486e-01 6.421778762963564757e-02 0.000000000000000000e+00
3.229792335854097390e-02 4.726950863792824670e-02 0.000000000000000000e+00
2.738821163392401448e-01 -4.500659081538769396e-02 0.000000000000000000e+00
-2.734193433382025584e-01 -3.210185721815176918e-01 0.000000000000000000e+00
1.097201448182527073e-01 -6.665948944090535622e-02 0.000000000000000000e+00
-8.680845899820970740e-03 -3.774924647636163089e-01 0.000000000000000000e+00
1.212661021390376015e-01 3.081702966112572772e-01 0.000000000000000000e+00
1.375740128640933098e-02 -1.030246072257903212e-01 0.000000000000000000e+00
-3.366082442722420631e-01 -2.013810743141789261e-01 0.000000000000000000e+00
3.645375819133170880e-01 1.011000768343705003e-01 0.000000000000000000e+00
1.280171747333563592e-01 3.195134938350763787e-01 0.000000000000000000e+00
1.298743384190582384e-01 3.318803521262608802e-01 0.000000000000000000e+00
-6.352249026640224838e-02 -9.054165870255051485e-02 0.000000000000000000e+00
1.241214757345856651e-01 -2.313228458293232689e-02 0.000000000000000000e+00
-1.468550618679634540e-03 2.302019236222368204e-01 0.000000000000000000e+00
2.029340968993575411e-01 -1.208671527610113289e-01 0.000000000000000000e+00
1.491366206634651692e-01 3.425758938825770872e-01 0.000000000000000000e+00
4.531255674504486297e-02 -3.356015863891378403e-01 0.000000000000000000e+00
2.095697165232808523e-01 2.123807510462360493e-01 0.000000000000000000e+00
-7.252488613819888658e-03 -4.549198537525888653e-01 0.000000000000000000e+00
-1.806113363081552070e-01 1.021838355876104193e-01 0.000000000000000000e+00
-2.167555036467945506e-01 -2.781395642756104292e-01 0.000000000000000000e+00
4.893956179041338700e-02 9.301822253829432341e-02 0.000000000000000000e+00
-2.472556993058636077e-01 3.259299537139580538e-01 0.000000000000000000e+00
-1.291796247556693256e-01 -3.868470450840731378e-01 0.000000000000000000e+00
-3.590440154161901598e-02 -4.388998570335944649e-01 0.000000000000000000e+00
5.599147001138259083e-02 -1.350287619949044060e-01 0.000000000000000000e+00
-1.092193267967411507e-01 1.926456063227519611e-01 0.000000000000000000e+00
-6.446163794305426187e-02 1.637150495694367769e-01 0.000000000000000000e+00
4.343924006494315759e-01 1.665167433480847087e-02 0.000000000000000000e+00
2.535441650678487147e-01 -3.115125110062593183e-01 0.000000000000000000e+00
2.913272578647230771e-01 2.295656688000754786e-01 0.000000000000000000e+00
-1.699634993185349940e-01 -3.205082459773815895e-01 0.000000000000000000e+00
-1.389728513746712468e-01 4.053224769336694622e-01 0.000000000000000000e+00
1.831394980392646865e-01 4.253707792768935403e-01 0.000000000000000000e+00
2.889811456450243621e-01 -2.419862988853330732e-01 0.000000000000000000e+00
8.476840449425686319e-02 -4.258152939131411574e-01 0.000000000000000000e+00
-1.042257734294499277e-01 1.589203995232736089e-01 0.000000000000000000e+00
2.410160524873871668e-01 9.008158387429231195e-02 0.000000000000000000e+00
-1.971331753344185075e-02 8.857432222252520360e-02 0.000000000000000000e+00
2.729301002272650489e-01 2.303233588710743018e-01 0.000000000000000000e+00
5.835738445662599916e-02 -4.842684372603319742e-01 0.000000000000000000e+00
1.347001414294430877e-01 1.528628758409717459e-01 0.000000000000000000e+00
-3.726886253111215148e-03 3.354533270899245911e-01 0.000000000000000000e+00
-1.193320666361889354e-01 3.599491333432262574e-01 0.000000000000000000e+00
9.933823038215684742e-02 -6.403228329463971080e-02 0.000000000000000000e+00
-1.769449640578796279e-01 -2.862980414139278951e-01 0.000000000000000000e+00
3.248302692127245095e-01 -2.339104827678398918e-02 0.000000000000000000e+00
2.241482779204134745e-01 3.669723906378205003e-01 0.000000000000000000e+00
-4.360402160091048640e-01 -1.020691831489727724e-01 0.000000000000000000e+00
-2.256565198725063726e-01 -7.794763841175544709e-03 0.000000000000000000e+00
-3.521509518219956281e-01 2.073695736026533731e-01 0.000000000000000000e+00
3.613949247334705128e-01 3.855023941486382388e-02 0.000000000000000000e+00
-2.935294827324655964e-01 -1.955236879762326241e-01 0.000000000000000000e+00
2.883124522314587934e-01 1.537788950362530271e-01 0.000000000000000000e+00
6.473771823776590384e-02 -2.263518248816320522e-01 0.000000000000000000e+00
-2.610083876588478735e-01 1.764653914022834280e-01 0.000000000000000000e+00
3.860322223439978107e-01 9.700762348466249185e-02 0.000000000000000000e+00
-1.397444650432880520e-01 3.045227069148381469e-02 0.000000000000000000e+00
2.552266716833524463e-01 1.664309251759107933e-01 0.000000000000000000e+00
3.626570558602706940e-01 2.351019935242676939e-01 0.000000000000000000e+00
3.684314844598277627e-01 -2.549577082914124965e-02 0.000000000000000000e+00
-2.566325597817266102e-01 -1.427879993951111093e-01 0.000000000000000000e+00
-1.230049328098214295e-01 3.809304212738761075e-01 0.000000000000000000e+00
-5.153366881120629434e-02 -5.472124253874046523e-02 0.000000000000000000e+00
-3.616751311006999314e-01 1.933796606956857470e-02 0.000000000000000000e+00
3.963269040755796335e-01 1.282177560743525679e-01 0.000000000000000000e+00
1.631858531658184064e-01 -1.515211792969189952e-01 0.000000000000000000e+00
-2.891236853020875963e-02 1.661694334125628503e-01 0.000000000000000000e+00
-3.375674356305166657e-01 1.048318617388186574e-01 0.000000000000000000e+00
2.981102867632017817e-01 1.795287115909213194e-01 0.000000000000000000e+00
-2.025672718785136717e-01 3.064596276817989629e-01 0.000000000000000000e+00
3.524765110299397652e-01 -3.044250936206470692e-01 0.000000000000000000e+00
5.461714683739735815e-02 -1.659418364663586276e-01 0.000000000000000000e+00
1.033118337755952604e-01 4.492536032237534060e-01 0.000000000000000000e+00
-3.578670796158980316e-01 -1.304561099614557629e-01 0.000000000000000000e+00
-1.828334640586184723e-01 3.225817930501588271e-01 0.000000000000000000e+00
1.383186581337619570e-01 3.180497194932598304e-01 0.000000000000000000e+00
2.492959101663734245e-01 -3.279882140688925585e-01 0.000000000000000000e+00
3.427795113997729182e-01 -4.214984886337056619e-02 0.000000000000000000e+00
2.906756802138765194e-01 2.775257718374514737e-01 0.000000000000000000e+00
3.336986801693005988e-01 2.220591675861000036e-01 0.000000000000000000e+00
-9.497795182095873645e-02 -1.106572635979200803e-01 0.000000000000000000e+00
-7.029573562192294178e-02 -3.262399977551551644e-01 0.000000000000000000e+00
-4.306529780533416840e-01 1.421408464380991277e-01 0.000000000000000000e+00
-1.681120707502509193e-01 -1.416529296546447658e-01 0.000000000000000000e+00
-3.670099205686602195e-01 1.755432228449632648e-01 0.000000000000000000e+00
-2.541115209922062412e-01 1.866685955753055737e-01 0.000000000000000000e+00
-2.908627049260934308e-02 -9.458505222363866594e-02 0.000000000000000000e+00
3.262073610228372611e-01 3.176847434563810357e-01 0.000000000000000000e+00
1.864799064097626968e-01 -3.892009652094982619e-01 0.000000000000000000e+00
-2.605933265321362380e-01 2.779616959922804331e-01 0.000000000000000000e+00
3.360800502504873027e-02 -3.230907342893445389e-01 0.000000000000000000e+00
2.690754102241894596e-01 -5.393201769955000696e-02 0.000000000000000000e+00
3.573506743122649709e-01 -2.995846589020932926e-01 0.000000000000000000e+00
-1.835620054981267069e-01 -3.825205924470486685e-01 0.000000000000000000e+00
-3.498144763325232720e-01 -3.497301046207702130e-02 0.000000000000000000e+00
1.251741826980582450e-01 3.065113587224723157e-01 0.000000000000000000e+00
1.589102548513746382e-01 -6.127514192293525425e-03 0.000000000000000000e+00
3.142518083337724200e-01 2.088892966365356041e-01 0.000000000000000000e+00
-1.988526554370491362e-01 -2.421762348462132008e-01 0.000000000000000000e+00
1.551820937128026157e-01 -2.114016214905678759e-01 0.000000000000000000e+00
1.264145943722827792e-01 -1.343489227432345390e-01 0.000000000000000000e+00
-4.410110692289923723e-02 -2.504077931920212774e-01 0.000000000000000000e+00
9.346672756853642572e-02 -2.136959140102181326e-02 0.000000000000000000e+00
-3.566358405883046645e-01 2.974651160416089124e-01 0.000000000000000000e+00
-1.460407393863012160e-01 -4.510160356553191141e-01 0.000000000000000000e+00
1.100987053033644497e-01 1.037140137804425377e-01 0.000000000000000000e+00
1.710864974635720459e-01 6.533873248867440309e-02 0.000000000000000000e+00
-1.367098650615879707e-01 3.992170207303461504e-01 0.000000000000000000e+00
2.980268429810067343e-01 1.318158817672667460e-01 0.000000000000000000e+00
4.141099924734713278e-02 1.906941739814470016e-01 0.000000000000000000e+00
-1.046415299023078088e-01 -4.521839335682519279e-01 0.000000000000000000e+00
3.049226307467299835e-01 -2.492087250460645331e-01 0.000000000000000000e+00
5.054317482033828662e-02 -2.661578856801818382e-01 0.000000000000000000e+00
3.404728072717935067e-02 1.774956144361520827e-01 0.000000000000000000e+00
-8.169316310674178128e-02 8.014102670400888306e-02 0.000000000000000000e+00
-3.310296791281054918e-01 -1.593203636439737003e-01 0.000000000000000000e+00
5.842097483928521823e-02 6.258062600353832272e-02 0.000000000000000000e+00
-8.599252292727750657e-02 -2.510225331974989538e-01 0.000000000000000000e+00
-2.877339139070443363e-01 -9.744112324757998878e-02 0.000000000000000000e+00
1.773190204897749644e-01 -2.415468634056205377e-01 0.000000000000000000e+00
-3.918016376620694907e-01 -1.232876562423531608e-01 0.000000000000000000e+00
1.497835404290185357e-01 -3.174787572348382048e-01 0.000000000000000000e+00
3.344181285782318880e-01 7.198668627826725064e-02 0.000000000000000000e+00
-1.011352267449109471e-01 1.800793781794035875e-01 0.000000000000000000e+00
-1.131592233593096963e-01 3.836538485183696445e-01 0.000000000000000000e+00
1.586231840761778145e-01 2.947667313160086122e-01 0.000000000000000000e+00
-1.774146750463367062e-01 1.465242694059070983e-01 0.000000000000000000e+00
9.267409611069367392e-02 -1.842478593650631602e-01 0.000000000000000000e+00
8.821067493738002016e-03 2.360891809326347013e-01 0.000000000000000000e+00
1.226766252771915588e-01 1.249431880332499065e-02 0.000000000000000000e+00
8.117793304684638167e-02 -1.939046421738714610e-01 0.000000000000000000e+00
4.221784132714666016e-01 2.125665071944665974e-01 0.000000000000000000e+00
-2.662449142966547555e-01 2.994979368833353139e-01 0.000000000000000000e+00
-2.320614501763493265e-01 -2.231800998545403758e-01 0.000000000000000000e+00
-3.047256875267184140e-01 -5.758913608592750033e-02 0.000000000000000000e+00
1.634090249123928140e-01 3.160872446820994774e-02 0.000000000000000000e+00
3.171399226550777189e-02 5.154120479916093900e-02 0.000000000000000000e+00
3.045553600063969357e-01 1.354089953984804195e-01 0.000000000000000000e+00
-1.030553143701700147e-01 2.148617259232680210e-01 0.000000000000000000e+00
-2.155568431309892174e-01 1.178465560805384144e-01 0.000000000000000000e+00
-1.276552187661700311e-01 -9.038255498156710921e-02 0.000000000000000000e+00
1.740395626816853836e-01 2.826550015223983636e-01 0.000000000000000000e+00
-1.402072263864735657e-01 4.626682348170998438e-01 0.000000000000000000e+00
2.773391961723229993e-01 5.333908603605971160e-02 0.000000000000000000e+00
3.350725190411010246e-01 5.729643028412365752e-02 0.000000000000000000e+00
-9.987128881197258889e-02 -2.652920345005156944e-01 0.000000000000000000e+00
-2.070742696837001573e-01 -1.947536520605172017e-01 0.000000000000000000e+00
5.146101943196756956e-02 1.892976723467148237e-01 0.000000000000000000e+00
1.606511650336567287e-01 -2.402798859498833650e-01 0.000000000000000000e+00
-1.967678388939997913e-01 -8.345533273933004870e-02 0.000000000000000000e+00
1.531397856422520541e-02 1.639671163161227681e-03 0.000000000000000000e+00
-3.945121130113837804e-01 9.985577985551875868e-02 0.000000000000000000e+00
1.136823039121023782e-01 -4.244534733540351601e-01 0.000000000000000000e+00
-1.285181725202555192e-01 -1.503611686541813930e-01 0.000000000000000000e+00
1.841924588729360324e-01 -6.604207035592753183e-02 0.000000000000000000e+00
2.065883246153774611e-01 -1.008525882048886824e-01 0.000000000000000000e+00
-1.450108473967151868e-01 -8.518248025770340515e-02 0.000000000000000000e+00
-1.722292715066196800e-01 2.263981114678446371e-01 0.000000000000000000e+00
-2.308283431232250882e-01 1.229750085835797369e-01 0.000000000000000000e+00
-3.975532867789337010e-01 -1.401475823101720752e-01 0.000000000000000000e+00
-1.393607982481058841e-02 -3.695094821959312714e-01 0.000000000000000000e+00
3.283491625971089456e-01 4.145192866678496652e-02 0.000000000000000000e+00
-3.783551525431607110e-01 -1.890172400234246264e-01 0.000000000000000000e+00
1.737866447368492107e-01 3.181660928014237721e-01 0.000000000000000000e+00
2.957629970515127105e-01 -5.874402834944968815e-02 0.000000000000000000e+00
2.742071696087394206e-01 2.553855725859437431e-01 0.000000000000000000e+00
4.610528065482906723e-01 2.394611624420359131e-02 0.000000000000000000e+00
-1.261294665369457335e-01 3.072100562549803238e-01 0.000000000000000000e+00
-4.631266534749953201e-01 3.846709762421238882e-02 0.000000000000000000e+00
2.636485398702399785e-02 2.545415256828451045e-01 0.000000000000000000e+00
-1.050706277467346184e-02 -1.957788863298254023e-01 0.000000000000000000e+00
1.565543442769715965e-01 -3.814696700756696479e-02 0.000000000000000000e+00
-2.792942857068627105e-01 -2.785212462210837417e-02 0.000000000000000000e+00
-9.540758621010857199e-02 -5.740881164704298573e-02 0.000000000000000000e+00
-9.615398901982424862e-02 3.446164747199951250e-01 0.000000000000000000e+00
-2.018373527788437996e-02 -9.046210265177070942e-02 0.000000000000000000e+00
1.905571859997453113e-02 -3.962272588946351148e-01 0.000000000000000000e+00
6.089261571196193101e-02 -4.664873352414266039e-01 0.000000000000000000e+00
1.258924300023551712e-01 3.356310677071615983e-02 0.000000000000000000e+00
-1.480762384616072791e-01 4.262627677534699955e-01 0.000000000000000000e+00
-2.951775299851375212e-02 -2.629946028489937859e-01 0.000000000000000000e+00
-1.235582096920809364e-01 -4.318919113490701234e-01 0.000000000000000000e+00
9.870188442390671890e-02 -8.590892974748495781e-02 0.000000000000000000e+00
-3.580047263005956548e-01 1.214863954782963440e-01 0.000000000000000000e+00
-9.876984476009774416e-02 -1.034563078067057690e-01 0.000000000000000000e+00
-9.740496815172640377e-02 -1.192504219506997643e-01 0.000000000000000000e+00
2.635806391663437775e-01 4.181970757959818652e-02 0.000000000000000000e+00
6.928158783020184341e-02 2.850419117222219856e-01 0.000000000000000000e+00
2.470120962513778495e-01 1.539232361751635136e-01 0.000000000000000000e+00
-2.862312073843474858e-01 3.810277931745614244e-01 0.000000000000000000e+00
2.827152414765273791e-01 -1.377950875268116604e-01 0.000000000000000000e+00
-1.445727011656545435e-01 -3.193977100864733853e-01 0.000000000000000000e+00
-2.875483757143064145e-01 9.074617631608705715e-02 0.000000000000000000e+00
2.193042095004958947e-01 2.225667518337098860e-02 0.000000000000000000e+00
3.687725959524139618e-01 7.437294443824904455e-02 0.000000000000000000e+00
3.431734707340887147e-01 2.265486782090268825e-01 0.000000000000000000e+00
-2.893898076252515161e-01 -1.487947990475678994e-01 0.000000000000000000e+00
3.477627596109174601e-01 -2.267068789851910404e-01 0.000000000000000000e+00
3.338191818105633313e-02 4.858187354663009994e-02 0.000000000000000000e+00
-2.815863306326538140e-02 3.710006249110240906e-01 0.000000000000000000e+00
1.598201135151280650e-01 3.578396808216229852e-01 0.000000000000000000e+00
-2.618730655698342513e-01 -1.156429971486899917e-02 0.000000000000000000e+00
3.712763769780318968e-01 1.142646758095895165e-01 0.000000000000000000e+00
3.549669785548300038e-01 1.215044718444878158e-01 0.000000000000000000e+00
-3.653648728958540648e-01 1.957796663257235503e-01 0.000000000000000000e+00
3.640142975114682433e-01 -2.036881841554426253e-01 0.000000000000000000e+00
-1.703038515050182278e-01 8.756105786452318684e-02 0.000000000000000000e+00
8.593723891212237675e-02 1.209431861503011962e-01 0.000000000000000000e+00
2.204585528453140431e-01 -5.522334500000267848e-02 0.000000000000000000e+00
-1.542604868181264022e-01 -3.775182965792036605e-01 0.000000000000000000e+00
-3.114270826898874467e-01 -2.455436762140160087e-02 0.000000000000000000e+00
1.504356394854990953e-01 1.315538148555351304e-02 0.000000000000000000e+00
-2.297171970898343463e-01 7.900391252033653333e-02 0.000000000000000000e+00
-5.462914341969055121e-02 -5.888322055578559117e-02 0.000000000000000000e+00
-8.839905171744910292e-03 -3.406258667169144161e-01 0.000000000000000000e+00
2.190257135281048484e-01 -6.686651362167787827e-02 0.000000000000000000e+00
-5.079490034791514508e-02 4.433856497430786470e-01 0.000000000000000000e+00
-8.591607931612074700e-02 2.770158374219957587e-01 0.000000000000000000e+00
-2.793551084545487992e-02 -1.479267610323047322e-01 0.000000000000000000e+00
3.850120466060823476e-01 -2.149774443375257471e-01 0.000000000000000000e+00
-4.118734389477456820e-02 1.190900976413766937e-01 0.000000000000000000e+00
-2.974210560803688952e-01 -3.912563924792371028e-01 0.000000000000000000e+00
-1.379320355822559289e-02 4.139977887246537591e-01 0.000000000000000000e+00
-3.372499491991038378e-01 2.719345919026940409e-02 0.000000000000000000e+00
2.168373653322833161e-01 -3.824271260016824936e-01 0.000000000000000000e+00
2.054846825568813762e-01 -3.932728972023594866e-02 0.000000000000000000e+00
-3.507990868153886277e-01 1.840752315229288172e-01 0.000000000000000000e+00
3.625168068828012458e-01 6.696242169970390012e-02 0.000000000000000000e+00
-1.007086313800280297e-01 -3.789238598128519819e-01 0.000000000000000000e+00
2.423365011236661704e-01 3.772611967094050001e-02 0.000000000000000000e+00
-2.956467474890511204e-01 1.149883946630731032e-03 0.000000000000000000e+00
-5.561335494449118344e-02 -2.692739107214976446e-01 0.000000000000000000e+00
1.677706616820704155e-01 1.686282875451024510e-01 0.000000000000000000e+00
-5.624579474249574024e-02 2.328538237324244697e-01 0.000000000000000000e+00
-3.432592093473599282e-01 1.423107016950046766e-01 0.000000000000000000e+00
4.234298303495355464e-02 5.879364256145699213e-02 0.000000000000000000e+00
1.825107452499259708e-01 -3.911677042315394592e-01 0.000000000000000000e+00
2.691658017409209180e-01 2.581044095491261681e-01 0.000000000000000000e+00
-1.243858989655429320e-01 1.714788227668813114e-01 0.000000000000000000e+00
-1.707546243861811364e-01 2.273027309281094310e-01 0.000000000000000000e+00
1.449400779399572237e-01 1.941464537080626052e-01 0.000000000000000000e+00
-2.569382723644897948e-01 -5.249652471200669940e-02 0.000000000000000000e+00
-2.134444281334805793e-01 -5.462472184219441945e-02 0.000000000000000000e+00
2.440267768745424115e-01 -2.611534831865667261e-01 0.000000000000000000e+00
1.285125057641786361e-01 -1.168960384049397838e-01 0.000000000000000000e+00
-1.498316724900422836e-01 2.515223249641729969e-02 0.000000000000000000e+00
6.181490651937097958e-02 3.159220416122983099e-01 0.000000000000000000e+00
9.745503223883322796e-02 -2.992254270165401464e-01 0.000000000000000000e+00
-1.834781582808529543e-01 1.118398272419746792e-01 0.000000000000000000e+00
1.576858590056520459e-01 3.311014282672743447e-01 0.000000000000000000e+00
4.103945777680347295e-01 -1.231489076431341034e-01 0.000000000000000000e+00
2.851905410865420154e-01 -3.146009314420857850e-01 0.000000000000000000e+00
1.152062633740840031e-01 -4.876438040536538315e-02 0.000000000000000000e+00
3.431147687376753797e-02 4.224643085263854458e-01 0.000000000000000000e+00
1.687785615676639095e-01 -3.737276441621004142e-01 0.000000000000000000e+00
-7.638930922209843932e-02 3.112977191397087728e-01 0.000000000000000000e+00
-3.731324995895293761e-01 -2.576521129786448761e-01 0.000000000000000000e+00
-3.742618838304186818e-02 -9.828425481642300010e-02 0.000000000000000000e+00
2.463670708257348629e-01 1.814618980641313495e-01 0.000000000000000000e+00
1.765725648019833283e-01 -3.338541801348904881e-01 0.000000000000000000e+00
2.542797219490086635e-01 -1.711554984524286394e-01 0.000000000000000000e+00
6.659787550109952381e-02 -1.022106441619838463e-01 0.000000000000000000e+00
1.748185474437727593e-01 -9.648707657521067571e-02 0.000000000000000000e+00
2.265304275554898619e-02 3.427756034069002755e-01 0.000000000000000000e+00
-3.104795725908450210e-01 -3.766902142272225001e-02 0.000000000000000000e+00
-3.344916433750474427e-01 9.712533523902074084e-02 0.000000000000000000e+00
-1.278822914875059336e-01 7.166559877005755641e-02 0.000000000000000000e+00
-2.044189501332455139e-01 -1.396316680086951700e-01 0.000000000000000000e+00
-2.444200609131002566e-01 -2.643698201033031214e-01 0.000000000000000000e+00
2.518111017919363315e-01 1.378240608579322235e-01 0.000000000000000000e+00
-1.452048162997933434e-01 -9.820884791823544790e-02 0.000000000000000000e+00
1.614372942489802065e-01 2.993420016294857655e-01 0.000000000000000000e+00
2.012659783316382012e-01 3.464951564277932855e-02 0.000000000000000000e+00
1.554246600932663591e-01 2.065327067537656436e-01 0.000000000000000000e+00
-3.542390386583469941e-01 -1.613788850648350259e-01 0.000000000000000000e+00
7.200944403779788172e-02 -4.297572796787429983e-01 0.000000000000000000e+00
-2.068018786071056103e-01 1.976014919164749695e-01 0.000000000000000000e+00
-2.765753850289315863e-01 3.993028215735287545e-01 0.000000000000000000e+00
-3.151718312199525140e-02 3.080590965140924675e-01 0.000000000000000000e+00
-1.865560117437425891e-02 4.777280675812508037e-01 0.000000000000000000e+00
3.695777338331485140e-01 2.089629054622799131e-01 0.000000000000000000e+00
4.708734427413407975e-02 -3.266819047825305494e-02 0.000000000000000000e+00
-2.573021815865645431e-03 -7.851571571941734495e-02 0.000000000000000000e+00
-1.154656301679713726e-01 2.547710912804712277e-02 0.000000000000000000e+00
-3.840019330713507761e-01 -1.339556585609563422e-01 0.000000000000000000e+00
1.729859920122937822e-01 -3.575006518935916477e-01 0.000000000000000000e+00
-2.058231318936677989e-01 -2.078675103570866156e-01 0.000000000000000000e+00
-3.531895693753908660e-01 1.844860052813851459e-01 0.000000000000000000e+00
-4.629317485593402448e-02 -3.631844213559737855e-01 0.000000000000000000e+00
-2.094430096592466151e-01 -3.167025864248753098e-01 0.000000000000000000e+00
-1.913200144917535928e-01 -8.366405955057418242e-02 0.000000000000000000e+00
-9.687850167922236466e-03 4.157107230076689114e-02 0.000000000000000000e+00
2.487462718286776453e-01 -1.020374726087727307e-01 0.000000000000000000e+00
2.866146306224309770e-01 -3.576741055719155904e-01 0.000000000000000000e+00
-3.122430760717728182e-01 -3.369977743113425905e-01 0.000000000000000000e+00
-4.417102496359302105e-02 -1.279457340573969711e-02 0.000000000000000000e+00
3.577923499975676352e-02 1.681083386771457244e-01 0.000000000000000000e+00
2.403413359252566661e-01 2.409151165268280381e-01 0.000000000000000000e+00
6.275785176947253075e-02 2.091382484514633655e-01 0.000000000000000000e+00
-3.029866081578833081e-01 -2.365810969378609463e-02 0.000000000000000000e+00
-1.291461857239983302e-01 -9.289314278814117531e-02 0.000000000000000000e+00
1.677297857629391625e-02 1.551903096157702666e-01 0.000000000000000000e+00
-3.199224828335299753e-01 1.000154429591606914e-01 0.000000000000000000e+00
2.951868868459692763e-01 1.941734206191890189e-01 0.000000000000000000e+00
3.002193019354782999e-01 2.360175663631721432e-01 0.000000000000000000e+00
-2.001114236465620089e-01 -2.541592238842221851e-01 0.000000000000000000e+00
-2.799732610216225728e-03 4.455223569864619204e-02 0.000000000000000000e+00
-2.870531930695780637e-02 1.104311021880710897e-01 0.000000000000000000e+00
-2.406661458620338312e-01 1.607775592967188860e-01 0.000000000000000000e+00
2.735976104347833116e-01 -4.196820981306823017e-02 0.000000000000000000e+00
-1.022024679052055407e-02 1.126783483037658851e-01 0.000000000000000000e+00
1.389947793942962473e-01 1.063671006461139601e-01 0.000000000000000000e+00
5.981912343569503049e-02 3.687605132910375949e-01 0.000000000000000000e+00
-1.347168533599058249e-01 -3.124206847953520105e-01 0.000000000000000000e+00
-6.525208893795604592e-02 -1.359569576753670850e-01 0.000000000000000000e+00
3.771951262993930576e-01 2.136596190949293927e-01 0.000000000000000000e+00
1.455935396268867865e-01 -1.985667107006362231e-01 0.000000000000000000e+00
-4.389933984470332784e-01 1.762999306743722461e-01 0.000000000000000000e+00
-2.048077534898743446e-01 -1.852907267775087963e-01 0.000000000000000000e+00
-1.755484175012253234e-01 1.741020118692276075e-01 0.000000000000000000e+00
-2.688060334181806565e-01 1.863548211111291236e-02 0.000000000000000000e+00
-8.473013614277338790e-02 2.008081076600979065e-01 0.000000000000000000e+00
3.573281016187963566e-01 8.352785837834271476e-02 0.000000000000000000e+00
4.434490768855299005e-03 -2.428775983703239383e-01 0.000000000000000000e+00
1.094134922368614066e-01 -3.380012275878278571e-01 0.000000000000000000e+00
-2.337566591865849752e-01 2.624995105876273827e-01 0.000000000000000000e+00
-2.040309854998827721e-01 -2.908290824650915374e-01 0.000000000000000000e+00
-2.251491539982092560e-01 -2.350400563052477618e-02 0.000000000000000000e+00
-3.096226620460625911e-01 -1.539301508581803705e-03 0.000000000000000000e+00
1.161540019924163919e-01 -1.328821716444935908e-01 0.000000000000000000e+00
1.507592216949889263e-01 -4.994743471098073151e-03 0.000000000000000000e+00
7.740271602780476878e-02 1.681518174746237382e-01 0.000000000000000000e+00
1.331638608402771762e-01 4.166792620703563821e-01 0.000000000000000000e+00
-1.117979972408383454e-01 2.100236741470611623e-01 0.000000000000000000e+00
-3.086597666335343382e-01 2.747106694525379700e-01 0.000000000000000000e+00
-2.823118455626228984e-01 -2.926071751710741103e-02 0.000000000000000000e+00
4.116344234629861765e-01 -7.718394676729874171e-02 0.000000000000000000e+00
-9.024840371436367026e-02 1.593290307957701685e-02 0.000000000000000000e+00
-1.975182502927672334e-01 1.725880903581830106e-01 0.000000000000000000e+00
-2.148327265104094941e-01 -3.468803838350025259e-01 0.000000000000000000e+00
-1.459791461625508657e-01 -4.471282646848286912e-01 0.000000000000000000e+00
-1.682411286876962786e-01 4.928730308986067898e-02 0.000000000000000000e+00
5.011707466421665841e-02 4.532964678075125931e-01 0.000000000000000000e+00
2.866669126927302025e-01 2.108781555434308397e-01 0.000000000000000000e+00
-4.603230294045272675e-02 1.939841145572841208e-01 0.000000000000000000e+00
